     shots,    errors,  discards, seconds,decoder,strong_id,json_metadata,custom_counts
      1297,         2,         0,   0.012,chromobius,d8e9d71d34c1975987958678e3f1f0e3e71cc28c2ad46a8ac275d9b67ca6b78b,"{""d"":5,""p"":0.000221221629107045,""r"":20}",
      1297,         1,         0,   0.011,chromobius,a8578ec9fec37e078263c0612738a66d82b8dd5557f5c6061b0a6eedd5a602cd,"{""d"":5,""p"":0.00016102620275609394,""r"":20}",
      1297,         3,         0,   0.018,chromobius,79cf4b018da959f958f81e40242b2dc54ae663a57fa0e453f60d5a1c9171e298,"{""d"":5,""p"":0.0002592943797404667,""r"":20}",
      1297,         0,         0,   0.012,chromobius,f41f237c719f80b72a98cb8d8743e6fc55971f8e64a190a86b32a0433a5ec10f,"{""d"":5,""p"":0.0001,""r"":20}",
      1297,         2,         0,   0.018,chromobius,8d50491420beed2346c615e1e9140d4075f738a553302b3c3e708d89e334fb1c,"{""d"":5,""p"":0.00013738237958832623,""r"":20}",
         1,         0,         0,   0.004,chromobius,9b65eef54a31c278bbdd937ed4d102b3bedba3a1f5f07857b31b35c179dcab7b,"{""d"":5,""p"":0.00041753189365604,""r"":20}",
         1,         0,         0,   0.004,chromobius,d10e41061ada3165b92a471c0f58913bd6be0ef4b3603c7c73c7a2f9dbc1cc4b,"{""d"":5,""p"":0.00011721022975334806,""r"":20}",
      1297,         1,         0,   0.011,chromobius,9985b576a5c2d5b2050e38c2cc1bd81575ebe2bce730d2e8f85b24b16235651a,"{""d"":5,""p"":0.00018873918221350977,""r"":20}",
       273,         2,         0,   0.012,chromobius,4282ad35409a1af9cea79974b30708f9311750ee1a8e5529fbf9c3192aa24de6,"{""d"":5,""p"":0.0003562247890262444,""r"":20}",
      3072,         7,         0,   0.019,chromobius,d8e9d71d34c1975987958678e3f1f0e3e71cc28c2ad46a8ac275d9b67ca6b78b,"{""d"":5,""p"":0.000221221629107045,""r"":20}",
      2048,         6,         0,   0.015,chromobius,79cf4b018da959f958f81e40242b2dc54ae663a57fa0e453f60d5a1c9171e298,"{""d"":5,""p"":0.0002592943797404667,""r"":20}",
      5120,         0,         0,   0.016,chromobius,f41f237c719f80b72a98cb8d8743e6fc55971f8e64a190a86b32a0433a5ec10f,"{""d"":5,""p"":0.0001,""r"":20}",
      3344,         0,         0,   0.014,chromobius,d10e41061ada3165b92a471c0f58913bd6be0ef4b3603c7c73c7a2f9dbc1cc4b,"{""d"":5,""p"":0.00011721022975334806,""r"":20}",
      1296,         8,         0,   0.015,chromobius,9b65eef54a31c278bbdd937ed4d102b3bedba3a1f5f07857b31b35c179dcab7b,"{""d"":5,""p"":0.00041753189365604,""r"":20}",
      4096,         1,         0,   0.017,chromobius,8d50491420beed2346c615e1e9140d4075f738a553302b3c3e708d89e334fb1c,"{""d"":5,""p"":0.00013738237958832623,""r"":20}",
         1,         0,         0,   0.016,chromobius,d247d66482da962abba02ce32391023cbb0548cab6180fc26263edf634c34c12,"{""d"":5,""p"":0.0005736152510448681,""r"":20}",
      1297,        10,         0,   0.022,chromobius,78637f88b424613574f5c4dd12f9af8eefddde555645e81b6d33e649be2dea89,"{""d"":5,""p"":0.0004893900918477494,""r"":20}",
      3072,         5,         0,   0.028,chromobius,a8578ec9fec37e078263c0612738a66d82b8dd5557f5c6061b0a6eedd5a602cd,"{""d"":5,""p"":0.00016102620275609394,""r"":20}",
      3072,         9,         0,   0.017,chromobius,9985b576a5c2d5b2050e38c2cc1bd81575ebe2bce730d2e8f85b24b16235651a,"{""d"":5,""p"":0.00018873918221350977,""r"":20}",
      2048,         6,         0,   0.021,chromobius,4282ad35409a1af9cea79974b30708f9311750ee1a8e5529fbf9c3192aa24de6,"{""d"":5,""p"":0.0003562247890262444,""r"":20}",
       273,         0,         0,   0.015,chromobius,97dbd1d0e0e2c9e26cd110c2ba602f4ab9a44065bbc72571a65e53a71adf7e79,"{""d"":5,""p"":0.0003039195382313198,""r"":20}",
      3072,         5,         0,   0.022,chromobius,d8e9d71d34c1975987958678e3f1f0e3e71cc28c2ad46a8ac275d9b67ca6b78b,"{""d"":5,""p"":0.000221221629107045,""r"":20}",
      3072,        12,         0,   0.022,chromobius,79cf4b018da959f958f81e40242b2dc54ae663a57fa0e453f60d5a1c9171e298,"{""d"":5,""p"":0.0002592943797404667,""r"":20}",
      6144,         2,         0,   0.022,chromobius,f41f237c719f80b72a98cb8d8743e6fc55971f8e64a190a86b32a0433a5ec10f,"{""d"":5,""p"":0.0001,""r"":20}",
      1024,        10,         0,   0.016,chromobius,78637f88b424613574f5c4dd12f9af8eefddde555645e81b6d33e649be2dea89,"{""d"":5,""p"":0.0004893900918477494,""r"":20}",
      2048,        11,         0,   0.022,chromobius,9b65eef54a31c278bbdd937ed4d102b3bedba3a1f5f07857b31b35c179dcab7b,"{""d"":5,""p"":0.00041753189365604,""r"":20}",
      5120,         3,         0,   0.022,chromobius,8d50491420beed2346c615e1e9140d4075f738a553302b3c3e708d89e334fb1c,"{""d"":5,""p"":0.00013738237958832623,""r"":20}",
      4096,         3,         0,   0.020,chromobius,a8578ec9fec37e078263c0612738a66d82b8dd5557f5c6061b0a6eedd5a602cd,"{""d"":5,""p"":0.00016102620275609394,""r"":20}",
      1296,        11,         0,   0.027,chromobius,d247d66482da962abba02ce32391023cbb0548cab6180fc26263edf634c34c12,"{""d"":5,""p"":0.0005736152510448681,""r"":20}",
      2048,         7,         0,   0.018,chromobius,97dbd1d0e0e2c9e26cd110c2ba602f4ab9a44065bbc72571a65e53a71adf7e79,"{""d"":5,""p"":0.0003039195382313198,""r"":20}",
      2048,         7,         0,   0.021,chromobius,4282ad35409a1af9cea79974b30708f9311750ee1a8e5529fbf9c3192aa24de6,"{""d"":5,""p"":0.0003562247890262444,""r"":20}",
      2048,         4,         0,   0.027,chromobius,9985b576a5c2d5b2050e38c2cc1bd81575ebe2bce730d2e8f85b24b16235651a,"{""d"":5,""p"":0.00018873918221350977,""r"":20}",
      5120,         1,         0,   0.038,chromobius,d10e41061ada3165b92a471c0f58913bd6be0ef4b3603c7c73c7a2f9dbc1cc4b,"{""d"":5,""p"":0.00011721022975334806,""r"":20}",
      4096,         4,         0,   0.027,chromobius,d8e9d71d34c1975987958678e3f1f0e3e71cc28c2ad46a8ac275d9b67ca6b78b,"{""d"":5,""p"":0.000221221629107045,""r"":20}",
      4096,         4,         0,   0.029,chromobius,79cf4b018da959f958f81e40242b2dc54ae663a57fa0e453f60d5a1c9171e298,"{""d"":5,""p"":0.0002592943797404667,""r"":20}",
      2048,        14,         0,   0.028,chromobius,78637f88b424613574f5c4dd12f9af8eefddde555645e81b6d33e649be2dea89,"{""d"":5,""p"":0.0004893900918477494,""r"":20}",
      7168,         1,         0,   0.032,chromobius,f41f237c719f80b72a98cb8d8743e6fc55971f8e64a190a86b32a0433a5ec10f,"{""d"":5,""p"":0.0001,""r"":20}",
      7168,         6,         0,   0.030,chromobius,8d50491420beed2346c615e1e9140d4075f738a553302b3c3e708d89e334fb1c,"{""d"":5,""p"":0.00013738237958832623,""r"":20}",
      1024,         9,         0,   0.024,chromobius,d247d66482da962abba02ce32391023cbb0548cab6180fc26263edf634c34c12,"{""d"":5,""p"":0.0005736152510448681,""r"":20}",
      3072,        25,         0,   0.035,chromobius,9b65eef54a31c278bbdd937ed4d102b3bedba3a1f5f07857b31b35c179dcab7b,"{""d"":5,""p"":0.00041753189365604,""r"":20}",
      4096,         5,         0,   0.032,chromobius,a8578ec9fec37e078263c0612738a66d82b8dd5557f5c6061b0a6eedd5a602cd,"{""d"":5,""p"":0.00016102620275609394,""r"":20}",
      2048,        11,         0,   0.030,chromobius,97dbd1d0e0e2c9e26cd110c2ba602f4ab9a44065bbc72571a65e53a71adf7e79,"{""d"":5,""p"":0.0003039195382313198,""r"":20}",
      7168,         1,         0,   0.027,chromobius,d10e41061ada3165b92a471c0f58913bd6be0ef4b3603c7c73c7a2f9dbc1cc4b,"{""d"":5,""p"":0.00011721022975334806,""r"":20}",
      3072,        14,         0,   0.035,chromobius,4282ad35409a1af9cea79974b30708f9311750ee1a8e5529fbf9c3192aa24de6,"{""d"":5,""p"":0.0003562247890262444,""r"":20}",
      4096,         3,         0,   0.036,chromobius,9985b576a5c2d5b2050e38c2cc1bd81575ebe2bce730d2e8f85b24b16235651a,"{""d"":5,""p"":0.00018873918221350977,""r"":20}",
      2048,        18,         0,   0.028,chromobius,78637f88b424613574f5c4dd12f9af8eefddde555645e81b6d33e649be2dea89,"{""d"":5,""p"":0.0004893900918477494,""r"":20}",
      6144,         5,         0,   0.039,chromobius,d8e9d71d34c1975987958678e3f1f0e3e71cc28c2ad46a8ac275d9b67ca6b78b,"{""d"":5,""p"":0.000221221629107045,""r"":20}",
      6144,        16,         0,   0.044,chromobius,79cf4b018da959f958f81e40242b2dc54ae663a57fa0e453f60d5a1c9171e298,"{""d"":5,""p"":0.0002592943797404667,""r"":20}",
     12288,         4,         0,   0.040,chromobius,f41f237c719f80b72a98cb8d8743e6fc55971f8e64a190a86b32a0433a5ec10f,"{""d"":5,""p"":0.0001,""r"":20}",
     10240,         5,         0,   0.040,chromobius,8d50491420beed2346c615e1e9140d4075f738a553302b3c3e708d89e334fb1c,"{""d"":5,""p"":0.00013738237958832623,""r"":20}",
      2048,        30,         0,   0.041,chromobius,d247d66482da962abba02ce32391023cbb0548cab6180fc26263edf634c34c12,"{""d"":5,""p"":0.0005736152510448681,""r"":20}",
      4096,        24,         0,   0.044,chromobius,9b65eef54a31c278bbdd937ed4d102b3bedba3a1f5f07857b31b35c179dcab7b,"{""d"":5,""p"":0.00041753189365604,""r"":20}",
      5120,         3,         0,   0.042,chromobius,a8578ec9fec37e078263c0612738a66d82b8dd5557f5c6061b0a6eedd5a602cd,"{""d"":5,""p"":0.00016102620275609394,""r"":20}",
      3072,        15,         0,   0.041,chromobius,97dbd1d0e0e2c9e26cd110c2ba602f4ab9a44065bbc72571a65e53a71adf7e79,"{""d"":5,""p"":0.0003039195382313198,""r"":20}",
      4096,        23,         0,   0.039,chromobius,4282ad35409a1af9cea79974b30708f9311750ee1a8e5529fbf9c3192aa24de6,"{""d"":5,""p"":0.0003562247890262444,""r"":20}",
      6144,        12,         0,   0.041,chromobius,9985b576a5c2d5b2050e38c2cc1bd81575ebe2bce730d2e8f85b24b16235651a,"{""d"":5,""p"":0.00018873918221350977,""r"":20}",
      9216,         3,         0,   0.046,chromobius,d10e41061ada3165b92a471c0f58913bd6be0ef4b3603c7c73c7a2f9dbc1cc4b,"{""d"":5,""p"":0.00011721022975334806,""r"":20}",
      3072,        17,         0,   0.039,chromobius,78637f88b424613574f5c4dd12f9af8eefddde555645e81b6d33e649be2dea89,"{""d"":5,""p"":0.0004893900918477494,""r"":20}",
      9216,        17,         0,   0.056,chromobius,d8e9d71d34c1975987958678e3f1f0e3e71cc28c2ad46a8ac275d9b67ca6b78b,"{""d"":5,""p"":0.000221221629107045,""r"":20}",
      2048,        25,         0,   0.046,chromobius,d247d66482da962abba02ce32391023cbb0548cab6180fc26263edf634c34c12,"{""d"":5,""p"":0.0005736152510448681,""r"":20}",
      8192,        21,         0,   0.057,chromobius,79cf4b018da959f958f81e40242b2dc54ae663a57fa0e453f60d5a1c9171e298,"{""d"":5,""p"":0.0002592943797404667,""r"":20}",
     13312,         5,         0,   0.054,chromobius,8d50491420beed2346c615e1e9140d4075f738a553302b3c3e708d89e334fb1c,"{""d"":5,""p"":0.00013738237958832623,""r"":20}",
     16384,         5,         0,   0.055,chromobius,f41f237c719f80b72a98cb8d8743e6fc55971f8e64a190a86b32a0433a5ec10f,"{""d"":5,""p"":0.0001,""r"":20}",
      4096,        13,         0,   0.045,chromobius,97dbd1d0e0e2c9e26cd110c2ba602f4ab9a44065bbc72571a65e53a71adf7e79,"{""d"":5,""p"":0.0003039195382313198,""r"":20}",
      5120,        29,         0,   0.056,chromobius,9b65eef54a31c278bbdd937ed4d102b3bedba3a1f5f07857b31b35c179dcab7b,"{""d"":5,""p"":0.00041753189365604,""r"":20}",
      8192,         8,         0,   0.053,chromobius,a8578ec9fec37e078263c0612738a66d82b8dd5557f5c6061b0a6eedd5a602cd,"{""d"":5,""p"":0.00016102620275609394,""r"":20}",
      5120,        20,         0,   0.055,chromobius,4282ad35409a1af9cea79974b30708f9311750ee1a8e5529fbf9c3192aa24de6,"{""d"":5,""p"":0.0003562247890262444,""r"":20}",
     10240,         3,         0,   0.054,chromobius,d10e41061ada3165b92a471c0f58913bd6be0ef4b3603c7c73c7a2f9dbc1cc4b,"{""d"":5,""p"":0.00011721022975334806,""r"":20}",
      8192,        16,         0,   0.056,chromobius,9985b576a5c2d5b2050e38c2cc1bd81575ebe2bce730d2e8f85b24b16235651a,"{""d"":5,""p"":0.00018873918221350977,""r"":20}",
      4096,        33,         0,   0.058,chromobius,78637f88b424613574f5c4dd12f9af8eefddde555645e81b6d33e649be2dea89,"{""d"":5,""p"":0.0004893900918477494,""r"":20}",
      6144,        13,         0,   0.059,chromobius,97dbd1d0e0e2c9e26cd110c2ba602f4ab9a44065bbc72571a65e53a71adf7e79,"{""d"":5,""p"":0.0003039195382313198,""r"":20}",
      3072,        31,         0,   0.073,chromobius,d247d66482da962abba02ce32391023cbb0548cab6180fc26263edf634c34c12,"{""d"":5,""p"":0.0005736152510448681,""r"":20}",
     12288,        15,         0,   0.077,chromobius,d8e9d71d34c1975987958678e3f1f0e3e71cc28c2ad46a8ac275d9b67ca6b78b,"{""d"":5,""p"":0.000221221629107045,""r"":20}",
     18432,        16,         0,   0.074,chromobius,8d50491420beed2346c615e1e9140d4075f738a553302b3c3e708d89e334fb1c,"{""d"":5,""p"":0.00013738237958832623,""r"":20}",
     23552,         9,         0,   0.077,chromobius,f41f237c719f80b72a98cb8d8743e6fc55971f8e64a190a86b32a0433a5ec10f,"{""d"":5,""p"":0.0001,""r"":20}",
     11264,        24,         0,   0.080,chromobius,79cf4b018da959f958f81e40242b2dc54ae663a57fa0e453f60d5a1c9171e298,"{""d"":5,""p"":0.0002592943797404667,""r"":20}",
     12288,        11,         0,   0.075,chromobius,a8578ec9fec37e078263c0612738a66d82b8dd5557f5c6061b0a6eedd5a602cd,"{""d"":5,""p"":0.00016102620275609394,""r"":20}",
      7168,        50,         0,   0.077,chromobius,9b65eef54a31c278bbdd937ed4d102b3bedba3a1f5f07857b31b35c179dcab7b,"{""d"":5,""p"":0.00041753189365604,""r"":20}",
      8192,        29,         0,   0.077,chromobius,4282ad35409a1af9cea79974b30708f9311750ee1a8e5529fbf9c3192aa24de6,"{""d"":5,""p"":0.0003562247890262444,""r"":20}",
      9216,        11,         0,   0.075,chromobius,9985b576a5c2d5b2050e38c2cc1bd81575ebe2bce730d2e8f85b24b16235651a,"{""d"":5,""p"":0.00018873918221350977,""r"":20}",
     15360,         7,         0,   0.080,chromobius,d10e41061ada3165b92a471c0f58913bd6be0ef4b3603c7c73c7a2f9dbc1cc4b,"{""d"":5,""p"":0.00011721022975334806,""r"":20}",
      6144,        59,         0,   0.084,chromobius,78637f88b424613574f5c4dd12f9af8eefddde555645e81b6d33e649be2dea89,"{""d"":5,""p"":0.0004893900918477494,""r"":20}",
      6144,        22,         0,   0.078,chromobius,97dbd1d0e0e2c9e26cd110c2ba602f4ab9a44065bbc72571a65e53a71adf7e79,"{""d"":5,""p"":0.0003039195382313198,""r"":20}",
      4096,        49,         0,   0.081,chromobius,d247d66482da962abba02ce32391023cbb0548cab6180fc26263edf634c34c12,"{""d"":5,""p"":0.0005736152510448681,""r"":20}",
     17408,        21,         0,   0.106,chromobius,d8e9d71d34c1975987958678e3f1f0e3e71cc28c2ad46a8ac275d9b67ca6b78b,"{""d"":5,""p"":0.000221221629107045,""r"":20}",
     26624,        18,         0,   0.107,chromobius,8d50491420beed2346c615e1e9140d4075f738a553302b3c3e708d89e334fb1c,"{""d"":5,""p"":0.00013738237958832623,""r"":20}",
     31744,        12,         0,   0.105,chromobius,f41f237c719f80b72a98cb8d8743e6fc55971f8e64a190a86b32a0433a5ec10f,"{""d"":5,""p"":0.0001,""r"":20}",
     15360,        37,         0,   0.109,chromobius,79cf4b018da959f958f81e40242b2dc54ae663a57fa0e453f60d5a1c9171e298,"{""d"":5,""p"":0.0002592943797404667,""r"":20}",
     17408,        13,         0,   0.109,chromobius,a8578ec9fec37e078263c0612738a66d82b8dd5557f5c6061b0a6eedd5a602cd,"{""d"":5,""p"":0.00016102620275609394,""r"":20}",
     10240,        60,         0,   0.109,chromobius,9b65eef54a31c278bbdd937ed4d102b3bedba3a1f5f07857b31b35c179dcab7b,"{""d"":5,""p"":0.00041753189365604,""r"":20}",
     11264,        49,         0,   0.109,chromobius,4282ad35409a1af9cea79974b30708f9311750ee1a8e5529fbf9c3192aa24de6,"{""d"":5,""p"":0.0003562247890262444,""r"":20}",
     27648,         7,         0,   0.104,chromobius,d10e41061ada3165b92a471c0f58913bd6be0ef4b3603c7c73c7a2f9dbc1cc4b,"{""d"":5,""p"":0.00011721022975334806,""r"":20}",
     15360,        23,         0,   0.111,chromobius,9985b576a5c2d5b2050e38c2cc1bd81575ebe2bce730d2e8f85b24b16235651a,"{""d"":5,""p"":0.00018873918221350977,""r"":20}",
      8192,        67,         0,   0.109,chromobius,78637f88b424613574f5c4dd12f9af8eefddde555645e81b6d33e649be2dea89,"{""d"":5,""p"":0.0004893900918477494,""r"":20}",
     12288,        39,         0,   0.109,chromobius,97dbd1d0e0e2c9e26cd110c2ba602f4ab9a44065bbc72571a65e53a71adf7e79,"{""d"":5,""p"":0.0003039195382313198,""r"":20}",
      7168,        83,         0,   0.119,chromobius,d247d66482da962abba02ce32391023cbb0548cab6180fc26263edf634c34c12,"{""d"":5,""p"":0.0005736152510448681,""r"":20}",
     23552,        47,         0,   0.147,chromobius,d8e9d71d34c1975987958678e3f1f0e3e71cc28c2ad46a8ac275d9b67ca6b78b,"{""d"":5,""p"":0.000221221629107045,""r"":20}",
     36864,        21,         0,   0.146,chromobius,8d50491420beed2346c615e1e9140d4075f738a553302b3c3e708d89e334fb1c,"{""d"":5,""p"":0.00013738237958832623,""r"":20}",
     46080,         6,         0,   0.146,chromobius,f41f237c719f80b72a98cb8d8743e6fc55971f8e64a190a86b32a0433a5ec10f,"{""d"":5,""p"":0.0001,""r"":20}",
     20480,        48,         0,   0.147,chromobius,79cf4b018da959f958f81e40242b2dc54ae663a57fa0e453f60d5a1c9171e298,"{""d"":5,""p"":0.0002592943797404667,""r"":20}",
     30720,        30,         0,   0.148,chromobius,a8578ec9fec37e078263c0612738a66d82b8dd5557f5c6061b0a6eedd5a602cd,"{""d"":5,""p"":0.00016102620275609394,""r"":20}",
     14336,        68,         0,   0.155,chromobius,9b65eef54a31c278bbdd937ed4d102b3bedba3a1f5f07857b31b35c179dcab7b,"{""d"":5,""p"":0.00041753189365604,""r"":20}",
     41984,        17,         0,   0.148,chromobius,d10e41061ada3165b92a471c0f58913bd6be0ef4b3603c7c73c7a2f9dbc1cc4b,"{""d"":5,""p"":0.00011721022975334806,""r"":20}",
     16384,        62,         0,   0.154,chromobius,4282ad35409a1af9cea79974b30708f9311750ee1a8e5529fbf9c3192aa24de6,"{""d"":5,""p"":0.0003562247890262444,""r"":20}",
     25600,        31,         0,   0.147,chromobius,9985b576a5c2d5b2050e38c2cc1bd81575ebe2bce730d2e8f85b24b16235651a,"{""d"":5,""p"":0.00018873918221350977,""r"":20}",
     11264,        95,         0,   0.155,chromobius,78637f88b424613574f5c4dd12f9af8eefddde555645e81b6d33e649be2dea89,"{""d"":5,""p"":0.0004893900918477494,""r"":20}",
     18432,        54,         0,   0.151,chromobius,97dbd1d0e0e2c9e26cd110c2ba602f4ab9a44065bbc72571a65e53a71adf7e79,"{""d"":5,""p"":0.0003039195382313198,""r"":20}",
      9216,       103,         0,   0.151,chromobius,d247d66482da962abba02ce32391023cbb0548cab6180fc26263edf634c34c12,"{""d"":5,""p"":0.0005736152510448681,""r"":20}",
     32768,        55,         0,   0.208,chromobius,d8e9d71d34c1975987958678e3f1f0e3e71cc28c2ad46a8ac275d9b67ca6b78b,"{""d"":5,""p"":0.000221221629107045,""r"":20}",
     51200,        20,         0,   0.204,chromobius,8d50491420beed2346c615e1e9140d4075f738a553302b3c3e708d89e334fb1c,"{""d"":5,""p"":0.00013738237958832623,""r"":20}",
     64512,        18,         0,   0.206,chromobius,f41f237c719f80b72a98cb8d8743e6fc55971f8e64a190a86b32a0433a5ec10f,"{""d"":5,""p"":0.0001,""r"":20}",
     28672,        66,         0,   0.205,chromobius,79cf4b018da959f958f81e40242b2dc54ae663a57fa0e453f60d5a1c9171e298,"{""d"":5,""p"":0.0002592943797404667,""r"":20}",
     41984,        39,         0,   0.205,chromobius,a8578ec9fec37e078263c0612738a66d82b8dd5557f5c6061b0a6eedd5a602cd,"{""d"":5,""p"":0.00016102620275609394,""r"":20}",
     57344,        27,         0,   0.206,chromobius,d10e41061ada3165b92a471c0f58913bd6be0ef4b3603c7c73c7a2f9dbc1cc4b,"{""d"":5,""p"":0.00011721022975334806,""r"":20}",
     19456,       115,         0,   0.212,chromobius,9b65eef54a31c278bbdd937ed4d102b3bedba3a1f5f07857b31b35c179dcab7b,"{""d"":5,""p"":0.00041753189365604,""r"":20}",
     37888,        49,         0,   0.205,chromobius,9985b576a5c2d5b2050e38c2cc1bd81575ebe2bce730d2e8f85b24b16235651a,"{""d"":5,""p"":0.00018873918221350977,""r"":20}",
     22528,       109,         0,   0.214,chromobius,4282ad35409a1af9cea79974b30708f9311750ee1a8e5529fbf9c3192aa24de6,"{""d"":5,""p"":0.0003562247890262444,""r"":20}",
     16384,       134,         0,   0.216,chromobius,78637f88b424613574f5c4dd12f9af8eefddde555645e81b6d33e649be2dea89,"{""d"":5,""p"":0.0004893900918477494,""r"":20}",
     25600,        83,         0,   0.210,chromobius,97dbd1d0e0e2c9e26cd110c2ba602f4ab9a44065bbc72571a65e53a71adf7e79,"{""d"":5,""p"":0.0003039195382313198,""r"":20}",
     13312,       168,         0,   0.219,chromobius,d247d66482da962abba02ce32391023cbb0548cab6180fc26263edf634c34c12,"{""d"":5,""p"":0.0005736152510448681,""r"":20}",
     48128,        77,         0,   0.290,chromobius,d8e9d71d34c1975987958678e3f1f0e3e71cc28c2ad46a8ac275d9b67ca6b78b,"{""d"":5,""p"":0.000221221629107045,""r"":20}",
     72704,        61,         0,   0.287,chromobius,8d50491420beed2346c615e1e9140d4075f738a553302b3c3e708d89e334fb1c,"{""d"":5,""p"":0.00013738237958832623,""r"":20}",
     92160,        37,         0,   0.287,chromobius,f41f237c719f80b72a98cb8d8743e6fc55971f8e64a190a86b32a0433a5ec10f,"{""d"":5,""p"":0.0001,""r"":20}",
     41984,        93,         0,   0.291,chromobius,79cf4b018da959f958f81e40242b2dc54ae663a57fa0e453f60d5a1c9171e298,"{""d"":5,""p"":0.0002592943797404667,""r"":20}",
     62464,        55,         0,   0.287,chromobius,a8578ec9fec37e078263c0612738a66d82b8dd5557f5c6061b0a6eedd5a602cd,"{""d"":5,""p"":0.00016102620275609394,""r"":20}",
     26624,       167,         0,   0.288,chromobius,9b65eef54a31c278bbdd937ed4d102b3bedba3a1f5f07857b31b35c179dcab7b,"{""d"":5,""p"":0.00041753189365604,""r"":20}",
     81920,        35,         0,   0.286,chromobius,d10e41061ada3165b92a471c0f58913bd6be0ef4b3603c7c73c7a2f9dbc1cc4b,"{""d"":5,""p"":0.00011721022975334806,""r"":20}",
     53248,        59,         0,   0.288,chromobius,9985b576a5c2d5b2050e38c2cc1bd81575ebe2bce730d2e8f85b24b16235651a,"{""d"":5,""p"":0.00018873918221350977,""r"":20}",
     30720,       164,         0,   0.292,chromobius,4282ad35409a1af9cea79974b30708f9311750ee1a8e5529fbf9c3192aa24de6,"{""d"":5,""p"":0.0003562247890262444,""r"":20}",
     22528,       200,         0,   0.293,chromobius,78637f88b424613574f5c4dd12f9af8eefddde555645e81b6d33e649be2dea89,"{""d"":5,""p"":0.0004893900918477494,""r"":20}",
     35840,       118,         0,   0.288,chromobius,97dbd1d0e0e2c9e26cd110c2ba602f4ab9a44065bbc72571a65e53a71adf7e79,"{""d"":5,""p"":0.0003039195382313198,""r"":20}",
     18432,       229,         0,   0.290,chromobius,d247d66482da962abba02ce32391023cbb0548cab6180fc26263edf634c34c12,"{""d"":5,""p"":0.0005736152510448681,""r"":20}",
    102400,        72,         0,   0.403,chromobius,8d50491420beed2346c615e1e9140d4075f738a553302b3c3e708d89e334fb1c,"{""d"":5,""p"":0.00013738237958832623,""r"":20}",
    131072,        46,         0,   0.399,chromobius,f41f237c719f80b72a98cb8d8743e6fc55971f8e64a190a86b32a0433a5ec10f,"{""d"":5,""p"":0.0001,""r"":20}",
     66560,       107,         0,   0.407,chromobius,d8e9d71d34c1975987958678e3f1f0e3e71cc28c2ad46a8ac275d9b67ca6b78b,"{""d"":5,""p"":0.000221221629107045,""r"":20}",
     58368,       129,         0,   0.402,chromobius,79cf4b018da959f958f81e40242b2dc54ae663a57fa0e453f60d5a1c9171e298,"{""d"":5,""p"":0.0002592943797404667,""r"":20}",
     86016,        74,         0,   0.400,chromobius,a8578ec9fec37e078263c0612738a66d82b8dd5557f5c6061b0a6eedd5a602cd,"{""d"":5,""p"":0.00016102620275609394,""r"":20}",
    115712,        54,         0,   0.400,chromobius,d10e41061ada3165b92a471c0f58913bd6be0ef4b3603c7c73c7a2f9dbc1cc4b,"{""d"":5,""p"":0.00011721022975334806,""r"":20}",
     76800,        90,         0,   0.401,chromobius,9985b576a5c2d5b2050e38c2cc1bd81575ebe2bce730d2e8f85b24b16235651a,"{""d"":5,""p"":0.00018873918221350977,""r"":20}",
     37888,       211,         0,   0.414,chromobius,9b65eef54a31c278bbdd937ed4d102b3bedba3a1f5f07857b31b35c179dcab7b,"{""d"":5,""p"":0.00041753189365604,""r"":20}",
     44032,       219,         0,   0.412,chromobius,4282ad35409a1af9cea79974b30708f9311750ee1a8e5529fbf9c3192aa24de6,"{""d"":5,""p"":0.0003562247890262444,""r"":20}",
     31744,       290,         0,   0.413,chromobius,78637f88b424613574f5c4dd12f9af8eefddde555645e81b6d33e649be2dea89,"{""d"":5,""p"":0.0004893900918477494,""r"":20}",
     50176,       163,         0,   0.406,chromobius,97dbd1d0e0e2c9e26cd110c2ba602f4ab9a44065bbc72571a65e53a71adf7e79,"{""d"":5,""p"":0.0003039195382313198,""r"":20}",
     26624,       296,         0,   0.409,chromobius,d247d66482da962abba02ce32391023cbb0548cab6180fc26263edf634c34c12,"{""d"":5,""p"":0.0005736152510448681,""r"":20}",
    184320,        56,         0,   0.560,chromobius,f41f237c719f80b72a98cb8d8743e6fc55971f8e64a190a86b32a0433a5ec10f,"{""d"":5,""p"":0.0001,""r"":20}",
    143360,        91,         0,   0.562,chromobius,8d50491420beed2346c615e1e9140d4075f738a553302b3c3e708d89e334fb1c,"{""d"":5,""p"":0.00013738237958832623,""r"":20}",
     93184,       161,         0,   0.567,chromobius,d8e9d71d34c1975987958678e3f1f0e3e71cc28c2ad46a8ac275d9b67ca6b78b,"{""d"":5,""p"":0.000221221629107045,""r"":20}",
    118784,       103,         0,   0.562,chromobius,a8578ec9fec37e078263c0612738a66d82b8dd5557f5c6061b0a6eedd5a602cd,"{""d"":5,""p"":0.00016102620275609394,""r"":20}",
     81920,       195,         0,   0.566,chromobius,79cf4b018da959f958f81e40242b2dc54ae663a57fa0e453f60d5a1c9171e298,"{""d"":5,""p"":0.0002592943797404667,""r"":20}",
    163840,        82,         0,   0.561,chromobius,d10e41061ada3165b92a471c0f58913bd6be0ef4b3603c7c73c7a2f9dbc1cc4b,"{""d"":5,""p"":0.00011721022975334806,""r"":20}",
    107520,       150,         0,   0.563,chromobius,9985b576a5c2d5b2050e38c2cc1bd81575ebe2bce730d2e8f85b24b16235651a,"{""d"":5,""p"":0.00018873918221350977,""r"":20}",
     52224,       312,         0,   0.567,chromobius,9b65eef54a31c278bbdd937ed4d102b3bedba3a1f5f07857b31b35c179dcab7b,"{""d"":5,""p"":0.00041753189365604,""r"":20}",
     60416,       250,         0,   0.568,chromobius,4282ad35409a1af9cea79974b30708f9311750ee1a8e5529fbf9c3192aa24de6,"{""d"":5,""p"":0.0003562247890262444,""r"":20}",
     44032,       374,         0,   0.572,chromobius,78637f88b424613574f5c4dd12f9af8eefddde555645e81b6d33e649be2dea89,"{""d"":5,""p"":0.0004893900918477494,""r"":20}",
     67584,       220,         0,   0.570,chromobius,97dbd1d0e0e2c9e26cd110c2ba602f4ab9a44065bbc72571a65e53a71adf7e79,"{""d"":5,""p"":0.0003039195382313198,""r"":20}",
     36864,       424,         0,   0.576,chromobius,d247d66482da962abba02ce32391023cbb0548cab6180fc26263edf634c34c12,"{""d"":5,""p"":0.0005736152510448681,""r"":20}",
    257024,        89,         0,   0.783,chromobius,f41f237c719f80b72a98cb8d8743e6fc55971f8e64a190a86b32a0433a5ec10f,"{""d"":5,""p"":0.0001,""r"":20}",
    199680,       114,         0,   0.785,chromobius,8d50491420beed2346c615e1e9140d4075f738a553302b3c3e708d89e334fb1c,"{""d"":5,""p"":0.00013738237958832623,""r"":20}",
    129024,       231,         0,   0.791,chromobius,d8e9d71d34c1975987958678e3f1f0e3e71cc28c2ad46a8ac275d9b67ca6b78b,"{""d"":5,""p"":0.000221221629107045,""r"":20}",
    113664,       282,         0,   0.786,chromobius,79cf4b018da959f958f81e40242b2dc54ae663a57fa0e453f60d5a1c9171e298,"{""d"":5,""p"":0.0002592943797404667,""r"":20}",
    150528,       138,         0,   0.790,chromobius,a8578ec9fec37e078263c0612738a66d82b8dd5557f5c6061b0a6eedd5a602cd,"{""d"":5,""p"":0.00016102620275609394,""r"":20}",
    216064,       115,         0,   0.783,chromobius,d10e41061ada3165b92a471c0f58913bd6be0ef4b3603c7c73c7a2f9dbc1cc4b,"{""d"":5,""p"":0.00011721022975334806,""r"":20}",
    135168,       146,         0,   0.789,chromobius,9985b576a5c2d5b2050e38c2cc1bd81575ebe2bce730d2e8f85b24b16235651a,"{""d"":5,""p"":0.00018873918221350977,""r"":20}",
     72704,       471,         0,   0.795,chromobius,9b65eef54a31c278bbdd937ed4d102b3bedba3a1f5f07857b31b35c179dcab7b,"{""d"":5,""p"":0.00041753189365604,""r"":20}",
     81920,       353,         0,   0.793,chromobius,4282ad35409a1af9cea79974b30708f9311750ee1a8e5529fbf9c3192aa24de6,"{""d"":5,""p"":0.0003562247890262444,""r"":20}",
     59392,       503,         0,   0.794,chromobius,78637f88b424613574f5c4dd12f9af8eefddde555645e81b6d33e649be2dea89,"{""d"":5,""p"":0.0004893900918477494,""r"":20}",
     89088,       285,         0,   0.787,chromobius,97dbd1d0e0e2c9e26cd110c2ba602f4ab9a44065bbc72571a65e53a71adf7e79,"{""d"":5,""p"":0.0003039195382313198,""r"":20}",
     48128,       583,         0,   0.815,chromobius,d247d66482da962abba02ce32391023cbb0548cab6180fc26263edf634c34c12,"{""d"":5,""p"":0.0005736152510448681,""r"":20}",
    359424,       113,         0,    1.10,chromobius,f41f237c719f80b72a98cb8d8743e6fc55971f8e64a190a86b32a0433a5ec10f,"{""d"":5,""p"":0.0001,""r"":20}",
    276480,       199,         0,    1.10,chromobius,8d50491420beed2346c615e1e9140d4075f738a553302b3c3e708d89e334fb1c,"{""d"":5,""p"":0.00013738237958832623,""r"":20}",
    181248,       326,         0,    1.10,chromobius,d8e9d71d34c1975987958678e3f1f0e3e71cc28c2ad46a8ac275d9b67ca6b78b,"{""d"":5,""p"":0.000221221629107045,""r"":20}",
    224256,       199,         0,    1.10,chromobius,a8578ec9fec37e078263c0612738a66d82b8dd5557f5c6061b0a6eedd5a602cd,"{""d"":5,""p"":0.00016102620275609394,""r"":20}",
    159744,       393,         0,    1.10,chromobius,79cf4b018da959f958f81e40242b2dc54ae663a57fa0e453f60d5a1c9171e298,"{""d"":5,""p"":0.0002592943797404667,""r"":20}",
    305152,       142,         0,    1.10,chromobius,d10e41061ada3165b92a471c0f58913bd6be0ef4b3603c7c73c7a2f9dbc1cc4b,"{""d"":5,""p"":0.00011721022975334806,""r"":20}",
    198656,       245,         0,    1.10,chromobius,9985b576a5c2d5b2050e38c2cc1bd81575ebe2bce730d2e8f85b24b16235651a,"{""d"":5,""p"":0.00018873918221350977,""r"":20}",
    102400,       615,         0,    1.11,chromobius,9b65eef54a31c278bbdd937ed4d102b3bedba3a1f5f07857b31b35c179dcab7b,"{""d"":5,""p"":0.00041753189365604,""r"":20}",
    112640,       508,         0,    1.11,chromobius,4282ad35409a1af9cea79974b30708f9311750ee1a8e5529fbf9c3192aa24de6,"{""d"":5,""p"":0.0003562247890262444,""r"":20}",
     84992,       736,         0,    1.11,chromobius,78637f88b424613574f5c4dd12f9af8eefddde555645e81b6d33e649be2dea89,"{""d"":5,""p"":0.0004893900918477494,""r"":20}",
    131072,       451,         0,    1.10,chromobius,97dbd1d0e0e2c9e26cd110c2ba602f4ab9a44065bbc72571a65e53a71adf7e79,"{""d"":5,""p"":0.0003039195382313198,""r"":20}",
     71680,       909,         0,    1.11,chromobius,d247d66482da962abba02ce32391023cbb0548cab6180fc26263edf634c34c12,"{""d"":5,""p"":0.0005736152510448681,""r"":20}",
    336896,       197,         0,    1.54,chromobius,8d50491420beed2346c615e1e9140d4075f738a553302b3c3e708d89e334fb1c,"{""d"":5,""p"":0.00013738237958832623,""r"":20}",
    441344,       163,         0,    1.54,chromobius,f41f237c719f80b72a98cb8d8743e6fc55971f8e64a190a86b32a0433a5ec10f,"{""d"":5,""p"":0.0001,""r"":20}",
    291840,       275,         0,    1.54,chromobius,a8578ec9fec37e078263c0612738a66d82b8dd5557f5c6061b0a6eedd5a602cd,"{""d"":5,""p"":0.00016102620275609394,""r"":20}",
    193536,       397,         0,    1.55,chromobius,79cf4b018da959f958f81e40242b2dc54ae663a57fa0e453f60d5a1c9171e298,"{""d"":5,""p"":0.0002592943797404667,""r"":20}",
    233472,       422,         0,    1.54,chromobius,d8e9d71d34c1975987958678e3f1f0e3e71cc28c2ad46a8ac275d9b67ca6b78b,"{""d"":5,""p"":0.000221221629107045,""r"":20}",
    258048,       342,         0,    1.53,chromobius,9985b576a5c2d5b2050e38c2cc1bd81575ebe2bce730d2e8f85b24b16235651a,"{""d"":5,""p"":0.00018873918221350977,""r"":20}",
    388096,       178,         0,    1.55,chromobius,d10e41061ada3165b92a471c0f58913bd6be0ef4b3603c7c73c7a2f9dbc1cc4b,"{""d"":5,""p"":0.00011721022975334806,""r"":20}",
    148480,       607,         0,    1.55,chromobius,4282ad35409a1af9cea79974b30708f9311750ee1a8e5529fbf9c3192aa24de6,"{""d"":5,""p"":0.0003562247890262444,""r"":20}",
    122880,       694,         0,    1.56,chromobius,9b65eef54a31c278bbdd937ed4d102b3bedba3a1f5f07857b31b35c179dcab7b,"{""d"":5,""p"":0.00041753189365604,""r"":20}",
    162816,       537,         0,    1.55,chromobius,97dbd1d0e0e2c9e26cd110c2ba602f4ab9a44065bbc72571a65e53a71adf7e79,"{""d"":5,""p"":0.0003039195382313198,""r"":20}",
    106496,       907,         0,    1.57,chromobius,78637f88b424613574f5c4dd12f9af8eefddde555645e81b6d33e649be2dea89,"{""d"":5,""p"":0.0004893900918477494,""r"":20}",
     87040,      1040,         0,    1.55,chromobius,d247d66482da962abba02ce32391023cbb0548cab6180fc26263edf634c34c12,"{""d"":5,""p"":0.0005736152510448681,""r"":20}",
     83968,      1014,         0,    1.56,chromobius,d247d66482da962abba02ce32391023cbb0548cab6180fc26263edf634c34c12,"{""d"":5,""p"":0.0005736152510448681,""r"":20}",
      1297,        27,         0,   0.025,chromobius,594eb9bea221801a7ae4ce5157ba467513d81c1abf262da8deac35234e918738,"{""d"":5,""p"":0.0006723357536499335,""r"":20}",
      1024,        12,         0,   0.019,chromobius,594eb9bea221801a7ae4ce5157ba467513d81c1abf262da8deac35234e918738,"{""d"":5,""p"":0.0006723357536499335,""r"":20}",
      2048,        29,         0,   0.037,chromobius,594eb9bea221801a7ae4ce5157ba467513d81c1abf262da8deac35234e918738,"{""d"":5,""p"":0.0006723357536499335,""r"":20}",
      2048,        39,         0,   0.036,chromobius,594eb9bea221801a7ae4ce5157ba467513d81c1abf262da8deac35234e918738,"{""d"":5,""p"":0.0006723357536499335,""r"":20}",
      3072,        37,         0,   0.053,chromobius,594eb9bea221801a7ae4ce5157ba467513d81c1abf262da8deac35234e918738,"{""d"":5,""p"":0.0006723357536499335,""r"":20}",
      3072,        54,         0,   0.068,chromobius,594eb9bea221801a7ae4ce5157ba467513d81c1abf262da8deac35234e918738,"{""d"":5,""p"":0.0006723357536499335,""r"":20}",
      5120,        87,         0,   0.089,chromobius,594eb9bea221801a7ae4ce5157ba467513d81c1abf262da8deac35234e918738,"{""d"":5,""p"":0.0006723357536499335,""r"":20}",
    433152,       296,         0,    2.15,chromobius,8d50491420beed2346c615e1e9140d4075f738a553302b3c3e708d89e334fb1c,"{""d"":5,""p"":0.00013738237958832623,""r"":20}",
    566272,       192,         0,    2.13,chromobius,f41f237c719f80b72a98cb8d8743e6fc55971f8e64a190a86b32a0433a5ec10f,"{""d"":5,""p"":0.0001,""r"":20}",
    388096,       359,         0,    2.14,chromobius,a8578ec9fec37e078263c0612738a66d82b8dd5557f5c6061b0a6eedd5a602cd,"{""d"":5,""p"":0.00016102620275609394,""r"":20}",
    301056,       553,         0,    2.15,chromobius,d8e9d71d34c1975987958678e3f1f0e3e71cc28c2ad46a8ac275d9b67ca6b78b,"{""d"":5,""p"":0.000221221629107045,""r"":20}",
    250880,       556,         0,    2.17,chromobius,79cf4b018da959f958f81e40242b2dc54ae663a57fa0e453f60d5a1c9171e298,"{""d"":5,""p"":0.0002592943797404667,""r"":20}",
    343040,       413,         0,    2.15,chromobius,9985b576a5c2d5b2050e38c2cc1bd81575ebe2bce730d2e8f85b24b16235651a,"{""d"":5,""p"":0.00018873918221350977,""r"":20}",
      6144,       104,         0,   0.109,chromobius,594eb9bea221801a7ae4ce5157ba467513d81c1abf262da8deac35234e918738,"{""d"":5,""p"":0.0006723357536499335,""r"":20}",
    513024,       214,         0,    2.15,chromobius,d10e41061ada3165b92a471c0f58913bd6be0ef4b3603c7c73c7a2f9dbc1cc4b,"{""d"":5,""p"":0.00011721022975334806,""r"":20}",
    196608,       832,         0,    2.17,chromobius,4282ad35409a1af9cea79974b30708f9311750ee1a8e5529fbf9c3192aa24de6,"{""d"":5,""p"":0.0003562247890262444,""r"":20}",
    164864,      1028,         0,    2.17,chromobius,9b65eef54a31c278bbdd937ed4d102b3bedba3a1f5f07857b31b35c179dcab7b,"{""d"":5,""p"":0.00041753189365604,""r"":20}",
    229376,       724,         0,    2.16,chromobius,97dbd1d0e0e2c9e26cd110c2ba602f4ab9a44065bbc72571a65e53a71adf7e79,"{""d"":5,""p"":0.0003039195382313198,""r"":20}",
    140288,      1244,         0,    2.17,chromobius,78637f88b424613574f5c4dd12f9af8eefddde555645e81b6d33e649be2dea89,"{""d"":5,""p"":0.0004893900918477494,""r"":20}",
      9216,       165,         0,   0.157,chromobius,594eb9bea221801a7ae4ce5157ba467513d81c1abf262da8deac35234e918738,"{""d"":5,""p"":0.0006723357536499335,""r"":20}",
     12288,       192,         0,   0.217,chromobius,594eb9bea221801a7ae4ce5157ba467513d81c1abf262da8deac35234e918738,"{""d"":5,""p"":0.0006723357536499335,""r"":20}",
     33792,       290,         0,   0.436,chromobius,78637f88b424613574f5c4dd12f9af8eefddde555645e81b6d33e649be2dea89,"{""d"":5,""p"":0.0004893900918477494,""r"":20}",
      1297,        23,         0,   0.030,chromobius,709f59adf23651f40f4a3cb514c9a35ef160ac4c4adda9da6cc2fb84ffa5a8af,"{""d"":5,""p"":0.0007880462815669912,""r"":20}",
      1024,        26,         0,   0.021,chromobius,709f59adf23651f40f4a3cb514c9a35ef160ac4c4adda9da6cc2fb84ffa5a8af,"{""d"":5,""p"":0.0007880462815669912,""r"":20}",
      1024,        27,         0,   0.021,chromobius,709f59adf23651f40f4a3cb514c9a35ef160ac4c4adda9da6cc2fb84ffa5a8af,"{""d"":5,""p"":0.0007880462815669912,""r"":20}",
     16384,       265,         0,   0.293,chromobius,594eb9bea221801a7ae4ce5157ba467513d81c1abf262da8deac35234e918738,"{""d"":5,""p"":0.0006723357536499335,""r"":20}",
      2048,        50,         0,   0.048,chromobius,709f59adf23651f40f4a3cb514c9a35ef160ac4c4adda9da6cc2fb84ffa5a8af,"{""d"":5,""p"":0.0007880462815669912,""r"":20}",
      2048,        38,         0,   0.042,chromobius,709f59adf23651f40f4a3cb514c9a35ef160ac4c4adda9da6cc2fb84ffa5a8af,"{""d"":5,""p"":0.0007880462815669912,""r"":20}",
      3072,        68,         0,   0.061,chromobius,709f59adf23651f40f4a3cb514c9a35ef160ac4c4adda9da6cc2fb84ffa5a8af,"{""d"":5,""p"":0.0007880462815669912,""r"":20}",
      4096,        93,         0,   0.083,chromobius,709f59adf23651f40f4a3cb514c9a35ef160ac4c4adda9da6cc2fb84ffa5a8af,"{""d"":5,""p"":0.0007880462815669912,""r"":20}",
      5120,        99,         0,   0.105,chromobius,709f59adf23651f40f4a3cb514c9a35ef160ac4c4adda9da6cc2fb84ffa5a8af,"{""d"":5,""p"":0.0007880462815669912,""r"":20}",
     23552,       394,         0,   0.415,chromobius,594eb9bea221801a7ae4ce5157ba467513d81c1abf262da8deac35234e918738,"{""d"":5,""p"":0.0006723357536499335,""r"":20}",
      8192,       186,         0,   0.164,chromobius,709f59adf23651f40f4a3cb514c9a35ef160ac4c4adda9da6cc2fb84ffa5a8af,"{""d"":5,""p"":0.0007880462815669912,""r"":20}",
     11264,       242,         0,   0.224,chromobius,709f59adf23651f40f4a3cb514c9a35ef160ac4c4adda9da6cc2fb84ffa5a8af,"{""d"":5,""p"":0.0007880462815669912,""r"":20}",
     32768,       537,         0,   0.572,chromobius,594eb9bea221801a7ae4ce5157ba467513d81c1abf262da8deac35234e918738,"{""d"":5,""p"":0.0006723357536499335,""r"":20}",
     14336,       318,         0,   0.292,chromobius,709f59adf23651f40f4a3cb514c9a35ef160ac4c4adda9da6cc2fb84ffa5a8af,"{""d"":5,""p"":0.0007880462815669912,""r"":20}",
    184320,      1120,         0,    2.00,chromobius,9b65eef54a31c278bbdd937ed4d102b3bedba3a1f5f07857b31b35c179dcab7b,"{""d"":5,""p"":0.00041753189365604,""r"":20}",
     19456,       457,         0,   0.405,chromobius,709f59adf23651f40f4a3cb514c9a35ef160ac4c4adda9da6cc2fb84ffa5a8af,"{""d"":5,""p"":0.0007880462815669912,""r"":20}",
      1297,        45,         0,   0.033,chromobius,26738da02f01123bdc0863b5025f83ad2a72894996c7561537716eef10e4d918,"{""d"":5,""p"":0.0009236708571873865,""r"":20}",
      1024,        30,         0,   0.025,chromobius,26738da02f01123bdc0863b5025f83ad2a72894996c7561537716eef10e4d918,"{""d"":5,""p"":0.0009236708571873865,""r"":20}",
      1024,        45,         0,   0.026,chromobius,26738da02f01123bdc0863b5025f83ad2a72894996c7561537716eef10e4d918,"{""d"":5,""p"":0.0009236708571873865,""r"":20}",
      2048,        50,         0,   0.049,chromobius,26738da02f01123bdc0863b5025f83ad2a72894996c7561537716eef10e4d918,"{""d"":5,""p"":0.0009236708571873865,""r"":20}",
      2048,        67,         0,   0.051,chromobius,26738da02f01123bdc0863b5025f83ad2a72894996c7561537716eef10e4d918,"{""d"":5,""p"":0.0009236708571873865,""r"":20}",
      3072,        90,         0,   0.074,chromobius,26738da02f01123bdc0863b5025f83ad2a72894996c7561537716eef10e4d918,"{""d"":5,""p"":0.0009236708571873865,""r"":20}",
      4096,       109,         0,   0.098,chromobius,26738da02f01123bdc0863b5025f83ad2a72894996c7561537716eef10e4d918,"{""d"":5,""p"":0.0009236708571873865,""r"":20}",
     46080,       723,         0,   0.802,chromobius,594eb9bea221801a7ae4ce5157ba467513d81c1abf262da8deac35234e918738,"{""d"":5,""p"":0.0006723357536499335,""r"":20}",
      5120,       151,         0,   0.124,chromobius,26738da02f01123bdc0863b5025f83ad2a72894996c7561537716eef10e4d918,"{""d"":5,""p"":0.0009236708571873865,""r"":20}",
     27648,       636,         0,   0.570,chromobius,709f59adf23651f40f4a3cb514c9a35ef160ac4c4adda9da6cc2fb84ffa5a8af,"{""d"":5,""p"":0.0007880462815669912,""r"":20}",
      6144,       203,         0,   0.159,chromobius,26738da02f01123bdc0863b5025f83ad2a72894996c7561537716eef10e4d918,"{""d"":5,""p"":0.0009236708571873865,""r"":20}",
      9216,       288,         0,   0.229,chromobius,26738da02f01123bdc0863b5025f83ad2a72894996c7561537716eef10e4d918,"{""d"":5,""p"":0.0009236708571873865,""r"":20}",
    766976,       507,         0,    3.01,chromobius,8d50491420beed2346c615e1e9140d4075f738a553302b3c3e708d89e334fb1c,"{""d"":5,""p"":0.00013738237958832623,""r"":20}",
    977920,       321,         0,    3.01,chromobius,f41f237c719f80b72a98cb8d8743e6fc55971f8e64a190a86b32a0433a5ec10f,"{""d"":5,""p"":0.0001,""r"":20}",
    644096,       563,         0,    3.02,chromobius,a8578ec9fec37e078263c0612738a66d82b8dd5557f5c6061b0a6eedd5a602cd,"{""d"":5,""p"":0.00016102620275609394,""r"":20}",
    495616,       847,         0,    3.02,chromobius,d8e9d71d34c1975987958678e3f1f0e3e71cc28c2ad46a8ac275d9b67ca6b78b,"{""d"":5,""p"":0.000221221629107045,""r"":20}",
    438272,      1046,         0,    3.03,chromobius,79cf4b018da959f958f81e40242b2dc54ae663a57fa0e453f60d5a1c9171e298,"{""d"":5,""p"":0.0002592943797404667,""r"":20}",
    573440,       696,         0,    3.01,chromobius,9985b576a5c2d5b2050e38c2cc1bd81575ebe2bce730d2e8f85b24b16235651a,"{""d"":5,""p"":0.00018873918221350977,""r"":20}",
    857088,       404,         0,    3.01,chromobius,d10e41061ada3165b92a471c0f58913bd6be0ef4b3603c7c73c7a2f9dbc1cc4b,"{""d"":5,""p"":0.00011721022975334806,""r"":20}",
    321536,      1411,         0,    3.03,chromobius,4282ad35409a1af9cea79974b30708f9311750ee1a8e5529fbf9c3192aa24de6,"{""d"":5,""p"":0.0003562247890262444,""r"":20}",
    372736,      1181,         0,    3.03,chromobius,97dbd1d0e0e2c9e26cd110c2ba602f4ab9a44065bbc72571a65e53a71adf7e79,"{""d"":5,""p"":0.0003039195382313198,""r"":20}",
     12288,       367,         0,   0.288,chromobius,26738da02f01123bdc0863b5025f83ad2a72894996c7561537716eef10e4d918,"{""d"":5,""p"":0.0009236708571873865,""r"":20}",
     37888,       831,         0,   0.796,chromobius,709f59adf23651f40f4a3cb514c9a35ef160ac4c4adda9da6cc2fb84ffa5a8af,"{""d"":5,""p"":0.0007880462815669912,""r"":20}",
     64512,      1076,         0,    1.11,chromobius,594eb9bea221801a7ae4ce5157ba467513d81c1abf262da8deac35234e918738,"{""d"":5,""p"":0.0006723357536499335,""r"":20}",
     17408,       524,         0,   0.411,chromobius,26738da02f01123bdc0863b5025f83ad2a72894996c7561537716eef10e4d918,"{""d"":5,""p"":0.0009236708571873865,""r"":20}",
     75776,       340,         0,   0.700,chromobius,4282ad35409a1af9cea79974b30708f9311750ee1a8e5529fbf9c3192aa24de6,"{""d"":5,""p"":0.0003562247890262444,""r"":20}",
      1297,        42,         0,   0.038,chromobius,9b4b7844ee757a04dda2a6f943f393757cf8664b63454d3d83a74fe772115675,"{""d"":5,""p"":0.001082636733874054,""r"":20}",
      1024,        42,         0,   0.029,chromobius,9b4b7844ee757a04dda2a6f943f393757cf8664b63454d3d83a74fe772115675,"{""d"":5,""p"":0.001082636733874054,""r"":20}",
      1024,        41,         0,   0.030,chromobius,9b4b7844ee757a04dda2a6f943f393757cf8664b63454d3d83a74fe772115675,"{""d"":5,""p"":0.001082636733874054,""r"":20}",
      1024,        61,         0,   0.030,chromobius,9b4b7844ee757a04dda2a6f943f393757cf8664b63454d3d83a74fe772115675,"{""d"":5,""p"":0.001082636733874054,""r"":20}",
      2048,        82,         0,   0.060,chromobius,9b4b7844ee757a04dda2a6f943f393757cf8664b63454d3d83a74fe772115675,"{""d"":5,""p"":0.001082636733874054,""r"":20}",
      2048,        89,         0,   0.059,chromobius,9b4b7844ee757a04dda2a6f943f393757cf8664b63454d3d83a74fe772115675,"{""d"":5,""p"":0.001082636733874054,""r"":20}",
      3072,       140,         0,   0.089,chromobius,9b4b7844ee757a04dda2a6f943f393757cf8664b63454d3d83a74fe772115675,"{""d"":5,""p"":0.001082636733874054,""r"":20}",
     21504,       707,         0,   0.568,chromobius,26738da02f01123bdc0863b5025f83ad2a72894996c7561537716eef10e4d918,"{""d"":5,""p"":0.0009236708571873865,""r"":20}",
      4096,       194,         0,   0.154,chromobius,9b4b7844ee757a04dda2a6f943f393757cf8664b63454d3d83a74fe772115675,"{""d"":5,""p"":0.001082636733874054,""r"":20}",
      4096,       185,         0,   0.165,chromobius,9b4b7844ee757a04dda2a6f943f393757cf8664b63454d3d83a74fe772115675,"{""d"":5,""p"":0.001082636733874054,""r"":20}",
     50176,      1166,         0,    1.13,chromobius,709f59adf23651f40f4a3cb514c9a35ef160ac4c4adda9da6cc2fb84ffa5a8af,"{""d"":5,""p"":0.0007880462815669912,""r"":20}",
      7168,       301,         0,   0.238,chromobius,9b4b7844ee757a04dda2a6f943f393757cf8664b63454d3d83a74fe772115675,"{""d"":5,""p"":0.001082636733874054,""r"":20}",
     10240,       453,         0,   0.314,chromobius,9b4b7844ee757a04dda2a6f943f393757cf8664b63454d3d83a74fe772115675,"{""d"":5,""p"":0.001082636733874054,""r"":20}",
     29696,       937,         0,   0.803,chromobius,26738da02f01123bdc0863b5025f83ad2a72894996c7561537716eef10e4d918,"{""d"":5,""p"":0.0009236708571873865,""r"":20}",
     70656,      1149,         0,    1.54,chromobius,594eb9bea221801a7ae4ce5157ba467513d81c1abf262da8deac35234e918738,"{""d"":5,""p"":0.0006723357536499335,""r"":20}",
      6144,       112,         0,   0.107,chromobius,594eb9bea221801a7ae4ce5157ba467513d81c1abf262da8deac35234e918738,"{""d"":5,""p"":0.0006723357536499335,""r"":20}",
       273,        16,         0,   0.010,chromobius,45885555291f3ef25990459fdd394533953fcd786987542c0b804f6b12a38123,"{""d"":5,""p"":0.0012689610031679222,""r"":20}",
     32768,       752,         0,   0.743,chromobius,709f59adf23651f40f4a3cb514c9a35ef160ac4c4adda9da6cc2fb84ffa5a8af,"{""d"":5,""p"":0.0007880462815669912,""r"":20}",
      1024,        76,         0,   0.048,chromobius,45885555291f3ef25990459fdd394533953fcd786987542c0b804f6b12a38123,"{""d"":5,""p"":0.0012689610031679222,""r"":20}",
       273,        21,         0,   0.025,chromobius,e6d114288254d9b710f2b64158497c46ba85cf1e33acaabfd720f772c5e82329,"{""d"":5,""p"":0.0014873521072935117,""r"":20}",
      1024,        73,         0,   0.064,chromobius,45885555291f3ef25990459fdd394533953fcd786987542c0b804f6b12a38123,"{""d"":5,""p"":0.0012689610031679222,""r"":20}",
      1024,        72,         0,   0.058,chromobius,45885555291f3ef25990459fdd394533953fcd786987542c0b804f6b12a38123,"{""d"":5,""p"":0.0012689610031679222,""r"":20}",
      1024,        77,         0,   0.077,chromobius,e6d114288254d9b710f2b64158497c46ba85cf1e33acaabfd720f772c5e82329,"{""d"":5,""p"":0.0014873521072935117,""r"":20}",
     12288,       558,         0,   0.444,chromobius,9b4b7844ee757a04dda2a6f943f393757cf8664b63454d3d83a74fe772115675,"{""d"":5,""p"":0.001082636733874054,""r"":20}",
      1024,        59,         0,   0.058,chromobius,45885555291f3ef25990459fdd394533953fcd786987542c0b804f6b12a38123,"{""d"":5,""p"":0.0012689610031679222,""r"":20}",
      1024,        90,         0,   0.066,chromobius,e6d114288254d9b710f2b64158497c46ba85cf1e33acaabfd720f772c5e82329,"{""d"":5,""p"":0.0014873521072935117,""r"":20}",
      1024,        92,         0,   0.041,chromobius,e6d114288254d9b710f2b64158497c46ba85cf1e33acaabfd720f772c5e82329,"{""d"":5,""p"":0.0014873521072935117,""r"":20}",
      1024,        80,         0,   0.040,chromobius,e6d114288254d9b710f2b64158497c46ba85cf1e33acaabfd720f772c5e82329,"{""d"":5,""p"":0.0014873521072935117,""r"":20}",
      2048,       117,         0,   0.101,chromobius,45885555291f3ef25990459fdd394533953fcd786987542c0b804f6b12a38123,"{""d"":5,""p"":0.0012689610031679222,""r"":20}",
      2048,       169,         0,   0.080,chromobius,e6d114288254d9b710f2b64158497c46ba85cf1e33acaabfd720f772c5e82329,"{""d"":5,""p"":0.0014873521072935117,""r"":20}",
      2048,       125,         0,   0.105,chromobius,45885555291f3ef25990459fdd394533953fcd786987542c0b804f6b12a38123,"{""d"":5,""p"":0.0012689610031679222,""r"":20}",
      2048,       174,         0,   0.080,chromobius,e6d114288254d9b710f2b64158497c46ba85cf1e33acaabfd720f772c5e82329,"{""d"":5,""p"":0.0014873521072935117,""r"":20}",
      3072,       179,         0,   0.129,chromobius,45885555291f3ef25990459fdd394533953fcd786987542c0b804f6b12a38123,"{""d"":5,""p"":0.0012689610031679222,""r"":20}",
      3072,       274,         0,   0.123,chromobius,e6d114288254d9b710f2b64158497c46ba85cf1e33acaabfd720f772c5e82329,"{""d"":5,""p"":0.0014873521072935117,""r"":20}",
      4096,       255,         0,   0.182,chromobius,45885555291f3ef25990459fdd394533953fcd786987542c0b804f6b12a38123,"{""d"":5,""p"":0.0012689610031679222,""r"":20}",
     18432,       788,         0,   0.588,chromobius,9b4b7844ee757a04dda2a6f943f393757cf8664b63454d3d83a74fe772115675,"{""d"":5,""p"":0.001082636733874054,""r"":20}",
      4096,       372,         0,   0.171,chromobius,e6d114288254d9b710f2b64158497c46ba85cf1e33acaabfd720f772c5e82329,"{""d"":5,""p"":0.0014873521072935117,""r"":20}",
    326656,      1066,         0,    3.05,chromobius,97dbd1d0e0e2c9e26cd110c2ba602f4ab9a44065bbc72571a65e53a71adf7e79,"{""d"":5,""p"":0.0003039195382313198,""r"":20}",
     35840,      1141,         0,    1.15,chromobius,26738da02f01123bdc0863b5025f83ad2a72894996c7561537716eef10e4d918,"{""d"":5,""p"":0.0009236708571873865,""r"":20}",
       273,        36,         0,   0.014,chromobius,2d5cf4895e0393872b49a5232fccf5e133910667f6493204c1f0d0ed83e5854e,"{""d"":5,""p"":0.0017433288221999873,""r"":20}",
      1024,       127,         0,   0.048,chromobius,2d5cf4895e0393872b49a5232fccf5e133910667f6493204c1f0d0ed83e5854e,"{""d"":5,""p"":0.0017433288221999873,""r"":20}",
      5120,       456,         0,   0.212,chromobius,e6d114288254d9b710f2b64158497c46ba85cf1e33acaabfd720f772c5e82329,"{""d"":5,""p"":0.0014873521072935117,""r"":20}",
      5120,       322,         0,   0.246,chromobius,45885555291f3ef25990459fdd394533953fcd786987542c0b804f6b12a38123,"{""d"":5,""p"":0.0012689610031679222,""r"":20}",
      1024,       114,         0,   0.048,chromobius,2d5cf4895e0393872b49a5232fccf5e133910667f6493204c1f0d0ed83e5854e,"{""d"":5,""p"":0.0017433288221999873,""r"":20}",
      1024,       131,         0,   0.049,chromobius,2d5cf4895e0393872b49a5232fccf5e133910667f6493204c1f0d0ed83e5854e,"{""d"":5,""p"":0.0017433288221999873,""r"":20}",
      9216,       262,         0,   0.217,chromobius,26738da02f01123bdc0863b5025f83ad2a72894996c7561537716eef10e4d918,"{""d"":5,""p"":0.0009236708571873865,""r"":20}",
      1024,       135,         0,   0.049,chromobius,2d5cf4895e0393872b49a5232fccf5e133910667f6493204c1f0d0ed83e5854e,"{""d"":5,""p"":0.0017433288221999873,""r"":20}",
       273,        35,         0,   0.028,chromobius,58ac0a3387d1579bbe7b6aac41f75d1e850a3999e7800df40378f44da43b1c77,"{""d"":5,""p"":0.0020433597178569417,""r"":20}",
      2048,       214,         0,   0.098,chromobius,2d5cf4895e0393872b49a5232fccf5e133910667f6493204c1f0d0ed83e5854e,"{""d"":5,""p"":0.0017433288221999873,""r"":20}",
      1024,       158,         0,   0.059,chromobius,58ac0a3387d1579bbe7b6aac41f75d1e850a3999e7800df40378f44da43b1c77,"{""d"":5,""p"":0.0020433597178569417,""r"":20}",
      7168,       584,         0,   0.289,chromobius,e6d114288254d9b710f2b64158497c46ba85cf1e33acaabfd720f772c5e82329,"{""d"":5,""p"":0.0014873521072935117,""r"":20}",
      8192,       466,         0,   0.304,chromobius,45885555291f3ef25990459fdd394533953fcd786987542c0b804f6b12a38123,"{""d"":5,""p"":0.0012689610031679222,""r"":20}",
      1024,       163,         0,   0.059,chromobius,58ac0a3387d1579bbe7b6aac41f75d1e850a3999e7800df40378f44da43b1c77,"{""d"":5,""p"":0.0020433597178569417,""r"":20}",
      2048,       225,         0,   0.096,chromobius,2d5cf4895e0393872b49a5232fccf5e133910667f6493204c1f0d0ed83e5854e,"{""d"":5,""p"":0.0017433288221999873,""r"":20}",
      1024,       155,         0,   0.066,chromobius,58ac0a3387d1579bbe7b6aac41f75d1e850a3999e7800df40378f44da43b1c77,"{""d"":5,""p"":0.0020433597178569417,""r"":20}",
      1024,       170,         0,   0.061,chromobius,58ac0a3387d1579bbe7b6aac41f75d1e850a3999e7800df40378f44da43b1c77,"{""d"":5,""p"":0.0020433597178569417,""r"":20}",
      3072,       375,         0,   0.148,chromobius,2d5cf4895e0393872b49a5232fccf5e133910667f6493204c1f0d0ed83e5854e,"{""d"":5,""p"":0.0017433288221999873,""r"":20}",
      1024,       155,         0,   0.060,chromobius,58ac0a3387d1579bbe7b6aac41f75d1e850a3999e7800df40378f44da43b1c77,"{""d"":5,""p"":0.0020433597178569417,""r"":20}",
     27648,      1173,         0,   0.812,chromobius,9b4b7844ee757a04dda2a6f943f393757cf8664b63454d3d83a74fe772115675,"{""d"":5,""p"":0.001082636733874054,""r"":20}",
      3072,       350,         0,   0.148,chromobius,2d5cf4895e0393872b49a5232fccf5e133910667f6493204c1f0d0ed83e5854e,"{""d"":5,""p"":0.0017433288221999873,""r"":20}",
      2048,       302,         0,   0.124,chromobius,58ac0a3387d1579bbe7b6aac41f75d1e850a3999e7800df40378f44da43b1c77,"{""d"":5,""p"":0.0020433597178569417,""r"":20}",
     10240,       889,         0,   0.419,chromobius,e6d114288254d9b710f2b64158497c46ba85cf1e33acaabfd720f772c5e82329,"{""d"":5,""p"":0.0014873521072935117,""r"":20}",
     10240,       661,         0,   0.450,chromobius,45885555291f3ef25990459fdd394533953fcd786987542c0b804f6b12a38123,"{""d"":5,""p"":0.0012689610031679222,""r"":20}",
      2048,       333,         0,   0.127,chromobius,58ac0a3387d1579bbe7b6aac41f75d1e850a3999e7800df40378f44da43b1c77,"{""d"":5,""p"":0.0020433597178569417,""r"":20}",
      5120,       556,         0,   0.254,chromobius,2d5cf4895e0393872b49a5232fccf5e133910667f6493204c1f0d0ed83e5854e,"{""d"":5,""p"":0.0017433288221999873,""r"":20}",
      3072,       467,         0,   0.205,chromobius,58ac0a3387d1579bbe7b6aac41f75d1e850a3999e7800df40378f44da43b1c77,"{""d"":5,""p"":0.0020433597178569417,""r"":20}",
   1017856,       683,         0,    4.21,chromobius,8d50491420beed2346c615e1e9140d4075f738a553302b3c3e708d89e334fb1c,"{""d"":5,""p"":0.00013738237958832623,""r"":20}",
   1170432,       370,         0,    4.20,chromobius,f41f237c719f80b72a98cb8d8743e6fc55971f8e64a190a86b32a0433a5ec10f,"{""d"":5,""p"":0.0001,""r"":20}",
    821248,       728,         0,    4.23,chromobius,a8578ec9fec37e078263c0612738a66d82b8dd5557f5c6061b0a6eedd5a602cd,"{""d"":5,""p"":0.00016102620275609394,""r"":20}",
    601088,      1026,         0,    4.21,chromobius,d8e9d71d34c1975987958678e3f1f0e3e71cc28c2ad46a8ac275d9b67ca6b78b,"{""d"":5,""p"":0.000221221629107045,""r"":20}",
    534528,      1227,         0,    4.23,chromobius,79cf4b018da959f958f81e40242b2dc54ae663a57fa0e453f60d5a1c9171e298,"{""d"":5,""p"":0.0002592943797404667,""r"":20}",
   1045504,       461,         0,    4.19,chromobius,d10e41061ada3165b92a471c0f58913bd6be0ef4b3603c7c73c7a2f9dbc1cc4b,"{""d"":5,""p"":0.00011721022975334806,""r"":20}",
    723968,       906,         0,    4.23,chromobius,9985b576a5c2d5b2050e38c2cc1bd81575ebe2bce730d2e8f85b24b16235651a,"{""d"":5,""p"":0.00018873918221350977,""r"":20}",
      6144,       674,         0,   0.300,chromobius,2d5cf4895e0393872b49a5232fccf5e133910667f6493204c1f0d0ed83e5854e,"{""d"":5,""p"":0.0017433288221999873,""r"":20}",
     20480,       870,         0,   0.608,chromobius,9b4b7844ee757a04dda2a6f943f393757cf8664b63454d3d83a74fe772115675,"{""d"":5,""p"":0.001082636733874054,""r"":20}",
      4096,       638,         0,   0.254,chromobius,58ac0a3387d1579bbe7b6aac41f75d1e850a3999e7800df40378f44da43b1c77,"{""d"":5,""p"":0.0020433597178569417,""r"":20}",
       273,        54,         0,   0.031,chromobius,b9157aae23939f23fdd914fbfe0cac3d2e7f46342500617fce77855bb53a41b3,"{""d"":5,""p"":0.002395026619987486,""r"":20}",
     14336,      1195,         0,   0.592,chromobius,e6d114288254d9b710f2b64158497c46ba85cf1e33acaabfd720f772c5e82329,"{""d"":5,""p"":0.0014873521072935117,""r"":20}",
     13312,       790,         0,   0.573,chromobius,45885555291f3ef25990459fdd394533953fcd786987542c0b804f6b12a38123,"{""d"":5,""p"":0.0012689610031679222,""r"":20}",
      1024,       220,         0,   0.071,chromobius,b9157aae23939f23fdd914fbfe0cac3d2e7f46342500617fce77855bb53a41b3,"{""d"":5,""p"":0.002395026619987486,""r"":20}",
      1024,       238,         0,   0.072,chromobius,b9157aae23939f23fdd914fbfe0cac3d2e7f46342500617fce77855bb53a41b3,"{""d"":5,""p"":0.002395026619987486,""r"":20}",
      1024,       202,         0,   0.087,chromobius,b9157aae23939f23fdd914fbfe0cac3d2e7f46342500617fce77855bb53a41b3,"{""d"":5,""p"":0.002395026619987486,""r"":20}",
      1024,       217,         0,   0.071,chromobius,b9157aae23939f23fdd914fbfe0cac3d2e7f46342500617fce77855bb53a41b3,"{""d"":5,""p"":0.002395026619987486,""r"":20}",
      5120,       791,         0,   0.362,chromobius,58ac0a3387d1579bbe7b6aac41f75d1e850a3999e7800df40378f44da43b1c77,"{""d"":5,""p"":0.0020433597178569417,""r"":20}",
      7168,       614,         0,   0.292,chromobius,e6d114288254d9b710f2b64158497c46ba85cf1e33acaabfd720f772c5e82329,"{""d"":5,""p"":0.0014873521072935117,""r"":20}",
      9216,      1089,         0,   0.461,chromobius,2d5cf4895e0393872b49a5232fccf5e133910667f6493204c1f0d0ed83e5854e,"{""d"":5,""p"":0.0017433288221999873,""r"":20}",
      1024,       197,         0,   0.094,chromobius,b9157aae23939f23fdd914fbfe0cac3d2e7f46342500617fce77855bb53a41b3,"{""d"":5,""p"":0.002395026619987486,""r"":20}",
       273,        81,         0,   0.032,chromobius,7a90356e99d73da9531e9936ec7897a2658d82932021f59e0f1572d8f16a81a3,"{""d"":5,""p"":0.0028072162039411755,""r"":20}",
      1024,       197,         0,   0.077,chromobius,b9157aae23939f23fdd914fbfe0cac3d2e7f46342500617fce77855bb53a41b3,"{""d"":5,""p"":0.002395026619987486,""r"":20}",
      1024,       268,         0,   0.108,chromobius,7a90356e99d73da9531e9936ec7897a2658d82932021f59e0f1572d8f16a81a3,"{""d"":5,""p"":0.0028072162039411755,""r"":20}",
      2048,       438,         0,   0.161,chromobius,b9157aae23939f23fdd914fbfe0cac3d2e7f46342500617fce77855bb53a41b3,"{""d"":5,""p"":0.002395026619987486,""r"":20}",
      1024,       287,         0,   0.129,chromobius,7a90356e99d73da9531e9936ec7897a2658d82932021f59e0f1572d8f16a81a3,"{""d"":5,""p"":0.0028072162039411755,""r"":20}",
      7168,      1147,         0,   0.427,chromobius,58ac0a3387d1579bbe7b6aac41f75d1e850a3999e7800df40378f44da43b1c77,"{""d"":5,""p"":0.0020433597178569417,""r"":20}",
      1024,       255,         0,   0.122,chromobius,7a90356e99d73da9531e9936ec7897a2658d82932021f59e0f1572d8f16a81a3,"{""d"":5,""p"":0.0028072162039411755,""r"":20}",
      2048,       474,         0,   0.173,chromobius,b9157aae23939f23fdd914fbfe0cac3d2e7f46342500617fce77855bb53a41b3,"{""d"":5,""p"":0.002395026619987486,""r"":20}",
     21504,      1332,         0,   0.826,chromobius,45885555291f3ef25990459fdd394533953fcd786987542c0b804f6b12a38123,"{""d"":5,""p"":0.0012689610031679222,""r"":20}",
      1024,       278,         0,   0.113,chromobius,7a90356e99d73da9531e9936ec7897a2658d82932021f59e0f1572d8f16a81a3,"{""d"":5,""p"":0.0028072162039411755,""r"":20}",
      8192,       977,         0,   0.540,chromobius,2d5cf4895e0393872b49a5232fccf5e133910667f6493204c1f0d0ed83e5854e,"{""d"":5,""p"":0.0017433288221999873,""r"":20}",
      4096,       642,         0,   0.252,chromobius,58ac0a3387d1579bbe7b6aac41f75d1e850a3999e7800df40378f44da43b1c77,"{""d"":5,""p"":0.0020433597178569417,""r"":20}",
       273,        86,         0,   0.037,chromobius,b6bccd57a8a4f1c2010d61b019e4eb426d639ef9ca28ce396301f38399eca663,"{""d"":5,""p"":0.0032903445623126675,""r"":20}",
      1024,       281,         0,   0.121,chromobius,7a90356e99d73da9531e9936ec7897a2658d82932021f59e0f1572d8f16a81a3,"{""d"":5,""p"":0.0028072162039411755,""r"":20}",
      3072,       639,         0,   0.218,chromobius,b9157aae23939f23fdd914fbfe0cac3d2e7f46342500617fce77855bb53a41b3,"{""d"":5,""p"":0.002395026619987486,""r"":20}",
       273,       112,         0,   0.043,chromobius,3334c5a5c7023e97c9079f2e07761d9895367a43dede5c9e48226a9522bafb29,"{""d"":5,""p"":0.0038566204211634724,""r"":20}",
      1024,       297,         0,   0.106,chromobius,7a90356e99d73da9531e9936ec7897a2658d82932021f59e0f1572d8f16a81a3,"{""d"":5,""p"":0.0028072162039411755,""r"":20}",
      1024,       340,         0,   0.134,chromobius,b6bccd57a8a4f1c2010d61b019e4eb426d639ef9ca28ce396301f38399eca663,"{""d"":5,""p"":0.0032903445623126675,""r"":20}",
      8192,       506,         0,   0.282,chromobius,45885555291f3ef25990459fdd394533953fcd786987542c0b804f6b12a38123,"{""d"":5,""p"":0.0012689610031679222,""r"":20}",
      1024,       386,         0,   0.128,chromobius,3334c5a5c7023e97c9079f2e07761d9895367a43dede5c9e48226a9522bafb29,"{""d"":5,""p"":0.0038566204211634724,""r"":20}",
      1024,       368,         0,   0.114,chromobius,b6bccd57a8a4f1c2010d61b019e4eb426d639ef9ca28ce396301f38399eca663,"{""d"":5,""p"":0.0032903445623126675,""r"":20}",
       273,       123,         0,   0.042,chromobius,1942d32d1ca0fcd993fb57c5b2e67fcee5a5c6d1467cf90fe9d078cbdd0eadfa,"{""d"":5,""p"":0.004520353656360241,""r"":20}",
      2048,       502,         0,   0.176,chromobius,7a90356e99d73da9531e9936ec7897a2658d82932021f59e0f1572d8f16a81a3,"{""d"":5,""p"":0.0028072162039411755,""r"":20}",
      1024,       286,         0,   0.105,chromobius,b6bccd57a8a4f1c2010d61b019e4eb426d639ef9ca28ce396301f38399eca663,"{""d"":5,""p"":0.0032903445623126675,""r"":20}",
      1024,       396,         0,   0.127,chromobius,3334c5a5c7023e97c9079f2e07761d9895367a43dede5c9e48226a9522bafb29,"{""d"":5,""p"":0.0038566204211634724,""r"":20}",
    194560,       446,         0,    1.64,chromobius,79cf4b018da959f958f81e40242b2dc54ae663a57fa0e453f60d5a1c9171e298,"{""d"":5,""p"":0.0002592943797404667,""r"":20}",
      5120,      1085,         0,   0.355,chromobius,b9157aae23939f23fdd914fbfe0cac3d2e7f46342500617fce77855bb53a41b3,"{""d"":5,""p"":0.002395026619987486,""r"":20}",
      1024,       452,         0,   0.143,chromobius,1942d32d1ca0fcd993fb57c5b2e67fcee5a5c6d1467cf90fe9d078cbdd0eadfa,"{""d"":5,""p"":0.004520353656360241,""r"":20}",
      1024,       350,         0,   0.102,chromobius,b6bccd57a8a4f1c2010d61b019e4eb426d639ef9ca28ce396301f38399eca663,"{""d"":5,""p"":0.0032903445623126675,""r"":20}",
      2048,       533,         0,   0.172,chromobius,7a90356e99d73da9531e9936ec7897a2658d82932021f59e0f1572d8f16a81a3,"{""d"":5,""p"":0.0028072162039411755,""r"":20}",
      1024,       388,         0,   0.121,chromobius,3334c5a5c7023e97c9079f2e07761d9895367a43dede5c9e48226a9522bafb29,"{""d"":5,""p"":0.0038566204211634724,""r"":20}",
       273,       137,         0,   0.052,chromobius,0640f231ad13d76ece73bc78c9985700da7d0a82d246c24ae1e6a8e84d28f207,"{""d"":5,""p"":0.005298316906283708,""r"":20}",
      1024,       448,         0,   0.144,chromobius,1942d32d1ca0fcd993fb57c5b2e67fcee5a5c6d1467cf90fe9d078cbdd0eadfa,"{""d"":5,""p"":0.004520353656360241,""r"":20}",
      1024,       329,         0,   0.103,chromobius,b6bccd57a8a4f1c2010d61b019e4eb426d639ef9ca28ce396301f38399eca663,"{""d"":5,""p"":0.0032903445623126675,""r"":20}",
      1024,       392,         0,   0.122,chromobius,3334c5a5c7023e97c9079f2e07761d9895367a43dede5c9e48226a9522bafb29,"{""d"":5,""p"":0.0038566204211634724,""r"":20}",
      1024,       510,         0,   0.175,chromobius,0640f231ad13d76ece73bc78c9985700da7d0a82d246c24ae1e6a8e84d28f207,"{""d"":5,""p"":0.005298316906283708,""r"":20}",
      1024,       334,         0,   0.103,chromobius,b6bccd57a8a4f1c2010d61b019e4eb426d639ef9ca28ce396301f38399eca663,"{""d"":5,""p"":0.0032903445623126675,""r"":20}",
      1024,       465,         0,   0.143,chromobius,1942d32d1ca0fcd993fb57c5b2e67fcee5a5c6d1467cf90fe9d078cbdd0eadfa,"{""d"":5,""p"":0.004520353656360241,""r"":20}",
      1024,       421,         0,   0.123,chromobius,3334c5a5c7023e97c9079f2e07761d9895367a43dede5c9e48226a9522bafb29,"{""d"":5,""p"":0.0038566204211634724,""r"":20}",
      3072,       832,         0,   0.251,chromobius,7a90356e99d73da9531e9936ec7897a2658d82932021f59e0f1572d8f16a81a3,"{""d"":5,""p"":0.0028072162039411755,""r"":20}",
      5120,      1096,         0,   0.352,chromobius,b9157aae23939f23fdd914fbfe0cac3d2e7f46342500617fce77855bb53a41b3,"{""d"":5,""p"":0.002395026619987486,""r"":20}",
      1024,       460,         0,   0.147,chromobius,1942d32d1ca0fcd993fb57c5b2e67fcee5a5c6d1467cf90fe9d078cbdd0eadfa,"{""d"":5,""p"":0.004520353656360241,""r"":20}",
      1024,       500,         0,   0.181,chromobius,0640f231ad13d76ece73bc78c9985700da7d0a82d246c24ae1e6a8e84d28f207,"{""d"":5,""p"":0.005298316906283708,""r"":20}",
       273,       126,         0,   0.055,chromobius,9529f9fcdc9b7edad141ccf628fd25b2ea6bb1fd5aa2fcdb5f5f1e6a66eea373,"{""d"":5,""p"":0.006210169418915616,""r"":20}",
      1024,       405,         0,   0.123,chromobius,3334c5a5c7023e97c9079f2e07761d9895367a43dede5c9e48226a9522bafb29,"{""d"":5,""p"":0.0038566204211634724,""r"":20}",
      2048,       662,         0,   0.204,chromobius,b6bccd57a8a4f1c2010d61b019e4eb426d639ef9ca28ce396301f38399eca663,"{""d"":5,""p"":0.0032903445623126675,""r"":20}",
      1024,       389,         0,   0.125,chromobius,3334c5a5c7023e97c9079f2e07761d9895367a43dede5c9e48226a9522bafb29,"{""d"":5,""p"":0.0038566204211634724,""r"":20}",
      1024,       465,         0,   0.151,chromobius,1942d32d1ca0fcd993fb57c5b2e67fcee5a5c6d1467cf90fe9d078cbdd0eadfa,"{""d"":5,""p"":0.004520353656360241,""r"":20}",
      1024,       489,         0,   0.170,chromobius,0640f231ad13d76ece73bc78c9985700da7d0a82d246c24ae1e6a8e84d28f207,"{""d"":5,""p"":0.005298316906283708,""r"":20}",
      1024,       509,         0,   0.207,chromobius,9529f9fcdc9b7edad141ccf628fd25b2ea6bb1fd5aa2fcdb5f5f1e6a66eea373,"{""d"":5,""p"":0.006210169418915616,""r"":20}",
      4096,      1089,         0,   0.342,chromobius,7a90356e99d73da9531e9936ec7897a2658d82932021f59e0f1572d8f16a81a3,"{""d"":5,""p"":0.0028072162039411755,""r"":20}",
      2048,       663,         0,   0.202,chromobius,b6bccd57a8a4f1c2010d61b019e4eb426d639ef9ca28ce396301f38399eca663,"{""d"":5,""p"":0.0032903445623126675,""r"":20}",
      1024,       428,         0,   0.149,chromobius,1942d32d1ca0fcd993fb57c5b2e67fcee5a5c6d1467cf90fe9d078cbdd0eadfa,"{""d"":5,""p"":0.004520353656360241,""r"":20}",
      1024,       486,         0,   0.173,chromobius,0640f231ad13d76ece73bc78c9985700da7d0a82d246c24ae1e6a8e84d28f207,"{""d"":5,""p"":0.005298316906283708,""r"":20}",
      2048,       802,         0,   0.246,chromobius,3334c5a5c7023e97c9079f2e07761d9895367a43dede5c9e48226a9522bafb29,"{""d"":5,""p"":0.0038566204211634724,""r"":20}",
      2048,       538,         0,   0.165,chromobius,7a90356e99d73da9531e9936ec7897a2658d82932021f59e0f1572d8f16a81a3,"{""d"":5,""p"":0.0028072162039411755,""r"":20}",
      1024,       506,         0,   0.202,chromobius,9529f9fcdc9b7edad141ccf628fd25b2ea6bb1fd5aa2fcdb5f5f1e6a66eea373,"{""d"":5,""p"":0.006210169418915616,""r"":20}",
      1024,       463,         0,   0.146,chromobius,1942d32d1ca0fcd993fb57c5b2e67fcee5a5c6d1467cf90fe9d078cbdd0eadfa,"{""d"":5,""p"":0.004520353656360241,""r"":20}",
       273,       119,         0,   0.066,chromobius,3bd3d4ebcf0527779d8137407153cdd66f8c063af19564747faf95daf7d0e07a,"{""d"":5,""p"":0.007278953843983146,""r"":20}",
      1024,       468,         0,   0.175,chromobius,0640f231ad13d76ece73bc78c9985700da7d0a82d246c24ae1e6a8e84d28f207,"{""d"":5,""p"":0.005298316906283708,""r"":20}",
      3072,      1038,         0,   0.301,chromobius,b6bccd57a8a4f1c2010d61b019e4eb426d639ef9ca28ce396301f38399eca663,"{""d"":5,""p"":0.0032903445623126675,""r"":20}",
      1024,       521,         0,   0.205,chromobius,9529f9fcdc9b7edad141ccf628fd25b2ea6bb1fd5aa2fcdb5f5f1e6a66eea373,"{""d"":5,""p"":0.006210169418915616,""r"":20}",
      2048,       785,         0,   0.243,chromobius,3334c5a5c7023e97c9079f2e07761d9895367a43dede5c9e48226a9522bafb29,"{""d"":5,""p"":0.0038566204211634724,""r"":20}",
      1024,       473,         0,   0.171,chromobius,0640f231ad13d76ece73bc78c9985700da7d0a82d246c24ae1e6a8e84d28f207,"{""d"":5,""p"":0.005298316906283708,""r"":20}",
      2048,       918,         0,   0.291,chromobius,1942d32d1ca0fcd993fb57c5b2e67fcee5a5c6d1467cf90fe9d078cbdd0eadfa,"{""d"":5,""p"":0.004520353656360241,""r"":20}",
      2048,       650,         0,   0.202,chromobius,b6bccd57a8a4f1c2010d61b019e4eb426d639ef9ca28ce396301f38399eca663,"{""d"":5,""p"":0.0032903445623126675,""r"":20}",
      1024,       490,         0,   0.247,chromobius,3bd3d4ebcf0527779d8137407153cdd66f8c063af19564747faf95daf7d0e07a,"{""d"":5,""p"":0.007278953843983146,""r"":20}",
      1024,       486,         0,   0.205,chromobius,9529f9fcdc9b7edad141ccf628fd25b2ea6bb1fd5aa2fcdb5f5f1e6a66eea373,"{""d"":5,""p"":0.006210169418915616,""r"":20}",
       273,       152,         0,   0.074,chromobius,4c1a8ff9ad13756497b107d6aa464cb4cc51816de237a5fdf5685e97730c26d2,"{""d"":5,""p"":0.008531678524172805,""r"":20}",
      1024,       495,         0,   0.174,chromobius,0640f231ad13d76ece73bc78c9985700da7d0a82d246c24ae1e6a8e84d28f207,"{""d"":5,""p"":0.005298316906283708,""r"":20}",
      2048,       786,         0,   0.242,chromobius,3334c5a5c7023e97c9079f2e07761d9895367a43dede5c9e48226a9522bafb29,"{""d"":5,""p"":0.0038566204211634724,""r"":20}",
      1024,       503,         0,   0.238,chromobius,3bd3d4ebcf0527779d8137407153cdd66f8c063af19564747faf95daf7d0e07a,"{""d"":5,""p"":0.007278953843983146,""r"":20}",
       273,       142,         0,   0.086,chromobius,eb0e097f7a9a025f100812d28818cbe11fdf864822bdd51aac8003b5125cfcfb,"{""d"":5,""p"":0.01,""r"":20}",
      2048,       903,         0,   0.297,chromobius,1942d32d1ca0fcd993fb57c5b2e67fcee5a5c6d1467cf90fe9d078cbdd0eadfa,"{""d"":5,""p"":0.004520353656360241,""r"":20}",
      1024,       497,         0,   0.206,chromobius,9529f9fcdc9b7edad141ccf628fd25b2ea6bb1fd5aa2fcdb5f5f1e6a66eea373,"{""d"":5,""p"":0.006210169418915616,""r"":20}",
      1024,       488,         0,   0.172,chromobius,0640f231ad13d76ece73bc78c9985700da7d0a82d246c24ae1e6a8e84d28f207,"{""d"":5,""p"":0.005298316906283708,""r"":20}",
      1024,       512,         0,   0.277,chromobius,4c1a8ff9ad13756497b107d6aa464cb4cc51816de237a5fdf5685e97730c26d2,"{""d"":5,""p"":0.008531678524172805,""r"":20}",
      1297,         0,         0,   0.015,chromobius,8562deb712fbe9c95a7939eed81919cf140630566f328157eba555a4166917d2,"{""d"":7,""p"":0.0001,""r"":28}",
      2048,         0,         0,   0.020,chromobius,8562deb712fbe9c95a7939eed81919cf140630566f328157eba555a4166917d2,"{""d"":7,""p"":0.0001,""r"":28}",
      2048,         1,         0,   0.020,chromobius,8562deb712fbe9c95a7939eed81919cf140630566f328157eba555a4166917d2,"{""d"":7,""p"":0.0001,""r"":28}",
      3072,         0,         0,   0.030,chromobius,8562deb712fbe9c95a7939eed81919cf140630566f328157eba555a4166917d2,"{""d"":7,""p"":0.0001,""r"":28}",
      1024,       526,         0,   0.201,chromobius,9529f9fcdc9b7edad141ccf628fd25b2ea6bb1fd5aa2fcdb5f5f1e6a66eea373,"{""d"":5,""p"":0.006210169418915616,""r"":20}",
      1024,       526,         0,   0.244,chromobius,3bd3d4ebcf0527779d8137407153cdd66f8c063af19564747faf95daf7d0e07a,"{""d"":5,""p"":0.007278953843983146,""r"":20}",
      4096,         1,         0,   0.040,chromobius,8562deb712fbe9c95a7939eed81919cf140630566f328157eba555a4166917d2,"{""d"":7,""p"":0.0001,""r"":28}",
      6144,         0,         0,   0.059,chromobius,8562deb712fbe9c95a7939eed81919cf140630566f328157eba555a4166917d2,"{""d"":7,""p"":0.0001,""r"":28}",
      1024,       549,         0,   0.321,chromobius,eb0e097f7a9a025f100812d28818cbe11fdf864822bdd51aac8003b5125cfcfb,"{""d"":5,""p"":0.01,""r"":20}",
      2048,       962,         0,   0.348,chromobius,0640f231ad13d76ece73bc78c9985700da7d0a82d246c24ae1e6a8e84d28f207,"{""d"":5,""p"":0.005298316906283708,""r"":20}",
      8192,         0,         0,   0.078,chromobius,8562deb712fbe9c95a7939eed81919cf140630566f328157eba555a4166917d2,"{""d"":7,""p"":0.0001,""r"":28}",
      1024,       533,         0,   0.275,chromobius,4c1a8ff9ad13756497b107d6aa464cb4cc51816de237a5fdf5685e97730c26d2,"{""d"":5,""p"":0.008531678524172805,""r"":20}",
      1024,       496,         0,   0.203,chromobius,9529f9fcdc9b7edad141ccf628fd25b2ea6bb1fd5aa2fcdb5f5f1e6a66eea373,"{""d"":5,""p"":0.006210169418915616,""r"":20}",
      1024,       513,         0,   0.237,chromobius,3bd3d4ebcf0527779d8137407153cdd66f8c063af19564747faf95daf7d0e07a,"{""d"":5,""p"":0.007278953843983146,""r"":20}",
     11264,         0,         0,   0.106,chromobius,8562deb712fbe9c95a7939eed81919cf140630566f328157eba555a4166917d2,"{""d"":7,""p"":0.0001,""r"":28}",
      1297,         0,         0,   0.017,chromobius,ba93c99b343768e2d457113e86ccc0ec16aac158ce8b851d1b5b20fa6b37a6d3,"{""d"":7,""p"":0.00011721022975334806,""r"":28}",
      2048,         0,         0,   0.022,chromobius,ba93c99b343768e2d457113e86ccc0ec16aac158ce8b851d1b5b20fa6b37a6d3,"{""d"":7,""p"":0.00011721022975334806,""r"":28}",
      2048,         0,         0,   0.022,chromobius,ba93c99b343768e2d457113e86ccc0ec16aac158ce8b851d1b5b20fa6b37a6d3,"{""d"":7,""p"":0.00011721022975334806,""r"":28}",
      3072,         0,         0,   0.033,chromobius,ba93c99b343768e2d457113e86ccc0ec16aac158ce8b851d1b5b20fa6b37a6d3,"{""d"":7,""p"":0.00011721022975334806,""r"":28}",
      4096,         0,         0,   0.045,chromobius,ba93c99b343768e2d457113e86ccc0ec16aac158ce8b851d1b5b20fa6b37a6d3,"{""d"":7,""p"":0.00011721022975334806,""r"":28}",
      1024,       496,         0,   0.208,chromobius,9529f9fcdc9b7edad141ccf628fd25b2ea6bb1fd5aa2fcdb5f5f1e6a66eea373,"{""d"":5,""p"":0.006210169418915616,""r"":20}",
      1024,       531,         0,   0.328,chromobius,eb0e097f7a9a025f100812d28818cbe11fdf864822bdd51aac8003b5125cfcfb,"{""d"":5,""p"":0.01,""r"":20}",
     15360,         0,         0,   0.147,chromobius,8562deb712fbe9c95a7939eed81919cf140630566f328157eba555a4166917d2,"{""d"":7,""p"":0.0001,""r"":28}",
      5120,         0,         0,   0.059,chromobius,ba93c99b343768e2d457113e86ccc0ec16aac158ce8b851d1b5b20fa6b37a6d3,"{""d"":7,""p"":0.00011721022975334806,""r"":28}",
      1024,       514,         0,   0.288,chromobius,4c1a8ff9ad13756497b107d6aa464cb4cc51816de237a5fdf5685e97730c26d2,"{""d"":5,""p"":0.008531678524172805,""r"":20}",
      1024,       510,         0,   0.239,chromobius,3bd3d4ebcf0527779d8137407153cdd66f8c063af19564747faf95daf7d0e07a,"{""d"":5,""p"":0.007278953843983146,""r"":20}",
      7168,         0,         0,   0.080,chromobius,ba93c99b343768e2d457113e86ccc0ec16aac158ce8b851d1b5b20fa6b37a6d3,"{""d"":7,""p"":0.00011721022975334806,""r"":28}",
      1024,       516,         0,   0.207,chromobius,9529f9fcdc9b7edad141ccf628fd25b2ea6bb1fd5aa2fcdb5f5f1e6a66eea373,"{""d"":5,""p"":0.006210169418915616,""r"":20}",
     21504,         0,         0,   0.207,chromobius,8562deb712fbe9c95a7939eed81919cf140630566f328157eba555a4166917d2,"{""d"":7,""p"":0.0001,""r"":28}",
      9216,         0,         0,   0.106,chromobius,ba93c99b343768e2d457113e86ccc0ec16aac158ce8b851d1b5b20fa6b37a6d3,"{""d"":7,""p"":0.00011721022975334806,""r"":28}",
      1024,       485,         0,   0.246,chromobius,3bd3d4ebcf0527779d8137407153cdd66f8c063af19564747faf95daf7d0e07a,"{""d"":5,""p"":0.007278953843983146,""r"":20}",
      1024,       529,         0,   0.285,chromobius,4c1a8ff9ad13756497b107d6aa464cb4cc51816de237a5fdf5685e97730c26d2,"{""d"":5,""p"":0.008531678524172805,""r"":20}",
      1024,       509,         0,   0.328,chromobius,eb0e097f7a9a025f100812d28818cbe11fdf864822bdd51aac8003b5125cfcfb,"{""d"":5,""p"":0.01,""r"":20}",
     13312,         1,         0,   0.147,chromobius,ba93c99b343768e2d457113e86ccc0ec16aac158ce8b851d1b5b20fa6b37a6d3,"{""d"":7,""p"":0.00011721022975334806,""r"":28}",
    630784,      1072,         0,    4.11,chromobius,d8e9d71d34c1975987958678e3f1f0e3e71cc28c2ad46a8ac275d9b67ca6b78b,"{""d"":5,""p"":0.000221221629107045,""r"":20}",
      1024,       513,         0,   0.205,chromobius,9529f9fcdc9b7edad141ccf628fd25b2ea6bb1fd5aa2fcdb5f5f1e6a66eea373,"{""d"":5,""p"":0.006210169418915616,""r"":20}",
      1297,         0,         0,   0.019,chromobius,e4e7bd668f7bd59307bb65e674a7fa363934dade6c0a59c0a8868d523a79a039,"{""d"":7,""p"":0.00013738237958832623,""r"":28}",
     29696,         2,         0,   0.296,chromobius,8562deb712fbe9c95a7939eed81919cf140630566f328157eba555a4166917d2,"{""d"":7,""p"":0.0001,""r"":28}",
      1024,         0,         0,   0.013,chromobius,e4e7bd668f7bd59307bb65e674a7fa363934dade6c0a59c0a8868d523a79a039,"{""d"":7,""p"":0.00013738237958832623,""r"":28}",
      1297,         0,         0,   0.023,chromobius,ba066e6c3d734223863ceec1e2a10ca61096aaec15d36a392ab050e82f64fb49,"{""d"":7,""p"":0.00016102620275609394,""r"":28}",
      1024,         0,         0,   0.015,chromobius,ba066e6c3d734223863ceec1e2a10ca61096aaec15d36a392ab050e82f64fb49,"{""d"":7,""p"":0.00016102620275609394,""r"":28}",
      2048,         1,         0,   0.028,chromobius,e4e7bd668f7bd59307bb65e674a7fa363934dade6c0a59c0a8868d523a79a039,"{""d"":7,""p"":0.00013738237958832623,""r"":28}",
      1024,       505,         0,   0.242,chromobius,3bd3d4ebcf0527779d8137407153cdd66f8c063af19564747faf95daf7d0e07a,"{""d"":5,""p"":0.007278953843983146,""r"":20}",
      2048,         0,         0,   0.031,chromobius,ba066e6c3d734223863ceec1e2a10ca61096aaec15d36a392ab050e82f64fb49,"{""d"":7,""p"":0.00016102620275609394,""r"":28}",
      2048,         0,         0,   0.029,chromobius,e4e7bd668f7bd59307bb65e674a7fa363934dade6c0a59c0a8868d523a79a039,"{""d"":7,""p"":0.00013738237958832623,""r"":28}",
     18432,         1,         0,   0.213,chromobius,ba93c99b343768e2d457113e86ccc0ec16aac158ce8b851d1b5b20fa6b37a6d3,"{""d"":7,""p"":0.00011721022975334806,""r"":28}",
      2048,         0,         0,   0.030,chromobius,ba066e6c3d734223863ceec1e2a10ca61096aaec15d36a392ab050e82f64fb49,"{""d"":7,""p"":0.00016102620275609394,""r"":28}",
      1024,       500,         0,   0.287,chromobius,4c1a8ff9ad13756497b107d6aa464cb4cc51816de237a5fdf5685e97730c26d2,"{""d"":5,""p"":0.008531678524172805,""r"":20}",
      3072,         1,         0,   0.044,chromobius,e4e7bd668f7bd59307bb65e674a7fa363934dade6c0a59c0a8868d523a79a039,"{""d"":7,""p"":0.00013738237958832623,""r"":28}",
      3072,         0,         0,   0.046,chromobius,ba066e6c3d734223863ceec1e2a10ca61096aaec15d36a392ab050e82f64fb49,"{""d"":7,""p"":0.00016102620275609394,""r"":28}",
      1024,       509,         0,   0.320,chromobius,eb0e097f7a9a025f100812d28818cbe11fdf864822bdd51aac8003b5125cfcfb,"{""d"":5,""p"":0.01,""r"":20}",
      5120,         1,         0,   0.068,chromobius,e4e7bd668f7bd59307bb65e674a7fa363934dade6c0a59c0a8868d523a79a039,"{""d"":7,""p"":0.00013738237958832623,""r"":28}",
      4096,         0,         0,   0.062,chromobius,ba066e6c3d734223863ceec1e2a10ca61096aaec15d36a392ab050e82f64fb49,"{""d"":7,""p"":0.00016102620275609394,""r"":28}",
      6144,         2,         0,   0.085,chromobius,e4e7bd668f7bd59307bb65e674a7fa363934dade6c0a59c0a8868d523a79a039,"{""d"":7,""p"":0.00013738237958832623,""r"":28}",
      6144,         0,         0,   0.090,chromobius,ba066e6c3d734223863ceec1e2a10ca61096aaec15d36a392ab050e82f64fb49,"{""d"":7,""p"":0.00016102620275609394,""r"":28}",
      1024,       505,         0,   0.244,chromobius,3bd3d4ebcf0527779d8137407153cdd66f8c063af19564747faf95daf7d0e07a,"{""d"":5,""p"":0.007278953843983146,""r"":20}",
     24576,         2,         0,   0.289,chromobius,ba93c99b343768e2d457113e86ccc0ec16aac158ce8b851d1b5b20fa6b37a6d3,"{""d"":7,""p"":0.00011721022975334806,""r"":28}",
      8192,         1,         0,   0.110,chromobius,e4e7bd668f7bd59307bb65e674a7fa363934dade6c0a59c0a8868d523a79a039,"{""d"":7,""p"":0.00013738237958832623,""r"":28}",
      1024,       512,         0,   0.282,chromobius,4c1a8ff9ad13756497b107d6aa464cb4cc51816de237a5fdf5685e97730c26d2,"{""d"":5,""p"":0.008531678524172805,""r"":20}",
     39936,         2,         0,   0.404,chromobius,8562deb712fbe9c95a7939eed81919cf140630566f328157eba555a4166917d2,"{""d"":7,""p"":0.0001,""r"":28}",
      8192,         5,         0,   0.118,chromobius,ba066e6c3d734223863ceec1e2a10ca61096aaec15d36a392ab050e82f64fb49,"{""d"":7,""p"":0.00016102620275609394,""r"":28}",
      1024,       498,         0,   0.331,chromobius,eb0e097f7a9a025f100812d28818cbe11fdf864822bdd51aac8003b5125cfcfb,"{""d"":5,""p"":0.01,""r"":20}",
     10240,         1,         0,   0.147,chromobius,e4e7bd668f7bd59307bb65e674a7fa363934dade6c0a59c0a8868d523a79a039,"{""d"":7,""p"":0.00013738237958832623,""r"":28}",
      1024,       529,         0,   0.239,chromobius,3bd3d4ebcf0527779d8137407153cdd66f8c063af19564747faf95daf7d0e07a,"{""d"":5,""p"":0.007278953843983146,""r"":20}",
     10240,         1,         0,   0.149,chromobius,ba066e6c3d734223863ceec1e2a10ca61096aaec15d36a392ab050e82f64fb49,"{""d"":7,""p"":0.00016102620275609394,""r"":28}",
      1024,       517,         0,   0.283,chromobius,4c1a8ff9ad13756497b107d6aa464cb4cc51816de237a5fdf5685e97730c26d2,"{""d"":5,""p"":0.008531678524172805,""r"":20}",
     16384,         0,         0,   0.218,chromobius,e4e7bd668f7bd59307bb65e674a7fa363934dade6c0a59c0a8868d523a79a039,"{""d"":7,""p"":0.00013738237958832623,""r"":28}",
      1024,       520,         0,   0.243,chromobius,3bd3d4ebcf0527779d8137407153cdd66f8c063af19564747faf95daf7d0e07a,"{""d"":5,""p"":0.007278953843983146,""r"":20}",
     14336,         1,         0,   0.219,chromobius,ba066e6c3d734223863ceec1e2a10ca61096aaec15d36a392ab050e82f64fb49,"{""d"":7,""p"":0.00016102620275609394,""r"":28}",
     35840,         6,         0,   0.409,chromobius,ba93c99b343768e2d457113e86ccc0ec16aac158ce8b851d1b5b20fa6b37a6d3,"{""d"":7,""p"":0.00011721022975334806,""r"":28}",
      1024,       529,         0,   0.335,chromobius,eb0e097f7a9a025f100812d28818cbe11fdf864822bdd51aac8003b5125cfcfb,"{""d"":5,""p"":0.01,""r"":20}",
      1297,         0,         0,   0.030,chromobius,3648260e3dec8251d78e1ebf565be6ef1662659aef66f3f80545124f464ec10e,"{""d"":7,""p"":0.00018873918221350977,""r"":28}",
      1024,       534,         0,   0.278,chromobius,4c1a8ff9ad13756497b107d6aa464cb4cc51816de237a5fdf5685e97730c26d2,"{""d"":5,""p"":0.008531678524172805,""r"":20}",
      1024,         0,         0,   0.033,chromobius,3648260e3dec8251d78e1ebf565be6ef1662659aef66f3f80545124f464ec10e,"{""d"":7,""p"":0.00018873918221350977,""r"":28}",
     57344,         2,         0,   0.566,chromobius,8562deb712fbe9c95a7939eed81919cf140630566f328157eba555a4166917d2,"{""d"":7,""p"":0.0001,""r"":28}",
      1024,         0,         0,   0.021,chromobius,3648260e3dec8251d78e1ebf565be6ef1662659aef66f3f80545124f464ec10e,"{""d"":7,""p"":0.00018873918221350977,""r"":28}",
      2048,         0,         0,   0.038,chromobius,3648260e3dec8251d78e1ebf565be6ef1662659aef66f3f80545124f464ec10e,"{""d"":7,""p"":0.00018873918221350977,""r"":28}",
     18432,         1,         0,   0.295,chromobius,e4e7bd668f7bd59307bb65e674a7fa363934dade6c0a59c0a8868d523a79a039,"{""d"":7,""p"":0.00013738237958832623,""r"":28}",
     16384,         1,         0,   0.297,chromobius,ba066e6c3d734223863ceec1e2a10ca61096aaec15d36a392ab050e82f64fb49,"{""d"":7,""p"":0.00016102620275609394,""r"":28}",
      3072,         0,         0,   0.053,chromobius,3648260e3dec8251d78e1ebf565be6ef1662659aef66f3f80545124f464ec10e,"{""d"":7,""p"":0.00018873918221350977,""r"":28}",
      3072,         1,         0,   0.055,chromobius,3648260e3dec8251d78e1ebf565be6ef1662659aef66f3f80545124f464ec10e,"{""d"":7,""p"":0.00018873918221350977,""r"":28}",
      1024,       485,         0,   0.363,chromobius,eb0e097f7a9a025f100812d28818cbe11fdf864822bdd51aac8003b5125cfcfb,"{""d"":5,""p"":0.01,""r"":20}",
      4096,         0,         0,   0.078,chromobius,3648260e3dec8251d78e1ebf565be6ef1662659aef66f3f80545124f464ec10e,"{""d"":7,""p"":0.00018873918221350977,""r"":28}",
      1024,       501,         0,   0.282,chromobius,4c1a8ff9ad13756497b107d6aa464cb4cc51816de237a5fdf5685e97730c26d2,"{""d"":5,""p"":0.008531678524172805,""r"":20}",
      6144,         1,         0,   0.114,chromobius,3648260e3dec8251d78e1ebf565be6ef1662659aef66f3f80545124f464ec10e,"{""d"":7,""p"":0.00018873918221350977,""r"":28}",
     45056,         5,         0,   0.572,chromobius,ba93c99b343768e2d457113e86ccc0ec16aac158ce8b851d1b5b20fa6b37a6d3,"{""d"":7,""p"":0.00011721022975334806,""r"":28}",
     30720,         4,         0,   0.412,chromobius,e4e7bd668f7bd59307bb65e674a7fa363934dade6c0a59c0a8868d523a79a039,"{""d"":7,""p"":0.00013738237958832623,""r"":28}",
     26624,         6,         0,   0.405,chromobius,ba066e6c3d734223863ceec1e2a10ca61096aaec15d36a392ab050e82f64fb49,"{""d"":7,""p"":0.00016102620275609394,""r"":28}",
      8192,         0,         0,   0.157,chromobius,3648260e3dec8251d78e1ebf565be6ef1662659aef66f3f80545124f464ec10e,"{""d"":7,""p"":0.00018873918221350977,""r"":28}",
      1024,       520,         0,   0.323,chromobius,eb0e097f7a9a025f100812d28818cbe11fdf864822bdd51aac8003b5125cfcfb,"{""d"":5,""p"":0.01,""r"":20}",
      1024,       492,         0,   0.281,chromobius,4c1a8ff9ad13756497b107d6aa464cb4cc51816de237a5fdf5685e97730c26d2,"{""d"":5,""p"":0.008531678524172805,""r"":20}",
      1297,         0,         0,   0.028,chromobius,5bd7258f8ddfd30dc189ec51bb1eb10eebd506ad771dae6c33f786bb3fcb6f39,"{""d"":7,""p"":0.000221221629107045,""r"":28}",
      1024,         1,         0,   0.020,chromobius,5bd7258f8ddfd30dc189ec51bb1eb10eebd506ad771dae6c33f786bb3fcb6f39,"{""d"":7,""p"":0.000221221629107045,""r"":28}",
   1467392,       970,         0,    5.89,chromobius,8d50491420beed2346c615e1e9140d4075f738a553302b3c3e708d89e334fb1c,"{""d"":5,""p"":0.00013738237958832623,""r"":20}",
   1882112,       670,         0,    5.88,chromobius,f41f237c719f80b72a98cb8d8743e6fc55971f8e64a190a86b32a0433a5ec10f,"{""d"":5,""p"":0.0001,""r"":20}",
      1024,         0,         0,   0.020,chromobius,5bd7258f8ddfd30dc189ec51bb1eb10eebd506ad771dae6c33f786bb3fcb6f39,"{""d"":7,""p"":0.000221221629107045,""r"":28}",
     11264,         1,         0,   0.210,chromobius,3648260e3dec8251d78e1ebf565be6ef1662659aef66f3f80545124f464ec10e,"{""d"":7,""p"":0.00018873918221350977,""r"":28}",
   1235968,      1127,         0,    5.89,chromobius,a8578ec9fec37e078263c0612738a66d82b8dd5557f5c6061b0a6eedd5a602cd,"{""d"":5,""p"":0.00016102620275609394,""r"":20}",
   1094656,      1412,         0,    5.91,chromobius,9985b576a5c2d5b2050e38c2cc1bd81575ebe2bce730d2e8f85b24b16235651a,"{""d"":5,""p"":0.00018873918221350977,""r"":20}",
   1570816,       680,         0,    5.89,chromobius,d10e41061ada3165b92a471c0f58913bd6be0ef4b3603c7c73c7a2f9dbc1cc4b,"{""d"":5,""p"":0.00011721022975334806,""r"":20}",
      2048,         1,         0,   0.040,chromobius,5bd7258f8ddfd30dc189ec51bb1eb10eebd506ad771dae6c33f786bb3fcb6f39,"{""d"":7,""p"":0.000221221629107045,""r"":28}",
      2048,         0,         0,   0.040,chromobius,5bd7258f8ddfd30dc189ec51bb1eb10eebd506ad771dae6c33f786bb3fcb6f39,"{""d"":7,""p"":0.000221221629107045,""r"":28}",
     77824,         6,         0,   0.797,chromobius,8562deb712fbe9c95a7939eed81919cf140630566f328157eba555a4166917d2,"{""d"":7,""p"":0.0001,""r"":28}",
      1024,       499,         0,   0.335,chromobius,eb0e097f7a9a025f100812d28818cbe11fdf864822bdd51aac8003b5125cfcfb,"{""d"":5,""p"":0.01,""r"":20}",
      3072,         1,         0,   0.069,chromobius,5bd7258f8ddfd30dc189ec51bb1eb10eebd506ad771dae6c33f786bb3fcb6f39,"{""d"":7,""p"":0.000221221629107045,""r"":28}",
      4096,         2,         0,   0.083,chromobius,5bd7258f8ddfd30dc189ec51bb1eb10eebd506ad771dae6c33f786bb3fcb6f39,"{""d"":7,""p"":0.000221221629107045,""r"":28}",
     16384,         2,         0,   0.297,chromobius,3648260e3dec8251d78e1ebf565be6ef1662659aef66f3f80545124f464ec10e,"{""d"":7,""p"":0.00018873918221350977,""r"":28}",
      5120,         1,         0,   0.107,chromobius,5bd7258f8ddfd30dc189ec51bb1eb10eebd506ad771dae6c33f786bb3fcb6f39,"{""d"":7,""p"":0.000221221629107045,""r"":28}",
     43008,         2,         0,   0.577,chromobius,e4e7bd668f7bd59307bb65e674a7fa363934dade6c0a59c0a8868d523a79a039,"{""d"":7,""p"":0.00013738237958832623,""r"":28}",
     35840,         4,         0,   0.573,chromobius,ba066e6c3d734223863ceec1e2a10ca61096aaec15d36a392ab050e82f64fb49,"{""d"":7,""p"":0.00016102620275609394,""r"":28}",
      1024,       540,         0,   0.319,chromobius,eb0e097f7a9a025f100812d28818cbe11fdf864822bdd51aac8003b5125cfcfb,"{""d"":5,""p"":0.01,""r"":20}",
     69632,         5,         0,   0.795,chromobius,ba93c99b343768e2d457113e86ccc0ec16aac158ce8b851d1b5b20fa6b37a6d3,"{""d"":7,""p"":0.00011721022975334806,""r"":28}",
      8192,         1,         0,   0.166,chromobius,5bd7258f8ddfd30dc189ec51bb1eb10eebd506ad771dae6c33f786bb3fcb6f39,"{""d"":7,""p"":0.000221221629107045,""r"":28}",
      1297,         1,         0,   0.034,chromobius,9b71470d7dc607e7353658ea1c70a8f15b7c5dc1989949ad3d57d7dad7a6eadb,"{""d"":7,""p"":0.0002592943797404667,""r"":28}",
      1024,         0,         0,   0.024,chromobius,9b71470d7dc607e7353658ea1c70a8f15b7c5dc1989949ad3d57d7dad7a6eadb,"{""d"":7,""p"":0.0002592943797404667,""r"":28}",
      1024,         1,         0,   0.024,chromobius,9b71470d7dc607e7353658ea1c70a8f15b7c5dc1989949ad3d57d7dad7a6eadb,"{""d"":7,""p"":0.0002592943797404667,""r"":28}",
      2048,         0,         0,   0.047,chromobius,9b71470d7dc607e7353658ea1c70a8f15b7c5dc1989949ad3d57d7dad7a6eadb,"{""d"":7,""p"":0.0002592943797404667,""r"":28}",
     21504,         8,         0,   0.404,chromobius,3648260e3dec8251d78e1ebf565be6ef1662659aef66f3f80545124f464ec10e,"{""d"":7,""p"":0.00018873918221350977,""r"":28}",
     10240,         2,         0,   0.212,chromobius,5bd7258f8ddfd30dc189ec51bb1eb10eebd506ad771dae6c33f786bb3fcb6f39,"{""d"":7,""p"":0.000221221629107045,""r"":28}",
      2048,         0,         0,   0.048,chromobius,9b71470d7dc607e7353658ea1c70a8f15b7c5dc1989949ad3d57d7dad7a6eadb,"{""d"":7,""p"":0.0002592943797404667,""r"":28}",
      3072,         1,         0,   0.071,chromobius,9b71470d7dc607e7353658ea1c70a8f15b7c5dc1989949ad3d57d7dad7a6eadb,"{""d"":7,""p"":0.0002592943797404667,""r"":28}",
      4096,         1,         0,   0.094,chromobius,9b71470d7dc607e7353658ea1c70a8f15b7c5dc1989949ad3d57d7dad7a6eadb,"{""d"":7,""p"":0.0002592943797404667,""r"":28}",
     14336,         2,         0,   0.294,chromobius,5bd7258f8ddfd30dc189ec51bb1eb10eebd506ad771dae6c33f786bb3fcb6f39,"{""d"":7,""p"":0.000221221629107045,""r"":28}",
      5120,         2,         0,   0.116,chromobius,9b71470d7dc607e7353658ea1c70a8f15b7c5dc1989949ad3d57d7dad7a6eadb,"{""d"":7,""p"":0.0002592943797404667,""r"":28}",
     58368,         6,         0,   0.788,chromobius,e4e7bd668f7bd59307bb65e674a7fa363934dade6c0a59c0a8868d523a79a039,"{""d"":7,""p"":0.00013738237958832623,""r"":28}",
     49152,        10,         0,   0.798,chromobius,ba066e6c3d734223863ceec1e2a10ca61096aaec15d36a392ab050e82f64fb49,"{""d"":7,""p"":0.00016102620275609394,""r"":28}",
      6144,         2,         0,   0.149,chromobius,9b71470d7dc607e7353658ea1c70a8f15b7c5dc1989949ad3d57d7dad7a6eadb,"{""d"":7,""p"":0.0002592943797404667,""r"":28}",
    103424,         4,         0,    1.10,chromobius,8562deb712fbe9c95a7939eed81919cf140630566f328157eba555a4166917d2,"{""d"":7,""p"":0.0001,""r"":28}",
     29696,         3,         0,   0.564,chromobius,3648260e3dec8251d78e1ebf565be6ef1662659aef66f3f80545124f464ec10e,"{""d"":7,""p"":0.00018873918221350977,""r"":28}",
      9216,         4,         0,   0.213,chromobius,9b71470d7dc607e7353658ea1c70a8f15b7c5dc1989949ad3d57d7dad7a6eadb,"{""d"":7,""p"":0.0002592943797404667,""r"":28}",
     20480,        11,         0,   0.405,chromobius,5bd7258f8ddfd30dc189ec51bb1eb10eebd506ad771dae6c33f786bb3fcb6f39,"{""d"":7,""p"":0.000221221629107045,""r"":28}",
     95232,         8,         0,    1.11,chromobius,ba93c99b343768e2d457113e86ccc0ec16aac158ce8b851d1b5b20fa6b37a6d3,"{""d"":7,""p"":0.00011721022975334806,""r"":28}",
    299008,       382,         0,    1.61,chromobius,9985b576a5c2d5b2050e38c2cc1bd81575ebe2bce730d2e8f85b24b16235651a,"{""d"":5,""p"":0.00018873918221350977,""r"":20}",
     12288,         7,         0,   0.299,chromobius,9b71470d7dc607e7353658ea1c70a8f15b7c5dc1989949ad3d57d7dad7a6eadb,"{""d"":7,""p"":0.0002592943797404667,""r"":28}",
      1297,         0,         0,   0.039,chromobius,a400fc843981faeef121f2f4abaf3fa5bfd7ec3a0108311a682703f857539f1b,"{""d"":7,""p"":0.0003039195382313198,""r"":28}",
      1024,         0,         0,   0.029,chromobius,a400fc843981faeef121f2f4abaf3fa5bfd7ec3a0108311a682703f857539f1b,"{""d"":7,""p"":0.0003039195382313198,""r"":28}",
      1024,         0,         0,   0.029,chromobius,a400fc843981faeef121f2f4abaf3fa5bfd7ec3a0108311a682703f857539f1b,"{""d"":7,""p"":0.0003039195382313198,""r"":28}",
      1024,         0,         0,   0.029,chromobius,a400fc843981faeef121f2f4abaf3fa5bfd7ec3a0108311a682703f857539f1b,"{""d"":7,""p"":0.0003039195382313198,""r"":28}",
      2048,         2,         0,   0.058,chromobius,a400fc843981faeef121f2f4abaf3fa5bfd7ec3a0108311a682703f857539f1b,"{""d"":7,""p"":0.0003039195382313198,""r"":28}",
      2048,         3,         0,   0.061,chromobius,a400fc843981faeef121f2f4abaf3fa5bfd7ec3a0108311a682703f857539f1b,"{""d"":7,""p"":0.0003039195382313198,""r"":28}",
     28672,        15,         0,   0.582,chromobius,5bd7258f8ddfd30dc189ec51bb1eb10eebd506ad771dae6c33f786bb3fcb6f39,"{""d"":7,""p"":0.000221221629107045,""r"":28}",
     41984,         5,         0,   0.808,chromobius,3648260e3dec8251d78e1ebf565be6ef1662659aef66f3f80545124f464ec10e,"{""d"":7,""p"":0.00018873918221350977,""r"":28}",
      3072,         1,         0,   0.088,chromobius,a400fc843981faeef121f2f4abaf3fa5bfd7ec3a0108311a682703f857539f1b,"{""d"":7,""p"":0.0003039195382313198,""r"":28}",
     17408,         8,         0,   0.408,chromobius,9b71470d7dc607e7353658ea1c70a8f15b7c5dc1989949ad3d57d7dad7a6eadb,"{""d"":7,""p"":0.0002592943797404667,""r"":28}",
      4096,         2,         0,   0.114,chromobius,a400fc843981faeef121f2f4abaf3fa5bfd7ec3a0108311a682703f857539f1b,"{""d"":7,""p"":0.0003039195382313198,""r"":28}",
     78848,         6,         0,    1.11,chromobius,e4e7bd668f7bd59307bb65e674a7fa363934dade6c0a59c0a8868d523a79a039,"{""d"":7,""p"":0.00013738237958832623,""r"":28}",
     69632,         5,         0,    1.12,chromobius,ba066e6c3d734223863ceec1e2a10ca61096aaec15d36a392ab050e82f64fb49,"{""d"":7,""p"":0.00016102620275609394,""r"":28}",
      6144,         5,         0,   0.175,chromobius,a400fc843981faeef121f2f4abaf3fa5bfd7ec3a0108311a682703f857539f1b,"{""d"":7,""p"":0.0003039195382313198,""r"":28}",
      8192,         8,         0,   0.233,chromobius,a400fc843981faeef121f2f4abaf3fa5bfd7ec3a0108311a682703f857539f1b,"{""d"":7,""p"":0.0003039195382313198,""r"":28}",
     23552,         6,         0,   0.573,chromobius,9b71470d7dc607e7353658ea1c70a8f15b7c5dc1989949ad3d57d7dad7a6eadb,"{""d"":7,""p"":0.0002592943797404667,""r"":28}",
    141312,         2,         0,    1.54,chromobius,8562deb712fbe9c95a7939eed81919cf140630566f328157eba555a4166917d2,"{""d"":7,""p"":0.0001,""r"":28}",
     37888,         9,         0,   0.802,chromobius,5bd7258f8ddfd30dc189ec51bb1eb10eebd506ad771dae6c33f786bb3fcb6f39,"{""d"":7,""p"":0.000221221629107045,""r"":28}",
     10240,         7,         0,   0.289,chromobius,a400fc843981faeef121f2f4abaf3fa5bfd7ec3a0108311a682703f857539f1b,"{""d"":7,""p"":0.0003039195382313198,""r"":28}",
    126976,        10,         0,    1.54,chromobius,ba93c99b343768e2d457113e86ccc0ec16aac158ce8b851d1b5b20fa6b37a6d3,"{""d"":7,""p"":0.00011721022975334806,""r"":28}",
     55296,         7,         0,    1.11,chromobius,3648260e3dec8251d78e1ebf565be6ef1662659aef66f3f80545124f464ec10e,"{""d"":7,""p"":0.00018873918221350977,""r"":28}",
     13312,         6,         0,   0.404,chromobius,a400fc843981faeef121f2f4abaf3fa5bfd7ec3a0108311a682703f857539f1b,"{""d"":7,""p"":0.0003039195382313198,""r"":28}",
     30720,        15,         0,   0.817,chromobius,9b71470d7dc607e7353658ea1c70a8f15b7c5dc1989949ad3d57d7dad7a6eadb,"{""d"":7,""p"":0.0002592943797404667,""r"":28}",
    104448,         6,         0,    1.55,chromobius,e4e7bd668f7bd59307bb65e674a7fa363934dade6c0a59c0a8868d523a79a039,"{""d"":7,""p"":0.00013738237958832623,""r"":28}",
     90112,        11,         0,    1.56,chromobius,ba066e6c3d734223863ceec1e2a10ca61096aaec15d36a392ab050e82f64fb49,"{""d"":7,""p"":0.00016102620275609394,""r"":28}",
     18432,         9,         0,   0.579,chromobius,a400fc843981faeef121f2f4abaf3fa5bfd7ec3a0108311a682703f857539f1b,"{""d"":7,""p"":0.0003039195382313198,""r"":28}",
     48128,         9,         0,    1.11,chromobius,5bd7258f8ddfd30dc189ec51bb1eb10eebd506ad771dae6c33f786bb3fcb6f39,"{""d"":7,""p"":0.000221221629107045,""r"":28}",
     43008,        11,         0,    1.12,chromobius,9b71470d7dc607e7353658ea1c70a8f15b7c5dc1989949ad3d57d7dad7a6eadb,"{""d"":7,""p"":0.0002592943797404667,""r"":28}",
     26624,        15,         0,   0.815,chromobius,a400fc843981faeef121f2f4abaf3fa5bfd7ec3a0108311a682703f857539f1b,"{""d"":7,""p"":0.0003039195382313198,""r"":28}",
     68608,        17,         0,    1.55,chromobius,3648260e3dec8251d78e1ebf565be6ef1662659aef66f3f80545124f464ec10e,"{""d"":7,""p"":0.00018873918221350977,""r"":28}",
    164864,         6,         0,    2.18,chromobius,8562deb712fbe9c95a7939eed81919cf140630566f328157eba555a4166917d2,"{""d"":7,""p"":0.0001,""r"":28}",
    160768,        12,         0,    2.17,chromobius,ba93c99b343768e2d457113e86ccc0ec16aac158ce8b851d1b5b20fa6b37a6d3,"{""d"":7,""p"":0.00011721022975334806,""r"":28}",
     65536,        12,         0,    1.55,chromobius,5bd7258f8ddfd30dc189ec51bb1eb10eebd506ad771dae6c33f786bb3fcb6f39,"{""d"":7,""p"":0.000221221629107045,""r"":28}",
     35840,        17,         0,    1.11,chromobius,a400fc843981faeef121f2f4abaf3fa5bfd7ec3a0108311a682703f857539f1b,"{""d"":7,""p"":0.0003039195382313198,""r"":28}",
    134144,        15,         0,    2.17,chromobius,e4e7bd668f7bd59307bb65e674a7fa363934dade6c0a59c0a8868d523a79a039,"{""d"":7,""p"":0.00013738237958832623,""r"":28}",
    116736,        16,         0,    2.17,chromobius,ba066e6c3d734223863ceec1e2a10ca61096aaec15d36a392ab050e82f64fb49,"{""d"":7,""p"":0.00016102620275609394,""r"":28}",
     59392,        32,         0,    1.56,chromobius,9b71470d7dc607e7353658ea1c70a8f15b7c5dc1989949ad3d57d7dad7a6eadb,"{""d"":7,""p"":0.0002592943797404667,""r"":28}",
    108544,        24,         0,    2.18,chromobius,3648260e3dec8251d78e1ebf565be6ef1662659aef66f3f80545124f464ec10e,"{""d"":7,""p"":0.00018873918221350977,""r"":28}",
   1385472,      1262,         0,    6.86,chromobius,a8578ec9fec37e078263c0612738a66d82b8dd5557f5c6061b0a6eedd5a602cd,"{""d"":5,""p"":0.00016102620275609394,""r"":20}",
       273,         0,         0,   0.015,chromobius,207e1f2ae11fbd78c5d97ad89113abc339e8c0937f1c6a1f59d3ef6b32d00de8,"{""d"":7,""p"":0.0003562247890262444,""r"":28}",
      1024,         2,         0,   0.046,chromobius,207e1f2ae11fbd78c5d97ad89113abc339e8c0937f1c6a1f59d3ef6b32d00de8,"{""d"":7,""p"":0.0003562247890262444,""r"":28}",
      1024,         0,         0,   0.048,chromobius,207e1f2ae11fbd78c5d97ad89113abc339e8c0937f1c6a1f59d3ef6b32d00de8,"{""d"":7,""p"":0.0003562247890262444,""r"":28}",
      1024,         0,         0,   0.041,chromobius,207e1f2ae11fbd78c5d97ad89113abc339e8c0937f1c6a1f59d3ef6b32d00de8,"{""d"":7,""p"":0.0003562247890262444,""r"":28}",
      1024,         2,         0,   0.047,chromobius,207e1f2ae11fbd78c5d97ad89113abc339e8c0937f1c6a1f59d3ef6b32d00de8,"{""d"":7,""p"":0.0003562247890262444,""r"":28}",
      2048,         2,         0,   0.089,chromobius,207e1f2ae11fbd78c5d97ad89113abc339e8c0937f1c6a1f59d3ef6b32d00de8,"{""d"":7,""p"":0.0003562247890262444,""r"":28}",
     52224,        37,         0,    1.58,chromobius,a400fc843981faeef121f2f4abaf3fa5bfd7ec3a0108311a682703f857539f1b,"{""d"":7,""p"":0.0003039195382313198,""r"":28}",
      2048,         2,         0,   0.088,chromobius,207e1f2ae11fbd78c5d97ad89113abc339e8c0937f1c6a1f59d3ef6b32d00de8,"{""d"":7,""p"":0.0003562247890262444,""r"":28}",
      3072,         2,         0,   0.141,chromobius,207e1f2ae11fbd78c5d97ad89113abc339e8c0937f1c6a1f59d3ef6b32d00de8,"{""d"":7,""p"":0.0003562247890262444,""r"":28}",
     94208,        23,         0,    2.19,chromobius,5bd7258f8ddfd30dc189ec51bb1eb10eebd506ad771dae6c33f786bb3fcb6f39,"{""d"":7,""p"":0.000221221629107045,""r"":28}",
      4096,         4,         0,   0.177,chromobius,207e1f2ae11fbd78c5d97ad89113abc339e8c0937f1c6a1f59d3ef6b32d00de8,"{""d"":7,""p"":0.0003562247890262444,""r"":28}",
    279552,        10,         0,    3.03,chromobius,8562deb712fbe9c95a7939eed81919cf140630566f328157eba555a4166917d2,"{""d"":7,""p"":0.0001,""r"":28}",
      5120,         7,         0,   0.208,chromobius,207e1f2ae11fbd78c5d97ad89113abc339e8c0937f1c6a1f59d3ef6b32d00de8,"{""d"":7,""p"":0.0003562247890262444,""r"":28}",
      8192,         7,         0,   0.302,chromobius,207e1f2ae11fbd78c5d97ad89113abc339e8c0937f1c6a1f59d3ef6b32d00de8,"{""d"":7,""p"":0.0003562247890262444,""r"":28}",
   1915904,      1269,         0,    8.22,chromobius,8d50491420beed2346c615e1e9140d4075f738a553302b3c3e708d89e334fb1c,"{""d"":5,""p"":0.00013738237958832623,""r"":20}",
   2484224,       849,         0,    8.21,chromobius,f41f237c719f80b72a98cb8d8743e6fc55971f8e64a190a86b32a0433a5ec10f,"{""d"":5,""p"":0.0001,""r"":20}",
   2114560,       992,         0,    8.21,chromobius,d10e41061ada3165b92a471c0f58913bd6be0ef4b3603c7c73c7a2f9dbc1cc4b,"{""d"":5,""p"":0.00011721022975334806,""r"":20}",
     76800,        28,         0,    2.18,chromobius,9b71470d7dc607e7353658ea1c70a8f15b7c5dc1989949ad3d57d7dad7a6eadb,"{""d"":7,""p"":0.0002592943797404667,""r"":28}",
    240640,         8,         0,    3.03,chromobius,ba93c99b343768e2d457113e86ccc0ec16aac158ce8b851d1b5b20fa6b37a6d3,"{""d"":7,""p"":0.00011721022975334806,""r"":28}",
      8192,         7,         0,   0.405,chromobius,207e1f2ae11fbd78c5d97ad89113abc339e8c0937f1c6a1f59d3ef6b32d00de8,"{""d"":7,""p"":0.0003562247890262444,""r"":28}",
    206848,        14,         0,    3.03,chromobius,e4e7bd668f7bd59307bb65e674a7fa363934dade6c0a59c0a8868d523a79a039,"{""d"":7,""p"":0.00013738237958832623,""r"":28}",
    172032,        31,         0,    3.04,chromobius,ba066e6c3d734223863ceec1e2a10ca61096aaec15d36a392ab050e82f64fb49,"{""d"":7,""p"":0.00016102620275609394,""r"":28}",
     13312,        14,         0,   0.614,chromobius,207e1f2ae11fbd78c5d97ad89113abc339e8c0937f1c6a1f59d3ef6b32d00de8,"{""d"":7,""p"":0.0003562247890262444,""r"":28}",
     66560,        36,         0,    2.19,chromobius,a400fc843981faeef121f2f4abaf3fa5bfd7ec3a0108311a682703f857539f1b,"{""d"":7,""p"":0.0003039195382313198,""r"":28}",
    115712,        23,         0,    3.04,chromobius,3648260e3dec8251d78e1ebf565be6ef1662659aef66f3f80545124f464ec10e,"{""d"":7,""p"":0.00018873918221350977,""r"":28}",
     16384,        17,         0,   0.846,chromobius,207e1f2ae11fbd78c5d97ad89113abc339e8c0937f1c6a1f59d3ef6b32d00de8,"{""d"":7,""p"":0.0003562247890262444,""r"":28}",
    129024,        42,         0,    3.05,chromobius,5bd7258f8ddfd30dc189ec51bb1eb10eebd506ad771dae6c33f786bb3fcb6f39,"{""d"":7,""p"":0.000221221629107045,""r"":28}",
     24576,        24,         0,    1.11,chromobius,207e1f2ae11fbd78c5d97ad89113abc339e8c0937f1c6a1f59d3ef6b32d00de8,"{""d"":7,""p"":0.0003562247890262444,""r"":28}",
    674816,       444,         0,    2.94,chromobius,8d50491420beed2346c615e1e9140d4075f738a553302b3c3e708d89e334fb1c,"{""d"":5,""p"":0.00013738237958832623,""r"":20}",
    111616,        41,         0,    3.05,chromobius,9b71470d7dc607e7353658ea1c70a8f15b7c5dc1989949ad3d57d7dad7a6eadb,"{""d"":7,""p"":0.0002592943797404667,""r"":28}",
       273,         0,         0,   0.012,chromobius,6fb3a85b3e42a3e6e6f3968987033cab17a33d05be230c772d3e86d30a89d8ae,"{""d"":7,""p"":0.00041753189365604,""r"":28}",
      1024,         3,         0,   0.067,chromobius,6fb3a85b3e42a3e6e6f3968987033cab17a33d05be230c772d3e86d30a89d8ae,"{""d"":7,""p"":0.00041753189365604,""r"":28}",
      1024,         1,         0,   0.068,chromobius,6fb3a85b3e42a3e6e6f3968987033cab17a33d05be230c772d3e86d30a89d8ae,"{""d"":7,""p"":0.00041753189365604,""r"":28}",
      1024,         3,         0,   0.057,chromobius,6fb3a85b3e42a3e6e6f3968987033cab17a33d05be230c772d3e86d30a89d8ae,"{""d"":7,""p"":0.00041753189365604,""r"":28}",
      1024,         2,         0,   0.054,chromobius,6fb3a85b3e42a3e6e6f3968987033cab17a33d05be230c772d3e86d30a89d8ae,"{""d"":7,""p"":0.00041753189365604,""r"":28}",
      1024,         3,         0,   0.060,chromobius,6fb3a85b3e42a3e6e6f3968987033cab17a33d05be230c772d3e86d30a89d8ae,"{""d"":7,""p"":0.00041753189365604,""r"":28}",
      2048,         3,         0,   0.116,chromobius,6fb3a85b3e42a3e6e6f3968987033cab17a33d05be230c772d3e86d30a89d8ae,"{""d"":7,""p"":0.00041753189365604,""r"":28}",
      2048,         1,         0,   0.107,chromobius,6fb3a85b3e42a3e6e6f3968987033cab17a33d05be230c772d3e86d30a89d8ae,"{""d"":7,""p"":0.00041753189365604,""r"":28}",
      4096,         8,         0,   0.172,chromobius,6fb3a85b3e42a3e6e6f3968987033cab17a33d05be230c772d3e86d30a89d8ae,"{""d"":7,""p"":0.00041753189365604,""r"":28}",
    276480,        11,         0,    4.23,chromobius,8562deb712fbe9c95a7939eed81919cf140630566f328157eba555a4166917d2,"{""d"":7,""p"":0.0001,""r"":28}",
      5120,         4,         0,   0.224,chromobius,6fb3a85b3e42a3e6e6f3968987033cab17a33d05be230c772d3e86d30a89d8ae,"{""d"":7,""p"":0.00041753189365604,""r"":28}",
    297984,        20,         0,    4.24,chromobius,ba93c99b343768e2d457113e86ccc0ec16aac158ce8b851d1b5b20fa6b37a6d3,"{""d"":7,""p"":0.00011721022975334806,""r"":28}",
     88064,        54,         0,    3.06,chromobius,a400fc843981faeef121f2f4abaf3fa5bfd7ec3a0108311a682703f857539f1b,"{""d"":7,""p"":0.0003039195382313198,""r"":28}",
      7168,        10,         0,   0.325,chromobius,6fb3a85b3e42a3e6e6f3968987033cab17a33d05be230c772d3e86d30a89d8ae,"{""d"":7,""p"":0.00041753189365604,""r"":28}",
     39936,        30,         0,    1.57,chromobius,207e1f2ae11fbd78c5d97ad89113abc339e8c0937f1c6a1f59d3ef6b32d00de8,"{""d"":7,""p"":0.0003562247890262444,""r"":28}",
     10240,        13,         0,   0.404,chromobius,6fb3a85b3e42a3e6e6f3968987033cab17a33d05be230c772d3e86d30a89d8ae,"{""d"":7,""p"":0.00041753189365604,""r"":28}",
    265216,        26,         0,    4.26,chromobius,e4e7bd668f7bd59307bb65e674a7fa363934dade6c0a59c0a8868d523a79a039,"{""d"":7,""p"":0.00013738237958832623,""r"":28}",
    208896,        21,         0,    4.25,chromobius,ba066e6c3d734223863ceec1e2a10ca61096aaec15d36a392ab050e82f64fb49,"{""d"":7,""p"":0.00016102620275609394,""r"":28}",
     13312,        19,         0,   0.605,chromobius,6fb3a85b3e42a3e6e6f3968987033cab17a33d05be230c772d3e86d30a89d8ae,"{""d"":7,""p"":0.00041753189365604,""r"":28}",
    194560,        32,         0,    4.26,chromobius,3648260e3dec8251d78e1ebf565be6ef1662659aef66f3f80545124f464ec10e,"{""d"":7,""p"":0.00018873918221350977,""r"":28}",
     19456,        30,         0,   0.803,chromobius,6fb3a85b3e42a3e6e6f3968987033cab17a33d05be230c772d3e86d30a89d8ae,"{""d"":7,""p"":0.00041753189365604,""r"":28}",
    171008,        34,         0,    4.24,chromobius,5bd7258f8ddfd30dc189ec51bb1eb10eebd506ad771dae6c33f786bb3fcb6f39,"{""d"":7,""p"":0.000221221629107045,""r"":28}",
     63488,        51,         0,    2.18,chromobius,207e1f2ae11fbd78c5d97ad89113abc339e8c0937f1c6a1f59d3ef6b32d00de8,"{""d"":7,""p"":0.0003562247890262444,""r"":28}",
    161792,        76,         0,    4.27,chromobius,9b71470d7dc607e7353658ea1c70a8f15b7c5dc1989949ad3d57d7dad7a6eadb,"{""d"":7,""p"":0.0002592943797404667,""r"":28}",
     27648,        34,         0,    1.14,chromobius,6fb3a85b3e42a3e6e6f3968987033cab17a33d05be230c772d3e86d30a89d8ae,"{""d"":7,""p"":0.00041753189365604,""r"":28}",
    139264,        75,         0,    4.27,chromobius,a400fc843981faeef121f2f4abaf3fa5bfd7ec3a0108311a682703f857539f1b,"{""d"":7,""p"":0.0003039195382313198,""r"":28}",
     38912,        57,         0,    1.59,chromobius,6fb3a85b3e42a3e6e6f3968987033cab17a33d05be230c772d3e86d30a89d8ae,"{""d"":7,""p"":0.00041753189365604,""r"":28}",
     89088,        71,         0,    3.07,chromobius,207e1f2ae11fbd78c5d97ad89113abc339e8c0937f1c6a1f59d3ef6b32d00de8,"{""d"":7,""p"":0.0003562247890262444,""r"":28}",
    536576,        26,         0,    5.93,chromobius,8562deb712fbe9c95a7939eed81919cf140630566f328157eba555a4166917d2,"{""d"":7,""p"":0.0001,""r"":28}",
    480256,        26,         0,    5.94,chromobius,ba93c99b343768e2d457113e86ccc0ec16aac158ce8b851d1b5b20fa6b37a6d3,"{""d"":7,""p"":0.00011721022975334806,""r"":28}",
    397312,        29,         0,    5.95,chromobius,e4e7bd668f7bd59307bb65e674a7fa363934dade6c0a59c0a8868d523a79a039,"{""d"":7,""p"":0.00013738237958832623,""r"":28}",
    371712,        36,         0,    5.96,chromobius,ba066e6c3d734223863ceec1e2a10ca61096aaec15d36a392ab050e82f64fb49,"{""d"":7,""p"":0.00016102620275609394,""r"":28}",
     54272,        73,         0,    2.21,chromobius,6fb3a85b3e42a3e6e6f3968987033cab17a33d05be230c772d3e86d30a89d8ae,"{""d"":7,""p"":0.00041753189365604,""r"":28}",
   3435520,      1126,         0,    11.5,chromobius,f41f237c719f80b72a98cb8d8743e6fc55971f8e64a190a86b32a0433a5ec10f,"{""d"":5,""p"":0.0001,""r"":20}",
   3017728,      1365,         0,    11.5,chromobius,d10e41061ada3165b92a471c0f58913bd6be0ef4b3603c7c73c7a2f9dbc1cc4b,"{""d"":5,""p"":0.00011721022975334806,""r"":20}",
    301056,        60,         0,    5.97,chromobius,3648260e3dec8251d78e1ebf565be6ef1662659aef66f3f80545124f464ec10e,"{""d"":7,""p"":0.00018873918221350977,""r"":28}",
    250880,        76,         0,    5.97,chromobius,5bd7258f8ddfd30dc189ec51bb1eb10eebd506ad771dae6c33f786bb3fcb6f39,"{""d"":7,""p"":0.000221221629107045,""r"":28}",
    219136,       106,         0,    5.98,chromobius,9b71470d7dc607e7353658ea1c70a8f15b7c5dc1989949ad3d57d7dad7a6eadb,"{""d"":7,""p"":0.0002592943797404667,""r"":28}",
    421888,       214,         0,    1.67,chromobius,d10e41061ada3165b92a471c0f58913bd6be0ef4b3603c7c73c7a2f9dbc1cc4b,"{""d"":5,""p"":0.00011721022975334806,""r"":20}",
       273,         0,         0,   0.016,chromobius,9e67016e19fa3c15d15a8cec220a06117998d106bee1bbf4cde6a66aecd8bd39,"{""d"":7,""p"":0.0004893900918477494,""r"":28}",
      1024,         1,         0,   0.048,chromobius,9e67016e19fa3c15d15a8cec220a06117998d106bee1bbf4cde6a66aecd8bd39,"{""d"":7,""p"":0.0004893900918477494,""r"":28}",
      1024,         2,         0,   0.056,chromobius,9e67016e19fa3c15d15a8cec220a06117998d106bee1bbf4cde6a66aecd8bd39,"{""d"":7,""p"":0.0004893900918477494,""r"":28}",
      1024,         2,         0,   0.074,chromobius,9e67016e19fa3c15d15a8cec220a06117998d106bee1bbf4cde6a66aecd8bd39,"{""d"":7,""p"":0.0004893900918477494,""r"":28}",
      1024,         2,         0,   0.051,chromobius,9e67016e19fa3c15d15a8cec220a06117998d106bee1bbf4cde6a66aecd8bd39,"{""d"":7,""p"":0.0004893900918477494,""r"":28}",
      2048,         4,         0,   0.098,chromobius,9e67016e19fa3c15d15a8cec220a06117998d106bee1bbf4cde6a66aecd8bd39,"{""d"":7,""p"":0.0004893900918477494,""r"":28}",
      2048,         3,         0,   0.098,chromobius,9e67016e19fa3c15d15a8cec220a06117998d106bee1bbf4cde6a66aecd8bd39,"{""d"":7,""p"":0.0004893900918477494,""r"":28}",
    120832,       110,         0,    4.27,chromobius,207e1f2ae11fbd78c5d97ad89113abc339e8c0937f1c6a1f59d3ef6b32d00de8,"{""d"":7,""p"":0.0003562247890262444,""r"":28}",
      3072,         1,         0,   0.150,chromobius,9e67016e19fa3c15d15a8cec220a06117998d106bee1bbf4cde6a66aecd8bd39,"{""d"":7,""p"":0.0004893900918477494,""r"":28}",
     61440,        62,         0,    3.04,chromobius,6fb3a85b3e42a3e6e6f3968987033cab17a33d05be230c772d3e86d30a89d8ae,"{""d"":7,""p"":0.00041753189365604,""r"":28}",
      3072,         9,         0,   0.148,chromobius,9e67016e19fa3c15d15a8cec220a06117998d106bee1bbf4cde6a66aecd8bd39,"{""d"":7,""p"":0.0004893900918477494,""r"":28}",
      5120,        20,         0,   0.245,chromobius,9e67016e19fa3c15d15a8cec220a06117998d106bee1bbf4cde6a66aecd8bd39,"{""d"":7,""p"":0.0004893900918477494,""r"":28}",
    181248,       118,         0,    5.98,chromobius,a400fc843981faeef121f2f4abaf3fa5bfd7ec3a0108311a682703f857539f1b,"{""d"":7,""p"":0.0003039195382313198,""r"":28}",
      6144,         7,         0,   0.299,chromobius,9e67016e19fa3c15d15a8cec220a06117998d106bee1bbf4cde6a66aecd8bd39,"{""d"":7,""p"":0.0004893900918477494,""r"":28}",
      8192,        19,         0,   0.406,chromobius,9e67016e19fa3c15d15a8cec220a06117998d106bee1bbf4cde6a66aecd8bd39,"{""d"":7,""p"":0.0004893900918477494,""r"":28}",
     12288,        35,         0,   0.598,chromobius,9e67016e19fa3c15d15a8cec220a06117998d106bee1bbf4cde6a66aecd8bd39,"{""d"":7,""p"":0.0004893900918477494,""r"":28}",
     16384,        26,         0,   0.797,chromobius,9e67016e19fa3c15d15a8cec220a06117998d106bee1bbf4cde6a66aecd8bd39,"{""d"":7,""p"":0.0004893900918477494,""r"":28}",
     23552,        37,         0,    1.12,chromobius,9e67016e19fa3c15d15a8cec220a06117998d106bee1bbf4cde6a66aecd8bd39,"{""d"":7,""p"":0.0004893900918477494,""r"":28}",
    690176,        24,         0,    8.30,chromobius,8562deb712fbe9c95a7939eed81919cf140630566f328157eba555a4166917d2,"{""d"":7,""p"":0.0001,""r"":28}",
    105472,       161,         0,    4.27,chromobius,6fb3a85b3e42a3e6e6f3968987033cab17a33d05be230c772d3e86d30a89d8ae,"{""d"":7,""p"":0.00041753189365604,""r"":28}",
    642048,        32,         0,    8.32,chromobius,ba93c99b343768e2d457113e86ccc0ec16aac158ce8b851d1b5b20fa6b37a6d3,"{""d"":7,""p"":0.00011721022975334806,""r"":28}",
    556032,        52,         0,    8.32,chromobius,e4e7bd668f7bd59307bb65e674a7fa363934dade6c0a59c0a8868d523a79a039,"{""d"":7,""p"":0.00013738237958832623,""r"":28}",
     32768,        77,         0,    1.59,chromobius,9e67016e19fa3c15d15a8cec220a06117998d106bee1bbf4cde6a66aecd8bd39,"{""d"":7,""p"":0.0004893900918477494,""r"":28}",
    489472,        48,         0,    8.33,chromobius,ba066e6c3d734223863ceec1e2a10ca61096aaec15d36a392ab050e82f64fb49,"{""d"":7,""p"":0.00016102620275609394,""r"":28}",
    175104,       153,         0,    5.96,chromobius,207e1f2ae11fbd78c5d97ad89113abc339e8c0937f1c6a1f59d3ef6b32d00de8,"{""d"":7,""p"":0.0003562247890262444,""r"":28}",
    417792,        53,         0,    8.32,chromobius,3648260e3dec8251d78e1ebf565be6ef1662659aef66f3f80545124f464ec10e,"{""d"":7,""p"":0.00018873918221350977,""r"":28}",
   2683904,       912,         0,    8.65,chromobius,f41f237c719f80b72a98cb8d8743e6fc55971f8e64a190a86b32a0433a5ec10f,"{""d"":5,""p"":0.0001,""r"":20}",
       273,         2,         0,   0.018,chromobius,410e5e7ec7fbbafbd5972b313b8ae353f54ca8dfe5e1ba26f2eb43894cb77c54,"{""d"":7,""p"":0.0005736152510448681,""r"":28}",
      1024,         7,         0,   0.062,chromobius,410e5e7ec7fbbafbd5972b313b8ae353f54ca8dfe5e1ba26f2eb43894cb77c54,"{""d"":7,""p"":0.0005736152510448681,""r"":28}",
      1024,         5,         0,   0.058,chromobius,410e5e7ec7fbbafbd5972b313b8ae353f54ca8dfe5e1ba26f2eb43894cb77c54,"{""d"":7,""p"":0.0005736152510448681,""r"":28}",
      1024,         4,         0,   0.059,chromobius,410e5e7ec7fbbafbd5972b313b8ae353f54ca8dfe5e1ba26f2eb43894cb77c54,"{""d"":7,""p"":0.0005736152510448681,""r"":28}",
      1024,         3,         0,   0.064,chromobius,410e5e7ec7fbbafbd5972b313b8ae353f54ca8dfe5e1ba26f2eb43894cb77c54,"{""d"":7,""p"":0.0005736152510448681,""r"":28}",
      1024,         3,         0,   0.054,chromobius,410e5e7ec7fbbafbd5972b313b8ae353f54ca8dfe5e1ba26f2eb43894cb77c54,"{""d"":7,""p"":0.0005736152510448681,""r"":28}",
    376832,       101,         0,    8.35,chromobius,5bd7258f8ddfd30dc189ec51bb1eb10eebd506ad771dae6c33f786bb3fcb6f39,"{""d"":7,""p"":0.000221221629107045,""r"":28}",
      2048,         4,         0,   0.108,chromobius,410e5e7ec7fbbafbd5972b313b8ae353f54ca8dfe5e1ba26f2eb43894cb77c54,"{""d"":7,""p"":0.0005736152510448681,""r"":28}",
      2048,         6,         0,   0.112,chromobius,410e5e7ec7fbbafbd5972b313b8ae353f54ca8dfe5e1ba26f2eb43894cb77c54,"{""d"":7,""p"":0.0005736152510448681,""r"":28}",
      3072,         5,         0,   0.211,chromobius,410e5e7ec7fbbafbd5972b313b8ae353f54ca8dfe5e1ba26f2eb43894cb77c54,"{""d"":7,""p"":0.0005736152510448681,""r"":28}",
     44032,        96,         0,    2.21,chromobius,9e67016e19fa3c15d15a8cec220a06117998d106bee1bbf4cde6a66aecd8bd39,"{""d"":7,""p"":0.0004893900918477494,""r"":28}",
      4096,         6,         0,   0.246,chromobius,410e5e7ec7fbbafbd5972b313b8ae353f54ca8dfe5e1ba26f2eb43894cb77c54,"{""d"":7,""p"":0.0005736152510448681,""r"":28}",
    318464,       134,         0,    8.34,chromobius,9b71470d7dc607e7353658ea1c70a8f15b7c5dc1989949ad3d57d7dad7a6eadb,"{""d"":7,""p"":0.0002592943797404667,""r"":28}",
      5120,        17,         0,   0.325,chromobius,410e5e7ec7fbbafbd5972b313b8ae353f54ca8dfe5e1ba26f2eb43894cb77c54,"{""d"":7,""p"":0.0005736152510448681,""r"":28}",
      7168,        24,         0,   0.461,chromobius,410e5e7ec7fbbafbd5972b313b8ae353f54ca8dfe5e1ba26f2eb43894cb77c54,"{""d"":7,""p"":0.0005736152510448681,""r"":28}",
    268288,       178,         0,    8.36,chromobius,a400fc843981faeef121f2f4abaf3fa5bfd7ec3a0108311a682703f857539f1b,"{""d"":7,""p"":0.0003039195382313198,""r"":28}",
     10240,        40,         0,   0.611,chromobius,410e5e7ec7fbbafbd5972b313b8ae353f54ca8dfe5e1ba26f2eb43894cb77c54,"{""d"":7,""p"":0.0005736152510448681,""r"":28}",
     14336,        52,         0,   0.820,chromobius,410e5e7ec7fbbafbd5972b313b8ae353f54ca8dfe5e1ba26f2eb43894cb77c54,"{""d"":7,""p"":0.0005736152510448681,""r"":28}",
    140288,       208,         0,    5.98,chromobius,6fb3a85b3e42a3e6e6f3968987033cab17a33d05be230c772d3e86d30a89d8ae,"{""d"":7,""p"":0.00041753189365604,""r"":28}",
     58368,       143,         0,    3.08,chromobius,9e67016e19fa3c15d15a8cec220a06117998d106bee1bbf4cde6a66aecd8bd39,"{""d"":7,""p"":0.0004893900918477494,""r"":28}",
     19456,        65,         0,    1.11,chromobius,410e5e7ec7fbbafbd5972b313b8ae353f54ca8dfe5e1ba26f2eb43894cb77c54,"{""d"":7,""p"":0.0005736152510448681,""r"":28}",
     27648,       103,         0,    1.57,chromobius,410e5e7ec7fbbafbd5972b313b8ae353f54ca8dfe5e1ba26f2eb43894cb77c54,"{""d"":7,""p"":0.0005736152510448681,""r"":28}",
    229376,       221,         0,    8.38,chromobius,207e1f2ae11fbd78c5d97ad89113abc339e8c0937f1c6a1f59d3ef6b32d00de8,"{""d"":7,""p"":0.0003562247890262444,""r"":28}",
     38912,       128,         0,    2.20,chromobius,410e5e7ec7fbbafbd5972b313b8ae353f54ca8dfe5e1ba26f2eb43894cb77c54,"{""d"":7,""p"":0.0005736152510448681,""r"":28}",
     86016,       167,         0,    4.28,chromobius,9e67016e19fa3c15d15a8cec220a06117998d106bee1bbf4cde6a66aecd8bd39,"{""d"":7,""p"":0.0004893900918477494,""r"":28}",
   1010688,        33,         0,    11.6,chromobius,8562deb712fbe9c95a7939eed81919cf140630566f328157eba555a4166917d2,"{""d"":7,""p"":0.0001,""r"":28}",
    899072,        50,         0,    11.6,chromobius,ba93c99b343768e2d457113e86ccc0ec16aac158ce8b851d1b5b20fa6b37a6d3,"{""d"":7,""p"":0.00011721022975334806,""r"":28}",
    747520,        70,         0,    11.6,chromobius,e4e7bd668f7bd59307bb65e674a7fa363934dade6c0a59c0a8868d523a79a039,"{""d"":7,""p"":0.00013738237958832623,""r"":28}",
    684032,        66,         0,    11.7,chromobius,ba066e6c3d734223863ceec1e2a10ca61096aaec15d36a392ab050e82f64fb49,"{""d"":7,""p"":0.00016102620275609394,""r"":28}",
     54272,       169,         0,    3.07,chromobius,410e5e7ec7fbbafbd5972b313b8ae353f54ca8dfe5e1ba26f2eb43894cb77c54,"{""d"":7,""p"":0.0005736152510448681,""r"":28}",
    557056,        98,         0,    11.7,chromobius,3648260e3dec8251d78e1ebf565be6ef1662659aef66f3f80545124f464ec10e,"{""d"":7,""p"":0.00018873918221350977,""r"":28}",
    518144,       126,         0,    11.7,chromobius,5bd7258f8ddfd30dc189ec51bb1eb10eebd506ad771dae6c33f786bb3fcb6f39,"{""d"":7,""p"":0.000221221629107045,""r"":28}",
    201728,       290,         0,    8.37,chromobius,6fb3a85b3e42a3e6e6f3968987033cab17a33d05be230c772d3e86d30a89d8ae,"{""d"":7,""p"":0.00041753189365604,""r"":28}",
    437248,       166,         0,    11.7,chromobius,9b71470d7dc607e7353658ea1c70a8f15b7c5dc1989949ad3d57d7dad7a6eadb,"{""d"":7,""p"":0.0002592943797404667,""r"":28}",
    379904,       215,         0,    11.7,chromobius,a400fc843981faeef121f2f4abaf3fa5bfd7ec3a0108311a682703f857539f1b,"{""d"":7,""p"":0.0003039195382313198,""r"":28}",
    120832,       289,         0,    5.98,chromobius,9e67016e19fa3c15d15a8cec220a06117998d106bee1bbf4cde6a66aecd8bd39,"{""d"":7,""p"":0.0004893900918477494,""r"":28}",
     76800,       240,         0,    4.32,chromobius,410e5e7ec7fbbafbd5972b313b8ae353f54ca8dfe5e1ba26f2eb43894cb77c54,"{""d"":7,""p"":0.0005736152510448681,""r"":28}",
    321536,       287,         0,    11.7,chromobius,207e1f2ae11fbd78c5d97ad89113abc339e8c0937f1c6a1f59d3ef6b32d00de8,"{""d"":7,""p"":0.0003562247890262444,""r"":28}",
    100352,       338,         0,    6.01,chromobius,410e5e7ec7fbbafbd5972b313b8ae353f54ca8dfe5e1ba26f2eb43894cb77c54,"{""d"":7,""p"":0.0005736152510448681,""r"":28}",
    159744,       329,         0,    8.36,chromobius,9e67016e19fa3c15d15a8cec220a06117998d106bee1bbf4cde6a66aecd8bd39,"{""d"":7,""p"":0.0004893900918477494,""r"":28}",
    267264,       391,         0,    11.7,chromobius,6fb3a85b3e42a3e6e6f3968987033cab17a33d05be230c772d3e86d30a89d8ae,"{""d"":7,""p"":0.00041753189365604,""r"":28}",
   1403904,        55,         0,    16.3,chromobius,8562deb712fbe9c95a7939eed81919cf140630566f328157eba555a4166917d2,"{""d"":7,""p"":0.0001,""r"":28}",
   1238016,        69,         0,    16.3,chromobius,ba93c99b343768e2d457113e86ccc0ec16aac158ce8b851d1b5b20fa6b37a6d3,"{""d"":7,""p"":0.00011721022975334806,""r"":28}",
   1039360,        94,         0,    16.3,chromobius,e4e7bd668f7bd59307bb65e674a7fa363934dade6c0a59c0a8868d523a79a039,"{""d"":7,""p"":0.00013738237958832623,""r"":28}",
    944128,       112,         0,    16.3,chromobius,ba066e6c3d734223863ceec1e2a10ca61096aaec15d36a392ab050e82f64fb49,"{""d"":7,""p"":0.00016102620275609394,""r"":28}",
    777216,       123,         0,    16.3,chromobius,3648260e3dec8251d78e1ebf565be6ef1662659aef66f3f80545124f464ec10e,"{""d"":7,""p"":0.00018873918221350977,""r"":28}",
    711680,       196,         0,    16.3,chromobius,5bd7258f8ddfd30dc189ec51bb1eb10eebd506ad771dae6c33f786bb3fcb6f39,"{""d"":7,""p"":0.000221221629107045,""r"":28}",
    604160,       219,         0,    16.4,chromobius,9b71470d7dc607e7353658ea1c70a8f15b7c5dc1989949ad3d57d7dad7a6eadb,"{""d"":7,""p"":0.0002592943797404667,""r"":28}",
    148480,       500,         0,    8.42,chromobius,410e5e7ec7fbbafbd5972b313b8ae353f54ca8dfe5e1ba26f2eb43894cb77c54,"{""d"":7,""p"":0.0005736152510448681,""r"":28}",
    509952,       333,         0,    16.4,chromobius,a400fc843981faeef121f2f4abaf3fa5bfd7ec3a0108311a682703f857539f1b,"{""d"":7,""p"":0.0003039195382313198,""r"":28}",
    235520,       475,         0,    11.7,chromobius,9e67016e19fa3c15d15a8cec220a06117998d106bee1bbf4cde6a66aecd8bd39,"{""d"":7,""p"":0.0004893900918477494,""r"":28}",
    460800,       382,         0,    16.4,chromobius,207e1f2ae11fbd78c5d97ad89113abc339e8c0937f1c6a1f59d3ef6b32d00de8,"{""d"":7,""p"":0.0003562247890262444,""r"":28}",
    419840,       617,         0,    16.4,chromobius,6fb3a85b3e42a3e6e6f3968987033cab17a33d05be230c772d3e86d30a89d8ae,"{""d"":7,""p"":0.00041753189365604,""r"":28}",
    210944,       692,         0,    11.7,chromobius,410e5e7ec7fbbafbd5972b313b8ae353f54ca8dfe5e1ba26f2eb43894cb77c54,"{""d"":7,""p"":0.0005736152510448681,""r"":28}",
   1976320,        70,         0,    22.8,chromobius,8562deb712fbe9c95a7939eed81919cf140630566f328157eba555a4166917d2,"{""d"":7,""p"":0.0001,""r"":28}",
   1837056,       110,         0,    22.8,chromobius,ba93c99b343768e2d457113e86ccc0ec16aac158ce8b851d1b5b20fa6b37a6d3,"{""d"":7,""p"":0.00011721022975334806,""r"":28}",
   1528832,       114,         0,    22.8,chromobius,e4e7bd668f7bd59307bb65e674a7fa363934dade6c0a59c0a8868d523a79a039,"{""d"":7,""p"":0.00013738237958832623,""r"":28}",
   1406976,       155,         0,    22.8,chromobius,ba066e6c3d734223863ceec1e2a10ca61096aaec15d36a392ab050e82f64fb49,"{""d"":7,""p"":0.00016102620275609394,""r"":28}",
   1135616,       198,         0,    22.8,chromobius,3648260e3dec8251d78e1ebf565be6ef1662659aef66f3f80545124f464ec10e,"{""d"":7,""p"":0.00018873918221350977,""r"":28}",
    330752,       745,         0,    16.4,chromobius,9e67016e19fa3c15d15a8cec220a06117998d106bee1bbf4cde6a66aecd8bd39,"{""d"":7,""p"":0.0004893900918477494,""r"":28}",
   1053696,       268,         0,    22.9,chromobius,5bd7258f8ddfd30dc189ec51bb1eb10eebd506ad771dae6c33f786bb3fcb6f39,"{""d"":7,""p"":0.000221221629107045,""r"":28}",
    873472,       297,         0,    22.9,chromobius,9b71470d7dc607e7353658ea1c70a8f15b7c5dc1989949ad3d57d7dad7a6eadb,"{""d"":7,""p"":0.0002592943797404667,""r"":28}",
    748544,       432,         0,    22.9,chromobius,a400fc843981faeef121f2f4abaf3fa5bfd7ec3a0108311a682703f857539f1b,"{""d"":7,""p"":0.0003039195382313198,""r"":28}",
    291840,       985,         0,    16.4,chromobius,410e5e7ec7fbbafbd5972b313b8ae353f54ca8dfe5e1ba26f2eb43894cb77c54,"{""d"":7,""p"":0.0005736152510448681,""r"":28}",
    660480,       567,         0,    22.9,chromobius,207e1f2ae11fbd78c5d97ad89113abc339e8c0937f1c6a1f59d3ef6b32d00de8,"{""d"":7,""p"":0.0003562247890262444,""r"":28}",
    566272,       846,         0,    22.9,chromobius,6fb3a85b3e42a3e6e6f3968987033cab17a33d05be230c772d3e86d30a89d8ae,"{""d"":7,""p"":0.00041753189365604,""r"":28}",
    472064,      1005,         0,    22.9,chromobius,9e67016e19fa3c15d15a8cec220a06117998d106bee1bbf4cde6a66aecd8bd39,"{""d"":7,""p"":0.0004893900918477494,""r"":28}",
   2759680,        97,         0,    31.9,chromobius,8562deb712fbe9c95a7939eed81919cf140630566f328157eba555a4166917d2,"{""d"":7,""p"":0.0001,""r"":28}",
    420864,      1423,         0,    22.9,chromobius,410e5e7ec7fbbafbd5972b313b8ae353f54ca8dfe5e1ba26f2eb43894cb77c54,"{""d"":7,""p"":0.0005736152510448681,""r"":28}",
   2551808,       117,         0,    31.9,chromobius,ba93c99b343768e2d457113e86ccc0ec16aac158ce8b851d1b5b20fa6b37a6d3,"{""d"":7,""p"":0.00011721022975334806,""r"":28}",
   2120704,       157,         0,    31.9,chromobius,e4e7bd668f7bd59307bb65e674a7fa363934dade6c0a59c0a8868d523a79a039,"{""d"":7,""p"":0.00013738237958832623,""r"":28}",
   1899520,       210,         0,    32.0,chromobius,ba066e6c3d734223863ceec1e2a10ca61096aaec15d36a392ab050e82f64fb49,"{""d"":7,""p"":0.00016102620275609394,""r"":28}",
   1597440,       294,         0,    32.0,chromobius,3648260e3dec8251d78e1ebf565be6ef1662659aef66f3f80545124f464ec10e,"{""d"":7,""p"":0.00018873918221350977,""r"":28}",
   1473536,       389,         0,    32.0,chromobius,5bd7258f8ddfd30dc189ec51bb1eb10eebd506ad771dae6c33f786bb3fcb6f39,"{""d"":7,""p"":0.000221221629107045,""r"":28}",
     55296,       180,         0,    2.95,chromobius,410e5e7ec7fbbafbd5972b313b8ae353f54ca8dfe5e1ba26f2eb43894cb77c54,"{""d"":7,""p"":0.0005736152510448681,""r"":28}",
       273,         3,         0,   0.021,chromobius,b5db91becf023fbc537805a69f9c78edf729f3091cd1f660f4546312e71f6ff8,"{""d"":7,""p"":0.0006723357536499335,""r"":28}",
      1024,         9,         0,   0.069,chromobius,b5db91becf023fbc537805a69f9c78edf729f3091cd1f660f4546312e71f6ff8,"{""d"":7,""p"":0.0006723357536499335,""r"":28}",
   1233920,       497,         0,    32.0,chromobius,9b71470d7dc607e7353658ea1c70a8f15b7c5dc1989949ad3d57d7dad7a6eadb,"{""d"":7,""p"":0.0002592943797404667,""r"":28}",
      1024,         6,         0,   0.068,chromobius,b5db91becf023fbc537805a69f9c78edf729f3091cd1f660f4546312e71f6ff8,"{""d"":7,""p"":0.0006723357536499335,""r"":28}",
      1024,         2,         0,   0.066,chromobius,b5db91becf023fbc537805a69f9c78edf729f3091cd1f660f4546312e71f6ff8,"{""d"":7,""p"":0.0006723357536499335,""r"":28}",
      1024,         8,         0,   0.067,chromobius,b5db91becf023fbc537805a69f9c78edf729f3091cd1f660f4546312e71f6ff8,"{""d"":7,""p"":0.0006723357536499335,""r"":28}",
      1024,         6,         0,   0.070,chromobius,b5db91becf023fbc537805a69f9c78edf729f3091cd1f660f4546312e71f6ff8,"{""d"":7,""p"":0.0006723357536499335,""r"":28}",
      2048,         5,         0,   0.135,chromobius,b5db91becf023fbc537805a69f9c78edf729f3091cd1f660f4546312e71f6ff8,"{""d"":7,""p"":0.0006723357536499335,""r"":28}",
      2048,        15,         0,   0.135,chromobius,b5db91becf023fbc537805a69f9c78edf729f3091cd1f660f4546312e71f6ff8,"{""d"":7,""p"":0.0006723357536499335,""r"":28}",
      3072,        26,         0,   0.205,chromobius,b5db91becf023fbc537805a69f9c78edf729f3091cd1f660f4546312e71f6ff8,"{""d"":7,""p"":0.0006723357536499335,""r"":28}",
      4096,        19,         0,   0.272,chromobius,b5db91becf023fbc537805a69f9c78edf729f3091cd1f660f4546312e71f6ff8,"{""d"":7,""p"":0.0006723357536499335,""r"":28}",
   1046528,       610,         0,    32.0,chromobius,a400fc843981faeef121f2f4abaf3fa5bfd7ec3a0108311a682703f857539f1b,"{""d"":7,""p"":0.0003039195382313198,""r"":28}",
      5120,        23,         0,   0.341,chromobius,b5db91becf023fbc537805a69f9c78edf729f3091cd1f660f4546312e71f6ff8,"{""d"":7,""p"":0.0006723357536499335,""r"":28}",
      6144,        39,         0,   0.411,chromobius,b5db91becf023fbc537805a69f9c78edf729f3091cd1f660f4546312e71f6ff8,"{""d"":7,""p"":0.0006723357536499335,""r"":28}",
      9216,        49,         0,   0.614,chromobius,b5db91becf023fbc537805a69f9c78edf729f3091cd1f660f4546312e71f6ff8,"{""d"":7,""p"":0.0006723357536499335,""r"":28}",
     12288,        70,         0,   0.813,chromobius,b5db91becf023fbc537805a69f9c78edf729f3091cd1f660f4546312e71f6ff8,"{""d"":7,""p"":0.0006723357536499335,""r"":28}",
     17408,        97,         0,    1.16,chromobius,b5db91becf023fbc537805a69f9c78edf729f3091cd1f660f4546312e71f6ff8,"{""d"":7,""p"":0.0006723357536499335,""r"":28}",
     23552,       116,         0,    1.60,chromobius,b5db91becf023fbc537805a69f9c78edf729f3091cd1f660f4546312e71f6ff8,"{""d"":7,""p"":0.0006723357536499335,""r"":28}",
    933888,       844,         0,    32.1,chromobius,207e1f2ae11fbd78c5d97ad89113abc339e8c0937f1c6a1f59d3ef6b32d00de8,"{""d"":7,""p"":0.0003562247890262444,""r"":28}",
     33792,       178,         0,    2.23,chromobius,b5db91becf023fbc537805a69f9c78edf729f3091cd1f660f4546312e71f6ff8,"{""d"":7,""p"":0.0006723357536499335,""r"":28}",
    772096,      1068,         0,    32.1,chromobius,6fb3a85b3e42a3e6e6f3968987033cab17a33d05be230c772d3e86d30a89d8ae,"{""d"":7,""p"":0.00041753189365604,""r"":28}",
     46080,       269,         0,    3.09,chromobius,b5db91becf023fbc537805a69f9c78edf729f3091cd1f660f4546312e71f6ff8,"{""d"":7,""p"":0.0006723357536499335,""r"":28}",
     64512,       390,         0,    4.30,chromobius,b5db91becf023fbc537805a69f9c78edf729f3091cd1f660f4546312e71f6ff8,"{""d"":7,""p"":0.0006723357536499335,""r"":28}",
     89088,       496,         0,    6.00,chromobius,b5db91becf023fbc537805a69f9c78edf729f3091cd1f660f4546312e71f6ff8,"{""d"":7,""p"":0.0006723357536499335,""r"":28}",
    650240,      1366,         0,    32.1,chromobius,9e67016e19fa3c15d15a8cec220a06117998d106bee1bbf4cde6a66aecd8bd39,"{""d"":7,""p"":0.0004893900918477494,""r"":28}",
     63488,       140,         0,    3.16,chromobius,9e67016e19fa3c15d15a8cec220a06117998d106bee1bbf4cde6a66aecd8bd39,"{""d"":7,""p"":0.0004893900918477494,""r"":28}",
       273,         2,         0,   0.033,chromobius,87a725f93c61e4bf7714eaa27571253d2f45e15c86a4898c1883cf1d2631045b,"{""d"":7,""p"":0.0007880462815669912,""r"":28}",
      1024,         6,         0,   0.083,chromobius,87a725f93c61e4bf7714eaa27571253d2f45e15c86a4898c1883cf1d2631045b,"{""d"":7,""p"":0.0007880462815669912,""r"":28}",
      1024,        12,         0,   0.081,chromobius,87a725f93c61e4bf7714eaa27571253d2f45e15c86a4898c1883cf1d2631045b,"{""d"":7,""p"":0.0007880462815669912,""r"":28}",
      1024,        10,         0,   0.084,chromobius,87a725f93c61e4bf7714eaa27571253d2f45e15c86a4898c1883cf1d2631045b,"{""d"":7,""p"":0.0007880462815669912,""r"":28}",
      1024,         9,         0,   0.080,chromobius,87a725f93c61e4bf7714eaa27571253d2f45e15c86a4898c1883cf1d2631045b,"{""d"":7,""p"":0.0007880462815669912,""r"":28}",
      1024,         5,         0,   0.079,chromobius,87a725f93c61e4bf7714eaa27571253d2f45e15c86a4898c1883cf1d2631045b,"{""d"":7,""p"":0.0007880462815669912,""r"":28}",
      1024,         9,         0,   0.082,chromobius,87a725f93c61e4bf7714eaa27571253d2f45e15c86a4898c1883cf1d2631045b,"{""d"":7,""p"":0.0007880462815669912,""r"":28}",
      2048,        22,         0,   0.160,chromobius,87a725f93c61e4bf7714eaa27571253d2f45e15c86a4898c1883cf1d2631045b,"{""d"":7,""p"":0.0007880462815669912,""r"":28}",
      2048,        15,         0,   0.159,chromobius,87a725f93c61e4bf7714eaa27571253d2f45e15c86a4898c1883cf1d2631045b,"{""d"":7,""p"":0.0007880462815669912,""r"":28}",
      3072,        27,         0,   0.243,chromobius,87a725f93c61e4bf7714eaa27571253d2f45e15c86a4898c1883cf1d2631045b,"{""d"":7,""p"":0.0007880462815669912,""r"":28}",
      4096,        35,         0,   0.319,chromobius,87a725f93c61e4bf7714eaa27571253d2f45e15c86a4898c1883cf1d2631045b,"{""d"":7,""p"":0.0007880462815669912,""r"":28}",
      6144,        41,         0,   0.467,chromobius,87a725f93c61e4bf7714eaa27571253d2f45e15c86a4898c1883cf1d2631045b,"{""d"":7,""p"":0.0007880462815669912,""r"":28}",
      8192,        61,         0,   0.641,chromobius,87a725f93c61e4bf7714eaa27571253d2f45e15c86a4898c1883cf1d2631045b,"{""d"":7,""p"":0.0007880462815669912,""r"":28}",
     10240,        83,         0,   0.792,chromobius,87a725f93c61e4bf7714eaa27571253d2f45e15c86a4898c1883cf1d2631045b,"{""d"":7,""p"":0.0007880462815669912,""r"":28}",
     15360,       146,         0,    1.18,chromobius,87a725f93c61e4bf7714eaa27571253d2f45e15c86a4898c1883cf1d2631045b,"{""d"":7,""p"":0.0007880462815669912,""r"":28}",
    122880,       676,         0,    8.40,chromobius,b5db91becf023fbc537805a69f9c78edf729f3091cd1f660f4546312e71f6ff8,"{""d"":7,""p"":0.0006723357536499335,""r"":28}",
     20480,       154,         0,    1.60,chromobius,87a725f93c61e4bf7714eaa27571253d2f45e15c86a4898c1883cf1d2631045b,"{""d"":7,""p"":0.0007880462815669912,""r"":28}",
     27648,       235,         0,    2.21,chromobius,87a725f93c61e4bf7714eaa27571253d2f45e15c86a4898c1883cf1d2631045b,"{""d"":7,""p"":0.0007880462815669912,""r"":28}",
     39936,       363,         0,    3.11,chromobius,87a725f93c61e4bf7714eaa27571253d2f45e15c86a4898c1883cf1d2631045b,"{""d"":7,""p"":0.0007880462815669912,""r"":28}",
     54272,       459,         0,    4.28,chromobius,87a725f93c61e4bf7714eaa27571253d2f45e15c86a4898c1883cf1d2631045b,"{""d"":7,""p"":0.0007880462815669912,""r"":28}",
   3880960,       162,         0,    44.6,chromobius,8562deb712fbe9c95a7939eed81919cf140630566f328157eba555a4166917d2,"{""d"":7,""p"":0.0001,""r"":28}",
    173056,       875,         0,    11.8,chromobius,b5db91becf023fbc537805a69f9c78edf729f3091cd1f660f4546312e71f6ff8,"{""d"":7,""p"":0.0006723357536499335,""r"":28}",
   3559424,       195,         0,    44.7,chromobius,ba93c99b343768e2d457113e86ccc0ec16aac158ce8b851d1b5b20fa6b37a6d3,"{""d"":7,""p"":0.00011721022975334806,""r"":28}",
   2972672,       264,         0,    44.7,chromobius,e4e7bd668f7bd59307bb65e674a7fa363934dade6c0a59c0a8868d523a79a039,"{""d"":7,""p"":0.00013738237958832623,""r"":28}",
   2733056,       309,         0,    44.7,chromobius,ba066e6c3d734223863ceec1e2a10ca61096aaec15d36a392ab050e82f64fb49,"{""d"":7,""p"":0.00016102620275609394,""r"":28}",
    782336,      1093,         0,    32.1,chromobius,6fb3a85b3e42a3e6e6f3968987033cab17a33d05be230c772d3e86d30a89d8ae,"{""d"":7,""p"":0.00041753189365604,""r"":28}",
       273,         4,         0,   0.028,chromobius,e896d3fe8eb0c0535bb60f4101d093834617fba9d745f74c6ecd7c940fda2fca,"{""d"":7,""p"":0.0009236708571873865,""r"":28}",
   2209792,       365,         0,    44.8,chromobius,3648260e3dec8251d78e1ebf565be6ef1662659aef66f3f80545124f464ec10e,"{""d"":7,""p"":0.00018873918221350977,""r"":28}",
      1024,        11,         0,   0.093,chromobius,e896d3fe8eb0c0535bb60f4101d093834617fba9d745f74c6ecd7c940fda2fca,"{""d"":7,""p"":0.0009236708571873865,""r"":28}",
      1024,        13,         0,   0.095,chromobius,e896d3fe8eb0c0535bb60f4101d093834617fba9d745f74c6ecd7c940fda2fca,"{""d"":7,""p"":0.0009236708571873865,""r"":28}",
      1024,        20,         0,   0.095,chromobius,e896d3fe8eb0c0535bb60f4101d093834617fba9d745f74c6ecd7c940fda2fca,"{""d"":7,""p"":0.0009236708571873865,""r"":28}",
      1024,        16,         0,   0.094,chromobius,e896d3fe8eb0c0535bb60f4101d093834617fba9d745f74c6ecd7c940fda2fca,"{""d"":7,""p"":0.0009236708571873865,""r"":28}",
      1024,        12,         0,   0.096,chromobius,e896d3fe8eb0c0535bb60f4101d093834617fba9d745f74c6ecd7c940fda2fca,"{""d"":7,""p"":0.0009236708571873865,""r"":28}",
      1024,         9,         0,   0.096,chromobius,e896d3fe8eb0c0535bb60f4101d093834617fba9d745f74c6ecd7c940fda2fca,"{""d"":7,""p"":0.0009236708571873865,""r"":28}",
      2048,        20,         0,   0.194,chromobius,e896d3fe8eb0c0535bb60f4101d093834617fba9d745f74c6ecd7c940fda2fca,"{""d"":7,""p"":0.0009236708571873865,""r"":28}",
   2018304,       533,         0,    44.8,chromobius,5bd7258f8ddfd30dc189ec51bb1eb10eebd506ad771dae6c33f786bb3fcb6f39,"{""d"":7,""p"":0.000221221629107045,""r"":28}",
      2048,        21,         0,   0.191,chromobius,e896d3fe8eb0c0535bb60f4101d093834617fba9d745f74c6ecd7c940fda2fca,"{""d"":7,""p"":0.0009236708571873865,""r"":28}",
      3072,        40,         0,   0.283,chromobius,e896d3fe8eb0c0535bb60f4101d093834617fba9d745f74c6ecd7c940fda2fca,"{""d"":7,""p"":0.0009236708571873865,""r"":28}",
   1715200,       651,         0,    44.8,chromobius,9b71470d7dc607e7353658ea1c70a8f15b7c5dc1989949ad3d57d7dad7a6eadb,"{""d"":7,""p"":0.0002592943797404667,""r"":28}",
      4096,        51,         0,   0.375,chromobius,e896d3fe8eb0c0535bb60f4101d093834617fba9d745f74c6ecd7c940fda2fca,"{""d"":7,""p"":0.0009236708571873865,""r"":28}",
      5120,        60,         0,   0.474,chromobius,e896d3fe8eb0c0535bb60f4101d093834617fba9d745f74c6ecd7c940fda2fca,"{""d"":7,""p"":0.0009236708571873865,""r"":28}",
      7168,       102,         0,   0.656,chromobius,e896d3fe8eb0c0535bb60f4101d093834617fba9d745f74c6ecd7c940fda2fca,"{""d"":7,""p"":0.0009236708571873865,""r"":28}",
   1482752,       940,         0,    44.9,chromobius,a400fc843981faeef121f2f4abaf3fa5bfd7ec3a0108311a682703f857539f1b,"{""d"":7,""p"":0.0003039195382313198,""r"":28}",
     77824,       655,         0,    6.00,chromobius,87a725f93c61e4bf7714eaa27571253d2f45e15c86a4898c1883cf1d2631045b,"{""d"":7,""p"":0.0007880462815669912,""r"":28}",
      9216,       123,         0,   0.858,chromobius,e896d3fe8eb0c0535bb60f4101d093834617fba9d745f74c6ecd7c940fda2fca,"{""d"":7,""p"":0.0009236708571873865,""r"":28}",
     12288,       161,         0,    1.16,chromobius,e896d3fe8eb0c0535bb60f4101d093834617fba9d745f74c6ecd7c940fda2fca,"{""d"":7,""p"":0.0009236708571873865,""r"":28}",
     17408,       231,         0,    1.62,chromobius,e896d3fe8eb0c0535bb60f4101d093834617fba9d745f74c6ecd7c940fda2fca,"{""d"":7,""p"":0.0009236708571873865,""r"":28}",
   1307648,      1211,         0,    44.9,chromobius,207e1f2ae11fbd78c5d97ad89113abc339e8c0937f1c6a1f59d3ef6b32d00de8,"{""d"":7,""p"":0.0003562247890262444,""r"":28}",
     23552,       326,         0,    2.20,chromobius,e896d3fe8eb0c0535bb60f4101d093834617fba9d745f74c6ecd7c940fda2fca,"{""d"":7,""p"":0.0009236708571873865,""r"":28}",
    106496,       866,         0,    8.40,chromobius,87a725f93c61e4bf7714eaa27571253d2f45e15c86a4898c1883cf1d2631045b,"{""d"":7,""p"":0.0007880462815669912,""r"":28}",
     32768,       438,         0,    3.09,chromobius,e896d3fe8eb0c0535bb60f4101d093834617fba9d745f74c6ecd7c940fda2fca,"{""d"":7,""p"":0.0009236708571873865,""r"":28}",
    245760,      1328,         0,    16.4,chromobius,b5db91becf023fbc537805a69f9c78edf729f3091cd1f660f4546312e71f6ff8,"{""d"":7,""p"":0.0006723357536499335,""r"":28}",
     46080,       613,         0,    4.30,chromobius,e896d3fe8eb0c0535bb60f4101d093834617fba9d745f74c6ecd7c940fda2fca,"{""d"":7,""p"":0.0009236708571873865,""r"":28}",
     58368,       296,         0,    3.90,chromobius,b5db91becf023fbc537805a69f9c78edf729f3091cd1f660f4546312e71f6ff8,"{""d"":7,""p"":0.0006723357536499335,""r"":28}",
       273,         6,         0,   0.030,chromobius,951966181b51f9345c34304b268c9d15ffec46f0cd9fbfa13bc15fb64eae0b11,"{""d"":7,""p"":0.001082636733874054,""r"":28}",
      1024,        25,         0,   0.105,chromobius,951966181b51f9345c34304b268c9d15ffec46f0cd9fbfa13bc15fb64eae0b11,"{""d"":7,""p"":0.001082636733874054,""r"":28}",
      1024,        23,         0,   0.107,chromobius,951966181b51f9345c34304b268c9d15ffec46f0cd9fbfa13bc15fb64eae0b11,"{""d"":7,""p"":0.001082636733874054,""r"":28}",
      1024,        24,         0,   0.104,chromobius,951966181b51f9345c34304b268c9d15ffec46f0cd9fbfa13bc15fb64eae0b11,"{""d"":7,""p"":0.001082636733874054,""r"":28}",
      1024,        23,         0,   0.107,chromobius,951966181b51f9345c34304b268c9d15ffec46f0cd9fbfa13bc15fb64eae0b11,"{""d"":7,""p"":0.001082636733874054,""r"":28}",
      1024,        27,         0,   0.105,chromobius,951966181b51f9345c34304b268c9d15ffec46f0cd9fbfa13bc15fb64eae0b11,"{""d"":7,""p"":0.001082636733874054,""r"":28}",
      1024,        24,         0,   0.107,chromobius,951966181b51f9345c34304b268c9d15ffec46f0cd9fbfa13bc15fb64eae0b11,"{""d"":7,""p"":0.001082636733874054,""r"":28}",
      1024,        19,         0,   0.111,chromobius,951966181b51f9345c34304b268c9d15ffec46f0cd9fbfa13bc15fb64eae0b11,"{""d"":7,""p"":0.001082636733874054,""r"":28}",
      2048,        43,         0,   0.210,chromobius,951966181b51f9345c34304b268c9d15ffec46f0cd9fbfa13bc15fb64eae0b11,"{""d"":7,""p"":0.001082636733874054,""r"":28}",
      2048,        40,         0,   0.210,chromobius,951966181b51f9345c34304b268c9d15ffec46f0cd9fbfa13bc15fb64eae0b11,"{""d"":7,""p"":0.001082636733874054,""r"":28}",
      3072,        70,         0,   0.331,chromobius,951966181b51f9345c34304b268c9d15ffec46f0cd9fbfa13bc15fb64eae0b11,"{""d"":7,""p"":0.001082636733874054,""r"":28}",
      4096,        88,         0,   0.416,chromobius,951966181b51f9345c34304b268c9d15ffec46f0cd9fbfa13bc15fb64eae0b11,"{""d"":7,""p"":0.001082636733874054,""r"":28}",
      6144,       127,         0,   0.660,chromobius,951966181b51f9345c34304b268c9d15ffec46f0cd9fbfa13bc15fb64eae0b11,"{""d"":7,""p"":0.001082636733874054,""r"":28}",
     63488,       861,         0,    6.03,chromobius,e896d3fe8eb0c0535bb60f4101d093834617fba9d745f74c6ecd7c940fda2fca,"{""d"":7,""p"":0.0009236708571873865,""r"":28}",
      8192,       195,         0,   0.848,chromobius,951966181b51f9345c34304b268c9d15ffec46f0cd9fbfa13bc15fb64eae0b11,"{""d"":7,""p"":0.001082636733874054,""r"":28}",
    147456,      1284,         0,    11.7,chromobius,87a725f93c61e4bf7714eaa27571253d2f45e15c86a4898c1883cf1d2631045b,"{""d"":7,""p"":0.0007880462815669912,""r"":28}",
     11264,       245,         0,    1.16,chromobius,951966181b51f9345c34304b268c9d15ffec46f0cd9fbfa13bc15fb64eae0b11,"{""d"":7,""p"":0.001082636733874054,""r"":28}",
     15360,       338,         0,    1.57,chromobius,951966181b51f9345c34304b268c9d15ffec46f0cd9fbfa13bc15fb64eae0b11,"{""d"":7,""p"":0.001082636733874054,""r"":28}",
     21504,       492,         0,    2.23,chromobius,951966181b51f9345c34304b268c9d15ffec46f0cd9fbfa13bc15fb64eae0b11,"{""d"":7,""p"":0.001082636733874054,""r"":28}",
     51200,       505,         0,    4.11,chromobius,87a725f93c61e4bf7714eaa27571253d2f45e15c86a4898c1883cf1d2631045b,"{""d"":7,""p"":0.0007880462815669912,""r"":28}",
       273,         7,         0,   0.040,chromobius,1a6f8ac655c5c683410f76fc22932e73f11cb4bb8f4b438f11d9938952126518,"{""d"":7,""p"":0.0012689610031679222,""r"":28}",
      1024,        29,         0,   0.136,chromobius,1a6f8ac655c5c683410f76fc22932e73f11cb4bb8f4b438f11d9938952126518,"{""d"":7,""p"":0.0012689610031679222,""r"":28}",
      1024,        26,         0,   0.133,chromobius,1a6f8ac655c5c683410f76fc22932e73f11cb4bb8f4b438f11d9938952126518,"{""d"":7,""p"":0.0012689610031679222,""r"":28}",
      1024,        30,         0,   0.135,chromobius,1a6f8ac655c5c683410f76fc22932e73f11cb4bb8f4b438f11d9938952126518,"{""d"":7,""p"":0.0012689610031679222,""r"":28}",
      1024,        31,         0,   0.131,chromobius,1a6f8ac655c5c683410f76fc22932e73f11cb4bb8f4b438f11d9938952126518,"{""d"":7,""p"":0.0012689610031679222,""r"":28}",
      1024,        35,         0,   0.134,chromobius,1a6f8ac655c5c683410f76fc22932e73f11cb4bb8f4b438f11d9938952126518,"{""d"":7,""p"":0.0012689610031679222,""r"":28}",
      1024,        29,         0,   0.134,chromobius,1a6f8ac655c5c683410f76fc22932e73f11cb4bb8f4b438f11d9938952126518,"{""d"":7,""p"":0.0012689610031679222,""r"":28}",
      1024,        38,         0,   0.135,chromobius,1a6f8ac655c5c683410f76fc22932e73f11cb4bb8f4b438f11d9938952126518,"{""d"":7,""p"":0.0012689610031679222,""r"":28}",
      2048,        85,         0,   0.269,chromobius,1a6f8ac655c5c683410f76fc22932e73f11cb4bb8f4b438f11d9938952126518,"{""d"":7,""p"":0.0012689610031679222,""r"":28}",
      2048,        73,         0,   0.264,chromobius,1a6f8ac655c5c683410f76fc22932e73f11cb4bb8f4b438f11d9938952126518,"{""d"":7,""p"":0.0012689610031679222,""r"":28}",
      3072,       114,         0,   0.395,chromobius,1a6f8ac655c5c683410f76fc22932e73f11cb4bb8f4b438f11d9938952126518,"{""d"":7,""p"":0.0012689610031679222,""r"":28}",
      4096,       139,         0,   0.532,chromobius,1a6f8ac655c5c683410f76fc22932e73f11cb4bb8f4b438f11d9938952126518,"{""d"":7,""p"":0.0012689610031679222,""r"":28}",
     29696,       634,         0,    3.07,chromobius,951966181b51f9345c34304b268c9d15ffec46f0cd9fbfa13bc15fb64eae0b11,"{""d"":7,""p"":0.001082636733874054,""r"":28}",
     88064,      1150,         0,    8.43,chromobius,e896d3fe8eb0c0535bb60f4101d093834617fba9d745f74c6ecd7c940fda2fca,"{""d"":7,""p"":0.0009236708571873865,""r"":28}",
      5120,       183,         0,   0.673,chromobius,1a6f8ac655c5c683410f76fc22932e73f11cb4bb8f4b438f11d9938952126518,"{""d"":7,""p"":0.0012689610031679222,""r"":28}",
      6144,       199,         0,   0.809,chromobius,1a6f8ac655c5c683410f76fc22932e73f11cb4bb8f4b438f11d9938952126518,"{""d"":7,""p"":0.0012689610031679222,""r"":28}",
      9216,       315,         0,    1.20,chromobius,1a6f8ac655c5c683410f76fc22932e73f11cb4bb8f4b438f11d9938952126518,"{""d"":7,""p"":0.0012689610031679222,""r"":28}",
     12288,       389,         0,    1.60,chromobius,1a6f8ac655c5c683410f76fc22932e73f11cb4bb8f4b438f11d9938952126518,"{""d"":7,""p"":0.0012689610031679222,""r"":28}",
     40960,       876,         0,    4.27,chromobius,951966181b51f9345c34304b268c9d15ffec46f0cd9fbfa13bc15fb64eae0b11,"{""d"":7,""p"":0.001082636733874054,""r"":28}",
     58368,       736,         0,    5.50,chromobius,e896d3fe8eb0c0535bb60f4101d093834617fba9d745f74c6ecd7c940fda2fca,"{""d"":7,""p"":0.0009236708571873865,""r"":28}",
       273,        15,         0,   0.046,chromobius,6ce6c8718a8035f1afbcb65aa6ffb64c3e6b2e4b07824afcf7038dfe4d6456cc,"{""d"":7,""p"":0.0014873521072935117,""r"":28}",
      1024,        61,         0,   0.163,chromobius,6ce6c8718a8035f1afbcb65aa6ffb64c3e6b2e4b07824afcf7038dfe4d6456cc,"{""d"":7,""p"":0.0014873521072935117,""r"":28}",
      1024,        44,         0,   0.160,chromobius,6ce6c8718a8035f1afbcb65aa6ffb64c3e6b2e4b07824afcf7038dfe4d6456cc,"{""d"":7,""p"":0.0014873521072935117,""r"":28}",
     17408,       577,         0,    2.28,chromobius,1a6f8ac655c5c683410f76fc22932e73f11cb4bb8f4b438f11d9938952126518,"{""d"":7,""p"":0.0012689610031679222,""r"":28}",
      1024,        52,         0,   0.160,chromobius,6ce6c8718a8035f1afbcb65aa6ffb64c3e6b2e4b07824afcf7038dfe4d6456cc,"{""d"":7,""p"":0.0014873521072935117,""r"":28}",
      1024,        41,         0,   0.161,chromobius,6ce6c8718a8035f1afbcb65aa6ffb64c3e6b2e4b07824afcf7038dfe4d6456cc,"{""d"":7,""p"":0.0014873521072935117,""r"":28}",
      1024,        56,         0,   0.161,chromobius,6ce6c8718a8035f1afbcb65aa6ffb64c3e6b2e4b07824afcf7038dfe4d6456cc,"{""d"":7,""p"":0.0014873521072935117,""r"":28}",
      1024,        61,         0,   0.158,chromobius,6ce6c8718a8035f1afbcb65aa6ffb64c3e6b2e4b07824afcf7038dfe4d6456cc,"{""d"":7,""p"":0.0014873521072935117,""r"":28}",
      1024,        48,         0,   0.165,chromobius,6ce6c8718a8035f1afbcb65aa6ffb64c3e6b2e4b07824afcf7038dfe4d6456cc,"{""d"":7,""p"":0.0014873521072935117,""r"":28}",
      1024,        53,         0,   0.166,chromobius,6ce6c8718a8035f1afbcb65aa6ffb64c3e6b2e4b07824afcf7038dfe4d6456cc,"{""d"":7,""p"":0.0014873521072935117,""r"":28}",
      2048,       115,         0,   0.334,chromobius,6ce6c8718a8035f1afbcb65aa6ffb64c3e6b2e4b07824afcf7038dfe4d6456cc,"{""d"":7,""p"":0.0014873521072935117,""r"":28}",
      2048,        96,         0,   0.311,chromobius,6ce6c8718a8035f1afbcb65aa6ffb64c3e6b2e4b07824afcf7038dfe4d6456cc,"{""d"":7,""p"":0.0014873521072935117,""r"":28}",
      3072,       154,         0,   0.473,chromobius,6ce6c8718a8035f1afbcb65aa6ffb64c3e6b2e4b07824afcf7038dfe4d6456cc,"{""d"":7,""p"":0.0014873521072935117,""r"":28}",
      4096,       242,         0,   0.649,chromobius,6ce6c8718a8035f1afbcb65aa6ffb64c3e6b2e4b07824afcf7038dfe4d6456cc,"{""d"":7,""p"":0.0014873521072935117,""r"":28}",
     23552,       827,         0,    3.07,chromobius,1a6f8ac655c5c683410f76fc22932e73f11cb4bb8f4b438f11d9938952126518,"{""d"":7,""p"":0.0012689610031679222,""r"":28}",
      5120,       265,         0,   0.828,chromobius,6ce6c8718a8035f1afbcb65aa6ffb64c3e6b2e4b07824afcf7038dfe4d6456cc,"{""d"":7,""p"":0.0014873521072935117,""r"":28}",
     58368,      1189,         0,    6.00,chromobius,951966181b51f9345c34304b268c9d15ffec46f0cd9fbfa13bc15fb64eae0b11,"{""d"":7,""p"":0.001082636733874054,""r"":28}",
      7168,       415,         0,    1.15,chromobius,6ce6c8718a8035f1afbcb65aa6ffb64c3e6b2e4b07824afcf7038dfe4d6456cc,"{""d"":7,""p"":0.0014873521072935117,""r"":28}",
     10240,       534,         0,    1.62,chromobius,6ce6c8718a8035f1afbcb65aa6ffb64c3e6b2e4b07824afcf7038dfe4d6456cc,"{""d"":7,""p"":0.0014873521072935117,""r"":28}",
     24576,       499,         0,    2.52,chromobius,951966181b51f9345c34304b268c9d15ffec46f0cd9fbfa13bc15fb64eae0b11,"{""d"":7,""p"":0.001082636733874054,""r"":28}",
        17,         3,         0,   0.015,chromobius,c1bddeb537f0b5826c896f515012b84a0cc03ff79efdefcddf851f4714818fc0,"{""d"":7,""p"":0.0017433288221999873,""r"":28}",
       256,        20,         0,   0.045,chromobius,c1bddeb537f0b5826c896f515012b84a0cc03ff79efdefcddf851f4714818fc0,"{""d"":7,""p"":0.0017433288221999873,""r"":28}",
      1024,        96,         0,   0.179,chromobius,c1bddeb537f0b5826c896f515012b84a0cc03ff79efdefcddf851f4714818fc0,"{""d"":7,""p"":0.0017433288221999873,""r"":28}",
      1024,        68,         0,   0.182,chromobius,c1bddeb537f0b5826c896f515012b84a0cc03ff79efdefcddf851f4714818fc0,"{""d"":7,""p"":0.0017433288221999873,""r"":28}",
      1024,        84,         0,   0.183,chromobius,c1bddeb537f0b5826c896f515012b84a0cc03ff79efdefcddf851f4714818fc0,"{""d"":7,""p"":0.0017433288221999873,""r"":28}",
     32768,      1099,         0,    4.32,chromobius,1a6f8ac655c5c683410f76fc22932e73f11cb4bb8f4b438f11d9938952126518,"{""d"":7,""p"":0.0012689610031679222,""r"":28}",
      1024,        98,         0,   0.176,chromobius,c1bddeb537f0b5826c896f515012b84a0cc03ff79efdefcddf851f4714818fc0,"{""d"":7,""p"":0.0017433288221999873,""r"":28}",
      1024,        87,         0,   0.178,chromobius,c1bddeb537f0b5826c896f515012b84a0cc03ff79efdefcddf851f4714818fc0,"{""d"":7,""p"":0.0017433288221999873,""r"":28}",
      1024,        88,         0,   0.178,chromobius,c1bddeb537f0b5826c896f515012b84a0cc03ff79efdefcddf851f4714818fc0,"{""d"":7,""p"":0.0017433288221999873,""r"":28}",
      1024,        80,         0,   0.185,chromobius,c1bddeb537f0b5826c896f515012b84a0cc03ff79efdefcddf851f4714818fc0,"{""d"":7,""p"":0.0017433288221999873,""r"":28}",
      2048,       175,         0,   0.385,chromobius,c1bddeb537f0b5826c896f515012b84a0cc03ff79efdefcddf851f4714818fc0,"{""d"":7,""p"":0.0017433288221999873,""r"":28}",
     14336,       758,         0,    2.29,chromobius,6ce6c8718a8035f1afbcb65aa6ffb64c3e6b2e4b07824afcf7038dfe4d6456cc,"{""d"":7,""p"":0.0014873521072935117,""r"":28}",
      2048,       191,         0,   0.375,chromobius,c1bddeb537f0b5826c896f515012b84a0cc03ff79efdefcddf851f4714818fc0,"{""d"":7,""p"":0.0017433288221999873,""r"":28}",
      3072,       267,         0,   0.539,chromobius,c1bddeb537f0b5826c896f515012b84a0cc03ff79efdefcddf851f4714818fc0,"{""d"":7,""p"":0.0017433288221999873,""r"":28}",
      4096,       333,         0,   0.741,chromobius,c1bddeb537f0b5826c896f515012b84a0cc03ff79efdefcddf851f4714818fc0,"{""d"":7,""p"":0.0017433288221999873,""r"":28}",
   1090560,       985,         0,    38.4,chromobius,207e1f2ae11fbd78c5d97ad89113abc339e8c0937f1c6a1f59d3ef6b32d00de8,"{""d"":7,""p"":0.0003562247890262444,""r"":28}",
       273,        41,         0,   0.063,chromobius,a1af5460a1a7374efc65d28e96c5886b97e218d7a77292f7dc742fcb81c662bd,"{""d"":7,""p"":0.0020433597178569417,""r"":28}",
     22528,       775,         0,    2.97,chromobius,1a6f8ac655c5c683410f76fc22932e73f11cb4bb8f4b438f11d9938952126518,"{""d"":7,""p"":0.0012689610031679222,""r"":28}",
       273,        62,         0,   0.079,chromobius,39713c4d53e68cf1f8a7cf21e8d309bb69ed69683718e4ec5cb2c193c9a62cbd,"{""d"":7,""p"":0.002395026619987486,""r"":28}",
      1024,       125,         0,   0.245,chromobius,a1af5460a1a7374efc65d28e96c5886b97e218d7a77292f7dc742fcb81c662bd,"{""d"":7,""p"":0.0020433597178569417,""r"":28}",
      1024,       121,         0,   0.239,chromobius,a1af5460a1a7374efc65d28e96c5886b97e218d7a77292f7dc742fcb81c662bd,"{""d"":7,""p"":0.0020433597178569417,""r"":28}",
      1024,       196,         0,   0.282,chromobius,39713c4d53e68cf1f8a7cf21e8d309bb69ed69683718e4ec5cb2c193c9a62cbd,"{""d"":7,""p"":0.002395026619987486,""r"":28}",
      5120,       414,         0,   0.903,chromobius,c1bddeb537f0b5826c896f515012b84a0cc03ff79efdefcddf851f4714818fc0,"{""d"":7,""p"":0.0017433288221999873,""r"":28}",
      1024,       123,         0,   0.236,chromobius,a1af5460a1a7374efc65d28e96c5886b97e218d7a77292f7dc742fcb81c662bd,"{""d"":7,""p"":0.0020433597178569417,""r"":28}",
      1024,       197,         0,   0.292,chromobius,39713c4d53e68cf1f8a7cf21e8d309bb69ed69683718e4ec5cb2c193c9a62cbd,"{""d"":7,""p"":0.002395026619987486,""r"":28}",
      1024,       136,         0,   0.234,chromobius,a1af5460a1a7374efc65d28e96c5886b97e218d7a77292f7dc742fcb81c662bd,"{""d"":7,""p"":0.0020433597178569417,""r"":28}",
      1024,       186,         0,   0.289,chromobius,39713c4d53e68cf1f8a7cf21e8d309bb69ed69683718e4ec5cb2c193c9a62cbd,"{""d"":7,""p"":0.002395026619987486,""r"":28}",
      1024,       116,         0,   0.235,chromobius,a1af5460a1a7374efc65d28e96c5886b97e218d7a77292f7dc742fcb81c662bd,"{""d"":7,""p"":0.0020433597178569417,""r"":28}",
     20480,      1110,         0,    3.13,chromobius,6ce6c8718a8035f1afbcb65aa6ffb64c3e6b2e4b07824afcf7038dfe4d6456cc,"{""d"":7,""p"":0.0014873521072935117,""r"":28}",
      1024,       189,         0,   0.296,chromobius,39713c4d53e68cf1f8a7cf21e8d309bb69ed69683718e4ec5cb2c193c9a62cbd,"{""d"":7,""p"":0.002395026619987486,""r"":28}",
      1024,       132,         0,   0.238,chromobius,a1af5460a1a7374efc65d28e96c5886b97e218d7a77292f7dc742fcb81c662bd,"{""d"":7,""p"":0.0020433597178569417,""r"":28}",
      1024,       187,         0,   0.286,chromobius,39713c4d53e68cf1f8a7cf21e8d309bb69ed69683718e4ec5cb2c193c9a62cbd,"{""d"":7,""p"":0.002395026619987486,""r"":28}",
      1024,       131,         0,   0.238,chromobius,a1af5460a1a7374efc65d28e96c5886b97e218d7a77292f7dc742fcb81c662bd,"{""d"":7,""p"":0.0020433597178569417,""r"":28}",
      7168,       572,         0,    1.27,chromobius,c1bddeb537f0b5826c896f515012b84a0cc03ff79efdefcddf851f4714818fc0,"{""d"":7,""p"":0.0017433288221999873,""r"":28}",
      1024,       130,         0,   0.240,chromobius,a1af5460a1a7374efc65d28e96c5886b97e218d7a77292f7dc742fcb81c662bd,"{""d"":7,""p"":0.0020433597178569417,""r"":28}",
      1024,       197,         0,   0.297,chromobius,39713c4d53e68cf1f8a7cf21e8d309bb69ed69683718e4ec5cb2c193c9a62cbd,"{""d"":7,""p"":0.002395026619987486,""r"":28}",
      1024,       134,         0,   0.227,chromobius,a1af5460a1a7374efc65d28e96c5886b97e218d7a77292f7dc742fcb81c662bd,"{""d"":7,""p"":0.0020433597178569417,""r"":28}",
      1024,       199,         0,   0.294,chromobius,39713c4d53e68cf1f8a7cf21e8d309bb69ed69683718e4ec5cb2c193c9a62cbd,"{""d"":7,""p"":0.002395026619987486,""r"":28}",
      1024,       182,         0,   0.295,chromobius,39713c4d53e68cf1f8a7cf21e8d309bb69ed69683718e4ec5cb2c193c9a62cbd,"{""d"":7,""p"":0.002395026619987486,""r"":28}",
      2048,       237,         0,   0.463,chromobius,a1af5460a1a7374efc65d28e96c5886b97e218d7a77292f7dc742fcb81c662bd,"{""d"":7,""p"":0.0020433597178569417,""r"":28}",
      1024,       176,         0,   0.290,chromobius,39713c4d53e68cf1f8a7cf21e8d309bb69ed69683718e4ec5cb2c193c9a62cbd,"{""d"":7,""p"":0.002395026619987486,""r"":28}",
      2048,       273,         0,   0.469,chromobius,a1af5460a1a7374efc65d28e96c5886b97e218d7a77292f7dc742fcb81c662bd,"{""d"":7,""p"":0.0020433597178569417,""r"":28}",
      1024,       183,         0,   0.296,chromobius,39713c4d53e68cf1f8a7cf21e8d309bb69ed69683718e4ec5cb2c193c9a62cbd,"{""d"":7,""p"":0.002395026619987486,""r"":28}",
      9216,       782,         0,    1.62,chromobius,c1bddeb537f0b5826c896f515012b84a0cc03ff79efdefcddf851f4714818fc0,"{""d"":7,""p"":0.0017433288221999873,""r"":28}",
      2048,       369,         0,   0.595,chromobius,39713c4d53e68cf1f8a7cf21e8d309bb69ed69683718e4ec5cb2c193c9a62cbd,"{""d"":7,""p"":0.002395026619987486,""r"":28}",
      3072,       383,         0,   0.687,chromobius,a1af5460a1a7374efc65d28e96c5886b97e218d7a77292f7dc742fcb81c662bd,"{""d"":7,""p"":0.0020433597178569417,""r"":28}",
     17408,       933,         0,    2.63,chromobius,6ce6c8718a8035f1afbcb65aa6ffb64c3e6b2e4b07824afcf7038dfe4d6456cc,"{""d"":7,""p"":0.0014873521072935117,""r"":28}",
       273,        71,         0,   0.095,chromobius,5aaf6b016c54d70b56bf3dec32820e17ad5239f7290680b075392d2878e5f6f8,"{""d"":7,""p"":0.0028072162039411755,""r"":28}",
      2048,       419,         0,   0.576,chromobius,39713c4d53e68cf1f8a7cf21e8d309bb69ed69683718e4ec5cb2c193c9a62cbd,"{""d"":7,""p"":0.002395026619987486,""r"":28}",
      1024,       270,         0,   0.338,chromobius,5aaf6b016c54d70b56bf3dec32820e17ad5239f7290680b075392d2878e5f6f8,"{""d"":7,""p"":0.0028072162039411755,""r"":28}",
      4096,       530,         0,   0.965,chromobius,a1af5460a1a7374efc65d28e96c5886b97e218d7a77292f7dc742fcb81c662bd,"{""d"":7,""p"":0.0020433597178569417,""r"":28}",
      1024,       281,         0,   0.346,chromobius,5aaf6b016c54d70b56bf3dec32820e17ad5239f7290680b075392d2878e5f6f8,"{""d"":7,""p"":0.0028072162039411755,""r"":28}",
      3072,       580,         0,   0.865,chromobius,39713c4d53e68cf1f8a7cf21e8d309bb69ed69683718e4ec5cb2c193c9a62cbd,"{""d"":7,""p"":0.002395026619987486,""r"":28}",
      1024,       251,         0,   0.337,chromobius,5aaf6b016c54d70b56bf3dec32820e17ad5239f7290680b075392d2878e5f6f8,"{""d"":7,""p"":0.0028072162039411755,""r"":28}",
      1024,       264,         0,   0.357,chromobius,5aaf6b016c54d70b56bf3dec32820e17ad5239f7290680b075392d2878e5f6f8,"{""d"":7,""p"":0.0028072162039411755,""r"":28}",
     12288,       995,         0,    2.20,chromobius,c1bddeb537f0b5826c896f515012b84a0cc03ff79efdefcddf851f4714818fc0,"{""d"":7,""p"":0.0017433288221999873,""r"":28}",
      1024,       254,         0,   0.349,chromobius,5aaf6b016c54d70b56bf3dec32820e17ad5239f7290680b075392d2878e5f6f8,"{""d"":7,""p"":0.0028072162039411755,""r"":28}",
      5120,       652,         0,    1.22,chromobius,a1af5460a1a7374efc65d28e96c5886b97e218d7a77292f7dc742fcb81c662bd,"{""d"":7,""p"":0.0020433597178569417,""r"":28}",
      1024,       259,         0,   0.339,chromobius,5aaf6b016c54d70b56bf3dec32820e17ad5239f7290680b075392d2878e5f6f8,"{""d"":7,""p"":0.0028072162039411755,""r"":28}",
      4096,       740,         0,    1.17,chromobius,39713c4d53e68cf1f8a7cf21e8d309bb69ed69683718e4ec5cb2c193c9a62cbd,"{""d"":7,""p"":0.002395026619987486,""r"":28}",
      1024,       275,         0,   0.348,chromobius,5aaf6b016c54d70b56bf3dec32820e17ad5239f7290680b075392d2878e5f6f8,"{""d"":7,""p"":0.0028072162039411755,""r"":28}",
      1024,       276,         0,   0.357,chromobius,5aaf6b016c54d70b56bf3dec32820e17ad5239f7290680b075392d2878e5f6f8,"{""d"":7,""p"":0.0028072162039411755,""r"":28}",
      8192,       698,         0,    1.47,chromobius,c1bddeb537f0b5826c896f515012b84a0cc03ff79efdefcddf851f4714818fc0,"{""d"":7,""p"":0.0017433288221999873,""r"":28}",
      1024,       266,         0,   0.353,chromobius,5aaf6b016c54d70b56bf3dec32820e17ad5239f7290680b075392d2878e5f6f8,"{""d"":7,""p"":0.0028072162039411755,""r"":28}",
       273,       103,         0,   0.108,chromobius,18d0f23e73f4d796e14aa3d1c01c37e9b4e3a744d4d0b7fbe8167960dc4074ea,"{""d"":7,""p"":0.0032903445623126675,""r"":28}",
      7168,       918,         0,    1.62,chromobius,a1af5460a1a7374efc65d28e96c5886b97e218d7a77292f7dc742fcb81c662bd,"{""d"":7,""p"":0.0020433597178569417,""r"":28}",
      1024,       279,         0,   0.339,chromobius,5aaf6b016c54d70b56bf3dec32820e17ad5239f7290680b075392d2878e5f6f8,"{""d"":7,""p"":0.0028072162039411755,""r"":28}",
      1024,       347,         0,   0.411,chromobius,18d0f23e73f4d796e14aa3d1c01c37e9b4e3a744d4d0b7fbe8167960dc4074ea,"{""d"":7,""p"":0.0032903445623126675,""r"":28}",
      6144,      1108,         0,    1.72,chromobius,39713c4d53e68cf1f8a7cf21e8d309bb69ed69683718e4ec5cb2c193c9a62cbd,"{""d"":7,""p"":0.002395026619987486,""r"":28}",
      1024,       328,         0,   0.409,chromobius,18d0f23e73f4d796e14aa3d1c01c37e9b4e3a744d4d0b7fbe8167960dc4074ea,"{""d"":7,""p"":0.0032903445623126675,""r"":28}",
        17,         8,         0,   0.011,chromobius,73a771f3d358eae61e84b320e561ae8347ea286cabbaaca408e4426a7aa50a02,"{""d"":7,""p"":0.0038566204211634724,""r"":28}",
       256,       106,         0,   0.131,chromobius,73a771f3d358eae61e84b320e561ae8347ea286cabbaaca408e4426a7aa50a02,"{""d"":7,""p"":0.0038566204211634724,""r"":28}",
      2048,       583,         0,   0.680,chromobius,5aaf6b016c54d70b56bf3dec32820e17ad5239f7290680b075392d2878e5f6f8,"{""d"":7,""p"":0.0028072162039411755,""r"":28}",
      1024,       360,         0,   0.415,chromobius,18d0f23e73f4d796e14aa3d1c01c37e9b4e3a744d4d0b7fbe8167960dc4074ea,"{""d"":7,""p"":0.0032903445623126675,""r"":28}",
      1024,       443,         0,   0.519,chromobius,73a771f3d358eae61e84b320e561ae8347ea286cabbaaca408e4426a7aa50a02,"{""d"":7,""p"":0.0038566204211634724,""r"":28}",
      6144,       839,         0,    1.39,chromobius,a1af5460a1a7374efc65d28e96c5886b97e218d7a77292f7dc742fcb81c662bd,"{""d"":7,""p"":0.0020433597178569417,""r"":28}",
      1024,       361,         0,   0.423,chromobius,18d0f23e73f4d796e14aa3d1c01c37e9b4e3a744d4d0b7fbe8167960dc4074ea,"{""d"":7,""p"":0.0032903445623126675,""r"":28}",
      2048,       554,         0,   0.682,chromobius,5aaf6b016c54d70b56bf3dec32820e17ad5239f7290680b075392d2878e5f6f8,"{""d"":7,""p"":0.0028072162039411755,""r"":28}",
        17,         6,         0,   0.014,chromobius,d23cd94ee9953a57fe47d5a8a11838c02db7f1882780ac14d0af4d5c05d6bae0,"{""d"":7,""p"":0.004520353656360241,""r"":28}",
       256,       110,         0,   0.178,chromobius,d23cd94ee9953a57fe47d5a8a11838c02db7f1882780ac14d0af4d5c05d6bae0,"{""d"":7,""p"":0.004520353656360241,""r"":28}",
      1024,       421,         0,   0.566,chromobius,73a771f3d358eae61e84b320e561ae8347ea286cabbaaca408e4426a7aa50a02,"{""d"":7,""p"":0.0038566204211634724,""r"":28}",
      1024,       353,         0,   0.465,chromobius,18d0f23e73f4d796e14aa3d1c01c37e9b4e3a744d4d0b7fbe8167960dc4074ea,"{""d"":7,""p"":0.0032903445623126675,""r"":28}",
       512,       226,         0,   0.316,chromobius,d23cd94ee9953a57fe47d5a8a11838c02db7f1882780ac14d0af4d5c05d6bae0,"{""d"":7,""p"":0.004520353656360241,""r"":28}",
      1024,       349,         0,   0.414,chromobius,18d0f23e73f4d796e14aa3d1c01c37e9b4e3a744d4d0b7fbe8167960dc4074ea,"{""d"":7,""p"":0.0032903445623126675,""r"":28}",
      1024,       442,         0,   0.516,chromobius,73a771f3d358eae61e84b320e561ae8347ea286cabbaaca408e4426a7aa50a02,"{""d"":7,""p"":0.0038566204211634724,""r"":28}",
       512,       240,         0,   0.307,chromobius,d23cd94ee9953a57fe47d5a8a11838c02db7f1882780ac14d0af4d5c05d6bae0,"{""d"":7,""p"":0.004520353656360241,""r"":28}",
      3072,       801,         0,    1.01,chromobius,5aaf6b016c54d70b56bf3dec32820e17ad5239f7290680b075392d2878e5f6f8,"{""d"":7,""p"":0.0028072162039411755,""r"":28}",
       512,       254,         0,   0.313,chromobius,d23cd94ee9953a57fe47d5a8a11838c02db7f1882780ac14d0af4d5c05d6bae0,"{""d"":7,""p"":0.004520353656360241,""r"":28}",
      1024,       349,         0,   0.412,chromobius,18d0f23e73f4d796e14aa3d1c01c37e9b4e3a744d4d0b7fbe8167960dc4074ea,"{""d"":7,""p"":0.0032903445623126675,""r"":28}",
      1024,       426,         0,   0.517,chromobius,73a771f3d358eae61e84b320e561ae8347ea286cabbaaca408e4426a7aa50a02,"{""d"":7,""p"":0.0038566204211634724,""r"":28}",
       512,       246,         0,   0.313,chromobius,d23cd94ee9953a57fe47d5a8a11838c02db7f1882780ac14d0af4d5c05d6bae0,"{""d"":7,""p"":0.004520353656360241,""r"":28}",
      2048,       546,         0,   0.666,chromobius,5aaf6b016c54d70b56bf3dec32820e17ad5239f7290680b075392d2878e5f6f8,"{""d"":7,""p"":0.0028072162039411755,""r"":28}",
      1024,       350,         0,   0.422,chromobius,18d0f23e73f4d796e14aa3d1c01c37e9b4e3a744d4d0b7fbe8167960dc4074ea,"{""d"":7,""p"":0.0032903445623126675,""r"":28}",
        17,         8,         0,   0.017,chromobius,aa1c29f94717dcc67c8b6424b7a80e968e971be1a8b4f5d10e80e0df7efe6017,"{""d"":7,""p"":0.005298316906283708,""r"":28}",
       512,       246,         0,   0.353,chromobius,d23cd94ee9953a57fe47d5a8a11838c02db7f1882780ac14d0af4d5c05d6bae0,"{""d"":7,""p"":0.004520353656360241,""r"":28}",
      1024,       414,         0,   0.504,chromobius,73a771f3d358eae61e84b320e561ae8347ea286cabbaaca408e4426a7aa50a02,"{""d"":7,""p"":0.0038566204211634724,""r"":28}",
       256,       137,         0,   0.210,chromobius,aa1c29f94717dcc67c8b6424b7a80e968e971be1a8b4f5d10e80e0df7efe6017,"{""d"":7,""p"":0.005298316906283708,""r"":28}",
      1024,       355,         0,   0.471,chromobius,18d0f23e73f4d796e14aa3d1c01c37e9b4e3a744d4d0b7fbe8167960dc4074ea,"{""d"":7,""p"":0.0032903445623126675,""r"":28}",
       512,       241,         0,   0.314,chromobius,d23cd94ee9953a57fe47d5a8a11838c02db7f1882780ac14d0af4d5c05d6bae0,"{""d"":7,""p"":0.004520353656360241,""r"":28}",
       512,       261,         0,   0.372,chromobius,aa1c29f94717dcc67c8b6424b7a80e968e971be1a8b4f5d10e80e0df7efe6017,"{""d"":7,""p"":0.005298316906283708,""r"":28}",
      1024,       422,         0,   0.538,chromobius,73a771f3d358eae61e84b320e561ae8347ea286cabbaaca408e4426a7aa50a02,"{""d"":7,""p"":0.0038566204211634724,""r"":28}",
       512,       240,         0,   0.313,chromobius,d23cd94ee9953a57fe47d5a8a11838c02db7f1882780ac14d0af4d5c05d6bae0,"{""d"":7,""p"":0.004520353656360241,""r"":28}",
      1024,       357,         0,   0.429,chromobius,18d0f23e73f4d796e14aa3d1c01c37e9b4e3a744d4d0b7fbe8167960dc4074ea,"{""d"":7,""p"":0.0032903445623126675,""r"":28}",
       512,       258,         0,   0.375,chromobius,aa1c29f94717dcc67c8b6424b7a80e968e971be1a8b4f5d10e80e0df7efe6017,"{""d"":7,""p"":0.005298316906283708,""r"":28}",
       512,       256,         0,   0.311,chromobius,d23cd94ee9953a57fe47d5a8a11838c02db7f1882780ac14d0af4d5c05d6bae0,"{""d"":7,""p"":0.004520353656360241,""r"":28}",
      1024,       432,         0,   0.510,chromobius,73a771f3d358eae61e84b320e561ae8347ea286cabbaaca408e4426a7aa50a02,"{""d"":7,""p"":0.0038566204211634724,""r"":28}",
      1024,       373,         0,   0.416,chromobius,18d0f23e73f4d796e14aa3d1c01c37e9b4e3a744d4d0b7fbe8167960dc4074ea,"{""d"":7,""p"":0.0032903445623126675,""r"":28}",
       512,       224,         0,   0.323,chromobius,d23cd94ee9953a57fe47d5a8a11838c02db7f1882780ac14d0af4d5c05d6bae0,"{""d"":7,""p"":0.004520353656360241,""r"":28}",
       512,       257,         0,   0.377,chromobius,aa1c29f94717dcc67c8b6424b7a80e968e971be1a8b4f5d10e80e0df7efe6017,"{""d"":7,""p"":0.005298316906283708,""r"":28}",
      1024,       444,         0,   0.510,chromobius,73a771f3d358eae61e84b320e561ae8347ea286cabbaaca408e4426a7aa50a02,"{""d"":7,""p"":0.0038566204211634724,""r"":28}",
       512,       263,         0,   0.388,chromobius,aa1c29f94717dcc67c8b6424b7a80e968e971be1a8b4f5d10e80e0df7efe6017,"{""d"":7,""p"":0.005298316906283708,""r"":28}",
      1024,       476,         0,   0.619,chromobius,d23cd94ee9953a57fe47d5a8a11838c02db7f1882780ac14d0af4d5c05d6bae0,"{""d"":7,""p"":0.004520353656360241,""r"":28}",
      2048,       717,         0,   0.821,chromobius,18d0f23e73f4d796e14aa3d1c01c37e9b4e3a744d4d0b7fbe8167960dc4074ea,"{""d"":7,""p"":0.0032903445623126675,""r"":28}",
       512,       248,         0,   0.376,chromobius,aa1c29f94717dcc67c8b6424b7a80e968e971be1a8b4f5d10e80e0df7efe6017,"{""d"":7,""p"":0.005298316906283708,""r"":28}",
      1024,       433,         0,   0.518,chromobius,73a771f3d358eae61e84b320e561ae8347ea286cabbaaca408e4426a7aa50a02,"{""d"":7,""p"":0.0038566204211634724,""r"":28}",
      1024,       333,         0,   0.416,chromobius,18d0f23e73f4d796e14aa3d1c01c37e9b4e3a744d4d0b7fbe8167960dc4074ea,"{""d"":7,""p"":0.0032903445623126675,""r"":28}",
       512,       239,         0,   0.371,chromobius,aa1c29f94717dcc67c8b6424b7a80e968e971be1a8b4f5d10e80e0df7efe6017,"{""d"":7,""p"":0.005298316906283708,""r"":28}",
        17,        11,         0,   0.017,chromobius,c7c40c943af49d76d760dc2da2f3493f2985f7fad88d6860e200a38b890879dd,"{""d"":7,""p"":0.006210169418915616,""r"":28}",
      1024,       506,         0,   0.627,chromobius,d23cd94ee9953a57fe47d5a8a11838c02db7f1882780ac14d0af4d5c05d6bae0,"{""d"":7,""p"":0.004520353656360241,""r"":28}",
      1024,       408,         0,   0.526,chromobius,73a771f3d358eae61e84b320e561ae8347ea286cabbaaca408e4426a7aa50a02,"{""d"":7,""p"":0.0038566204211634724,""r"":28}",
       256,       122,         0,   0.229,chromobius,c7c40c943af49d76d760dc2da2f3493f2985f7fad88d6860e200a38b890879dd,"{""d"":7,""p"":0.006210169418915616,""r"":28}",
       512,       234,         0,   0.383,chromobius,aa1c29f94717dcc67c8b6424b7a80e968e971be1a8b4f5d10e80e0df7efe6017,"{""d"":7,""p"":0.005298316906283708,""r"":28}",
       512,       236,         0,   0.364,chromobius,aa1c29f94717dcc67c8b6424b7a80e968e971be1a8b4f5d10e80e0df7efe6017,"{""d"":7,""p"":0.005298316906283708,""r"":28}",
       512,       253,         0,   0.456,chromobius,c7c40c943af49d76d760dc2da2f3493f2985f7fad88d6860e200a38b890879dd,"{""d"":7,""p"":0.006210169418915616,""r"":28}",
   5391360,       193,         0,    62.5,chromobius,8562deb712fbe9c95a7939eed81919cf140630566f328157eba555a4166917d2,"{""d"":7,""p"":0.0001,""r"":28}",
      1536,       691,         0,   0.931,chromobius,d23cd94ee9953a57fe47d5a8a11838c02db7f1882780ac14d0af4d5c05d6bae0,"{""d"":7,""p"":0.004520353656360241,""r"":28}",
       512,       262,         0,   0.378,chromobius,aa1c29f94717dcc67c8b6424b7a80e968e971be1a8b4f5d10e80e0df7efe6017,"{""d"":7,""p"":0.005298316906283708,""r"":28}",
       512,       255,         0,   0.447,chromobius,c7c40c943af49d76d760dc2da2f3493f2985f7fad88d6860e200a38b890879dd,"{""d"":7,""p"":0.006210169418915616,""r"":28}",
   4962304,       256,         0,    62.5,chromobius,ba93c99b343768e2d457113e86ccc0ec16aac158ce8b851d1b5b20fa6b37a6d3,"{""d"":7,""p"":0.00011721022975334806,""r"":28}",
      2048,       876,         0,    1.02,chromobius,73a771f3d358eae61e84b320e561ae8347ea286cabbaaca408e4426a7aa50a02,"{""d"":7,""p"":0.0038566204211634724,""r"":28}",
        17,        13,         0,   0.023,chromobius,a5b7c54bff8205e5d2619354d0d6fbbbfcbf8772e515bf7fa6cecf570ad0ce7f,"{""d"":7,""p"":0.007278953843983146,""r"":28}",
       256,       114,         0,   0.280,chromobius,a5b7c54bff8205e5d2619354d0d6fbbbfcbf8772e515bf7fa6cecf570ad0ce7f,"{""d"":7,""p"":0.007278953843983146,""r"":28}",
       512,       271,         0,   0.469,chromobius,c7c40c943af49d76d760dc2da2f3493f2985f7fad88d6860e200a38b890879dd,"{""d"":7,""p"":0.006210169418915616,""r"":28}",
      1024,       518,         0,   0.762,chromobius,aa1c29f94717dcc67c8b6424b7a80e968e971be1a8b4f5d10e80e0df7efe6017,"{""d"":7,""p"":0.005298316906283708,""r"":28}",
   4345856,       345,         0,    62.6,chromobius,e4e7bd668f7bd59307bb65e674a7fa363934dade6c0a59c0a8868d523a79a039,"{""d"":7,""p"":0.00013738237958832623,""r"":28}",
   3848192,       433,         0,    62.6,chromobius,ba066e6c3d734223863ceec1e2a10ca61096aaec15d36a392ab050e82f64fb49,"{""d"":7,""p"":0.00016102620275609394,""r"":28}",
       512,       271,         0,   0.464,chromobius,c7c40c943af49d76d760dc2da2f3493f2985f7fad88d6860e200a38b890879dd,"{""d"":7,""p"":0.006210169418915616,""r"":28}",
       512,       236,         0,   0.554,chromobius,a5b7c54bff8205e5d2619354d0d6fbbbfcbf8772e515bf7fa6cecf570ad0ce7f,"{""d"":7,""p"":0.007278953843983146,""r"":28}",
      2048,       939,         0,    1.24,chromobius,d23cd94ee9953a57fe47d5a8a11838c02db7f1882780ac14d0af4d5c05d6bae0,"{""d"":7,""p"":0.004520353656360241,""r"":28}",
       512,       256,         0,   0.314,chromobius,d23cd94ee9953a57fe47d5a8a11838c02db7f1882780ac14d0af4d5c05d6bae0,"{""d"":7,""p"":0.004520353656360241,""r"":28}",
      1024,       539,         0,   0.738,chromobius,aa1c29f94717dcc67c8b6424b7a80e968e971be1a8b4f5d10e80e0df7efe6017,"{""d"":7,""p"":0.005298316906283708,""r"":28}",
       512,       253,         0,   0.481,chromobius,c7c40c943af49d76d760dc2da2f3493f2985f7fad88d6860e200a38b890879dd,"{""d"":7,""p"":0.006210169418915616,""r"":28}",
        17,        15,         0,   0.024,chromobius,9b76a51791de79252f52ec82f41f11260bd86e583a781c955307fd2972274038,"{""d"":7,""p"":0.008531678524172805,""r"":28}",
       512,       251,         0,   0.545,chromobius,a5b7c54bff8205e5d2619354d0d6fbbbfcbf8772e515bf7fa6cecf570ad0ce7f,"{""d"":7,""p"":0.007278953843983146,""r"":28}",
   3147776,       548,         0,    62.7,chromobius,3648260e3dec8251d78e1ebf565be6ef1662659aef66f3f80545124f464ec10e,"{""d"":7,""p"":0.00018873918221350977,""r"":28}",
       256,       112,         0,   0.326,chromobius,9b76a51791de79252f52ec82f41f11260bd86e583a781c955307fd2972274038,"{""d"":7,""p"":0.008531678524172805,""r"":28}",
       512,       264,         0,   0.467,chromobius,c7c40c943af49d76d760dc2da2f3493f2985f7fad88d6860e200a38b890879dd,"{""d"":7,""p"":0.006210169418915616,""r"":28}",
       512,       250,         0,   0.547,chromobius,a5b7c54bff8205e5d2619354d0d6fbbbfcbf8772e515bf7fa6cecf570ad0ce7f,"{""d"":7,""p"":0.007278953843983146,""r"":28}",
       256,       132,         0,   0.333,chromobius,9b76a51791de79252f52ec82f41f11260bd86e583a781c955307fd2972274038,"{""d"":7,""p"":0.008531678524172805,""r"":28}",
       512,       251,         0,   0.467,chromobius,c7c40c943af49d76d760dc2da2f3493f2985f7fad88d6860e200a38b890879dd,"{""d"":7,""p"":0.006210169418915616,""r"":28}",
   2742272,       690,         0,    62.7,chromobius,5bd7258f8ddfd30dc189ec51bb1eb10eebd506ad771dae6c33f786bb3fcb6f39,"{""d"":7,""p"":0.000221221629107045,""r"":28}",
       256,       125,         0,   0.346,chromobius,9b76a51791de79252f52ec82f41f11260bd86e583a781c955307fd2972274038,"{""d"":7,""p"":0.008531678524172805,""r"":28}",
      1536,       746,         0,    1.12,chromobius,aa1c29f94717dcc67c8b6424b7a80e968e971be1a8b4f5d10e80e0df7efe6017,"{""d"":7,""p"":0.005298316906283708,""r"":28}",
       512,       256,         0,   0.560,chromobius,a5b7c54bff8205e5d2619354d0d6fbbbfcbf8772e515bf7fa6cecf570ad0ce7f,"{""d"":7,""p"":0.007278953843983146,""r"":28}",
       512,       255,         0,   0.445,chromobius,c7c40c943af49d76d760dc2da2f3493f2985f7fad88d6860e200a38b890879dd,"{""d"":7,""p"":0.006210169418915616,""r"":28}",
       256,       125,         0,   0.337,chromobius,9b76a51791de79252f52ec82f41f11260bd86e583a781c955307fd2972274038,"{""d"":7,""p"":0.008531678524172805,""r"":28}",
   2361344,       947,         0,    62.8,chromobius,9b71470d7dc607e7353658ea1c70a8f15b7c5dc1989949ad3d57d7dad7a6eadb,"{""d"":7,""p"":0.0002592943797404667,""r"":28}",
       256,       119,         0,   0.335,chromobius,9b76a51791de79252f52ec82f41f11260bd86e583a781c955307fd2972274038,"{""d"":7,""p"":0.008531678524172805,""r"":28}",
       512,       287,         0,   0.564,chromobius,a5b7c54bff8205e5d2619354d0d6fbbbfcbf8772e515bf7fa6cecf570ad0ce7f,"{""d"":7,""p"":0.007278953843983146,""r"":28}",
       512,       247,         0,   0.459,chromobius,c7c40c943af49d76d760dc2da2f3493f2985f7fad88d6860e200a38b890879dd,"{""d"":7,""p"":0.006210169418915616,""r"":28}",
       256,       129,         0,   0.340,chromobius,9b76a51791de79252f52ec82f41f11260bd86e583a781c955307fd2972274038,"{""d"":7,""p"":0.008531678524172805,""r"":28}",
      1536,       730,         0,    1.13,chromobius,aa1c29f94717dcc67c8b6424b7a80e968e971be1a8b4f5d10e80e0df7efe6017,"{""d"":7,""p"":0.005298316906283708,""r"":28}",
       512,       232,         0,   0.467,chromobius,c7c40c943af49d76d760dc2da2f3493f2985f7fad88d6860e200a38b890879dd,"{""d"":7,""p"":0.006210169418915616,""r"":28}",
       512,       248,         0,   0.563,chromobius,a5b7c54bff8205e5d2619354d0d6fbbbfcbf8772e515bf7fa6cecf570ad0ce7f,"{""d"":7,""p"":0.007278953843983146,""r"":28}",
       256,       119,         0,   0.323,chromobius,9b76a51791de79252f52ec82f41f11260bd86e583a781c955307fd2972274038,"{""d"":7,""p"":0.008531678524172805,""r"":28}",
       512,       239,         0,   0.374,chromobius,aa1c29f94717dcc67c8b6424b7a80e968e971be1a8b4f5d10e80e0df7efe6017,"{""d"":7,""p"":0.005298316906283708,""r"":28}",
       256,       126,         0,   0.329,chromobius,9b76a51791de79252f52ec82f41f11260bd86e583a781c955307fd2972274038,"{""d"":7,""p"":0.008531678524172805,""r"":28}",
        17,         8,         0,   0.030,chromobius,e316193b0a52842fbc0b8100ad29c1573d6d79b0c5520c89338477c8758e5374,"{""d"":7,""p"":0.01,""r"":28}",
       512,       242,         0,   0.572,chromobius,a5b7c54bff8205e5d2619354d0d6fbbbfcbf8772e515bf7fa6cecf570ad0ce7f,"{""d"":7,""p"":0.007278953843983146,""r"":28}",
   2066432,      1320,         0,    62.8,chromobius,a400fc843981faeef121f2f4abaf3fa5bfd7ec3a0108311a682703f857539f1b,"{""d"":7,""p"":0.0003039195382313198,""r"":28}",
       256,       123,         0,   0.329,chromobius,9b76a51791de79252f52ec82f41f11260bd86e583a781c955307fd2972274038,"{""d"":7,""p"":0.008531678524172805,""r"":28}",
       256,       120,         0,   0.392,chromobius,e316193b0a52842fbc0b8100ad29c1573d6d79b0c5520c89338477c8758e5374,"{""d"":7,""p"":0.01,""r"":28}",
      1024,       534,         0,   0.930,chromobius,c7c40c943af49d76d760dc2da2f3493f2985f7fad88d6860e200a38b890879dd,"{""d"":7,""p"":0.006210169418915616,""r"":28}",
       256,       125,         0,   0.325,chromobius,9b76a51791de79252f52ec82f41f11260bd86e583a781c955307fd2972274038,"{""d"":7,""p"":0.008531678524172805,""r"":28}",
       512,       246,         0,   0.562,chromobius,a5b7c54bff8205e5d2619354d0d6fbbbfcbf8772e515bf7fa6cecf570ad0ce7f,"{""d"":7,""p"":0.007278953843983146,""r"":28}",
       256,       114,         0,   0.399,chromobius,e316193b0a52842fbc0b8100ad29c1573d6d79b0c5520c89338477c8758e5374,"{""d"":7,""p"":0.01,""r"":28}",
       256,       132,         0,   0.392,chromobius,e316193b0a52842fbc0b8100ad29c1573d6d79b0c5520c89338477c8758e5374,"{""d"":7,""p"":0.01,""r"":28}",
       512,       273,         0,   0.559,chromobius,a5b7c54bff8205e5d2619354d0d6fbbbfcbf8772e515bf7fa6cecf570ad0ce7f,"{""d"":7,""p"":0.007278953843983146,""r"":28}",
       512,       271,         0,   0.664,chromobius,9b76a51791de79252f52ec82f41f11260bd86e583a781c955307fd2972274038,"{""d"":7,""p"":0.008531678524172805,""r"":28}",
      1024,       508,         0,   0.941,chromobius,c7c40c943af49d76d760dc2da2f3493f2985f7fad88d6860e200a38b890879dd,"{""d"":7,""p"":0.006210169418915616,""r"":28}",
       256,       136,         0,   0.394,chromobius,e316193b0a52842fbc0b8100ad29c1573d6d79b0c5520c89338477c8758e5374,"{""d"":7,""p"":0.01,""r"":28}",
       512,       244,         0,   0.555,chromobius,a5b7c54bff8205e5d2619354d0d6fbbbfcbf8772e515bf7fa6cecf570ad0ce7f,"{""d"":7,""p"":0.007278953843983146,""r"":28}",
       256,       127,         0,   0.401,chromobius,e316193b0a52842fbc0b8100ad29c1573d6d79b0c5520c89338477c8758e5374,"{""d"":7,""p"":0.01,""r"":28}",
       512,       255,         0,   0.669,chromobius,9b76a51791de79252f52ec82f41f11260bd86e583a781c955307fd2972274038,"{""d"":7,""p"":0.008531678524172805,""r"":28}",
       256,       131,         0,   0.389,chromobius,e316193b0a52842fbc0b8100ad29c1573d6d79b0c5520c89338477c8758e5374,"{""d"":7,""p"":0.01,""r"":28}",
       256,       128,         0,   0.387,chromobius,e316193b0a52842fbc0b8100ad29c1573d6d79b0c5520c89338477c8758e5374,"{""d"":7,""p"":0.01,""r"":28}",
      1536,       756,         0,    1.41,chromobius,c7c40c943af49d76d760dc2da2f3493f2985f7fad88d6860e200a38b890879dd,"{""d"":7,""p"":0.006210169418915616,""r"":28}",
      1024,       510,         0,    1.12,chromobius,a5b7c54bff8205e5d2619354d0d6fbbbfcbf8772e515bf7fa6cecf570ad0ce7f,"{""d"":7,""p"":0.007278953843983146,""r"":28}",
       768,       373,         0,   0.998,chromobius,9b76a51791de79252f52ec82f41f11260bd86e583a781c955307fd2972274038,"{""d"":7,""p"":0.008531678524172805,""r"":28}",
       256,       127,         0,   0.412,chromobius,e316193b0a52842fbc0b8100ad29c1573d6d79b0c5520c89338477c8758e5374,"{""d"":7,""p"":0.01,""r"":28}",
       256,       121,         0,   0.386,chromobius,e316193b0a52842fbc0b8100ad29c1573d6d79b0c5520c89338477c8758e5374,"{""d"":7,""p"":0.01,""r"":28}",
       256,       120,         0,   0.390,chromobius,e316193b0a52842fbc0b8100ad29c1573d6d79b0c5520c89338477c8758e5374,"{""d"":7,""p"":0.01,""r"":28}",
      1024,       515,         0,    1.13,chromobius,a5b7c54bff8205e5d2619354d0d6fbbbfcbf8772e515bf7fa6cecf570ad0ce7f,"{""d"":7,""p"":0.007278953843983146,""r"":28}",
      1536,       734,         0,    1.41,chromobius,c7c40c943af49d76d760dc2da2f3493f2985f7fad88d6860e200a38b890879dd,"{""d"":7,""p"":0.006210169418915616,""r"":28}",
      1024,       509,         0,    1.34,chromobius,9b76a51791de79252f52ec82f41f11260bd86e583a781c955307fd2972274038,"{""d"":7,""p"":0.008531678524172805,""r"":28}",
       273,         0,         0,   0.012,chromobius,714b8923ad86ebe6023090399115f48f80125ec8f44492cb366177c9bf154b6f,"{""d"":9,""p"":0.0001,""r"":36}",
      1024,         0,         0,   0.029,chromobius,714b8923ad86ebe6023090399115f48f80125ec8f44492cb366177c9bf154b6f,"{""d"":9,""p"":0.0001,""r"":36}",
      1024,         0,         0,   0.029,chromobius,714b8923ad86ebe6023090399115f48f80125ec8f44492cb366177c9bf154b6f,"{""d"":9,""p"":0.0001,""r"":36}",
      1024,         0,         0,   0.029,chromobius,714b8923ad86ebe6023090399115f48f80125ec8f44492cb366177c9bf154b6f,"{""d"":9,""p"":0.0001,""r"":36}",
      2048,         0,         0,   0.058,chromobius,714b8923ad86ebe6023090399115f48f80125ec8f44492cb366177c9bf154b6f,"{""d"":9,""p"":0.0001,""r"":36}",
      2048,         0,         0,   0.058,chromobius,714b8923ad86ebe6023090399115f48f80125ec8f44492cb366177c9bf154b6f,"{""d"":9,""p"":0.0001,""r"":36}",
       512,       241,         0,   0.792,chromobius,e316193b0a52842fbc0b8100ad29c1573d6d79b0c5520c89338477c8758e5374,"{""d"":7,""p"":0.01,""r"":28}",
      3072,         0,         0,   0.094,chromobius,714b8923ad86ebe6023090399115f48f80125ec8f44492cb366177c9bf154b6f,"{""d"":9,""p"":0.0001,""r"":36}",
      4096,         0,         0,   0.129,chromobius,714b8923ad86ebe6023090399115f48f80125ec8f44492cb366177c9bf154b6f,"{""d"":9,""p"":0.0001,""r"":36}",
      5120,         0,         0,   0.160,chromobius,714b8923ad86ebe6023090399115f48f80125ec8f44492cb366177c9bf154b6f,"{""d"":9,""p"":0.0001,""r"":36}",
      7168,         0,         0,   0.215,chromobius,714b8923ad86ebe6023090399115f48f80125ec8f44492cb366177c9bf154b6f,"{""d"":9,""p"":0.0001,""r"":36}",
       512,       258,         0,   0.772,chromobius,e316193b0a52842fbc0b8100ad29c1573d6d79b0c5520c89338477c8758e5374,"{""d"":7,""p"":0.01,""r"":28}",
     10240,         0,         0,   0.306,chromobius,714b8923ad86ebe6023090399115f48f80125ec8f44492cb366177c9bf154b6f,"{""d"":9,""p"":0.0001,""r"":36}",
      1536,       762,         0,    1.63,chromobius,a5b7c54bff8205e5d2619354d0d6fbbbfcbf8772e515bf7fa6cecf570ad0ce7f,"{""d"":7,""p"":0.007278953843983146,""r"":28}",
     14336,         0,         0,   0.424,chromobius,714b8923ad86ebe6023090399115f48f80125ec8f44492cb366177c9bf154b6f,"{""d"":9,""p"":0.0001,""r"":36}",
      1280,       635,         0,    1.70,chromobius,9b76a51791de79252f52ec82f41f11260bd86e583a781c955307fd2972274038,"{""d"":7,""p"":0.008531678524172805,""r"":28}",
     18432,         0,         0,   0.571,chromobius,714b8923ad86ebe6023090399115f48f80125ec8f44492cb366177c9bf154b6f,"{""d"":9,""p"":0.0001,""r"":36}",
       768,       374,         0,    1.16,chromobius,e316193b0a52842fbc0b8100ad29c1573d6d79b0c5520c89338477c8758e5374,"{""d"":7,""p"":0.01,""r"":28}",
      1536,       770,         0,    1.64,chromobius,a5b7c54bff8205e5d2619354d0d6fbbbfcbf8772e515bf7fa6cecf570ad0ce7f,"{""d"":7,""p"":0.007278953843983146,""r"":28}",
     26624,         0,         0,   0.807,chromobius,714b8923ad86ebe6023090399115f48f80125ec8f44492cb366177c9bf154b6f,"{""d"":9,""p"":0.0001,""r"":36}",
       273,         0,         0,   0.013,chromobius,e7e27ae73958b7a6168ca601d7b6aef5a000482f8970f0d573bb698835333aa6,"{""d"":9,""p"":0.00011721022975334806,""r"":36}",
      1024,         0,         0,   0.038,chromobius,e7e27ae73958b7a6168ca601d7b6aef5a000482f8970f0d573bb698835333aa6,"{""d"":9,""p"":0.00011721022975334806,""r"":36}",
      1024,         0,         0,   0.037,chromobius,e7e27ae73958b7a6168ca601d7b6aef5a000482f8970f0d573bb698835333aa6,"{""d"":9,""p"":0.00011721022975334806,""r"":36}",
      1024,         0,         0,   0.036,chromobius,e7e27ae73958b7a6168ca601d7b6aef5a000482f8970f0d573bb698835333aa6,"{""d"":9,""p"":0.00011721022975334806,""r"":36}",
      2048,         0,         0,   0.067,chromobius,e7e27ae73958b7a6168ca601d7b6aef5a000482f8970f0d573bb698835333aa6,"{""d"":9,""p"":0.00011721022975334806,""r"":36}",
       768,       370,         0,    1.16,chromobius,e316193b0a52842fbc0b8100ad29c1573d6d79b0c5520c89338477c8758e5374,"{""d"":7,""p"":0.01,""r"":28}",
      2048,         0,         0,   0.065,chromobius,e7e27ae73958b7a6168ca601d7b6aef5a000482f8970f0d573bb698835333aa6,"{""d"":9,""p"":0.00011721022975334806,""r"":36}",
      3072,         0,         0,   0.100,chromobius,e7e27ae73958b7a6168ca601d7b6aef5a000482f8970f0d573bb698835333aa6,"{""d"":9,""p"":0.00011721022975334806,""r"":36}",
      4096,         0,         0,   0.131,chromobius,e7e27ae73958b7a6168ca601d7b6aef5a000482f8970f0d573bb698835333aa6,"{""d"":9,""p"":0.00011721022975334806,""r"":36}",
      5120,         0,         0,   0.167,chromobius,e7e27ae73958b7a6168ca601d7b6aef5a000482f8970f0d573bb698835333aa6,"{""d"":9,""p"":0.00011721022975334806,""r"":36}",
      1792,       939,         0,    2.31,chromobius,9b76a51791de79252f52ec82f41f11260bd86e583a781c955307fd2972274038,"{""d"":7,""p"":0.008531678524172805,""r"":28}",
      7168,         0,         0,   0.236,chromobius,e7e27ae73958b7a6168ca601d7b6aef5a000482f8970f0d573bb698835333aa6,"{""d"":9,""p"":0.00011721022975334806,""r"":36}",
     38912,         0,         0,    1.13,chromobius,714b8923ad86ebe6023090399115f48f80125ec8f44492cb366177c9bf154b6f,"{""d"":9,""p"":0.0001,""r"":36}",
      9216,         0,         0,   0.306,chromobius,e7e27ae73958b7a6168ca601d7b6aef5a000482f8970f0d573bb698835333aa6,"{""d"":9,""p"":0.00011721022975334806,""r"":36}",
     13312,         0,         0,   0.436,chromobius,e7e27ae73958b7a6168ca601d7b6aef5a000482f8970f0d573bb698835333aa6,"{""d"":9,""p"":0.00011721022975334806,""r"":36}",
      1024,       513,         0,    1.57,chromobius,e316193b0a52842fbc0b8100ad29c1573d6d79b0c5520c89338477c8758e5374,"{""d"":7,""p"":0.01,""r"":28}",
     17408,         0,         0,   0.573,chromobius,e7e27ae73958b7a6168ca601d7b6aef5a000482f8970f0d573bb698835333aa6,"{""d"":9,""p"":0.00011721022975334806,""r"":36}",
     53248,         0,         0,    1.57,chromobius,714b8923ad86ebe6023090399115f48f80125ec8f44492cb366177c9bf154b6f,"{""d"":9,""p"":0.0001,""r"":36}",
     24576,         0,         0,   0.820,chromobius,e7e27ae73958b7a6168ca601d7b6aef5a000482f8970f0d573bb698835333aa6,"{""d"":9,""p"":0.00011721022975334806,""r"":36}",
      1792,       873,         0,    2.31,chromobius,9b76a51791de79252f52ec82f41f11260bd86e583a781c955307fd2972274038,"{""d"":7,""p"":0.008531678524172805,""r"":28}",
       273,         0,         0,   0.013,chromobius,97df0a92311185d569cf3bfc98bc6ea28e8b8d9ee55f913b674f3ef58f1a15bf,"{""d"":9,""p"":0.00013738237958832623,""r"":36}",
      1024,         0,         0,   0.038,chromobius,97df0a92311185d569cf3bfc98bc6ea28e8b8d9ee55f913b674f3ef58f1a15bf,"{""d"":9,""p"":0.00013738237958832623,""r"":36}",
      1024,         0,         0,   0.040,chromobius,97df0a92311185d569cf3bfc98bc6ea28e8b8d9ee55f913b674f3ef58f1a15bf,"{""d"":9,""p"":0.00013738237958832623,""r"":36}",
      1024,         0,         0,   0.042,chromobius,97df0a92311185d569cf3bfc98bc6ea28e8b8d9ee55f913b674f3ef58f1a15bf,"{""d"":9,""p"":0.00013738237958832623,""r"":36}",
      1024,         0,         0,   0.040,chromobius,97df0a92311185d569cf3bfc98bc6ea28e8b8d9ee55f913b674f3ef58f1a15bf,"{""d"":9,""p"":0.00013738237958832623,""r"":36}",
      2048,         0,         0,   0.080,chromobius,97df0a92311185d569cf3bfc98bc6ea28e8b8d9ee55f913b674f3ef58f1a15bf,"{""d"":9,""p"":0.00013738237958832623,""r"":36}",
      2048,         0,         0,   0.080,chromobius,97df0a92311185d569cf3bfc98bc6ea28e8b8d9ee55f913b674f3ef58f1a15bf,"{""d"":9,""p"":0.00013738237958832623,""r"":36}",
      3072,         0,         0,   0.116,chromobius,97df0a92311185d569cf3bfc98bc6ea28e8b8d9ee55f913b674f3ef58f1a15bf,"{""d"":9,""p"":0.00013738237958832623,""r"":36}",
      4096,         0,         0,   0.157,chromobius,97df0a92311185d569cf3bfc98bc6ea28e8b8d9ee55f913b674f3ef58f1a15bf,"{""d"":9,""p"":0.00013738237958832623,""r"":36}",
      6144,         0,         0,   0.229,chromobius,97df0a92311185d569cf3bfc98bc6ea28e8b8d9ee55f913b674f3ef58f1a15bf,"{""d"":9,""p"":0.00013738237958832623,""r"":36}",
     33792,         0,         0,    1.13,chromobius,e7e27ae73958b7a6168ca601d7b6aef5a000482f8970f0d573bb698835333aa6,"{""d"":9,""p"":0.00011721022975334806,""r"":36}",
      1536,       780,         0,    2.35,chromobius,e316193b0a52842fbc0b8100ad29c1573d6d79b0c5520c89338477c8758e5374,"{""d"":7,""p"":0.01,""r"":28}",
      8192,         0,         0,   0.320,chromobius,97df0a92311185d569cf3bfc98bc6ea28e8b8d9ee55f913b674f3ef58f1a15bf,"{""d"":9,""p"":0.00013738237958832623,""r"":36}",
     73728,         2,         0,    2.20,chromobius,714b8923ad86ebe6023090399115f48f80125ec8f44492cb366177c9bf154b6f,"{""d"":9,""p"":0.0001,""r"":36}",
     10240,         0,         0,   0.405,chromobius,97df0a92311185d569cf3bfc98bc6ea28e8b8d9ee55f913b674f3ef58f1a15bf,"{""d"":9,""p"":0.00013738237958832623,""r"":36}",
     15360,         0,         0,   0.603,chromobius,97df0a92311185d569cf3bfc98bc6ea28e8b8d9ee55f913b674f3ef58f1a15bf,"{""d"":9,""p"":0.00013738237958832623,""r"":36}",
     46080,         0,         0,    1.56,chromobius,e7e27ae73958b7a6168ca601d7b6aef5a000482f8970f0d573bb698835333aa6,"{""d"":9,""p"":0.00011721022975334806,""r"":36}",
     20480,         0,         0,   0.803,chromobius,97df0a92311185d569cf3bfc98bc6ea28e8b8d9ee55f913b674f3ef58f1a15bf,"{""d"":9,""p"":0.00013738237958832623,""r"":36}",
      2048,      1001,         0,    3.09,chromobius,e316193b0a52842fbc0b8100ad29c1573d6d79b0c5520c89338477c8758e5374,"{""d"":7,""p"":0.01,""r"":28}",
     29696,         0,         0,    1.13,chromobius,97df0a92311185d569cf3bfc98bc6ea28e8b8d9ee55f913b674f3ef58f1a15bf,"{""d"":9,""p"":0.00013738237958832623,""r"":36}",
    102400,         1,         0,    3.06,chromobius,714b8923ad86ebe6023090399115f48f80125ec8f44492cb366177c9bf154b6f,"{""d"":9,""p"":0.0001,""r"":36}",
     65536,         0,         0,    2.21,chromobius,e7e27ae73958b7a6168ca601d7b6aef5a000482f8970f0d573bb698835333aa6,"{""d"":9,""p"":0.00011721022975334806,""r"":36}",
       512,       265,         0,   0.769,chromobius,e316193b0a52842fbc0b8100ad29c1573d6d79b0c5520c89338477c8758e5374,"{""d"":7,""p"":0.01,""r"":28}",
       273,         0,         0,   0.014,chromobius,09c8d1caab2bbf957eb59924a07d92bb67d83d712d7b9474c0b76c175b8ac161,"{""d"":9,""p"":0.00016102620275609394,""r"":36}",
      1024,         0,         0,   0.047,chromobius,09c8d1caab2bbf957eb59924a07d92bb67d83d712d7b9474c0b76c175b8ac161,"{""d"":9,""p"":0.00016102620275609394,""r"":36}",
      1024,         0,         0,   0.046,chromobius,09c8d1caab2bbf957eb59924a07d92bb67d83d712d7b9474c0b76c175b8ac161,"{""d"":9,""p"":0.00016102620275609394,""r"":36}",
      1024,         0,         0,   0.047,chromobius,09c8d1caab2bbf957eb59924a07d92bb67d83d712d7b9474c0b76c175b8ac161,"{""d"":9,""p"":0.00016102620275609394,""r"":36}",
      1024,         0,         0,   0.048,chromobius,09c8d1caab2bbf957eb59924a07d92bb67d83d712d7b9474c0b76c175b8ac161,"{""d"":9,""p"":0.00016102620275609394,""r"":36}",
      2048,         0,         0,   0.093,chromobius,09c8d1caab2bbf957eb59924a07d92bb67d83d712d7b9474c0b76c175b8ac161,"{""d"":9,""p"":0.00016102620275609394,""r"":36}",
      2048,         0,         0,   0.096,chromobius,09c8d1caab2bbf957eb59924a07d92bb67d83d712d7b9474c0b76c175b8ac161,"{""d"":9,""p"":0.00016102620275609394,""r"":36}",
      3072,         0,         0,   0.141,chromobius,09c8d1caab2bbf957eb59924a07d92bb67d83d712d7b9474c0b76c175b8ac161,"{""d"":9,""p"":0.00016102620275609394,""r"":36}",
     40960,         0,         0,    1.57,chromobius,97df0a92311185d569cf3bfc98bc6ea28e8b8d9ee55f913b674f3ef58f1a15bf,"{""d"":9,""p"":0.00013738237958832623,""r"":36}",
      4096,         0,         0,   0.185,chromobius,09c8d1caab2bbf957eb59924a07d92bb67d83d712d7b9474c0b76c175b8ac161,"{""d"":9,""p"":0.00016102620275609394,""r"":36}",
      5120,         0,         0,   0.231,chromobius,09c8d1caab2bbf957eb59924a07d92bb67d83d712d7b9474c0b76c175b8ac161,"{""d"":9,""p"":0.00016102620275609394,""r"":36}",
      7168,         0,         0,   0.326,chromobius,09c8d1caab2bbf957eb59924a07d92bb67d83d712d7b9474c0b76c175b8ac161,"{""d"":9,""p"":0.00016102620275609394,""r"":36}",
      9216,         0,         0,   0.420,chromobius,09c8d1caab2bbf957eb59924a07d92bb67d83d712d7b9474c0b76c175b8ac161,"{""d"":9,""p"":0.00016102620275609394,""r"":36}",
     13312,         0,         0,   0.596,chromobius,09c8d1caab2bbf957eb59924a07d92bb67d83d712d7b9474c0b76c175b8ac161,"{""d"":9,""p"":0.00016102620275609394,""r"":36}",
     90112,         0,         0,    3.05,chromobius,e7e27ae73958b7a6168ca601d7b6aef5a000482f8970f0d573bb698835333aa6,"{""d"":9,""p"":0.00011721022975334806,""r"":36}",
     56320,         0,         0,    2.20,chromobius,97df0a92311185d569cf3bfc98bc6ea28e8b8d9ee55f913b674f3ef58f1a15bf,"{""d"":9,""p"":0.00013738237958832623,""r"":36}",
     17408,         0,         0,   0.803,chromobius,09c8d1caab2bbf957eb59924a07d92bb67d83d712d7b9474c0b76c175b8ac161,"{""d"":9,""p"":0.00016102620275609394,""r"":36}",
    143360,         2,         0,    4.26,chromobius,714b8923ad86ebe6023090399115f48f80125ec8f44492cb366177c9bf154b6f,"{""d"":9,""p"":0.0001,""r"":36}",
     23552,         1,         0,    1.12,chromobius,09c8d1caab2bbf957eb59924a07d92bb67d83d712d7b9474c0b76c175b8ac161,"{""d"":9,""p"":0.00016102620275609394,""r"":36}",
     34816,         1,         0,    1.60,chromobius,09c8d1caab2bbf957eb59924a07d92bb67d83d712d7b9474c0b76c175b8ac161,"{""d"":9,""p"":0.00016102620275609394,""r"":36}",
     77824,         1,         0,    3.08,chromobius,97df0a92311185d569cf3bfc98bc6ea28e8b8d9ee55f913b674f3ef58f1a15bf,"{""d"":9,""p"":0.00013738237958832623,""r"":36}",
    123904,         1,         0,    4.26,chromobius,e7e27ae73958b7a6168ca601d7b6aef5a000482f8970f0d573bb698835333aa6,"{""d"":9,""p"":0.00011721022975334806,""r"":36}",
     46080,         0,         0,    2.21,chromobius,09c8d1caab2bbf957eb59924a07d92bb67d83d712d7b9474c0b76c175b8ac161,"{""d"":9,""p"":0.00016102620275609394,""r"":36}",
    189440,         1,         0,    5.98,chromobius,714b8923ad86ebe6023090399115f48f80125ec8f44492cb366177c9bf154b6f,"{""d"":9,""p"":0.0001,""r"":36}",
    106496,         0,         0,    4.27,chromobius,97df0a92311185d569cf3bfc98bc6ea28e8b8d9ee55f913b674f3ef58f1a15bf,"{""d"":9,""p"":0.00013738237958832623,""r"":36}",
     60416,         0,         0,    3.06,chromobius,09c8d1caab2bbf957eb59924a07d92bb67d83d712d7b9474c0b76c175b8ac161,"{""d"":9,""p"":0.00016102620275609394,""r"":36}",
    173056,         0,         0,    5.96,chromobius,e7e27ae73958b7a6168ca601d7b6aef5a000482f8970f0d573bb698835333aa6,"{""d"":9,""p"":0.00011721022975334806,""r"":36}",
    944128,       579,         0,    29.7,chromobius,a400fc843981faeef121f2f4abaf3fa5bfd7ec3a0108311a682703f857539f1b,"{""d"":7,""p"":0.0003039195382313198,""r"":28}",
       273,         0,         0,   0.018,chromobius,996a5c8a6347432fd77db4bdc35034af881f115f08dcffd13bf7127afcc4cf03,"{""d"":9,""p"":0.00018873918221350977,""r"":36}",
      1024,         0,         0,   0.061,chromobius,996a5c8a6347432fd77db4bdc35034af881f115f08dcffd13bf7127afcc4cf03,"{""d"":9,""p"":0.00018873918221350977,""r"":36}",
      1024,         0,         0,   0.060,chromobius,996a5c8a6347432fd77db4bdc35034af881f115f08dcffd13bf7127afcc4cf03,"{""d"":9,""p"":0.00018873918221350977,""r"":36}",
      1024,         0,         0,   0.063,chromobius,996a5c8a6347432fd77db4bdc35034af881f115f08dcffd13bf7127afcc4cf03,"{""d"":9,""p"":0.00018873918221350977,""r"":36}",
      1024,         0,         0,   0.062,chromobius,996a5c8a6347432fd77db4bdc35034af881f115f08dcffd13bf7127afcc4cf03,"{""d"":9,""p"":0.00018873918221350977,""r"":36}",
      1024,         0,         0,   0.061,chromobius,996a5c8a6347432fd77db4bdc35034af881f115f08dcffd13bf7127afcc4cf03,"{""d"":9,""p"":0.00018873918221350977,""r"":36}",
      2048,         0,         0,   0.121,chromobius,996a5c8a6347432fd77db4bdc35034af881f115f08dcffd13bf7127afcc4cf03,"{""d"":9,""p"":0.00018873918221350977,""r"":36}",
      2048,         0,         0,   0.124,chromobius,996a5c8a6347432fd77db4bdc35034af881f115f08dcffd13bf7127afcc4cf03,"{""d"":9,""p"":0.00018873918221350977,""r"":36}",
      3072,         0,         0,   0.178,chromobius,996a5c8a6347432fd77db4bdc35034af881f115f08dcffd13bf7127afcc4cf03,"{""d"":9,""p"":0.00018873918221350977,""r"":36}",
     86016,         0,         0,    4.28,chromobius,09c8d1caab2bbf957eb59924a07d92bb67d83d712d7b9474c0b76c175b8ac161,"{""d"":9,""p"":0.00016102620275609394,""r"":36}",
      4096,         0,         0,   0.252,chromobius,996a5c8a6347432fd77db4bdc35034af881f115f08dcffd13bf7127afcc4cf03,"{""d"":9,""p"":0.00018873918221350977,""r"":36}",
      5120,         0,         0,   0.304,chromobius,996a5c8a6347432fd77db4bdc35034af881f115f08dcffd13bf7127afcc4cf03,"{""d"":9,""p"":0.00018873918221350977,""r"":36}",
      7168,         1,         0,   0.425,chromobius,996a5c8a6347432fd77db4bdc35034af881f115f08dcffd13bf7127afcc4cf03,"{""d"":9,""p"":0.00018873918221350977,""r"":36}",
    152576,         0,         0,    5.97,chromobius,97df0a92311185d569cf3bfc98bc6ea28e8b8d9ee55f913b674f3ef58f1a15bf,"{""d"":9,""p"":0.00013738237958832623,""r"":36}",
     10240,         1,         0,   0.611,chromobius,996a5c8a6347432fd77db4bdc35034af881f115f08dcffd13bf7127afcc4cf03,"{""d"":9,""p"":0.00018873918221350977,""r"":36}",
     13312,         0,         0,   0.814,chromobius,996a5c8a6347432fd77db4bdc35034af881f115f08dcffd13bf7127afcc4cf03,"{""d"":9,""p"":0.00018873918221350977,""r"":36}",
    275456,         0,         0,    8.36,chromobius,714b8923ad86ebe6023090399115f48f80125ec8f44492cb366177c9bf154b6f,"{""d"":9,""p"":0.0001,""r"":36}",
     19456,         0,         0,    1.15,chromobius,996a5c8a6347432fd77db4bdc35034af881f115f08dcffd13bf7127afcc4cf03,"{""d"":9,""p"":0.00018873918221350977,""r"":36}",
     26624,         0,         0,    1.58,chromobius,996a5c8a6347432fd77db4bdc35034af881f115f08dcffd13bf7127afcc4cf03,"{""d"":9,""p"":0.00018873918221350977,""r"":36}",
    125952,         0,         0,    5.98,chromobius,09c8d1caab2bbf957eb59924a07d92bb67d83d712d7b9474c0b76c175b8ac161,"{""d"":9,""p"":0.00016102620275609394,""r"":36}",
    236544,         1,         0,    8.37,chromobius,e7e27ae73958b7a6168ca601d7b6aef5a000482f8970f0d573bb698835333aa6,"{""d"":9,""p"":0.00011721022975334806,""r"":36}",
     36864,         1,         0,    2.19,chromobius,996a5c8a6347432fd77db4bdc35034af881f115f08dcffd13bf7127afcc4cf03,"{""d"":9,""p"":0.00018873918221350977,""r"":36}",
    208896,         1,         0,    8.37,chromobius,97df0a92311185d569cf3bfc98bc6ea28e8b8d9ee55f913b674f3ef58f1a15bf,"{""d"":9,""p"":0.00013738237958832623,""r"":36}",
     51200,         1,         0,    3.08,chromobius,996a5c8a6347432fd77db4bdc35034af881f115f08dcffd13bf7127afcc4cf03,"{""d"":9,""p"":0.00018873918221350977,""r"":36}",
    177152,         4,         0,    8.35,chromobius,09c8d1caab2bbf957eb59924a07d92bb67d83d712d7b9474c0b76c175b8ac161,"{""d"":9,""p"":0.00016102620275609394,""r"":36}",
    375808,         1,         0,    11.7,chromobius,714b8923ad86ebe6023090399115f48f80125ec8f44492cb366177c9bf154b6f,"{""d"":9,""p"":0.0001,""r"":36}",
     71680,         1,         0,    4.29,chromobius,996a5c8a6347432fd77db4bdc35034af881f115f08dcffd13bf7127afcc4cf03,"{""d"":9,""p"":0.00018873918221350977,""r"":36}",
    325632,         2,         0,    11.7,chromobius,e7e27ae73958b7a6168ca601d7b6aef5a000482f8970f0d573bb698835333aa6,"{""d"":9,""p"":0.00011721022975334806,""r"":36}",
    100352,         1,         0,    6.00,chromobius,996a5c8a6347432fd77db4bdc35034af881f115f08dcffd13bf7127afcc4cf03,"{""d"":9,""p"":0.00018873918221350977,""r"":36}",
    292864,         6,         0,    11.7,chromobius,97df0a92311185d569cf3bfc98bc6ea28e8b8d9ee55f913b674f3ef58f1a15bf,"{""d"":9,""p"":0.00013738237958832623,""r"":36}",
    246784,         4,         0,    11.7,chromobius,09c8d1caab2bbf957eb59924a07d92bb67d83d712d7b9474c0b76c175b8ac161,"{""d"":9,""p"":0.00016102620275609394,""r"":36}",
    140288,         3,         0,    8.38,chromobius,996a5c8a6347432fd77db4bdc35034af881f115f08dcffd13bf7127afcc4cf03,"{""d"":9,""p"":0.00018873918221350977,""r"":36}",
    517120,         1,         0,    16.4,chromobius,714b8923ad86ebe6023090399115f48f80125ec8f44492cb366177c9bf154b6f,"{""d"":9,""p"":0.0001,""r"":36}",
    446464,         1,         0,    16.4,chromobius,e7e27ae73958b7a6168ca601d7b6aef5a000482f8970f0d573bb698835333aa6,"{""d"":9,""p"":0.00011721022975334806,""r"":36}",
    412672,         5,         0,    16.4,chromobius,97df0a92311185d569cf3bfc98bc6ea28e8b8d9ee55f913b674f3ef58f1a15bf,"{""d"":9,""p"":0.00013738237958832623,""r"":36}",
    191488,         7,         0,    11.8,chromobius,996a5c8a6347432fd77db4bdc35034af881f115f08dcffd13bf7127afcc4cf03,"{""d"":9,""p"":0.00018873918221350977,""r"":36}",
    348160,         7,         0,    16.4,chromobius,09c8d1caab2bbf957eb59924a07d92bb67d83d712d7b9474c0b76c175b8ac161,"{""d"":9,""p"":0.00016102620275609394,""r"":36}",
   7436288,       301,         0,    87.5,chromobius,8562deb712fbe9c95a7939eed81919cf140630566f328157eba555a4166917d2,"{""d"":7,""p"":0.0001,""r"":28}",
   6636544,       377,         0,    87.5,chromobius,ba93c99b343768e2d457113e86ccc0ec16aac158ce8b851d1b5b20fa6b37a6d3,"{""d"":7,""p"":0.00011721022975334806,""r"":28}",
   5783552,       431,         0,    87.6,chromobius,e4e7bd668f7bd59307bb65e674a7fa363934dade6c0a59c0a8868d523a79a039,"{""d"":7,""p"":0.00013738237958832623,""r"":28}",
   5250048,       622,         0,    87.7,chromobius,ba066e6c3d734223863ceec1e2a10ca61096aaec15d36a392ab050e82f64fb49,"{""d"":7,""p"":0.00016102620275609394,""r"":28}",
    697344,         0,         0,    22.9,chromobius,714b8923ad86ebe6023090399115f48f80125ec8f44492cb366177c9bf154b6f,"{""d"":9,""p"":0.0001,""r"":36}",
   4204544,       732,         0,    87.8,chromobius,3648260e3dec8251d78e1ebf565be6ef1662659aef66f3f80545124f464ec10e,"{""d"":7,""p"":0.00018873918221350977,""r"":28}",
   3822592,      1024,         0,    87.8,chromobius,5bd7258f8ddfd30dc189ec51bb1eb10eebd506ad771dae6c33f786bb3fcb6f39,"{""d"":7,""p"":0.000221221629107045,""r"":28}",
   3390464,      1381,         0,    87.8,chromobius,9b71470d7dc607e7353658ea1c70a8f15b7c5dc1989949ad3d57d7dad7a6eadb,"{""d"":7,""p"":0.0002592943797404667,""r"":28}",
    267264,         8,         0,    16.4,chromobius,996a5c8a6347432fd77db4bdc35034af881f115f08dcffd13bf7127afcc4cf03,"{""d"":9,""p"":0.00018873918221350977,""r"":36}",
    654336,         2,         0,    22.9,chromobius,e7e27ae73958b7a6168ca601d7b6aef5a000482f8970f0d573bb698835333aa6,"{""d"":9,""p"":0.00011721022975334806,""r"":36}",
    577536,         4,         0,    22.9,chromobius,97df0a92311185d569cf3bfc98bc6ea28e8b8d9ee55f913b674f3ef58f1a15bf,"{""d"":9,""p"":0.00013738237958832623,""r"":36}",
    484352,         2,         0,    22.9,chromobius,09c8d1caab2bbf957eb59924a07d92bb67d83d712d7b9474c0b76c175b8ac161,"{""d"":9,""p"":0.00016102620275609394,""r"":36}",
    373760,         5,         0,    22.9,chromobius,996a5c8a6347432fd77db4bdc35034af881f115f08dcffd13bf7127afcc4cf03,"{""d"":9,""p"":0.00018873918221350977,""r"":36}",
    974848,       366,         0,    24.6,chromobius,9b71470d7dc607e7353658ea1c70a8f15b7c5dc1989949ad3d57d7dad7a6eadb,"{""d"":7,""p"":0.0002592943797404667,""r"":28}",
       273,         0,         0,   0.036,chromobius,e952fc2bfce5c78b1540ff15376953dab2ba41aee925c3c9d50339a957d89197,"{""d"":9,""p"":0.000221221629107045,""r"":36}",
      1024,         0,         0,   0.091,chromobius,e952fc2bfce5c78b1540ff15376953dab2ba41aee925c3c9d50339a957d89197,"{""d"":9,""p"":0.000221221629107045,""r"":36}",
      1024,         0,         0,   0.074,chromobius,e952fc2bfce5c78b1540ff15376953dab2ba41aee925c3c9d50339a957d89197,"{""d"":9,""p"":0.000221221629107045,""r"":36}",
      1024,         0,         0,   0.068,chromobius,e952fc2bfce5c78b1540ff15376953dab2ba41aee925c3c9d50339a957d89197,"{""d"":9,""p"":0.000221221629107045,""r"":36}",
      1024,         0,         0,   0.068,chromobius,e952fc2bfce5c78b1540ff15376953dab2ba41aee925c3c9d50339a957d89197,"{""d"":9,""p"":0.000221221629107045,""r"":36}",
      1024,         0,         0,   0.071,chromobius,e952fc2bfce5c78b1540ff15376953dab2ba41aee925c3c9d50339a957d89197,"{""d"":9,""p"":0.000221221629107045,""r"":36}",
      2048,         0,         0,   0.135,chromobius,e952fc2bfce5c78b1540ff15376953dab2ba41aee925c3c9d50339a957d89197,"{""d"":9,""p"":0.000221221629107045,""r"":36}",
      2048,         0,         0,   0.128,chromobius,e952fc2bfce5c78b1540ff15376953dab2ba41aee925c3c9d50339a957d89197,"{""d"":9,""p"":0.000221221629107045,""r"":36}",
      2048,         0,         0,   0.151,chromobius,e952fc2bfce5c78b1540ff15376953dab2ba41aee925c3c9d50339a957d89197,"{""d"":9,""p"":0.000221221629107045,""r"":36}",
      3072,         0,         0,   0.219,chromobius,e952fc2bfce5c78b1540ff15376953dab2ba41aee925c3c9d50339a957d89197,"{""d"":9,""p"":0.000221221629107045,""r"":36}",
      4096,         0,         0,   0.297,chromobius,e952fc2bfce5c78b1540ff15376953dab2ba41aee925c3c9d50339a957d89197,"{""d"":9,""p"":0.000221221629107045,""r"":36}",
      6144,         0,         0,   0.405,chromobius,e952fc2bfce5c78b1540ff15376953dab2ba41aee925c3c9d50339a957d89197,"{""d"":9,""p"":0.000221221629107045,""r"":36}",
      8192,         0,         0,   0.573,chromobius,e952fc2bfce5c78b1540ff15376953dab2ba41aee925c3c9d50339a957d89197,"{""d"":9,""p"":0.000221221629107045,""r"":36}",
     11264,         0,         0,   0.808,chromobius,e952fc2bfce5c78b1540ff15376953dab2ba41aee925c3c9d50339a957d89197,"{""d"":9,""p"":0.000221221629107045,""r"":36}",
     16384,         2,         0,    1.16,chromobius,e952fc2bfce5c78b1540ff15376953dab2ba41aee925c3c9d50339a957d89197,"{""d"":9,""p"":0.000221221629107045,""r"":36}",
    969728,         1,         0,    32.0,chromobius,714b8923ad86ebe6023090399115f48f80125ec8f44492cb366177c9bf154b6f,"{""d"":9,""p"":0.0001,""r"":36}",
     23552,         1,         0,    1.62,chromobius,e952fc2bfce5c78b1540ff15376953dab2ba41aee925c3c9d50339a957d89197,"{""d"":9,""p"":0.000221221629107045,""r"":36}",
     31744,         1,         0,    2.21,chromobius,e952fc2bfce5c78b1540ff15376953dab2ba41aee925c3c9d50339a957d89197,"{""d"":9,""p"":0.000221221629107045,""r"":36}",
    914432,         3,         0,    32.0,chromobius,e7e27ae73958b7a6168ca601d7b6aef5a000482f8970f0d573bb698835333aa6,"{""d"":9,""p"":0.00011721022975334806,""r"":36}",
     43008,         1,         0,    3.08,chromobius,e952fc2bfce5c78b1540ff15376953dab2ba41aee925c3c9d50339a957d89197,"{""d"":9,""p"":0.000221221629107045,""r"":36}",
    806912,         5,         0,    32.1,chromobius,97df0a92311185d569cf3bfc98bc6ea28e8b8d9ee55f913b674f3ef58f1a15bf,"{""d"":9,""p"":0.00013738237958832623,""r"":36}",
     60416,         1,         0,    4.27,chromobius,e952fc2bfce5c78b1540ff15376953dab2ba41aee925c3c9d50339a957d89197,"{""d"":9,""p"":0.000221221629107045,""r"":36}",
    674816,         8,         0,    32.1,chromobius,09c8d1caab2bbf957eb59924a07d92bb67d83d712d7b9474c0b76c175b8ac161,"{""d"":9,""p"":0.00016102620275609394,""r"":36}",
     83968,         3,         0,    5.98,chromobius,e952fc2bfce5c78b1540ff15376953dab2ba41aee925c3c9d50339a957d89197,"{""d"":9,""p"":0.000221221629107045,""r"":36}",
    118784,         2,         0,    8.40,chromobius,e952fc2bfce5c78b1540ff15376953dab2ba41aee925c3c9d50339a957d89197,"{""d"":9,""p"":0.000221221629107045,""r"":36}",
    520192,         9,         0,    32.1,chromobius,996a5c8a6347432fd77db4bdc35034af881f115f08dcffd13bf7127afcc4cf03,"{""d"":9,""p"":0.00018873918221350977,""r"":36}",
    177152,         6,         0,    11.7,chromobius,e952fc2bfce5c78b1540ff15376953dab2ba41aee925c3c9d50339a957d89197,"{""d"":9,""p"":0.000221221629107045,""r"":36}",
   1341440,         0,         0,    44.9,chromobius,714b8923ad86ebe6023090399115f48f80125ec8f44492cb366177c9bf154b6f,"{""d"":9,""p"":0.0001,""r"":36}",
   1269760,         8,         0,    44.9,chromobius,e7e27ae73958b7a6168ca601d7b6aef5a000482f8970f0d573bb698835333aa6,"{""d"":9,""p"":0.00011721022975334806,""r"":36}",
   1119232,         8,         0,    44.9,chromobius,97df0a92311185d569cf3bfc98bc6ea28e8b8d9ee55f913b674f3ef58f1a15bf,"{""d"":9,""p"":0.00013738237958832623,""r"":36}",
    251904,         9,         0,    16.4,chromobius,e952fc2bfce5c78b1540ff15376953dab2ba41aee925c3c9d50339a957d89197,"{""d"":9,""p"":0.000221221629107045,""r"":36}",
    948224,        11,         0,    44.9,chromobius,09c8d1caab2bbf957eb59924a07d92bb67d83d712d7b9474c0b76c175b8ac161,"{""d"":9,""p"":0.00016102620275609394,""r"":36}",
    721920,         9,         0,    45.0,chromobius,996a5c8a6347432fd77db4bdc35034af881f115f08dcffd13bf7127afcc4cf03,"{""d"":9,""p"":0.00018873918221350977,""r"":36}",
    354304,         7,         0,    23.0,chromobius,e952fc2bfce5c78b1540ff15376953dab2ba41aee925c3c9d50339a957d89197,"{""d"":9,""p"":0.000221221629107045,""r"":36}",
  10044416,       366,         0,   119.0,chromobius,8562deb712fbe9c95a7939eed81919cf140630566f328157eba555a4166917d2,"{""d"":7,""p"":0.0001,""r"":28}",
   9132032,       543,         0,   119.1,chromobius,ba93c99b343768e2d457113e86ccc0ec16aac158ce8b851d1b5b20fa6b37a6d3,"{""d"":7,""p"":0.00011721022975334806,""r"":28}",
   7958528,       639,         0,   119.2,chromobius,e4e7bd668f7bd59307bb65e674a7fa363934dade6c0a59c0a8868d523a79a039,"{""d"":7,""p"":0.00013738237958832623,""r"":28}",
   7094272,       795,         0,   119.3,chromobius,ba066e6c3d734223863ceec1e2a10ca61096aaec15d36a392ab050e82f64fb49,"{""d"":7,""p"":0.00016102620275609394,""r"":28}",
   5734400,       988,         0,   119.4,chromobius,3648260e3dec8251d78e1ebf565be6ef1662659aef66f3f80545124f464ec10e,"{""d"":7,""p"":0.00018873918221350977,""r"":28}",
   5267456,      1314,         0,   119.5,chromobius,5bd7258f8ddfd30dc189ec51bb1eb10eebd506ad771dae6c33f786bb3fcb6f39,"{""d"":7,""p"":0.000221221629107045,""r"":28}",
    429056,       117,         0,    10.0,chromobius,5bd7258f8ddfd30dc189ec51bb1eb10eebd506ad771dae6c33f786bb3fcb6f39,"{""d"":7,""p"":0.000221221629107045,""r"":28}",
       273,         0,         0,   0.022,chromobius,6f77c01d3566fdda057a6d912b146497daee120681c8ad6491de97a1abee0689,"{""d"":9,""p"":0.0002592943797404667,""r"":36}",
      1024,         0,         0,   0.074,chromobius,6f77c01d3566fdda057a6d912b146497daee120681c8ad6491de97a1abee0689,"{""d"":9,""p"":0.0002592943797404667,""r"":36}",
      1024,         0,         0,   0.078,chromobius,6f77c01d3566fdda057a6d912b146497daee120681c8ad6491de97a1abee0689,"{""d"":9,""p"":0.0002592943797404667,""r"":36}",
      1024,         0,         0,   0.078,chromobius,6f77c01d3566fdda057a6d912b146497daee120681c8ad6491de97a1abee0689,"{""d"":9,""p"":0.0002592943797404667,""r"":36}",
      1024,         0,         0,   0.084,chromobius,6f77c01d3566fdda057a6d912b146497daee120681c8ad6491de97a1abee0689,"{""d"":9,""p"":0.0002592943797404667,""r"":36}",
      1024,         0,         0,   0.082,chromobius,6f77c01d3566fdda057a6d912b146497daee120681c8ad6491de97a1abee0689,"{""d"":9,""p"":0.0002592943797404667,""r"":36}",
      2048,         0,         0,   0.148,chromobius,6f77c01d3566fdda057a6d912b146497daee120681c8ad6491de97a1abee0689,"{""d"":9,""p"":0.0002592943797404667,""r"":36}",
      2048,         1,         0,   0.151,chromobius,6f77c01d3566fdda057a6d912b146497daee120681c8ad6491de97a1abee0689,"{""d"":9,""p"":0.0002592943797404667,""r"":36}",
      2048,         0,         0,   0.154,chromobius,6f77c01d3566fdda057a6d912b146497daee120681c8ad6491de97a1abee0689,"{""d"":9,""p"":0.0002592943797404667,""r"":36}",
      3072,         0,         0,   0.244,chromobius,6f77c01d3566fdda057a6d912b146497daee120681c8ad6491de97a1abee0689,"{""d"":9,""p"":0.0002592943797404667,""r"":36}",
      4096,         0,         0,   0.312,chromobius,6f77c01d3566fdda057a6d912b146497daee120681c8ad6491de97a1abee0689,"{""d"":9,""p"":0.0002592943797404667,""r"":36}",
      6144,         2,         0,   0.452,chromobius,6f77c01d3566fdda057a6d912b146497daee120681c8ad6491de97a1abee0689,"{""d"":9,""p"":0.0002592943797404667,""r"":36}",
      8192,         1,         0,   0.598,chromobius,6f77c01d3566fdda057a6d912b146497daee120681c8ad6491de97a1abee0689,"{""d"":9,""p"":0.0002592943797404667,""r"":36}",
     11264,         0,         0,   0.842,chromobius,6f77c01d3566fdda057a6d912b146497daee120681c8ad6491de97a1abee0689,"{""d"":9,""p"":0.0002592943797404667,""r"":36}",
     15360,         1,         0,    1.14,chromobius,6f77c01d3566fdda057a6d912b146497daee120681c8ad6491de97a1abee0689,"{""d"":9,""p"":0.0002592943797404667,""r"":36}",
     21504,         1,         0,    1.61,chromobius,6f77c01d3566fdda057a6d912b146497daee120681c8ad6491de97a1abee0689,"{""d"":9,""p"":0.0002592943797404667,""r"":36}",
     29696,         2,         0,    2.20,chromobius,6f77c01d3566fdda057a6d912b146497daee120681c8ad6491de97a1abee0689,"{""d"":9,""p"":0.0002592943797404667,""r"":36}",
   1965056,         4,         0,    62.8,chromobius,714b8923ad86ebe6023090399115f48f80125ec8f44492cb366177c9bf154b6f,"{""d"":9,""p"":0.0001,""r"":36}",
    470016,        16,         0,    32.2,chromobius,e952fc2bfce5c78b1540ff15376953dab2ba41aee925c3c9d50339a957d89197,"{""d"":9,""p"":0.000221221629107045,""r"":36}",
     40960,         0,         0,    3.07,chromobius,6f77c01d3566fdda057a6d912b146497daee120681c8ad6491de97a1abee0689,"{""d"":9,""p"":0.0002592943797404667,""r"":36}",
   1782784,         5,         0,    62.8,chromobius,e7e27ae73958b7a6168ca601d7b6aef5a000482f8970f0d573bb698835333aa6,"{""d"":9,""p"":0.00011721022975334806,""r"":36}",
   1563648,        10,         0,    62.9,chromobius,97df0a92311185d569cf3bfc98bc6ea28e8b8d9ee55f913b674f3ef58f1a15bf,"{""d"":9,""p"":0.00013738237958832623,""r"":36}",
     57344,         4,         0,    4.30,chromobius,6f77c01d3566fdda057a6d912b146497daee120681c8ad6491de97a1abee0689,"{""d"":9,""p"":0.0002592943797404667,""r"":36}",
   1293312,        17,         0,    62.9,chromobius,09c8d1caab2bbf957eb59924a07d92bb67d83d712d7b9474c0b76c175b8ac161,"{""d"":9,""p"":0.00016102620275609394,""r"":36}",
     76800,         5,         0,    5.98,chromobius,6f77c01d3566fdda057a6d912b146497daee120681c8ad6491de97a1abee0689,"{""d"":9,""p"":0.0002592943797404667,""r"":36}",
    106496,         8,         0,    8.38,chromobius,6f77c01d3566fdda057a6d912b146497daee120681c8ad6491de97a1abee0689,"{""d"":9,""p"":0.0002592943797404667,""r"":36}",
   1014784,        15,         0,    62.9,chromobius,996a5c8a6347432fd77db4bdc35034af881f115f08dcffd13bf7127afcc4cf03,"{""d"":9,""p"":0.00018873918221350977,""r"":36}",
    149504,         5,         0,    11.7,chromobius,6f77c01d3566fdda057a6d912b146497daee120681c8ad6491de97a1abee0689,"{""d"":9,""p"":0.0002592943797404667,""r"":36}",
    680960,        18,         0,    45.0,chromobius,e952fc2bfce5c78b1540ff15376953dab2ba41aee925c3c9d50339a957d89197,"{""d"":9,""p"":0.000221221629107045,""r"":36}",
    208896,        16,         0,    16.4,chromobius,6f77c01d3566fdda057a6d912b146497daee120681c8ad6491de97a1abee0689,"{""d"":9,""p"":0.0002592943797404667,""r"":36}",
    295936,        17,         0,    23.0,chromobius,6f77c01d3566fdda057a6d912b146497daee120681c8ad6491de97a1abee0689,"{""d"":9,""p"":0.0002592943797404667,""r"":36}",
   2838528,        10,         0,    87.9,chromobius,714b8923ad86ebe6023090399115f48f80125ec8f44492cb366177c9bf154b6f,"{""d"":9,""p"":0.0001,""r"":36}",
   2383872,         6,         0,    88.0,chromobius,e7e27ae73958b7a6168ca601d7b6aef5a000482f8970f0d573bb698835333aa6,"{""d"":9,""p"":0.00011721022975334806,""r"":36}",
   2190336,        13,         0,    88.0,chromobius,97df0a92311185d569cf3bfc98bc6ea28e8b8d9ee55f913b674f3ef58f1a15bf,"{""d"":9,""p"":0.00013738237958832623,""r"":36}",
   9832448,       364,         0,   119.0,chromobius,8562deb712fbe9c95a7939eed81919cf140630566f328157eba555a4166917d2,"{""d"":7,""p"":0.0001,""r"":28}",
   9210880,       470,         0,   119.0,chromobius,ba93c99b343768e2d457113e86ccc0ec16aac158ce8b851d1b5b20fa6b37a6d3,"{""d"":7,""p"":0.00011721022975334806,""r"":28}",
   7728128,       573,         0,   119.2,chromobius,e4e7bd668f7bd59307bb65e674a7fa363934dade6c0a59c0a8868d523a79a039,"{""d"":7,""p"":0.00013738237958832623,""r"":28}",
   6961152,       833,         0,   119.3,chromobius,ba066e6c3d734223863ceec1e2a10ca61096aaec15d36a392ab050e82f64fb49,"{""d"":7,""p"":0.00016102620275609394,""r"":28}",
   1779712,        28,         0,    88.0,chromobius,09c8d1caab2bbf957eb59924a07d92bb67d83d712d7b9474c0b76c175b8ac161,"{""d"":9,""p"":0.00016102620275609394,""r"":36}",
   5840896,      1013,         0,   119.4,chromobius,3648260e3dec8251d78e1ebf565be6ef1662659aef66f3f80545124f464ec10e,"{""d"":7,""p"":0.00018873918221350977,""r"":28}",
    410624,        19,         0,    32.2,chromobius,6f77c01d3566fdda057a6d912b146497daee120681c8ad6491de97a1abee0689,"{""d"":9,""p"":0.0002592943797404667,""r"":36}",
    951296,        28,         0,    62.9,chromobius,e952fc2bfce5c78b1540ff15376953dab2ba41aee925c3c9d50339a957d89197,"{""d"":9,""p"":0.000221221629107045,""r"":36}",
   1410048,        22,         0,    88.1,chromobius,996a5c8a6347432fd77db4bdc35034af881f115f08dcffd13bf7127afcc4cf03,"{""d"":9,""p"":0.00018873918221350977,""r"":36}",
   3791727,       140,         0,    45.4,chromobius,8562deb712fbe9c95a7939eed81919cf140630566f328157eba555a4166917d2,"{""d"":7,""p"":0.0001,""r"":28}",
       273,         0,         0,   0.027,chromobius,297ad90311a50edaafc9e53091493d83d39529a397635efae573ed24171b08df,"{""d"":9,""p"":0.0003039195382313198,""r"":36}",
      1024,         0,         0,   0.096,chromobius,297ad90311a50edaafc9e53091493d83d39529a397635efae573ed24171b08df,"{""d"":9,""p"":0.0003039195382313198,""r"":36}",
      1024,         0,         0,   0.098,chromobius,297ad90311a50edaafc9e53091493d83d39529a397635efae573ed24171b08df,"{""d"":9,""p"":0.0003039195382313198,""r"":36}",
      1024,         0,         0,   0.094,chromobius,297ad90311a50edaafc9e53091493d83d39529a397635efae573ed24171b08df,"{""d"":9,""p"":0.0003039195382313198,""r"":36}",
      1024,         0,         0,   0.098,chromobius,297ad90311a50edaafc9e53091493d83d39529a397635efae573ed24171b08df,"{""d"":9,""p"":0.0003039195382313198,""r"":36}",
      1024,         0,         0,   0.099,chromobius,297ad90311a50edaafc9e53091493d83d39529a397635efae573ed24171b08df,"{""d"":9,""p"":0.0003039195382313198,""r"":36}",
      1024,         0,         0,   0.102,chromobius,297ad90311a50edaafc9e53091493d83d39529a397635efae573ed24171b08df,"{""d"":9,""p"":0.0003039195382313198,""r"":36}",
      2048,         0,         0,   0.193,chromobius,297ad90311a50edaafc9e53091493d83d39529a397635efae573ed24171b08df,"{""d"":9,""p"":0.0003039195382313198,""r"":36}",
      2048,         0,         0,   0.193,chromobius,297ad90311a50edaafc9e53091493d83d39529a397635efae573ed24171b08df,"{""d"":9,""p"":0.0003039195382313198,""r"":36}",
      3072,         0,         0,   0.284,chromobius,297ad90311a50edaafc9e53091493d83d39529a397635efae573ed24171b08df,"{""d"":9,""p"":0.0003039195382313198,""r"":36}",
      3072,         0,         0,   0.289,chromobius,297ad90311a50edaafc9e53091493d83d39529a397635efae573ed24171b08df,"{""d"":9,""p"":0.0003039195382313198,""r"":36}",
      5120,         0,         0,   0.473,chromobius,297ad90311a50edaafc9e53091493d83d39529a397635efae573ed24171b08df,"{""d"":9,""p"":0.0003039195382313198,""r"":36}",
      6144,         1,         0,   0.588,chromobius,297ad90311a50edaafc9e53091493d83d39529a397635efae573ed24171b08df,"{""d"":9,""p"":0.0003039195382313198,""r"":36}",
   2201600,       404,         0,    46.5,chromobius,3648260e3dec8251d78e1ebf565be6ef1662659aef66f3f80545124f464ec10e,"{""d"":7,""p"":0.00018873918221350977,""r"":28}",
       273,         0,         0,   0.047,chromobius,690e119eba56e552d53001d8ea7e9aae8b307814f6e3400efe8aaf3a0b57601d,"{""d"":9,""p"":0.0003562247890262444,""r"":36}",
      1024,         0,         0,   0.147,chromobius,690e119eba56e552d53001d8ea7e9aae8b307814f6e3400efe8aaf3a0b57601d,"{""d"":9,""p"":0.0003562247890262444,""r"":36}",
      1024,         0,         0,   0.145,chromobius,690e119eba56e552d53001d8ea7e9aae8b307814f6e3400efe8aaf3a0b57601d,"{""d"":9,""p"":0.0003562247890262444,""r"":36}",
      7168,         1,         0,   0.821,chromobius,297ad90311a50edaafc9e53091493d83d39529a397635efae573ed24171b08df,"{""d"":9,""p"":0.0003039195382313198,""r"":36}",
      1024,         0,         0,   0.139,chromobius,690e119eba56e552d53001d8ea7e9aae8b307814f6e3400efe8aaf3a0b57601d,"{""d"":9,""p"":0.0003562247890262444,""r"":36}",
      1024,         0,         0,   0.145,chromobius,690e119eba56e552d53001d8ea7e9aae8b307814f6e3400efe8aaf3a0b57601d,"{""d"":9,""p"":0.0003562247890262444,""r"":36}",
      1024,         0,         0,   0.140,chromobius,690e119eba56e552d53001d8ea7e9aae8b307814f6e3400efe8aaf3a0b57601d,"{""d"":9,""p"":0.0003562247890262444,""r"":36}",
      1024,         0,         0,   0.142,chromobius,690e119eba56e552d53001d8ea7e9aae8b307814f6e3400efe8aaf3a0b57601d,"{""d"":9,""p"":0.0003562247890262444,""r"":36}",
      1024,         1,         0,   0.121,chromobius,690e119eba56e552d53001d8ea7e9aae8b307814f6e3400efe8aaf3a0b57601d,"{""d"":9,""p"":0.0003562247890262444,""r"":36}",
      2048,         0,         0,   0.271,chromobius,690e119eba56e552d53001d8ea7e9aae8b307814f6e3400efe8aaf3a0b57601d,"{""d"":9,""p"":0.0003562247890262444,""r"":36}",
     10240,         2,         0,    1.20,chromobius,297ad90311a50edaafc9e53091493d83d39529a397635efae573ed24171b08df,"{""d"":9,""p"":0.0003039195382313198,""r"":36}",
      2048,         0,         0,   0.285,chromobius,690e119eba56e552d53001d8ea7e9aae8b307814f6e3400efe8aaf3a0b57601d,"{""d"":9,""p"":0.0003562247890262444,""r"":36}",
      3072,         1,         0,   0.415,chromobius,690e119eba56e552d53001d8ea7e9aae8b307814f6e3400efe8aaf3a0b57601d,"{""d"":9,""p"":0.0003562247890262444,""r"":36}",
    580608,        38,         0,    45.0,chromobius,6f77c01d3566fdda057a6d912b146497daee120681c8ad6491de97a1abee0689,"{""d"":9,""p"":0.0002592943797404667,""r"":36}",
      4096,         1,         0,   0.531,chromobius,690e119eba56e552d53001d8ea7e9aae8b307814f6e3400efe8aaf3a0b57601d,"{""d"":9,""p"":0.0003562247890262444,""r"":36}",
      5120,         1,         0,   0.687,chromobius,690e119eba56e552d53001d8ea7e9aae8b307814f6e3400efe8aaf3a0b57601d,"{""d"":9,""p"":0.0003562247890262444,""r"":36}",
     14336,         0,         0,    1.66,chromobius,297ad90311a50edaafc9e53091493d83d39529a397635efae573ed24171b08df,"{""d"":9,""p"":0.0003039195382313198,""r"":36}",
      6144,         1,         0,   0.827,chromobius,690e119eba56e552d53001d8ea7e9aae8b307814f6e3400efe8aaf3a0b57601d,"{""d"":9,""p"":0.0003562247890262444,""r"":36}",
      9216,         2,         0,    1.24,chromobius,690e119eba56e552d53001d8ea7e9aae8b307814f6e3400efe8aaf3a0b57601d,"{""d"":9,""p"":0.0003562247890262444,""r"":36}",
     19456,         1,         0,    2.19,chromobius,297ad90311a50edaafc9e53091493d83d39529a397635efae573ed24171b08df,"{""d"":9,""p"":0.0003039195382313198,""r"":36}",
     15360,         0,         0,    1.66,chromobius,690e119eba56e552d53001d8ea7e9aae8b307814f6e3400efe8aaf3a0b57601d,"{""d"":9,""p"":0.0003562247890262444,""r"":36}",
     31744,         2,         0,    3.08,chromobius,297ad90311a50edaafc9e53091493d83d39529a397635efae573ed24171b08df,"{""d"":9,""p"":0.0003039195382313198,""r"":36}",
     19456,         1,         0,    2.20,chromobius,690e119eba56e552d53001d8ea7e9aae8b307814f6e3400efe8aaf3a0b57601d,"{""d"":9,""p"":0.0003562247890262444,""r"":36}",
     27648,         4,         0,    3.14,chromobius,690e119eba56e552d53001d8ea7e9aae8b307814f6e3400efe8aaf3a0b57601d,"{""d"":9,""p"":0.0003562247890262444,""r"":36}",
     44032,         4,         0,    4.27,chromobius,297ad90311a50edaafc9e53091493d83d39529a397635efae573ed24171b08df,"{""d"":9,""p"":0.0003039195382313198,""r"":36}",
     35840,         7,         0,    4.28,chromobius,690e119eba56e552d53001d8ea7e9aae8b307814f6e3400efe8aaf3a0b57601d,"{""d"":9,""p"":0.0003562247890262444,""r"":36}",
     58368,         5,         0,    5.98,chromobius,297ad90311a50edaafc9e53091493d83d39529a397635efae573ed24171b08df,"{""d"":9,""p"":0.0003039195382313198,""r"":36}",
     54272,         9,         0,    6.09,chromobius,690e119eba56e552d53001d8ea7e9aae8b307814f6e3400efe8aaf3a0b57601d,"{""d"":9,""p"":0.0003562247890262444,""r"":36}",
     84992,         7,         0,    8.39,chromobius,297ad90311a50edaafc9e53091493d83d39529a397635efae573ed24171b08df,"{""d"":9,""p"":0.0003039195382313198,""r"":36}",
     75776,         7,         0,    8.45,chromobius,690e119eba56e552d53001d8ea7e9aae8b307814f6e3400efe8aaf3a0b57601d,"{""d"":9,""p"":0.0003562247890262444,""r"":36}",
    120832,        14,         0,    11.8,chromobius,297ad90311a50edaafc9e53091493d83d39529a397635efae573ed24171b08df,"{""d"":9,""p"":0.0003039195382313198,""r"":36}",
    104448,        16,         0,    11.7,chromobius,690e119eba56e552d53001d8ea7e9aae8b307814f6e3400efe8aaf3a0b57601d,"{""d"":9,""p"":0.0003562247890262444,""r"":36}",
   7688047,       423,         0,    96.2,chromobius,ba93c99b343768e2d457113e86ccc0ec16aac158ce8b851d1b5b20fa6b37a6d3,"{""d"":7,""p"":0.00011721022975334806,""r"":28}",
       273,         0,         0,   0.039,chromobius,efad18b16e15ba35506f55152357ded774a1a3df75c4ec98b266026369c7b94d,"{""d"":9,""p"":0.00041753189365604,""r"":36}",
      1024,         1,         0,   0.141,chromobius,efad18b16e15ba35506f55152357ded774a1a3df75c4ec98b266026369c7b94d,"{""d"":9,""p"":0.00041753189365604,""r"":36}",
      1024,         0,         0,   0.136,chromobius,efad18b16e15ba35506f55152357ded774a1a3df75c4ec98b266026369c7b94d,"{""d"":9,""p"":0.00041753189365604,""r"":36}",
      1024,         0,         0,   0.136,chromobius,efad18b16e15ba35506f55152357ded774a1a3df75c4ec98b266026369c7b94d,"{""d"":9,""p"":0.00041753189365604,""r"":36}",
   1260544,        29,         0,    88.1,chromobius,e952fc2bfce5c78b1540ff15376953dab2ba41aee925c3c9d50339a957d89197,"{""d"":9,""p"":0.000221221629107045,""r"":36}",
      1024,         0,         0,   0.134,chromobius,efad18b16e15ba35506f55152357ded774a1a3df75c4ec98b266026369c7b94d,"{""d"":9,""p"":0.00041753189365604,""r"":36}",
      1024,         0,         0,   0.133,chromobius,efad18b16e15ba35506f55152357ded774a1a3df75c4ec98b266026369c7b94d,"{""d"":9,""p"":0.00041753189365604,""r"":36}",
      1024,         0,         0,   0.135,chromobius,efad18b16e15ba35506f55152357ded774a1a3df75c4ec98b266026369c7b94d,"{""d"":9,""p"":0.00041753189365604,""r"":36}",
      1024,         1,         0,   0.139,chromobius,efad18b16e15ba35506f55152357ded774a1a3df75c4ec98b266026369c7b94d,"{""d"":9,""p"":0.00041753189365604,""r"":36}",
      2048,         0,         0,   0.273,chromobius,efad18b16e15ba35506f55152357ded774a1a3df75c4ec98b266026369c7b94d,"{""d"":9,""p"":0.00041753189365604,""r"":36}",
      2048,         0,         0,   0.258,chromobius,efad18b16e15ba35506f55152357ded774a1a3df75c4ec98b266026369c7b94d,"{""d"":9,""p"":0.00041753189365604,""r"":36}",
      3072,         0,         0,   0.391,chromobius,efad18b16e15ba35506f55152357ded774a1a3df75c4ec98b266026369c7b94d,"{""d"":9,""p"":0.00041753189365604,""r"":36}",
      4096,         0,         0,   0.530,chromobius,efad18b16e15ba35506f55152357ded774a1a3df75c4ec98b266026369c7b94d,"{""d"":9,""p"":0.00041753189365604,""r"":36}",
      5120,         2,         0,   0.687,chromobius,efad18b16e15ba35506f55152357ded774a1a3df75c4ec98b266026369c7b94d,"{""d"":9,""p"":0.00041753189365604,""r"":36}",
      6144,         0,         0,   0.793,chromobius,efad18b16e15ba35506f55152357ded774a1a3df75c4ec98b266026369c7b94d,"{""d"":9,""p"":0.00041753189365604,""r"":36}",
      9216,         3,         0,    1.22,chromobius,efad18b16e15ba35506f55152357ded774a1a3df75c4ec98b266026369c7b94d,"{""d"":9,""p"":0.00041753189365604,""r"":36}",
     12288,         2,         0,    1.60,chromobius,efad18b16e15ba35506f55152357ded774a1a3df75c4ec98b266026369c7b94d,"{""d"":9,""p"":0.00041753189365604,""r"":36}",
    171008,        19,         0,    16.5,chromobius,297ad90311a50edaafc9e53091493d83d39529a397635efae573ed24171b08df,"{""d"":9,""p"":0.0003039195382313198,""r"":36}",
     17408,         2,         0,    2.25,chromobius,efad18b16e15ba35506f55152357ded774a1a3df75c4ec98b266026369c7b94d,"{""d"":9,""p"":0.00041753189365604,""r"":36}",
    147456,        27,         0,    16.4,chromobius,690e119eba56e552d53001d8ea7e9aae8b307814f6e3400efe8aaf3a0b57601d,"{""d"":9,""p"":0.0003562247890262444,""r"":36}",
     23552,         5,         0,    3.06,chromobius,efad18b16e15ba35506f55152357ded774a1a3df75c4ec98b266026369c7b94d,"{""d"":9,""p"":0.00041753189365604,""r"":36}",
   3796992,         7,         0,   119.6,chromobius,714b8923ad86ebe6023090399115f48f80125ec8f44492cb366177c9bf154b6f,"{""d"":9,""p"":0.0001,""r"":36}",
   3414016,        18,         0,   119.6,chromobius,e7e27ae73958b7a6168ca601d7b6aef5a000482f8970f0d573bb698835333aa6,"{""d"":9,""p"":0.00011721022975334806,""r"":36}",
     32768,         1,         0,    4.33,chromobius,efad18b16e15ba35506f55152357ded774a1a3df75c4ec98b266026369c7b94d,"{""d"":9,""p"":0.00041753189365604,""r"":36}",
    850944,        55,         0,    62.9,chromobius,6f77c01d3566fdda057a6d912b146497daee120681c8ad6491de97a1abee0689,"{""d"":9,""p"":0.0002592943797404667,""r"":36}",
   3002368,        25,         0,   119.7,chromobius,97df0a92311185d569cf3bfc98bc6ea28e8b8d9ee55f913b674f3ef58f1a15bf,"{""d"":9,""p"":0.00013738237958832623,""r"":36}",
     46080,        17,         0,    6.03,chromobius,efad18b16e15ba35506f55152357ded774a1a3df75c4ec98b266026369c7b94d,"{""d"":9,""p"":0.00041753189365604,""r"":36}",
   7691264,       621,         0,   119.2,chromobius,e4e7bd668f7bd59307bb65e674a7fa363934dade6c0a59c0a8868d523a79a039,"{""d"":7,""p"":0.00013738237958832623,""r"":28}",
   7014400,       816,         0,   119.2,chromobius,ba066e6c3d734223863ceec1e2a10ca61096aaec15d36a392ab050e82f64fb49,"{""d"":7,""p"":0.00016102620275609394,""r"":28}",
   2323456,        24,         0,   119.7,chromobius,09c8d1caab2bbf957eb59924a07d92bb67d83d712d7b9474c0b76c175b8ac161,"{""d"":9,""p"":0.00016102620275609394,""r"":36}",
    239616,        22,         0,    23.0,chromobius,297ad90311a50edaafc9e53091493d83d39529a397635efae573ed24171b08df,"{""d"":9,""p"":0.0003039195382313198,""r"":36}",
     64512,        14,         0,    8.42,chromobius,efad18b16e15ba35506f55152357ded774a1a3df75c4ec98b266026369c7b94d,"{""d"":9,""p"":0.00041753189365604,""r"":36}",
    207872,        26,         0,    23.0,chromobius,690e119eba56e552d53001d8ea7e9aae8b307814f6e3400efe8aaf3a0b57601d,"{""d"":9,""p"":0.0003562247890262444,""r"":36}",
   1890304,        34,         0,   119.8,chromobius,996a5c8a6347432fd77db4bdc35034af881f115f08dcffd13bf7127afcc4cf03,"{""d"":9,""p"":0.00018873918221350977,""r"":36}",
     92160,        16,         0,    11.7,chromobius,efad18b16e15ba35506f55152357ded774a1a3df75c4ec98b266026369c7b94d,"{""d"":9,""p"":0.00041753189365604,""r"":36}",
    124928,        28,         0,    16.5,chromobius,efad18b16e15ba35506f55152357ded774a1a3df75c4ec98b266026369c7b94d,"{""d"":9,""p"":0.00041753189365604,""r"":36}",
    330752,        18,         0,    32.2,chromobius,297ad90311a50edaafc9e53091493d83d39529a397635efae573ed24171b08df,"{""d"":9,""p"":0.0003039195382313198,""r"":36}",
    291840,        44,         0,    32.2,chromobius,690e119eba56e552d53001d8ea7e9aae8b307814f6e3400efe8aaf3a0b57601d,"{""d"":9,""p"":0.0003562247890262444,""r"":36}",
    177152,        49,         0,    23.1,chromobius,efad18b16e15ba35506f55152357ded774a1a3df75c4ec98b266026369c7b94d,"{""d"":9,""p"":0.00041753189365604,""r"":36}",
   4331520,       453,         0,    72.9,chromobius,ba066e6c3d734223863ceec1e2a10ca61096aaec15d36a392ab050e82f64fb49,"{""d"":7,""p"":0.00016102620275609394,""r"":28}",
       273,         0,         0,   0.041,chromobius,a53a4b4f1f52db99a77244f9b40746bb9bd9437d80c079e312e712c1d7d77717,"{""d"":9,""p"":0.0004893900918477494,""r"":36}",
      1024,         2,         0,   0.147,chromobius,a53a4b4f1f52db99a77244f9b40746bb9bd9437d80c079e312e712c1d7d77717,"{""d"":9,""p"":0.0004893900918477494,""r"":36}",
      1024,         0,         0,   0.147,chromobius,a53a4b4f1f52db99a77244f9b40746bb9bd9437d80c079e312e712c1d7d77717,"{""d"":9,""p"":0.0004893900918477494,""r"":36}",
      1024,         0,         0,   0.147,chromobius,a53a4b4f1f52db99a77244f9b40746bb9bd9437d80c079e312e712c1d7d77717,"{""d"":9,""p"":0.0004893900918477494,""r"":36}",
      1024,         0,         0,   0.168,chromobius,a53a4b4f1f52db99a77244f9b40746bb9bd9437d80c079e312e712c1d7d77717,"{""d"":9,""p"":0.0004893900918477494,""r"":36}",
      1024,         0,         0,   0.166,chromobius,a53a4b4f1f52db99a77244f9b40746bb9bd9437d80c079e312e712c1d7d77717,"{""d"":9,""p"":0.0004893900918477494,""r"":36}",
      1024,         1,         0,   0.162,chromobius,a53a4b4f1f52db99a77244f9b40746bb9bd9437d80c079e312e712c1d7d77717,"{""d"":9,""p"":0.0004893900918477494,""r"":36}",
      1024,         0,         0,   0.161,chromobius,a53a4b4f1f52db99a77244f9b40746bb9bd9437d80c079e312e712c1d7d77717,"{""d"":9,""p"":0.0004893900918477494,""r"":36}",
      1024,         0,         0,   0.156,chromobius,a53a4b4f1f52db99a77244f9b40746bb9bd9437d80c079e312e712c1d7d77717,"{""d"":9,""p"":0.0004893900918477494,""r"":36}",
      2048,         0,         0,   0.320,chromobius,a53a4b4f1f52db99a77244f9b40746bb9bd9437d80c079e312e712c1d7d77717,"{""d"":9,""p"":0.0004893900918477494,""r"":36}",
      2048,         0,         0,   0.298,chromobius,a53a4b4f1f52db99a77244f9b40746bb9bd9437d80c079e312e712c1d7d77717,"{""d"":9,""p"":0.0004893900918477494,""r"":36}",
      3072,         2,         0,   0.445,chromobius,a53a4b4f1f52db99a77244f9b40746bb9bd9437d80c079e312e712c1d7d77717,"{""d"":9,""p"":0.0004893900918477494,""r"":36}",
      4096,         2,         0,   0.602,chromobius,a53a4b4f1f52db99a77244f9b40746bb9bd9437d80c079e312e712c1d7d77717,"{""d"":9,""p"":0.0004893900918477494,""r"":36}",
      6144,         0,         0,   0.894,chromobius,a53a4b4f1f52db99a77244f9b40746bb9bd9437d80c079e312e712c1d7d77717,"{""d"":9,""p"":0.0004893900918477494,""r"":36}",
      8192,         5,         0,    1.25,chromobius,a53a4b4f1f52db99a77244f9b40746bb9bd9437d80c079e312e712c1d7d77717,"{""d"":9,""p"":0.0004893900918477494,""r"":36}",
     10240,         4,         0,    1.61,chromobius,a53a4b4f1f52db99a77244f9b40746bb9bd9437d80c079e312e712c1d7d77717,"{""d"":9,""p"":0.0004893900918477494,""r"":36}",
   1167360,        60,         0,    88.1,chromobius,6f77c01d3566fdda057a6d912b146497daee120681c8ad6491de97a1abee0689,"{""d"":9,""p"":0.0002592943797404667,""r"":36}",
     15360,         5,         0,    2.31,chromobius,a53a4b4f1f52db99a77244f9b40746bb9bd9437d80c079e312e712c1d7d77717,"{""d"":9,""p"":0.0004893900918477494,""r"":36}",
    462848,        37,         0,    45.0,chromobius,297ad90311a50edaafc9e53091493d83d39529a397635efae573ed24171b08df,"{""d"":9,""p"":0.0003039195382313198,""r"":36}",
     20480,         8,         0,    3.10,chromobius,a53a4b4f1f52db99a77244f9b40746bb9bd9437d80c079e312e712c1d7d77717,"{""d"":9,""p"":0.0004893900918477494,""r"":36}",
    403456,        43,         0,    45.0,chromobius,690e119eba56e552d53001d8ea7e9aae8b307814f6e3400efe8aaf3a0b57601d,"{""d"":9,""p"":0.0003562247890262444,""r"":36}",
     28672,         9,         0,    4.27,chromobius,a53a4b4f1f52db99a77244f9b40746bb9bd9437d80c079e312e712c1d7d77717,"{""d"":9,""p"":0.0004893900918477494,""r"":36}",
    253952,        78,         0,    32.2,chromobius,efad18b16e15ba35506f55152357ded774a1a3df75c4ec98b266026369c7b94d,"{""d"":9,""p"":0.00041753189365604,""r"":36}",
     40960,        14,         0,    6.09,chromobius,a53a4b4f1f52db99a77244f9b40746bb9bd9437d80c079e312e712c1d7d77717,"{""d"":9,""p"":0.0004893900918477494,""r"":36}",
   1660928,        46,         0,   119.8,chromobius,e952fc2bfce5c78b1540ff15376953dab2ba41aee925c3c9d50339a957d89197,"{""d"":9,""p"":0.000221221629107045,""r"":36}",
   6134639,       456,         0,    98.4,chromobius,e4e7bd668f7bd59307bb65e674a7fa363934dade6c0a59c0a8868d523a79a039,"{""d"":7,""p"":0.00013738237958832623,""r"":28}",
       273,         0,         0,   0.054,chromobius,6bf70b59a63e0a07f9f744b657999f26d97bae9e563970c1d7de74527598ee00,"{""d"":9,""p"":0.0005736152510448681,""r"":36}",
      1024,         0,         0,   0.190,chromobius,6bf70b59a63e0a07f9f744b657999f26d97bae9e563970c1d7de74527598ee00,"{""d"":9,""p"":0.0005736152510448681,""r"":36}",
      1024,         0,         0,   0.185,chromobius,6bf70b59a63e0a07f9f744b657999f26d97bae9e563970c1d7de74527598ee00,"{""d"":9,""p"":0.0005736152510448681,""r"":36}",
      1024,         1,         0,   0.192,chromobius,6bf70b59a63e0a07f9f744b657999f26d97bae9e563970c1d7de74527598ee00,"{""d"":9,""p"":0.0005736152510448681,""r"":36}",
      1024,         0,         0,   0.189,chromobius,6bf70b59a63e0a07f9f744b657999f26d97bae9e563970c1d7de74527598ee00,"{""d"":9,""p"":0.0005736152510448681,""r"":36}",
      1024,         0,         0,   0.185,chromobius,6bf70b59a63e0a07f9f744b657999f26d97bae9e563970c1d7de74527598ee00,"{""d"":9,""p"":0.0005736152510448681,""r"":36}",
      1024,         1,         0,   0.185,chromobius,6bf70b59a63e0a07f9f744b657999f26d97bae9e563970c1d7de74527598ee00,"{""d"":9,""p"":0.0005736152510448681,""r"":36}",
      1024,         0,         0,   0.190,chromobius,6bf70b59a63e0a07f9f744b657999f26d97bae9e563970c1d7de74527598ee00,"{""d"":9,""p"":0.0005736152510448681,""r"":36}",
      1024,         0,         0,   0.188,chromobius,6bf70b59a63e0a07f9f744b657999f26d97bae9e563970c1d7de74527598ee00,"{""d"":9,""p"":0.0005736152510448681,""r"":36}",
      2048,         1,         0,   0.377,chromobius,6bf70b59a63e0a07f9f744b657999f26d97bae9e563970c1d7de74527598ee00,"{""d"":9,""p"":0.0005736152510448681,""r"":36}",
      2048,         1,         0,   0.375,chromobius,6bf70b59a63e0a07f9f744b657999f26d97bae9e563970c1d7de74527598ee00,"{""d"":9,""p"":0.0005736152510448681,""r"":36}",
      3072,         3,         0,   0.558,chromobius,6bf70b59a63e0a07f9f744b657999f26d97bae9e563970c1d7de74527598ee00,"{""d"":9,""p"":0.0005736152510448681,""r"":36}",
      4096,         4,         0,   0.753,chromobius,6bf70b59a63e0a07f9f744b657999f26d97bae9e563970c1d7de74527598ee00,"{""d"":9,""p"":0.0005736152510448681,""r"":36}",
      5120,         1,         0,   0.945,chromobius,6bf70b59a63e0a07f9f744b657999f26d97bae9e563970c1d7de74527598ee00,"{""d"":9,""p"":0.0005736152510448681,""r"":36}",
     55296,        23,         0,    8.51,chromobius,a53a4b4f1f52db99a77244f9b40746bb9bd9437d80c079e312e712c1d7d77717,"{""d"":9,""p"":0.0004893900918477494,""r"":36}",
      6144,        11,         0,    1.12,chromobius,6bf70b59a63e0a07f9f744b657999f26d97bae9e563970c1d7de74527598ee00,"{""d"":9,""p"":0.0005736152510448681,""r"":36}",
      9216,         6,         0,    1.70,chromobius,6bf70b59a63e0a07f9f744b657999f26d97bae9e563970c1d7de74527598ee00,"{""d"":9,""p"":0.0005736152510448681,""r"":36}",
   3746816,        10,         0,   119.6,chromobius,714b8923ad86ebe6023090399115f48f80125ec8f44492cb366177c9bf154b6f,"{""d"":9,""p"":0.0001,""r"":36}",
     12288,        10,         0,    2.21,chromobius,6bf70b59a63e0a07f9f744b657999f26d97bae9e563970c1d7de74527598ee00,"{""d"":9,""p"":0.0005736152510448681,""r"":36}",
     16384,        15,         0,    3.06,chromobius,6bf70b59a63e0a07f9f744b657999f26d97bae9e563970c1d7de74527598ee00,"{""d"":9,""p"":0.0005736152510448681,""r"":36}",
   3267584,         9,         0,   119.6,chromobius,e7e27ae73958b7a6168ca601d7b6aef5a000482f8970f0d573bb698835333aa6,"{""d"":9,""p"":0.00011721022975334806,""r"":36}",
   2895872,         9,         0,   119.7,chromobius,97df0a92311185d569cf3bfc98bc6ea28e8b8d9ee55f913b674f3ef58f1a15bf,"{""d"":9,""p"":0.00013738237958832623,""r"":36}",
     21504,        18,         0,    4.42,chromobius,6bf70b59a63e0a07f9f744b657999f26d97bae9e563970c1d7de74527598ee00,"{""d"":9,""p"":0.0005736152510448681,""r"":36}",
     72704,        36,         0,    11.9,chromobius,a53a4b4f1f52db99a77244f9b40746bb9bd9437d80c079e312e712c1d7d77717,"{""d"":9,""p"":0.0004893900918477494,""r"":36}",
   2432000,        25,         0,   119.7,chromobius,09c8d1caab2bbf957eb59924a07d92bb67d83d712d7b9474c0b76c175b8ac161,"{""d"":9,""p"":0.00016102620275609394,""r"":36}",
     31744,        17,         0,    6.01,chromobius,6bf70b59a63e0a07f9f744b657999f26d97bae9e563970c1d7de74527598ee00,"{""d"":9,""p"":0.0005736152510448681,""r"":36}",
     45056,        37,         0,    8.38,chromobius,6bf70b59a63e0a07f9f744b657999f26d97bae9e563970c1d7de74527598ee00,"{""d"":9,""p"":0.0005736152510448681,""r"":36}",
    103424,        40,         0,    16.4,chromobius,a53a4b4f1f52db99a77244f9b40746bb9bd9437d80c079e312e712c1d7d77717,"{""d"":9,""p"":0.0004893900918477494,""r"":36}",
   1903616,        26,         0,   119.8,chromobius,996a5c8a6347432fd77db4bdc35034af881f115f08dcffd13bf7127afcc4cf03,"{""d"":9,""p"":0.00018873918221350977,""r"":36}",
    359424,        86,         0,    45.1,chromobius,efad18b16e15ba35506f55152357ded774a1a3df75c4ec98b266026369c7b94d,"{""d"":9,""p"":0.00041753189365604,""r"":36}",
     66560,        62,         0,    11.9,chromobius,6bf70b59a63e0a07f9f744b657999f26d97bae9e563970c1d7de74527598ee00,"{""d"":9,""p"":0.0005736152510448681,""r"":36}",
    638976,        62,         0,    62.9,chromobius,297ad90311a50edaafc9e53091493d83d39529a397635efae573ed24171b08df,"{""d"":9,""p"":0.0003039195382313198,""r"":36}",
    564224,        73,         0,    63.0,chromobius,690e119eba56e552d53001d8ea7e9aae8b307814f6e3400efe8aaf3a0b57601d,"{""d"":9,""p"":0.0003562247890262444,""r"":36}",
    150528,        60,         0,    22.9,chromobius,a53a4b4f1f52db99a77244f9b40746bb9bd9437d80c079e312e712c1d7d77717,"{""d"":9,""p"":0.0004893900918477494,""r"":36}",
     91136,        74,         0,    16.4,chromobius,6bf70b59a63e0a07f9f744b657999f26d97bae9e563970c1d7de74527598ee00,"{""d"":9,""p"":0.0005736152510448681,""r"":36}",
    128000,        99,         0,    23.0,chromobius,6bf70b59a63e0a07f9f744b657999f26d97bae9e563970c1d7de74527598ee00,"{""d"":9,""p"":0.0005736152510448681,""r"":36}",
    210944,       102,         0,    32.2,chromobius,a53a4b4f1f52db99a77244f9b40746bb9bd9437d80c079e312e712c1d7d77717,"{""d"":9,""p"":0.0004893900918477494,""r"":36}",
    499712,       122,         0,    63.0,chromobius,efad18b16e15ba35506f55152357ded774a1a3df75c4ec98b266026369c7b94d,"{""d"":9,""p"":0.00041753189365604,""r"":36}",
   1611776,        85,         0,   119.8,chromobius,6f77c01d3566fdda057a6d912b146497daee120681c8ad6491de97a1abee0689,"{""d"":9,""p"":0.0002592943797404667,""r"":36}",
    180224,       146,         0,    32.2,chromobius,6bf70b59a63e0a07f9f744b657999f26d97bae9e563970c1d7de74527598ee00,"{""d"":9,""p"":0.0005736152510448681,""r"":36}",
   1761280,        48,         0,   119.8,chromobius,e952fc2bfce5c78b1540ff15376953dab2ba41aee925c3c9d50339a957d89197,"{""d"":9,""p"":0.000221221629107045,""r"":36}",
   3665920,         8,         0,   119.6,chromobius,714b8923ad86ebe6023090399115f48f80125ec8f44492cb366177c9bf154b6f,"{""d"":9,""p"":0.0001,""r"":36}",
   3077120,        17,         0,   119.6,chromobius,e7e27ae73958b7a6168ca601d7b6aef5a000482f8970f0d573bb698835333aa6,"{""d"":9,""p"":0.00011721022975334806,""r"":36}",
    295936,       135,         0,    45.1,chromobius,a53a4b4f1f52db99a77244f9b40746bb9bd9437d80c079e312e712c1d7d77717,"{""d"":9,""p"":0.0004893900918477494,""r"":36}",
    901120,        77,         0,    88.1,chromobius,297ad90311a50edaafc9e53091493d83d39529a397635efae573ed24171b08df,"{""d"":9,""p"":0.0003039195382313198,""r"":36}",
   2915328,        14,         0,   119.7,chromobius,97df0a92311185d569cf3bfc98bc6ea28e8b8d9ee55f913b674f3ef58f1a15bf,"{""d"":9,""p"":0.00013738237958832623,""r"":36}",
    812032,       100,         0,    88.2,chromobius,690e119eba56e552d53001d8ea7e9aae8b307814f6e3400efe8aaf3a0b57601d,"{""d"":9,""p"":0.0003562247890262444,""r"":36}",
   2347008,        23,         0,   119.7,chromobius,09c8d1caab2bbf957eb59924a07d92bb67d83d712d7b9474c0b76c175b8ac161,"{""d"":9,""p"":0.00016102620275609394,""r"":36}",
   1882112,        35,         0,   119.8,chromobius,996a5c8a6347432fd77db4bdc35034af881f115f08dcffd13bf7127afcc4cf03,"{""d"":9,""p"":0.00018873918221350977,""r"":36}",
    249856,       199,         0,    45.1,chromobius,6bf70b59a63e0a07f9f744b657999f26d97bae9e563970c1d7de74527598ee00,"{""d"":9,""p"":0.0005736152510448681,""r"":36}",
    699392,       157,         0,    88.2,chromobius,efad18b16e15ba35506f55152357ded774a1a3df75c4ec98b266026369c7b94d,"{""d"":9,""p"":0.00041753189365604,""r"":36}",
    417792,       178,         0,    63.1,chromobius,a53a4b4f1f52db99a77244f9b40746bb9bd9437d80c079e312e712c1d7d77717,"{""d"":9,""p"":0.0004893900918477494,""r"":36}",
   1599488,        94,         0,   119.8,chromobius,6f77c01d3566fdda057a6d912b146497daee120681c8ad6491de97a1abee0689,"{""d"":9,""p"":0.0002592943797404667,""r"":36}",
    352256,       287,         0,    63.1,chromobius,6bf70b59a63e0a07f9f744b657999f26d97bae9e563970c1d7de74527598ee00,"{""d"":9,""p"":0.0005736152510448681,""r"":36}",
   1788928,        55,         0,   119.8,chromobius,e952fc2bfce5c78b1540ff15376953dab2ba41aee925c3c9d50339a957d89197,"{""d"":9,""p"":0.000221221629107045,""r"":36}",
   3548160,         8,         0,   119.6,chromobius,714b8923ad86ebe6023090399115f48f80125ec8f44492cb366177c9bf154b6f,"{""d"":9,""p"":0.0001,""r"":36}",
   3053568,        12,         0,   119.6,chromobius,e7e27ae73958b7a6168ca601d7b6aef5a000482f8970f0d573bb698835333aa6,"{""d"":9,""p"":0.00011721022975334806,""r"":36}",
   1211392,       117,         0,   119.9,chromobius,297ad90311a50edaafc9e53091493d83d39529a397635efae573ed24171b08df,"{""d"":9,""p"":0.0003039195382313198,""r"":36}",
   2892800,        14,         0,   119.7,chromobius,97df0a92311185d569cf3bfc98bc6ea28e8b8d9ee55f913b674f3ef58f1a15bf,"{""d"":9,""p"":0.00013738237958832623,""r"":36}",
   1061888,       162,         0,   120.0,chromobius,690e119eba56e552d53001d8ea7e9aae8b307814f6e3400efe8aaf3a0b57601d,"{""d"":9,""p"":0.0003562247890262444,""r"":36}",
   2330624,        20,         0,   119.7,chromobius,09c8d1caab2bbf957eb59924a07d92bb67d83d712d7b9474c0b76c175b8ac161,"{""d"":9,""p"":0.00016102620275609394,""r"":36}",
   1868800,        32,         0,   119.8,chromobius,996a5c8a6347432fd77db4bdc35034af881f115f08dcffd13bf7127afcc4cf03,"{""d"":9,""p"":0.00018873918221350977,""r"":36}",
    572416,       266,         0,    88.2,chromobius,a53a4b4f1f52db99a77244f9b40746bb9bd9437d80c079e312e712c1d7d77717,"{""d"":9,""p"":0.0004893900918477494,""r"":36}",
    936960,       258,         0,   119.9,chromobius,efad18b16e15ba35506f55152357ded774a1a3df75c4ec98b266026369c7b94d,"{""d"":9,""p"":0.00041753189365604,""r"":36}",
    472064,       405,         0,    88.3,chromobius,6bf70b59a63e0a07f9f744b657999f26d97bae9e563970c1d7de74527598ee00,"{""d"":9,""p"":0.0005736152510448681,""r"":36}",
   1523712,        70,         0,   119.8,chromobius,6f77c01d3566fdda057a6d912b146497daee120681c8ad6491de97a1abee0689,"{""d"":9,""p"":0.0002592943797404667,""r"":36}",
   1746944,        57,         0,   119.9,chromobius,e952fc2bfce5c78b1540ff15376953dab2ba41aee925c3c9d50339a957d89197,"{""d"":9,""p"":0.000221221629107045,""r"":36}",
   3517440,        20,         0,   119.6,chromobius,714b8923ad86ebe6023090399115f48f80125ec8f44492cb366177c9bf154b6f,"{""d"":9,""p"":0.0001,""r"":36}",
   3126272,        10,         0,   119.6,chromobius,e7e27ae73958b7a6168ca601d7b6aef5a000482f8970f0d573bb698835333aa6,"{""d"":9,""p"":0.00011721022975334806,""r"":36}",
   1204224,       107,         0,   119.9,chromobius,297ad90311a50edaafc9e53091493d83d39529a397635efae573ed24171b08df,"{""d"":9,""p"":0.0003039195382313198,""r"":36}",
   2731008,        25,         0,   119.6,chromobius,97df0a92311185d569cf3bfc98bc6ea28e8b8d9ee55f913b674f3ef58f1a15bf,"{""d"":9,""p"":0.00013738237958832623,""r"":36}",
   1096704,       166,         0,   119.9,chromobius,690e119eba56e552d53001d8ea7e9aae8b307814f6e3400efe8aaf3a0b57601d,"{""d"":9,""p"":0.0003562247890262444,""r"":36}",
   2273280,        25,         0,   119.7,chromobius,09c8d1caab2bbf957eb59924a07d92bb67d83d712d7b9474c0b76c175b8ac161,"{""d"":9,""p"":0.00016102620275609394,""r"":36}",
   1860608,        36,         0,   119.8,chromobius,996a5c8a6347432fd77db4bdc35034af881f115f08dcffd13bf7127afcc4cf03,"{""d"":9,""p"":0.00018873918221350977,""r"":36}",
    765952,       353,         0,   120.0,chromobius,a53a4b4f1f52db99a77244f9b40746bb9bd9437d80c079e312e712c1d7d77717,"{""d"":9,""p"":0.0004893900918477494,""r"":36}",
    898048,       214,         0,   120.0,chromobius,efad18b16e15ba35506f55152357ded774a1a3df75c4ec98b266026369c7b94d,"{""d"":9,""p"":0.00041753189365604,""r"":36}",
    638976,       530,         0,   120.1,chromobius,6bf70b59a63e0a07f9f744b657999f26d97bae9e563970c1d7de74527598ee00,"{""d"":9,""p"":0.0005736152510448681,""r"":36}",
   1484800,        50,         0,   119.8,chromobius,6f77c01d3566fdda057a6d912b146497daee120681c8ad6491de97a1abee0689,"{""d"":9,""p"":0.0002592943797404667,""r"":36}",
   1765376,        59,         0,   119.8,chromobius,e952fc2bfce5c78b1540ff15376953dab2ba41aee925c3c9d50339a957d89197,"{""d"":9,""p"":0.000221221629107045,""r"":36}",
   3473408,        17,         0,   119.5,chromobius,714b8923ad86ebe6023090399115f48f80125ec8f44492cb366177c9bf154b6f,"{""d"":9,""p"":0.0001,""r"":36}",
   3275776,        16,         0,   119.6,chromobius,e7e27ae73958b7a6168ca601d7b6aef5a000482f8970f0d573bb698835333aa6,"{""d"":9,""p"":0.00011721022975334806,""r"":36}",
   1226752,       122,         0,   119.9,chromobius,297ad90311a50edaafc9e53091493d83d39529a397635efae573ed24171b08df,"{""d"":9,""p"":0.0003039195382313198,""r"":36}",
   2886656,        11,         0,   119.6,chromobius,97df0a92311185d569cf3bfc98bc6ea28e8b8d9ee55f913b674f3ef58f1a15bf,"{""d"":9,""p"":0.00013738237958832623,""r"":36}",
   1127424,       145,         0,   119.9,chromobius,690e119eba56e552d53001d8ea7e9aae8b307814f6e3400efe8aaf3a0b57601d,"{""d"":9,""p"":0.0003562247890262444,""r"":36}",
   2284544,        27,         0,   119.7,chromobius,09c8d1caab2bbf957eb59924a07d92bb67d83d712d7b9474c0b76c175b8ac161,"{""d"":9,""p"":0.00016102620275609394,""r"":36}",
   1874944,        34,         0,   119.8,chromobius,996a5c8a6347432fd77db4bdc35034af881f115f08dcffd13bf7127afcc4cf03,"{""d"":9,""p"":0.00018873918221350977,""r"":36}",
    772096,       357,         0,   120.0,chromobius,a53a4b4f1f52db99a77244f9b40746bb9bd9437d80c079e312e712c1d7d77717,"{""d"":9,""p"":0.0004893900918477494,""r"":36}",
    886784,       218,         0,   119.9,chromobius,efad18b16e15ba35506f55152357ded774a1a3df75c4ec98b266026369c7b94d,"{""d"":9,""p"":0.00041753189365604,""r"":36}",
    649216,       523,         0,   119.9,chromobius,6bf70b59a63e0a07f9f744b657999f26d97bae9e563970c1d7de74527598ee00,"{""d"":9,""p"":0.0005736152510448681,""r"":36}",
   1437696,        70,         0,   119.8,chromobius,6f77c01d3566fdda057a6d912b146497daee120681c8ad6491de97a1abee0689,"{""d"":9,""p"":0.0002592943797404667,""r"":36}",
   1711104,        46,         0,   119.8,chromobius,e952fc2bfce5c78b1540ff15376953dab2ba41aee925c3c9d50339a957d89197,"{""d"":9,""p"":0.000221221629107045,""r"":36}",
   3543040,        12,         0,   119.5,chromobius,714b8923ad86ebe6023090399115f48f80125ec8f44492cb366177c9bf154b6f,"{""d"":9,""p"":0.0001,""r"":36}",
   3065856,        14,         0,   119.6,chromobius,e7e27ae73958b7a6168ca601d7b6aef5a000482f8970f0d573bb698835333aa6,"{""d"":9,""p"":0.00011721022975334806,""r"":36}",
   1207296,       100,         0,   119.9,chromobius,297ad90311a50edaafc9e53091493d83d39529a397635efae573ed24171b08df,"{""d"":9,""p"":0.0003039195382313198,""r"":36}",
   2724864,        16,         0,   119.7,chromobius,97df0a92311185d569cf3bfc98bc6ea28e8b8d9ee55f913b674f3ef58f1a15bf,"{""d"":9,""p"":0.00013738237958832623,""r"":36}",
   1096704,       155,         0,   119.9,chromobius,690e119eba56e552d53001d8ea7e9aae8b307814f6e3400efe8aaf3a0b57601d,"{""d"":9,""p"":0.0003562247890262444,""r"":36}",
   2347008,        25,         0,   119.7,chromobius,09c8d1caab2bbf957eb59924a07d92bb67d83d712d7b9474c0b76c175b8ac161,"{""d"":9,""p"":0.00016102620275609394,""r"":36}",
   1841152,        31,         0,   119.8,chromobius,996a5c8a6347432fd77db4bdc35034af881f115f08dcffd13bf7127afcc4cf03,"{""d"":9,""p"":0.00018873918221350977,""r"":36}",
    769024,       334,         0,   120.0,chromobius,a53a4b4f1f52db99a77244f9b40746bb9bd9437d80c079e312e712c1d7d77717,"{""d"":9,""p"":0.0004893900918477494,""r"":36}",
    893952,       235,         0,   119.9,chromobius,efad18b16e15ba35506f55152357ded774a1a3df75c4ec98b266026369c7b94d,"{""d"":9,""p"":0.00041753189365604,""r"":36}",
    645120,       525,         0,   120.0,chromobius,6bf70b59a63e0a07f9f744b657999f26d97bae9e563970c1d7de74527598ee00,"{""d"":9,""p"":0.0005736152510448681,""r"":36}",
   1524736,        91,         0,   119.8,chromobius,6f77c01d3566fdda057a6d912b146497daee120681c8ad6491de97a1abee0689,"{""d"":9,""p"":0.0002592943797404667,""r"":36}",
   1649664,        45,         0,   119.8,chromobius,e952fc2bfce5c78b1540ff15376953dab2ba41aee925c3c9d50339a957d89197,"{""d"":9,""p"":0.000221221629107045,""r"":36}",
   3601408,        10,         0,   119.6,chromobius,714b8923ad86ebe6023090399115f48f80125ec8f44492cb366177c9bf154b6f,"{""d"":9,""p"":0.0001,""r"":36}",
   3174400,        15,         0,   119.6,chromobius,e7e27ae73958b7a6168ca601d7b6aef5a000482f8970f0d573bb698835333aa6,"{""d"":9,""p"":0.00011721022975334806,""r"":36}",
   1211392,       117,         0,   119.9,chromobius,297ad90311a50edaafc9e53091493d83d39529a397635efae573ed24171b08df,"{""d"":9,""p"":0.0003039195382313198,""r"":36}",
   2836480,        13,         0,   119.7,chromobius,97df0a92311185d569cf3bfc98bc6ea28e8b8d9ee55f913b674f3ef58f1a15bf,"{""d"":9,""p"":0.00013738237958832623,""r"":36}",
   1147904,       173,         0,   119.9,chromobius,690e119eba56e552d53001d8ea7e9aae8b307814f6e3400efe8aaf3a0b57601d,"{""d"":9,""p"":0.0003562247890262444,""r"":36}",
   2407424,        24,         0,   119.7,chromobius,09c8d1caab2bbf957eb59924a07d92bb67d83d712d7b9474c0b76c175b8ac161,"{""d"":9,""p"":0.00016102620275609394,""r"":36}",
   1893376,        39,         0,   119.8,chromobius,996a5c8a6347432fd77db4bdc35034af881f115f08dcffd13bf7127afcc4cf03,"{""d"":9,""p"":0.00018873918221350977,""r"":36}",
    778240,       340,         0,   120.0,chromobius,a53a4b4f1f52db99a77244f9b40746bb9bd9437d80c079e312e712c1d7d77717,"{""d"":9,""p"":0.0004893900918477494,""r"":36}",
    906240,       208,         0,   120.0,chromobius,efad18b16e15ba35506f55152357ded774a1a3df75c4ec98b266026369c7b94d,"{""d"":9,""p"":0.00041753189365604,""r"":36}",
    656384,       534,         0,   120.1,chromobius,6bf70b59a63e0a07f9f744b657999f26d97bae9e563970c1d7de74527598ee00,"{""d"":9,""p"":0.0005736152510448681,""r"":36}",
   1519616,        81,         0,   119.9,chromobius,6f77c01d3566fdda057a6d912b146497daee120681c8ad6491de97a1abee0689,"{""d"":9,""p"":0.0002592943797404667,""r"":36}",
   1691648,        47,         0,   119.8,chromobius,e952fc2bfce5c78b1540ff15376953dab2ba41aee925c3c9d50339a957d89197,"{""d"":9,""p"":0.000221221629107045,""r"":36}",
   3621888,        10,         0,   119.6,chromobius,714b8923ad86ebe6023090399115f48f80125ec8f44492cb366177c9bf154b6f,"{""d"":9,""p"":0.0001,""r"":36}",
   3074048,        14,         0,   119.6,chromobius,e7e27ae73958b7a6168ca601d7b6aef5a000482f8970f0d573bb698835333aa6,"{""d"":9,""p"":0.00011721022975334806,""r"":36}",
   1229824,        84,         0,   119.9,chromobius,297ad90311a50edaafc9e53091493d83d39529a397635efae573ed24171b08df,"{""d"":9,""p"":0.0003039195382313198,""r"":36}",
   2776064,        13,         0,   119.6,chromobius,97df0a92311185d569cf3bfc98bc6ea28e8b8d9ee55f913b674f3ef58f1a15bf,"{""d"":9,""p"":0.00013738237958832623,""r"":36}",
   1097728,       169,         0,   120.0,chromobius,690e119eba56e552d53001d8ea7e9aae8b307814f6e3400efe8aaf3a0b57601d,"{""d"":9,""p"":0.0003562247890262444,""r"":36}",
   2435072,        39,         0,   119.7,chromobius,09c8d1caab2bbf957eb59924a07d92bb67d83d712d7b9474c0b76c175b8ac161,"{""d"":9,""p"":0.00016102620275609394,""r"":36}",
   1872896,        35,         0,   119.8,chromobius,996a5c8a6347432fd77db4bdc35034af881f115f08dcffd13bf7127afcc4cf03,"{""d"":9,""p"":0.00018873918221350977,""r"":36}",
    807936,       369,         0,   119.9,chromobius,a53a4b4f1f52db99a77244f9b40746bb9bd9437d80c079e312e712c1d7d77717,"{""d"":9,""p"":0.0004893900918477494,""r"":36}",
    910336,       226,         0,   119.9,chromobius,efad18b16e15ba35506f55152357ded774a1a3df75c4ec98b266026369c7b94d,"{""d"":9,""p"":0.00041753189365604,""r"":36}",
    666624,       544,         0,   120.1,chromobius,6bf70b59a63e0a07f9f744b657999f26d97bae9e563970c1d7de74527598ee00,"{""d"":9,""p"":0.0005736152510448681,""r"":36}",
   1573888,        82,         0,   119.8,chromobius,6f77c01d3566fdda057a6d912b146497daee120681c8ad6491de97a1abee0689,"{""d"":9,""p"":0.0002592943797404667,""r"":36}",
   1733632,        53,         0,   119.8,chromobius,e952fc2bfce5c78b1540ff15376953dab2ba41aee925c3c9d50339a957d89197,"{""d"":9,""p"":0.000221221629107045,""r"":36}",
   3671040,        10,         0,   119.6,chromobius,714b8923ad86ebe6023090399115f48f80125ec8f44492cb366177c9bf154b6f,"{""d"":9,""p"":0.0001,""r"":36}",
   3068928,         7,         0,   119.6,chromobius,e7e27ae73958b7a6168ca601d7b6aef5a000482f8970f0d573bb698835333aa6,"{""d"":9,""p"":0.00011721022975334806,""r"":36}",
   1230848,       105,         0,   119.9,chromobius,297ad90311a50edaafc9e53091493d83d39529a397635efae573ed24171b08df,"{""d"":9,""p"":0.0003039195382313198,""r"":36}",
   2832384,        21,         0,   119.6,chromobius,97df0a92311185d569cf3bfc98bc6ea28e8b8d9ee55f913b674f3ef58f1a15bf,"{""d"":9,""p"":0.00013738237958832623,""r"":36}",
   1113088,       160,         0,   119.9,chromobius,690e119eba56e552d53001d8ea7e9aae8b307814f6e3400efe8aaf3a0b57601d,"{""d"":9,""p"":0.0003562247890262444,""r"":36}",
   2317312,        26,         0,   119.7,chromobius,09c8d1caab2bbf957eb59924a07d92bb67d83d712d7b9474c0b76c175b8ac161,"{""d"":9,""p"":0.00016102620275609394,""r"":36}",
   1902592,        41,         0,   119.8,chromobius,996a5c8a6347432fd77db4bdc35034af881f115f08dcffd13bf7127afcc4cf03,"{""d"":9,""p"":0.00018873918221350977,""r"":36}",
    797696,       357,         0,   120.0,chromobius,a53a4b4f1f52db99a77244f9b40746bb9bd9437d80c079e312e712c1d7d77717,"{""d"":9,""p"":0.0004893900918477494,""r"":36}",
    898048,       228,         0,   119.9,chromobius,efad18b16e15ba35506f55152357ded774a1a3df75c4ec98b266026369c7b94d,"{""d"":9,""p"":0.00041753189365604,""r"":36}",
    652288,       497,         0,   120.0,chromobius,6bf70b59a63e0a07f9f744b657999f26d97bae9e563970c1d7de74527598ee00,"{""d"":9,""p"":0.0005736152510448681,""r"":36}",
   1517568,        83,         0,   119.9,chromobius,6f77c01d3566fdda057a6d912b146497daee120681c8ad6491de97a1abee0689,"{""d"":9,""p"":0.0002592943797404667,""r"":36}",
   1659904,        48,         0,   119.9,chromobius,e952fc2bfce5c78b1540ff15376953dab2ba41aee925c3c9d50339a957d89197,"{""d"":9,""p"":0.000221221629107045,""r"":36}",
   3768320,         9,         0,   119.5,chromobius,714b8923ad86ebe6023090399115f48f80125ec8f44492cb366177c9bf154b6f,"{""d"":9,""p"":0.0001,""r"":36}",
   3076096,        11,         0,   119.6,chromobius,e7e27ae73958b7a6168ca601d7b6aef5a000482f8970f0d573bb698835333aa6,"{""d"":9,""p"":0.00011721022975334806,""r"":36}",
   1220608,       104,         0,   119.9,chromobius,297ad90311a50edaafc9e53091493d83d39529a397635efae573ed24171b08df,"{""d"":9,""p"":0.0003039195382313198,""r"":36}",
   2934784,        15,         0,   119.6,chromobius,97df0a92311185d569cf3bfc98bc6ea28e8b8d9ee55f913b674f3ef58f1a15bf,"{""d"":9,""p"":0.00013738237958832623,""r"":36}",
   1044480,       158,         0,   119.9,chromobius,690e119eba56e552d53001d8ea7e9aae8b307814f6e3400efe8aaf3a0b57601d,"{""d"":9,""p"":0.0003562247890262444,""r"":36}",
    367471,         0,         0,    11.4,chromobius,714b8923ad86ebe6023090399115f48f80125ec8f44492cb366177c9bf154b6f,"{""d"":9,""p"":0.0001,""r"":36}",
   2508800,        27,         0,   119.8,chromobius,09c8d1caab2bbf957eb59924a07d92bb67d83d712d7b9474c0b76c175b8ac161,"{""d"":9,""p"":0.00016102620275609394,""r"":36}",
       273,         1,         0,   0.060,chromobius,057be292d7ea6a849ebec44abb64eba006ee0bf17a9622b9aeb0e813644450dd,"{""d"":9,""p"":0.0006723357536499335,""r"":36}",
      1024,         2,         0,   0.205,chromobius,057be292d7ea6a849ebec44abb64eba006ee0bf17a9622b9aeb0e813644450dd,"{""d"":9,""p"":0.0006723357536499335,""r"":36}",
      1024,         1,         0,   0.202,chromobius,057be292d7ea6a849ebec44abb64eba006ee0bf17a9622b9aeb0e813644450dd,"{""d"":9,""p"":0.0006723357536499335,""r"":36}",
      1024,         1,         0,   0.214,chromobius,057be292d7ea6a849ebec44abb64eba006ee0bf17a9622b9aeb0e813644450dd,"{""d"":9,""p"":0.0006723357536499335,""r"":36}",
      1024,         2,         0,   0.201,chromobius,057be292d7ea6a849ebec44abb64eba006ee0bf17a9622b9aeb0e813644450dd,"{""d"":9,""p"":0.0006723357536499335,""r"":36}",
      1024,         1,         0,   0.208,chromobius,057be292d7ea6a849ebec44abb64eba006ee0bf17a9622b9aeb0e813644450dd,"{""d"":9,""p"":0.0006723357536499335,""r"":36}",
      1024,         2,         0,   0.210,chromobius,057be292d7ea6a849ebec44abb64eba006ee0bf17a9622b9aeb0e813644450dd,"{""d"":9,""p"":0.0006723357536499335,""r"":36}",
      1024,         5,         0,   0.203,chromobius,057be292d7ea6a849ebec44abb64eba006ee0bf17a9622b9aeb0e813644450dd,"{""d"":9,""p"":0.0006723357536499335,""r"":36}",
      1024,         2,         0,   0.205,chromobius,057be292d7ea6a849ebec44abb64eba006ee0bf17a9622b9aeb0e813644450dd,"{""d"":9,""p"":0.0006723357536499335,""r"":36}",
      1024,         1,         0,   0.209,chromobius,057be292d7ea6a849ebec44abb64eba006ee0bf17a9622b9aeb0e813644450dd,"{""d"":9,""p"":0.0006723357536499335,""r"":36}",
      2048,         3,         0,   0.396,chromobius,057be292d7ea6a849ebec44abb64eba006ee0bf17a9622b9aeb0e813644450dd,"{""d"":9,""p"":0.0006723357536499335,""r"":36}",
      2048,         2,         0,   0.440,chromobius,057be292d7ea6a849ebec44abb64eba006ee0bf17a9622b9aeb0e813644450dd,"{""d"":9,""p"":0.0006723357536499335,""r"":36}",
      3072,         1,         0,   0.630,chromobius,057be292d7ea6a849ebec44abb64eba006ee0bf17a9622b9aeb0e813644450dd,"{""d"":9,""p"":0.0006723357536499335,""r"":36}",
      4096,         8,         0,   0.860,chromobius,057be292d7ea6a849ebec44abb64eba006ee0bf17a9622b9aeb0e813644450dd,"{""d"":9,""p"":0.0006723357536499335,""r"":36}",
      6144,         1,         0,    1.22,chromobius,057be292d7ea6a849ebec44abb64eba006ee0bf17a9622b9aeb0e813644450dd,"{""d"":9,""p"":0.0006723357536499335,""r"":36}",
      8192,        16,         0,    1.69,chromobius,057be292d7ea6a849ebec44abb64eba006ee0bf17a9622b9aeb0e813644450dd,"{""d"":9,""p"":0.0006723357536499335,""r"":36}",
     11264,        11,         0,    2.32,chromobius,057be292d7ea6a849ebec44abb64eba006ee0bf17a9622b9aeb0e813644450dd,"{""d"":9,""p"":0.0006723357536499335,""r"":36}",
     15360,        17,         0,    3.18,chromobius,057be292d7ea6a849ebec44abb64eba006ee0bf17a9622b9aeb0e813644450dd,"{""d"":9,""p"":0.0006723357536499335,""r"":36}",
   1849344,        43,         0,   119.8,chromobius,996a5c8a6347432fd77db4bdc35034af881f115f08dcffd13bf7127afcc4cf03,"{""d"":9,""p"":0.00018873918221350977,""r"":36}",
     22528,        45,         0,    4.40,chromobius,057be292d7ea6a849ebec44abb64eba006ee0bf17a9622b9aeb0e813644450dd,"{""d"":9,""p"":0.0006723357536499335,""r"":36}",
     30720,        43,         0,    6.10,chromobius,057be292d7ea6a849ebec44abb64eba006ee0bf17a9622b9aeb0e813644450dd,"{""d"":9,""p"":0.0006723357536499335,""r"":36}",
    846848,       381,         0,   120.0,chromobius,a53a4b4f1f52db99a77244f9b40746bb9bd9437d80c079e312e712c1d7d77717,"{""d"":9,""p"":0.0004893900918477494,""r"":36}",
     44032,        63,         0,    8.48,chromobius,057be292d7ea6a849ebec44abb64eba006ee0bf17a9622b9aeb0e813644450dd,"{""d"":9,""p"":0.0006723357536499335,""r"":36}",
     61440,        75,         0,    11.8,chromobius,057be292d7ea6a849ebec44abb64eba006ee0bf17a9622b9aeb0e813644450dd,"{""d"":9,""p"":0.0006723357536499335,""r"":36}",
    610304,       450,         0,   113.6,chromobius,6bf70b59a63e0a07f9f744b657999f26d97bae9e563970c1d7de74527598ee00,"{""d"":9,""p"":0.0005736152510448681,""r"":36}",
       273,         1,         0,   0.074,chromobius,03b783fe3140efe0924441822039687b17880574432bf8727fb0d7574cdb4453,"{""d"":9,""p"":0.0007880462815669912,""r"":36}",
      1024,         1,         0,   0.258,chromobius,03b783fe3140efe0924441822039687b17880574432bf8727fb0d7574cdb4453,"{""d"":9,""p"":0.0007880462815669912,""r"":36}",
      1024,         1,         0,   0.254,chromobius,03b783fe3140efe0924441822039687b17880574432bf8727fb0d7574cdb4453,"{""d"":9,""p"":0.0007880462815669912,""r"":36}",
      1024,         1,         0,   0.266,chromobius,03b783fe3140efe0924441822039687b17880574432bf8727fb0d7574cdb4453,"{""d"":9,""p"":0.0007880462815669912,""r"":36}",
      1024,         1,         0,   0.264,chromobius,03b783fe3140efe0924441822039687b17880574432bf8727fb0d7574cdb4453,"{""d"":9,""p"":0.0007880462815669912,""r"":36}",
      1024,         3,         0,   0.264,chromobius,03b783fe3140efe0924441822039687b17880574432bf8727fb0d7574cdb4453,"{""d"":9,""p"":0.0007880462815669912,""r"":36}",
      1024,         3,         0,   0.258,chromobius,03b783fe3140efe0924441822039687b17880574432bf8727fb0d7574cdb4453,"{""d"":9,""p"":0.0007880462815669912,""r"":36}",
      1024,         3,         0,   0.274,chromobius,03b783fe3140efe0924441822039687b17880574432bf8727fb0d7574cdb4453,"{""d"":9,""p"":0.0007880462815669912,""r"":36}",
      1024,         4,         0,   0.271,chromobius,03b783fe3140efe0924441822039687b17880574432bf8727fb0d7574cdb4453,"{""d"":9,""p"":0.0007880462815669912,""r"":36}",
    893952,       216,         0,   119.9,chromobius,efad18b16e15ba35506f55152357ded774a1a3df75c4ec98b266026369c7b94d,"{""d"":9,""p"":0.00041753189365604,""r"":36}",
      1024,         5,         0,   0.269,chromobius,03b783fe3140efe0924441822039687b17880574432bf8727fb0d7574cdb4453,"{""d"":9,""p"":0.0007880462815669912,""r"":36}",
      2048,         3,         0,   0.538,chromobius,03b783fe3140efe0924441822039687b17880574432bf8727fb0d7574cdb4453,"{""d"":9,""p"":0.0007880462815669912,""r"":36}",
      2048,         7,         0,   0.548,chromobius,03b783fe3140efe0924441822039687b17880574432bf8727fb0d7574cdb4453,"{""d"":9,""p"":0.0007880462815669912,""r"":36}",
      3072,         6,         0,   0.803,chromobius,03b783fe3140efe0924441822039687b17880574432bf8727fb0d7574cdb4453,"{""d"":9,""p"":0.0007880462815669912,""r"":36}",
      3072,         3,         0,   0.819,chromobius,03b783fe3140efe0924441822039687b17880574432bf8727fb0d7574cdb4453,"{""d"":9,""p"":0.0007880462815669912,""r"":36}",
      5120,         9,         0,    1.34,chromobius,03b783fe3140efe0924441822039687b17880574432bf8727fb0d7574cdb4453,"{""d"":9,""p"":0.0007880462815669912,""r"":36}",
      6144,        13,         0,    1.60,chromobius,03b783fe3140efe0924441822039687b17880574432bf8727fb0d7574cdb4453,"{""d"":9,""p"":0.0007880462815669912,""r"":36}",
      9216,        23,         0,    2.44,chromobius,03b783fe3140efe0924441822039687b17880574432bf8727fb0d7574cdb4453,"{""d"":9,""p"":0.0007880462815669912,""r"":36}",
     10240,        21,         0,    3.27,chromobius,03b783fe3140efe0924441822039687b17880574432bf8727fb0d7574cdb4453,"{""d"":9,""p"":0.0007880462815669912,""r"":36}",
     86016,       111,         0,    16.4,chromobius,057be292d7ea6a849ebec44abb64eba006ee0bf17a9622b9aeb0e813644450dd,"{""d"":9,""p"":0.0006723357536499335,""r"":36}",
     14336,        35,         0,    4.52,chromobius,03b783fe3140efe0924441822039687b17880574432bf8727fb0d7574cdb4453,"{""d"":9,""p"":0.0007880462815669912,""r"":36}",
     20480,        49,         0,    6.23,chromobius,03b783fe3140efe0924441822039687b17880574432bf8727fb0d7574cdb4453,"{""d"":9,""p"":0.0007880462815669912,""r"":36}",
     34816,        92,         0,    8.59,chromobius,03b783fe3140efe0924441822039687b17880574432bf8727fb0d7574cdb4453,"{""d"":9,""p"":0.0007880462815669912,""r"":36}",
   1521664,        87,         0,   119.8,chromobius,6f77c01d3566fdda057a6d912b146497daee120681c8ad6491de97a1abee0689,"{""d"":9,""p"":0.0002592943797404667,""r"":36}",
    119808,       183,         0,    23.0,chromobius,057be292d7ea6a849ebec44abb64eba006ee0bf17a9622b9aeb0e813644450dd,"{""d"":9,""p"":0.0006723357536499335,""r"":36}",
     48128,       126,         0,    11.8,chromobius,03b783fe3140efe0924441822039687b17880574432bf8727fb0d7574cdb4453,"{""d"":9,""p"":0.0007880462815669912,""r"":36}",
   1707008,        53,         0,   119.8,chromobius,e952fc2bfce5c78b1540ff15376953dab2ba41aee925c3c9d50339a957d89197,"{""d"":9,""p"":0.000221221629107045,""r"":36}",
     67584,       171,         0,    16.7,chromobius,03b783fe3140efe0924441822039687b17880574432bf8727fb0d7574cdb4453,"{""d"":9,""p"":0.0007880462815669912,""r"":36}",
   3069952,        16,         0,   119.6,chromobius,e7e27ae73958b7a6168ca601d7b6aef5a000482f8970f0d573bb698835333aa6,"{""d"":9,""p"":0.00011721022975334806,""r"":36}",
   1238016,       113,         0,   119.9,chromobius,297ad90311a50edaafc9e53091493d83d39529a397635efae573ed24171b08df,"{""d"":9,""p"":0.0003039195382313198,""r"":36}",
   2881536,        26,         0,   119.6,chromobius,97df0a92311185d569cf3bfc98bc6ea28e8b8d9ee55f913b674f3ef58f1a15bf,"{""d"":9,""p"":0.00013738237958832623,""r"":36}",
    160768,       207,         0,    32.3,chromobius,057be292d7ea6a849ebec44abb64eba006ee0bf17a9622b9aeb0e813644450dd,"{""d"":9,""p"":0.0006723357536499335,""r"":36}",
   1127424,       169,         0,   119.9,chromobius,690e119eba56e552d53001d8ea7e9aae8b307814f6e3400efe8aaf3a0b57601d,"{""d"":9,""p"":0.0003562247890262444,""r"":36}",
   2450432,        26,         0,   119.7,chromobius,09c8d1caab2bbf957eb59924a07d92bb67d83d712d7b9474c0b76c175b8ac161,"{""d"":9,""p"":0.00016102620275609394,""r"":36}",
     94208,       216,         0,    23.0,chromobius,03b783fe3140efe0924441822039687b17880574432bf8727fb0d7574cdb4453,"{""d"":9,""p"":0.0007880462815669912,""r"":36}",
   1872896,        36,         0,   119.8,chromobius,996a5c8a6347432fd77db4bdc35034af881f115f08dcffd13bf7127afcc4cf03,"{""d"":9,""p"":0.00018873918221350977,""r"":36}",
    792576,       345,         0,   119.9,chromobius,a53a4b4f1f52db99a77244f9b40746bb9bd9437d80c079e312e712c1d7d77717,"{""d"":9,""p"":0.0004893900918477494,""r"":36}",
    218112,       319,         0,    45.0,chromobius,057be292d7ea6a849ebec44abb64eba006ee0bf17a9622b9aeb0e813644450dd,"{""d"":9,""p"":0.0006723357536499335,""r"":36}",
    132096,       331,         0,    32.1,chromobius,03b783fe3140efe0924441822039687b17880574432bf8727fb0d7574cdb4453,"{""d"":9,""p"":0.0007880462815669912,""r"":36}",
    884736,       198,         0,   119.9,chromobius,efad18b16e15ba35506f55152357ded774a1a3df75c4ec98b266026369c7b94d,"{""d"":9,""p"":0.00041753189365604,""r"":36}",
   1526784,        71,         0,   119.9,chromobius,6f77c01d3566fdda057a6d912b146497daee120681c8ad6491de97a1abee0689,"{""d"":9,""p"":0.0002592943797404667,""r"":36}",
    183296,       494,         0,    45.0,chromobius,03b783fe3140efe0924441822039687b17880574432bf8727fb0d7574cdb4453,"{""d"":9,""p"":0.0007880462815669912,""r"":36}",
   1708032,        44,         0,   119.8,chromobius,e952fc2bfce5c78b1540ff15376953dab2ba41aee925c3c9d50339a957d89197,"{""d"":9,""p"":0.000221221629107045,""r"":36}",
    306176,       458,         0,    63.0,chromobius,057be292d7ea6a849ebec44abb64eba006ee0bf17a9622b9aeb0e813644450dd,"{""d"":9,""p"":0.0006723357536499335,""r"":36}",
   3253248,         9,         0,   119.6,chromobius,e7e27ae73958b7a6168ca601d7b6aef5a000482f8970f0d573bb698835333aa6,"{""d"":9,""p"":0.00011721022975334806,""r"":36}",
   1232896,       111,         0,   119.9,chromobius,297ad90311a50edaafc9e53091493d83d39529a397635efae573ed24171b08df,"{""d"":9,""p"":0.0003039195382313198,""r"":36}",
   2796544,        16,         0,   119.7,chromobius,97df0a92311185d569cf3bfc98bc6ea28e8b8d9ee55f913b674f3ef58f1a15bf,"{""d"":9,""p"":0.00013738237958832623,""r"":36}",
   1138688,       157,         0,   119.9,chromobius,690e119eba56e552d53001d8ea7e9aae8b307814f6e3400efe8aaf3a0b57601d,"{""d"":9,""p"":0.0003562247890262444,""r"":36}",
   2337792,        20,         0,   119.7,chromobius,09c8d1caab2bbf957eb59924a07d92bb67d83d712d7b9474c0b76c175b8ac161,"{""d"":9,""p"":0.00016102620275609394,""r"":36}",
    365423,         0,         0,    12.8,chromobius,e7e27ae73958b7a6168ca601d7b6aef5a000482f8970f0d573bb698835333aa6,"{""d"":9,""p"":0.00011721022975334806,""r"":36}",
       273,         4,         0,   0.072,chromobius,272e2c77ddfcc5763947ee0454bf4c613804d8cc9dbed915144e11b68a038597,"{""d"":9,""p"":0.0009236708571873865,""r"":36}",
      1024,         6,         0,   0.292,chromobius,272e2c77ddfcc5763947ee0454bf4c613804d8cc9dbed915144e11b68a038597,"{""d"":9,""p"":0.0009236708571873865,""r"":36}",
      1024,         7,         0,   0.294,chromobius,272e2c77ddfcc5763947ee0454bf4c613804d8cc9dbed915144e11b68a038597,"{""d"":9,""p"":0.0009236708571873865,""r"":36}",
      1024,         6,         0,   0.301,chromobius,272e2c77ddfcc5763947ee0454bf4c613804d8cc9dbed915144e11b68a038597,"{""d"":9,""p"":0.0009236708571873865,""r"":36}",
      1024,         6,         0,   0.300,chromobius,272e2c77ddfcc5763947ee0454bf4c613804d8cc9dbed915144e11b68a038597,"{""d"":9,""p"":0.0009236708571873865,""r"":36}",
      1024,         1,         0,   0.286,chromobius,272e2c77ddfcc5763947ee0454bf4c613804d8cc9dbed915144e11b68a038597,"{""d"":9,""p"":0.0009236708571873865,""r"":36}",
      1024,         1,         0,   0.257,chromobius,272e2c77ddfcc5763947ee0454bf4c613804d8cc9dbed915144e11b68a038597,"{""d"":9,""p"":0.0009236708571873865,""r"":36}",
      1024,         3,         0,   0.289,chromobius,272e2c77ddfcc5763947ee0454bf4c613804d8cc9dbed915144e11b68a038597,"{""d"":9,""p"":0.0009236708571873865,""r"":36}",
      1024,         4,         0,   0.276,chromobius,272e2c77ddfcc5763947ee0454bf4c613804d8cc9dbed915144e11b68a038597,"{""d"":9,""p"":0.0009236708571873865,""r"":36}",
      1024,        10,         0,   0.262,chromobius,272e2c77ddfcc5763947ee0454bf4c613804d8cc9dbed915144e11b68a038597,"{""d"":9,""p"":0.0009236708571873865,""r"":36}",
      1024,         4,         0,   0.298,chromobius,272e2c77ddfcc5763947ee0454bf4c613804d8cc9dbed915144e11b68a038597,"{""d"":9,""p"":0.0009236708571873865,""r"":36}",
      2048,         8,         0,   0.578,chromobius,272e2c77ddfcc5763947ee0454bf4c613804d8cc9dbed915144e11b68a038597,"{""d"":9,""p"":0.0009236708571873865,""r"":36}",
      2048,         7,         0,   0.585,chromobius,272e2c77ddfcc5763947ee0454bf4c613804d8cc9dbed915144e11b68a038597,"{""d"":9,""p"":0.0009236708571873865,""r"":36}",
      3072,        13,         0,   0.882,chromobius,272e2c77ddfcc5763947ee0454bf4c613804d8cc9dbed915144e11b68a038597,"{""d"":9,""p"":0.0009236708571873865,""r"":36}",
      4096,         9,         0,    1.20,chromobius,272e2c77ddfcc5763947ee0454bf4c613804d8cc9dbed915144e11b68a038597,"{""d"":9,""p"":0.0009236708571873865,""r"":36}",
      6144,        20,         0,    1.81,chromobius,272e2c77ddfcc5763947ee0454bf4c613804d8cc9dbed915144e11b68a038597,"{""d"":9,""p"":0.0009236708571873865,""r"":36}",
   1936384,        39,         0,   119.8,chromobius,996a5c8a6347432fd77db4bdc35034af881f115f08dcffd13bf7127afcc4cf03,"{""d"":9,""p"":0.00018873918221350977,""r"":36}",
      8192,        24,         0,    2.43,chromobius,272e2c77ddfcc5763947ee0454bf4c613804d8cc9dbed915144e11b68a038597,"{""d"":9,""p"":0.0009236708571873865,""r"":36}",
     11264,        47,         0,    3.32,chromobius,272e2c77ddfcc5763947ee0454bf4c613804d8cc9dbed915144e11b68a038597,"{""d"":9,""p"":0.0009236708571873865,""r"":36}",
     15360,        75,         0,    4.45,chromobius,272e2c77ddfcc5763947ee0454bf4c613804d8cc9dbed915144e11b68a038597,"{""d"":9,""p"":0.0009236708571873865,""r"":36}",
    799744,       340,         0,   120.0,chromobius,a53a4b4f1f52db99a77244f9b40746bb9bd9437d80c079e312e712c1d7d77717,"{""d"":9,""p"":0.0004893900918477494,""r"":36}",
     21504,        91,         0,    6.18,chromobius,272e2c77ddfcc5763947ee0454bf4c613804d8cc9dbed915144e11b68a038597,"{""d"":9,""p"":0.0009236708571873865,""r"":36}",
    251904,       654,         0,    63.1,chromobius,03b783fe3140efe0924441822039687b17880574432bf8727fb0d7574cdb4453,"{""d"":9,""p"":0.0007880462815669912,""r"":36}",
     29696,       124,         0,    8.55,chromobius,272e2c77ddfcc5763947ee0454bf4c613804d8cc9dbed915144e11b68a038597,"{""d"":9,""p"":0.0009236708571873865,""r"":36}",
    890880,       242,         0,   120.0,chromobius,efad18b16e15ba35506f55152357ded774a1a3df75c4ec98b266026369c7b94d,"{""d"":9,""p"":0.00041753189365604,""r"":36}",
     40960,       193,         0,    11.9,chromobius,272e2c77ddfcc5763947ee0454bf4c613804d8cc9dbed915144e11b68a038597,"{""d"":9,""p"":0.0009236708571873865,""r"":36}",
     57344,       234,         0,    16.6,chromobius,272e2c77ddfcc5763947ee0454bf4c613804d8cc9dbed915144e11b68a038597,"{""d"":9,""p"":0.0009236708571873865,""r"":36}",
    418816,       603,         0,    88.3,chromobius,057be292d7ea6a849ebec44abb64eba006ee0bf17a9622b9aeb0e813644450dd,"{""d"":9,""p"":0.0006723357536499335,""r"":36}",
   1618944,        72,         0,   119.8,chromobius,6f77c01d3566fdda057a6d912b146497daee120681c8ad6491de97a1abee0689,"{""d"":9,""p"":0.0002592943797404667,""r"":36}",
     79872,       353,         0,    23.0,chromobius,272e2c77ddfcc5763947ee0454bf4c613804d8cc9dbed915144e11b68a038597,"{""d"":9,""p"":0.0009236708571873865,""r"":36}",
   1695744,        48,         0,   119.9,chromobius,e952fc2bfce5c78b1540ff15376953dab2ba41aee925c3c9d50339a957d89197,"{""d"":9,""p"":0.000221221629107045,""r"":36}",
   1217536,       109,         0,   119.9,chromobius,297ad90311a50edaafc9e53091493d83d39529a397635efae573ed24171b08df,"{""d"":9,""p"":0.0003039195382313198,""r"":36}",
   2950144,        17,         0,   119.6,chromobius,97df0a92311185d569cf3bfc98bc6ea28e8b8d9ee55f913b674f3ef58f1a15bf,"{""d"":9,""p"":0.00013738237958832623,""r"":36}",
    364544,       935,         0,    88.2,chromobius,03b783fe3140efe0924441822039687b17880574432bf8727fb0d7574cdb4453,"{""d"":9,""p"":0.0007880462815669912,""r"":36}",
   1145856,       144,         0,   119.9,chromobius,690e119eba56e552d53001d8ea7e9aae8b307814f6e3400efe8aaf3a0b57601d,"{""d"":9,""p"":0.0003562247890262444,""r"":36}",
   2411520,        33,         0,   119.7,chromobius,09c8d1caab2bbf957eb59924a07d92bb67d83d712d7b9474c0b76c175b8ac161,"{""d"":9,""p"":0.00016102620275609394,""r"":36}",
    111616,       528,         0,    32.3,chromobius,272e2c77ddfcc5763947ee0454bf4c613804d8cc9dbed915144e11b68a038597,"{""d"":9,""p"":0.0009236708571873865,""r"":36}",
   1937408,        34,         0,   119.8,chromobius,996a5c8a6347432fd77db4bdc35034af881f115f08dcffd13bf7127afcc4cf03,"{""d"":9,""p"":0.00018873918221350977,""r"":36}",
    768000,       347,         0,   120.0,chromobius,a53a4b4f1f52db99a77244f9b40746bb9bd9437d80c079e312e712c1d7d77717,"{""d"":9,""p"":0.0004893900918477494,""r"":36}",
    163840,       764,         0,    45.1,chromobius,272e2c77ddfcc5763947ee0454bf4c613804d8cc9dbed915144e11b68a038597,"{""d"":9,""p"":0.0009236708571873865,""r"":36}",
    886784,       217,         0,   120.0,chromobius,efad18b16e15ba35506f55152357ded774a1a3df75c4ec98b266026369c7b94d,"{""d"":9,""p"":0.00041753189365604,""r"":36}",
    564224,       830,         0,   120.0,chromobius,057be292d7ea6a849ebec44abb64eba006ee0bf17a9622b9aeb0e813644450dd,"{""d"":9,""p"":0.0006723357536499335,""r"":36}",
   1627136,        73,         0,   119.8,chromobius,6f77c01d3566fdda057a6d912b146497daee120681c8ad6491de97a1abee0689,"{""d"":9,""p"":0.0002592943797404667,""r"":36}",
   2231151,         8,         0,    91.8,chromobius,97df0a92311185d569cf3bfc98bc6ea28e8b8d9ee55f913b674f3ef58f1a15bf,"{""d"":9,""p"":0.00013738237958832623,""r"":36}",
       273,         2,         0,   0.098,chromobius,ee9659cc4c6ef2f81347a2e98295a6c559368d58d2b845559c174a62e7de9172,"{""d"":9,""p"":0.001082636733874054,""r"":36}",
      1024,         7,         0,   0.365,chromobius,ee9659cc4c6ef2f81347a2e98295a6c559368d58d2b845559c174a62e7de9172,"{""d"":9,""p"":0.001082636733874054,""r"":36}",
      1024,         6,         0,   0.348,chromobius,ee9659cc4c6ef2f81347a2e98295a6c559368d58d2b845559c174a62e7de9172,"{""d"":9,""p"":0.001082636733874054,""r"":36}",
      1024,         5,         0,   0.336,chromobius,ee9659cc4c6ef2f81347a2e98295a6c559368d58d2b845559c174a62e7de9172,"{""d"":9,""p"":0.001082636733874054,""r"":36}",
      1024,         4,         0,   0.351,chromobius,ee9659cc4c6ef2f81347a2e98295a6c559368d58d2b845559c174a62e7de9172,"{""d"":9,""p"":0.001082636733874054,""r"":36}",
      1024,         9,         0,   0.354,chromobius,ee9659cc4c6ef2f81347a2e98295a6c559368d58d2b845559c174a62e7de9172,"{""d"":9,""p"":0.001082636733874054,""r"":36}",
      1024,         4,         0,   0.353,chromobius,ee9659cc4c6ef2f81347a2e98295a6c559368d58d2b845559c174a62e7de9172,"{""d"":9,""p"":0.001082636733874054,""r"":36}",
      1024,         8,         0,   0.349,chromobius,ee9659cc4c6ef2f81347a2e98295a6c559368d58d2b845559c174a62e7de9172,"{""d"":9,""p"":0.001082636733874054,""r"":36}",
      1024,        12,         0,   0.355,chromobius,ee9659cc4c6ef2f81347a2e98295a6c559368d58d2b845559c174a62e7de9172,"{""d"":9,""p"":0.001082636733874054,""r"":36}",
      1024,         8,         0,   0.354,chromobius,ee9659cc4c6ef2f81347a2e98295a6c559368d58d2b845559c174a62e7de9172,"{""d"":9,""p"":0.001082636733874054,""r"":36}",
      1024,        13,         0,   0.346,chromobius,ee9659cc4c6ef2f81347a2e98295a6c559368d58d2b845559c174a62e7de9172,"{""d"":9,""p"":0.001082636733874054,""r"":36}",
      2048,        15,         0,   0.691,chromobius,ee9659cc4c6ef2f81347a2e98295a6c559368d58d2b845559c174a62e7de9172,"{""d"":9,""p"":0.001082636733874054,""r"":36}",
      2048,        14,         0,   0.704,chromobius,ee9659cc4c6ef2f81347a2e98295a6c559368d58d2b845559c174a62e7de9172,"{""d"":9,""p"":0.001082636733874054,""r"":36}",
      3072,        25,         0,    1.05,chromobius,ee9659cc4c6ef2f81347a2e98295a6c559368d58d2b845559c174a62e7de9172,"{""d"":9,""p"":0.001082636733874054,""r"":36}",
      4096,        37,         0,    1.42,chromobius,ee9659cc4c6ef2f81347a2e98295a6c559368d58d2b845559c174a62e7de9172,"{""d"":9,""p"":0.001082636733874054,""r"":36}",
      5120,        51,         0,    1.76,chromobius,ee9659cc4c6ef2f81347a2e98295a6c559368d58d2b845559c174a62e7de9172,"{""d"":9,""p"":0.001082636733874054,""r"":36}",
   1664000,        38,         0,   119.8,chromobius,e952fc2bfce5c78b1540ff15376953dab2ba41aee925c3c9d50339a957d89197,"{""d"":9,""p"":0.000221221629107045,""r"":36}",
      7168,        62,         0,    2.49,chromobius,ee9659cc4c6ef2f81347a2e98295a6c559368d58d2b845559c174a62e7de9172,"{""d"":9,""p"":0.001082636733874054,""r"":36}",
      9216,        80,         0,    3.24,chromobius,ee9659cc4c6ef2f81347a2e98295a6c559368d58d2b845559c174a62e7de9172,"{""d"":9,""p"":0.001082636733874054,""r"":36}",
     12288,       114,         0,    4.41,chromobius,ee9659cc4c6ef2f81347a2e98295a6c559368d58d2b845559c174a62e7de9172,"{""d"":9,""p"":0.001082636733874054,""r"":36}",
    224256,      1055,         0,    63.0,chromobius,272e2c77ddfcc5763947ee0454bf4c613804d8cc9dbed915144e11b68a038597,"{""d"":9,""p"":0.0009236708571873865,""r"":36}",
     17408,       159,         0,    6.11,chromobius,ee9659cc4c6ef2f81347a2e98295a6c559368d58d2b845559c174a62e7de9172,"{""d"":9,""p"":0.001082636733874054,""r"":36}",
   1234944,        92,         0,   119.9,chromobius,297ad90311a50edaafc9e53091493d83d39529a397635efae573ed24171b08df,"{""d"":9,""p"":0.0003039195382313198,""r"":36}",
    467968,      1250,         0,   120.1,chromobius,03b783fe3140efe0924441822039687b17880574432bf8727fb0d7574cdb4453,"{""d"":9,""p"":0.0007880462815669912,""r"":36}",
   1139712,       151,         0,   119.9,chromobius,690e119eba56e552d53001d8ea7e9aae8b307814f6e3400efe8aaf3a0b57601d,"{""d"":9,""p"":0.0003562247890262444,""r"":36}",
   2438144,        24,         0,   119.7,chromobius,09c8d1caab2bbf957eb59924a07d92bb67d83d712d7b9474c0b76c175b8ac161,"{""d"":9,""p"":0.00016102620275609394,""r"":36}",
     24576,       188,         0,    8.54,chromobius,ee9659cc4c6ef2f81347a2e98295a6c559368d58d2b845559c174a62e7de9172,"{""d"":9,""p"":0.001082636733874054,""r"":36}",
     33792,       311,         0,    11.7,chromobius,ee9659cc4c6ef2f81347a2e98295a6c559368d58d2b845559c174a62e7de9172,"{""d"":9,""p"":0.001082636733874054,""r"":36}",
   1901568,        41,         0,   119.8,chromobius,996a5c8a6347432fd77db4bdc35034af881f115f08dcffd13bf7127afcc4cf03,"{""d"":9,""p"":0.00018873918221350977,""r"":36}",
    777216,       328,         0,   120.0,chromobius,a53a4b4f1f52db99a77244f9b40746bb9bd9437d80c079e312e712c1d7d77717,"{""d"":9,""p"":0.0004893900918477494,""r"":36}",
     45056,       420,         0,    16.8,chromobius,ee9659cc4c6ef2f81347a2e98295a6c559368d58d2b845559c174a62e7de9172,"{""d"":9,""p"":0.001082636733874054,""r"":36}",
    880640,       225,         0,   120.0,chromobius,efad18b16e15ba35506f55152357ded774a1a3df75c4ec98b266026369c7b94d,"{""d"":9,""p"":0.00041753189365604,""r"":36}",
     67584,       618,         0,    23.2,chromobius,ee9659cc4c6ef2f81347a2e98295a6c559368d58d2b845559c174a62e7de9172,"{""d"":9,""p"":0.001082636733874054,""r"":36}",
    218112,       541,         0,    55.3,chromobius,03b783fe3140efe0924441822039687b17880574432bf8727fb0d7574cdb4453,"{""d"":9,""p"":0.0007880462815669912,""r"":36}",
       273,         5,         0,   0.099,chromobius,ee7e73b0258a1d321677eed159bd90d5e6f06a08f484063790600b9e62c38965,"{""d"":9,""p"":0.0012689610031679222,""r"":36}",
      1024,        17,         0,   0.420,chromobius,ee7e73b0258a1d321677eed159bd90d5e6f06a08f484063790600b9e62c38965,"{""d"":9,""p"":0.0012689610031679222,""r"":36}",
      1024,        15,         0,   0.406,chromobius,ee7e73b0258a1d321677eed159bd90d5e6f06a08f484063790600b9e62c38965,"{""d"":9,""p"":0.0012689610031679222,""r"":36}",
      1024,        19,         0,   0.369,chromobius,ee7e73b0258a1d321677eed159bd90d5e6f06a08f484063790600b9e62c38965,"{""d"":9,""p"":0.0012689610031679222,""r"":36}",
      1024,        19,         0,   0.391,chromobius,ee7e73b0258a1d321677eed159bd90d5e6f06a08f484063790600b9e62c38965,"{""d"":9,""p"":0.0012689610031679222,""r"":36}",
      1024,        14,         0,   0.398,chromobius,ee7e73b0258a1d321677eed159bd90d5e6f06a08f484063790600b9e62c38965,"{""d"":9,""p"":0.0012689610031679222,""r"":36}",
      1024,        15,         0,   0.377,chromobius,ee7e73b0258a1d321677eed159bd90d5e6f06a08f484063790600b9e62c38965,"{""d"":9,""p"":0.0012689610031679222,""r"":36}",
      1024,        16,         0,   0.384,chromobius,ee7e73b0258a1d321677eed159bd90d5e6f06a08f484063790600b9e62c38965,"{""d"":9,""p"":0.0012689610031679222,""r"":36}",
      1024,        23,         0,   0.400,chromobius,ee7e73b0258a1d321677eed159bd90d5e6f06a08f484063790600b9e62c38965,"{""d"":9,""p"":0.0012689610031679222,""r"":36}",
      1024,        14,         0,   0.371,chromobius,ee7e73b0258a1d321677eed159bd90d5e6f06a08f484063790600b9e62c38965,"{""d"":9,""p"":0.0012689610031679222,""r"":36}",
      1024,        16,         0,   0.395,chromobius,ee7e73b0258a1d321677eed159bd90d5e6f06a08f484063790600b9e62c38965,"{""d"":9,""p"":0.0012689610031679222,""r"":36}",
      2048,        30,         0,   0.820,chromobius,ee7e73b0258a1d321677eed159bd90d5e6f06a08f484063790600b9e62c38965,"{""d"":9,""p"":0.0012689610031679222,""r"":36}",
      2048,        32,         0,   0.780,chromobius,ee7e73b0258a1d321677eed159bd90d5e6f06a08f484063790600b9e62c38965,"{""d"":9,""p"":0.0012689610031679222,""r"":36}",
      3072,        50,         0,    1.17,chromobius,ee7e73b0258a1d321677eed159bd90d5e6f06a08f484063790600b9e62c38965,"{""d"":9,""p"":0.0012689610031679222,""r"":36}",
      3072,        48,         0,    1.15,chromobius,ee7e73b0258a1d321677eed159bd90d5e6f06a08f484063790600b9e62c38965,"{""d"":9,""p"":0.0012689610031679222,""r"":36}",
      4096,        73,         0,    1.62,chromobius,ee7e73b0258a1d321677eed159bd90d5e6f06a08f484063790600b9e62c38965,"{""d"":9,""p"":0.0012689610031679222,""r"":36}",
      6144,       104,         0,    2.35,chromobius,ee7e73b0258a1d321677eed159bd90d5e6f06a08f484063790600b9e62c38965,"{""d"":9,""p"":0.0012689610031679222,""r"":36}",
      9216,       146,         0,    3.37,chromobius,ee7e73b0258a1d321677eed159bd90d5e6f06a08f484063790600b9e62c38965,"{""d"":9,""p"":0.0012689610031679222,""r"":36}",
    600064,       822,         0,   120.0,chromobius,057be292d7ea6a849ebec44abb64eba006ee0bf17a9622b9aeb0e813644450dd,"{""d"":9,""p"":0.0006723357536499335,""r"":36}",
     12288,       177,         0,    4.56,chromobius,ee7e73b0258a1d321677eed159bd90d5e6f06a08f484063790600b9e62c38965,"{""d"":9,""p"":0.0012689610031679222,""r"":36}",
    308224,      1407,         0,    87.2,chromobius,272e2c77ddfcc5763947ee0454bf4c613804d8cc9dbed915144e11b68a038597,"{""d"":9,""p"":0.0009236708571873865,""r"":36}",
        17,         0,         0,   0.010,chromobius,0ff407a7b041740f7b8b22d47400a8b723f5b3da0fb1af582cbf9dec9f8a538c,"{""d"":9,""p"":0.0014873521072935117,""r"":36}",
       256,        10,         0,   0.121,chromobius,0ff407a7b041740f7b8b22d47400a8b723f5b3da0fb1af582cbf9dec9f8a538c,"{""d"":9,""p"":0.0014873521072935117,""r"":36}",
      1024,        35,         0,   0.490,chromobius,0ff407a7b041740f7b8b22d47400a8b723f5b3da0fb1af582cbf9dec9f8a538c,"{""d"":9,""p"":0.0014873521072935117,""r"":36}",
      1024,        33,         0,   0.485,chromobius,0ff407a7b041740f7b8b22d47400a8b723f5b3da0fb1af582cbf9dec9f8a538c,"{""d"":9,""p"":0.0014873521072935117,""r"":36}",
      1024,        29,         0,   0.467,chromobius,0ff407a7b041740f7b8b22d47400a8b723f5b3da0fb1af582cbf9dec9f8a538c,"{""d"":9,""p"":0.0014873521072935117,""r"":36}",
      1024,        31,         0,   0.471,chromobius,0ff407a7b041740f7b8b22d47400a8b723f5b3da0fb1af582cbf9dec9f8a538c,"{""d"":9,""p"":0.0014873521072935117,""r"":36}",
      1024,        25,         0,   0.463,chromobius,0ff407a7b041740f7b8b22d47400a8b723f5b3da0fb1af582cbf9dec9f8a538c,"{""d"":9,""p"":0.0014873521072935117,""r"":36}",
     16384,       235,         0,    6.02,chromobius,ee7e73b0258a1d321677eed159bd90d5e6f06a08f484063790600b9e62c38965,"{""d"":9,""p"":0.0012689610031679222,""r"":36}",
      1024,        32,         0,   0.453,chromobius,0ff407a7b041740f7b8b22d47400a8b723f5b3da0fb1af582cbf9dec9f8a538c,"{""d"":9,""p"":0.0014873521072935117,""r"":36}",
      1024,        24,         0,   0.467,chromobius,0ff407a7b041740f7b8b22d47400a8b723f5b3da0fb1af582cbf9dec9f8a538c,"{""d"":9,""p"":0.0014873521072935117,""r"":36}",
      1024,        42,         0,   0.454,chromobius,0ff407a7b041740f7b8b22d47400a8b723f5b3da0fb1af582cbf9dec9f8a538c,"{""d"":9,""p"":0.0014873521072935117,""r"":36}",
      1024,        28,         0,   0.479,chromobius,0ff407a7b041740f7b8b22d47400a8b723f5b3da0fb1af582cbf9dec9f8a538c,"{""d"":9,""p"":0.0014873521072935117,""r"":36}",
   1622016,       101,         0,   119.8,chromobius,6f77c01d3566fdda057a6d912b146497daee120681c8ad6491de97a1abee0689,"{""d"":9,""p"":0.0002592943797404667,""r"":36}",
      1024,        35,         0,   0.463,chromobius,0ff407a7b041740f7b8b22d47400a8b723f5b3da0fb1af582cbf9dec9f8a538c,"{""d"":9,""p"":0.0014873521072935117,""r"":36}",
      2048,        61,         0,   0.935,chromobius,0ff407a7b041740f7b8b22d47400a8b723f5b3da0fb1af582cbf9dec9f8a538c,"{""d"":9,""p"":0.0014873521072935117,""r"":36}",
      2048,        50,         0,   0.905,chromobius,0ff407a7b041740f7b8b22d47400a8b723f5b3da0fb1af582cbf9dec9f8a538c,"{""d"":9,""p"":0.0014873521072935117,""r"":36}",
      3072,        97,         0,    1.43,chromobius,0ff407a7b041740f7b8b22d47400a8b723f5b3da0fb1af582cbf9dec9f8a538c,"{""d"":9,""p"":0.0014873521072935117,""r"":36}",
    101376,       851,         0,    32.4,chromobius,ee9659cc4c6ef2f81347a2e98295a6c559368d58d2b845559c174a62e7de9172,"{""d"":9,""p"":0.001082636733874054,""r"":36}",
      4096,       110,         0,    1.96,chromobius,0ff407a7b041740f7b8b22d47400a8b723f5b3da0fb1af582cbf9dec9f8a538c,"{""d"":9,""p"":0.0014873521072935117,""r"":36}",
     23552,       352,         0,    8.70,chromobius,ee7e73b0258a1d321677eed159bd90d5e6f06a08f484063790600b9e62c38965,"{""d"":9,""p"":0.0012689610031679222,""r"":36}",
      5120,       150,         0,    2.38,chromobius,0ff407a7b041740f7b8b22d47400a8b723f5b3da0fb1af582cbf9dec9f8a538c,"{""d"":9,""p"":0.0014873521072935117,""r"":36}",
      7168,       215,         0,    3.30,chromobius,0ff407a7b041740f7b8b22d47400a8b723f5b3da0fb1af582cbf9dec9f8a538c,"{""d"":9,""p"":0.0014873521072935117,""r"":36}",
      9216,       268,         0,    4.29,chromobius,0ff407a7b041740f7b8b22d47400a8b723f5b3da0fb1af582cbf9dec9f8a538c,"{""d"":9,""p"":0.0014873521072935117,""r"":36}",
   1635328,        47,         0,   119.8,chromobius,e952fc2bfce5c78b1540ff15376953dab2ba41aee925c3c9d50339a957d89197,"{""d"":9,""p"":0.000221221629107045,""r"":36}",
     31744,       490,         0,    12.0,chromobius,ee7e73b0258a1d321677eed159bd90d5e6f06a08f484063790600b9e62c38965,"{""d"":9,""p"":0.0012689610031679222,""r"":36}",
     13312,       355,         0,    6.20,chromobius,0ff407a7b041740f7b8b22d47400a8b723f5b3da0fb1af582cbf9dec9f8a538c,"{""d"":9,""p"":0.0014873521072935117,""r"":36}",
     18432,       535,         0,    8.65,chromobius,0ff407a7b041740f7b8b22d47400a8b723f5b3da0fb1af582cbf9dec9f8a538c,"{""d"":9,""p"":0.0014873521072935117,""r"":36}",
    567296,       257,         0,    86.8,chromobius,a53a4b4f1f52db99a77244f9b40746bb9bd9437d80c079e312e712c1d7d77717,"{""d"":9,""p"":0.0004893900918477494,""r"":36}",
        17,         1,         0,   0.013,chromobius,ebbb1ed213eabde6390e27f14fa186c9564c1e9d21b6980f07677ab2def80b95,"{""d"":9,""p"":0.0017433288221999873,""r"":36}",
       256,        16,         0,   0.174,chromobius,ebbb1ed213eabde6390e27f14fa186c9564c1e9d21b6980f07677ab2def80b95,"{""d"":9,""p"":0.0017433288221999873,""r"":36}",
       512,        21,         0,   0.276,chromobius,ebbb1ed213eabde6390e27f14fa186c9564c1e9d21b6980f07677ab2def80b95,"{""d"":9,""p"":0.0017433288221999873,""r"":36}",
      1024,        50,         0,   0.554,chromobius,ebbb1ed213eabde6390e27f14fa186c9564c1e9d21b6980f07677ab2def80b95,"{""d"":9,""p"":0.0017433288221999873,""r"":36}",
      1024,        47,         0,   0.540,chromobius,ebbb1ed213eabde6390e27f14fa186c9564c1e9d21b6980f07677ab2def80b95,"{""d"":9,""p"":0.0017433288221999873,""r"":36}",
      1024,        42,         0,   0.565,chromobius,ebbb1ed213eabde6390e27f14fa186c9564c1e9d21b6980f07677ab2def80b95,"{""d"":9,""p"":0.0017433288221999873,""r"":36}",
      1024,        55,         0,   0.578,chromobius,ebbb1ed213eabde6390e27f14fa186c9564c1e9d21b6980f07677ab2def80b95,"{""d"":9,""p"":0.0017433288221999873,""r"":36}",
   1225728,       124,         0,   119.9,chromobius,297ad90311a50edaafc9e53091493d83d39529a397635efae573ed24171b08df,"{""d"":9,""p"":0.0003039195382313198,""r"":36}",
      1024,        44,         0,   0.521,chromobius,ebbb1ed213eabde6390e27f14fa186c9564c1e9d21b6980f07677ab2def80b95,"{""d"":9,""p"":0.0017433288221999873,""r"":36}",
      1024,        48,         0,   0.529,chromobius,ebbb1ed213eabde6390e27f14fa186c9564c1e9d21b6980f07677ab2def80b95,"{""d"":9,""p"":0.0017433288221999873,""r"":36}",
      1024,        53,         0,   0.573,chromobius,ebbb1ed213eabde6390e27f14fa186c9564c1e9d21b6980f07677ab2def80b95,"{""d"":9,""p"":0.0017433288221999873,""r"":36}",
      1024,        57,         0,   0.546,chromobius,ebbb1ed213eabde6390e27f14fa186c9564c1e9d21b6980f07677ab2def80b95,"{""d"":9,""p"":0.0017433288221999873,""r"":36}",
     43008,       690,         0,    16.7,chromobius,ee7e73b0258a1d321677eed159bd90d5e6f06a08f484063790600b9e62c38965,"{""d"":9,""p"":0.0012689610031679222,""r"":36}",
      1024,        48,         0,   0.545,chromobius,ebbb1ed213eabde6390e27f14fa186c9564c1e9d21b6980f07677ab2def80b95,"{""d"":9,""p"":0.0017433288221999873,""r"":36}",
      2048,       124,         0,    1.14,chromobius,ebbb1ed213eabde6390e27f14fa186c9564c1e9d21b6980f07677ab2def80b95,"{""d"":9,""p"":0.0017433288221999873,""r"":36}",
   1125376,       181,         0,   119.9,chromobius,690e119eba56e552d53001d8ea7e9aae8b307814f6e3400efe8aaf3a0b57601d,"{""d"":9,""p"":0.0003562247890262444,""r"":36}",
      2048,       115,         0,    1.13,chromobius,ebbb1ed213eabde6390e27f14fa186c9564c1e9d21b6980f07677ab2def80b95,"{""d"":9,""p"":0.0017433288221999873,""r"":36}",
   2426880,        31,         0,   119.7,chromobius,09c8d1caab2bbf957eb59924a07d92bb67d83d712d7b9474c0b76c175b8ac161,"{""d"":9,""p"":0.00016102620275609394,""r"":36}",
      3072,       165,         0,    1.66,chromobius,ebbb1ed213eabde6390e27f14fa186c9564c1e9d21b6980f07677ab2def80b95,"{""d"":9,""p"":0.0017433288221999873,""r"":36}",
      3072,       149,         0,    1.61,chromobius,ebbb1ed213eabde6390e27f14fa186c9564c1e9d21b6980f07677ab2def80b95,"{""d"":9,""p"":0.0017433288221999873,""r"":36}",
     23552,       717,         0,    12.0,chromobius,0ff407a7b041740f7b8b22d47400a8b723f5b3da0fb1af582cbf9dec9f8a538c,"{""d"":9,""p"":0.0014873521072935117,""r"":36}",
      4096,       219,         0,    2.31,chromobius,ebbb1ed213eabde6390e27f14fa186c9564c1e9d21b6980f07677ab2def80b95,"{""d"":9,""p"":0.0017433288221999873,""r"":36}",
      6144,       316,         0,    3.34,chromobius,ebbb1ed213eabde6390e27f14fa186c9564c1e9d21b6980f07677ab2def80b95,"{""d"":9,""p"":0.0017433288221999873,""r"":36}",
    140288,      1176,         0,    45.3,chromobius,ee9659cc4c6ef2f81347a2e98295a6c559368d58d2b845559c174a62e7de9172,"{""d"":9,""p"":0.001082636733874054,""r"":36}",
      8192,       429,         0,    4.40,chromobius,ebbb1ed213eabde6390e27f14fa186c9564c1e9d21b6980f07677ab2def80b95,"{""d"":9,""p"":0.0017433288221999873,""r"":36}",
   1914880,        31,         0,   119.8,chromobius,996a5c8a6347432fd77db4bdc35034af881f115f08dcffd13bf7127afcc4cf03,"{""d"":9,""p"":0.00018873918221350977,""r"":36}",
     11264,       630,         0,    6.02,chromobius,ebbb1ed213eabde6390e27f14fa186c9564c1e9d21b6980f07677ab2def80b95,"{""d"":9,""p"":0.0017433288221999873,""r"":36}",
     60416,       927,         0,    23.0,chromobius,ee7e73b0258a1d321677eed159bd90d5e6f06a08f484063790600b9e62c38965,"{""d"":9,""p"":0.0012689610031679222,""r"":36}",
     32768,       959,         0,    16.7,chromobius,0ff407a7b041740f7b8b22d47400a8b723f5b3da0fb1af582cbf9dec9f8a538c,"{""d"":9,""p"":0.0014873521072935117,""r"":36}",
     16384,       831,         0,    8.87,chromobius,ebbb1ed213eabde6390e27f14fa186c9564c1e9d21b6980f07677ab2def80b95,"{""d"":9,""p"":0.0017433288221999873,""r"":36}",
     22528,      1202,         0,    12.1,chromobius,ebbb1ed213eabde6390e27f14fa186c9564c1e9d21b6980f07677ab2def80b95,"{""d"":9,""p"":0.0017433288221999873,""r"":36}",
     40960,      1159,         0,    21.1,chromobius,0ff407a7b041740f7b8b22d47400a8b723f5b3da0fb1af582cbf9dec9f8a538c,"{""d"":9,""p"":0.0014873521072935117,""r"":36}",
     95232,       813,         0,    31.0,chromobius,ee9659cc4c6ef2f81347a2e98295a6c559368d58d2b845559c174a62e7de9172,"{""d"":9,""p"":0.001082636733874054,""r"":36}",
        17,         0,         0,   0.015,chromobius,df94941cccee23bff912b56418775949650e3b6bf4a1118048c4e6f5e951422f,"{""d"":9,""p"":0.0020433597178569417,""r"":36}",
        17,         4,         0,   0.017,chromobius,bca2ebd78fc220214aaea72ca75b761a158dda287d184090a96d2c800360604b,"{""d"":9,""p"":0.002395026619987486,""r"":36}",
       256,        30,         0,   0.187,chromobius,df94941cccee23bff912b56418775949650e3b6bf4a1118048c4e6f5e951422f,"{""d"":9,""p"":0.0020433597178569417,""r"":36}",
       256,        40,         0,   0.219,chromobius,bca2ebd78fc220214aaea72ca75b761a158dda287d184090a96d2c800360604b,"{""d"":9,""p"":0.002395026619987486,""r"":36}",
       512,        51,         0,   0.367,chromobius,df94941cccee23bff912b56418775949650e3b6bf4a1118048c4e6f5e951422f,"{""d"":9,""p"":0.0020433597178569417,""r"":36}",
       512,        91,         0,   0.456,chromobius,bca2ebd78fc220214aaea72ca75b761a158dda287d184090a96d2c800360604b,"{""d"":9,""p"":0.002395026619987486,""r"":36}",
       512,        54,         0,   0.374,chromobius,df94941cccee23bff912b56418775949650e3b6bf4a1118048c4e6f5e951422f,"{""d"":9,""p"":0.0020433597178569417,""r"":36}",
       512,        81,         0,   0.458,chromobius,bca2ebd78fc220214aaea72ca75b761a158dda287d184090a96d2c800360604b,"{""d"":9,""p"":0.002395026619987486,""r"":36}",
       512,        53,         0,   0.373,chromobius,df94941cccee23bff912b56418775949650e3b6bf4a1118048c4e6f5e951422f,"{""d"":9,""p"":0.0020433597178569417,""r"":36}",
       512,        51,         0,   0.389,chromobius,df94941cccee23bff912b56418775949650e3b6bf4a1118048c4e6f5e951422f,"{""d"":9,""p"":0.0020433597178569417,""r"":36}",
       512,        84,         0,   0.464,chromobius,bca2ebd78fc220214aaea72ca75b761a158dda287d184090a96d2c800360604b,"{""d"":9,""p"":0.002395026619987486,""r"":36}",
       512,        45,         0,   0.372,chromobius,df94941cccee23bff912b56418775949650e3b6bf4a1118048c4e6f5e951422f,"{""d"":9,""p"":0.0020433597178569417,""r"":36}",
       512,        74,         0,   0.435,chromobius,bca2ebd78fc220214aaea72ca75b761a158dda287d184090a96d2c800360604b,"{""d"":9,""p"":0.002395026619987486,""r"":36}",
      7168,       377,         0,    3.93,chromobius,ebbb1ed213eabde6390e27f14fa186c9564c1e9d21b6980f07677ab2def80b95,"{""d"":9,""p"":0.0017433288221999873,""r"":36}",
       512,        54,         0,   0.387,chromobius,df94941cccee23bff912b56418775949650e3b6bf4a1118048c4e6f5e951422f,"{""d"":9,""p"":0.0020433597178569417,""r"":36}",
        17,         2,         0,   0.020,chromobius,c8aa8f4e4ab82c9ef96def8c02bc4a67c1296e83338b9cef0c7444f9832b53ee,"{""d"":9,""p"":0.0028072162039411755,""r"":36}",
       512,        81,         0,   0.454,chromobius,bca2ebd78fc220214aaea72ca75b761a158dda287d184090a96d2c800360604b,"{""d"":9,""p"":0.002395026619987486,""r"":36}",
       512,        50,         0,   0.369,chromobius,df94941cccee23bff912b56418775949650e3b6bf4a1118048c4e6f5e951422f,"{""d"":9,""p"":0.0020433597178569417,""r"":36}",
       256,        58,         0,   0.286,chromobius,c8aa8f4e4ab82c9ef96def8c02bc4a67c1296e83338b9cef0c7444f9832b53ee,"{""d"":9,""p"":0.0028072162039411755,""r"":36}",
       512,        71,         0,   0.428,chromobius,bca2ebd78fc220214aaea72ca75b761a158dda287d184090a96d2c800360604b,"{""d"":9,""p"":0.002395026619987486,""r"":36}",
       512,        47,         0,   0.361,chromobius,df94941cccee23bff912b56418775949650e3b6bf4a1118048c4e6f5e951422f,"{""d"":9,""p"":0.0020433597178569417,""r"":36}",
       512,       120,         0,   0.555,chromobius,c8aa8f4e4ab82c9ef96def8c02bc4a67c1296e83338b9cef0c7444f9832b53ee,"{""d"":9,""p"":0.0028072162039411755,""r"":36}",
       512,        82,         0,   0.433,chromobius,bca2ebd78fc220214aaea72ca75b761a158dda287d184090a96d2c800360604b,"{""d"":9,""p"":0.002395026619987486,""r"":36}",
       512,        48,         0,   0.360,chromobius,df94941cccee23bff912b56418775949650e3b6bf4a1118048c4e6f5e951422f,"{""d"":9,""p"":0.0020433597178569417,""r"":36}",
       512,        76,         0,   0.425,chromobius,bca2ebd78fc220214aaea72ca75b761a158dda287d184090a96d2c800360604b,"{""d"":9,""p"":0.002395026619987486,""r"":36}",
       512,       114,         0,   0.546,chromobius,c8aa8f4e4ab82c9ef96def8c02bc4a67c1296e83338b9cef0c7444f9832b53ee,"{""d"":9,""p"":0.0028072162039411755,""r"":36}",
      1024,       106,         0,   0.722,chromobius,df94941cccee23bff912b56418775949650e3b6bf4a1118048c4e6f5e951422f,"{""d"":9,""p"":0.0020433597178569417,""r"":36}",
       512,        86,         0,   0.427,chromobius,bca2ebd78fc220214aaea72ca75b761a158dda287d184090a96d2c800360604b,"{""d"":9,""p"":0.002395026619987486,""r"":36}",
       512,       129,         0,   0.585,chromobius,c8aa8f4e4ab82c9ef96def8c02bc4a67c1296e83338b9cef0c7444f9832b53ee,"{""d"":9,""p"":0.0028072162039411755,""r"":36}",
       512,        69,         0,   0.437,chromobius,bca2ebd78fc220214aaea72ca75b761a158dda287d184090a96d2c800360604b,"{""d"":9,""p"":0.002395026619987486,""r"":36}",
      1024,        91,         0,   0.704,chromobius,df94941cccee23bff912b56418775949650e3b6bf4a1118048c4e6f5e951422f,"{""d"":9,""p"":0.0020433597178569417,""r"":36}",
       512,       108,         0,   0.544,chromobius,c8aa8f4e4ab82c9ef96def8c02bc4a67c1296e83338b9cef0c7444f9832b53ee,"{""d"":9,""p"":0.0028072162039411755,""r"":36}",
       512,       126,         0,   0.569,chromobius,c8aa8f4e4ab82c9ef96def8c02bc4a67c1296e83338b9cef0c7444f9832b53ee,"{""d"":9,""p"":0.0028072162039411755,""r"":36}",
      1024,       155,         0,   0.860,chromobius,bca2ebd78fc220214aaea72ca75b761a158dda287d184090a96d2c800360604b,"{""d"":9,""p"":0.002395026619987486,""r"":36}",
    882688,       219,         0,   120.0,chromobius,efad18b16e15ba35506f55152357ded774a1a3df75c4ec98b266026369c7b94d,"{""d"":9,""p"":0.00041753189365604,""r"":36}",
      1536,       148,         0,    1.07,chromobius,df94941cccee23bff912b56418775949650e3b6bf4a1118048c4e6f5e951422f,"{""d"":9,""p"":0.0020433597178569417,""r"":36}",
       512,       117,         0,   0.561,chromobius,c8aa8f4e4ab82c9ef96def8c02bc4a67c1296e83338b9cef0c7444f9832b53ee,"{""d"":9,""p"":0.0028072162039411755,""r"":36}",
      1024,       156,         0,   0.868,chromobius,bca2ebd78fc220214aaea72ca75b761a158dda287d184090a96d2c800360604b,"{""d"":9,""p"":0.002395026619987486,""r"":36}",
       512,       129,         0,   0.562,chromobius,c8aa8f4e4ab82c9ef96def8c02bc4a67c1296e83338b9cef0c7444f9832b53ee,"{""d"":9,""p"":0.0028072162039411755,""r"":36}",
       512,       121,         0,   0.540,chromobius,c8aa8f4e4ab82c9ef96def8c02bc4a67c1296e83338b9cef0c7444f9832b53ee,"{""d"":9,""p"":0.0028072162039411755,""r"":36}",
      2048,       184,         0,    1.46,chromobius,df94941cccee23bff912b56418775949650e3b6bf4a1118048c4e6f5e951422f,"{""d"":9,""p"":0.0020433597178569417,""r"":36}",
      1536,       236,         0,    1.29,chromobius,bca2ebd78fc220214aaea72ca75b761a158dda287d184090a96d2c800360604b,"{""d"":9,""p"":0.002395026619987486,""r"":36}",
       512,       139,         0,   0.547,chromobius,c8aa8f4e4ab82c9ef96def8c02bc4a67c1296e83338b9cef0c7444f9832b53ee,"{""d"":9,""p"":0.0028072162039411755,""r"":36}",
       512,       128,         0,   0.575,chromobius,c8aa8f4e4ab82c9ef96def8c02bc4a67c1296e83338b9cef0c7444f9832b53ee,"{""d"":9,""p"":0.0028072162039411755,""r"":36}",
       512,       131,         0,   0.569,chromobius,c8aa8f4e4ab82c9ef96def8c02bc4a67c1296e83338b9cef0c7444f9832b53ee,"{""d"":9,""p"":0.0028072162039411755,""r"":36}",
      2560,       230,         0,    1.79,chromobius,df94941cccee23bff912b56418775949650e3b6bf4a1118048c4e6f5e951422f,"{""d"":9,""p"":0.0020433597178569417,""r"":36}",
      2048,       312,         0,    1.71,chromobius,bca2ebd78fc220214aaea72ca75b761a158dda287d184090a96d2c800360604b,"{""d"":9,""p"":0.002395026619987486,""r"":36}",
      1024,       229,         0,    1.09,chromobius,c8aa8f4e4ab82c9ef96def8c02bc4a67c1296e83338b9cef0c7444f9832b53ee,"{""d"":9,""p"":0.0028072162039411755,""r"":36}",
     82944,      1312,         0,    32.2,chromobius,ee7e73b0258a1d321677eed159bd90d5e6f06a08f484063790600b9e62c38965,"{""d"":9,""p"":0.0012689610031679222,""r"":36}",
      1024,       259,         0,    1.11,chromobius,c8aa8f4e4ab82c9ef96def8c02bc4a67c1296e83338b9cef0c7444f9832b53ee,"{""d"":9,""p"":0.0028072162039411755,""r"":36}",
      3072,       280,         0,    2.19,chromobius,df94941cccee23bff912b56418775949650e3b6bf4a1118048c4e6f5e951422f,"{""d"":9,""p"":0.0020433597178569417,""r"":36}",
      3072,       445,         0,    2.60,chromobius,bca2ebd78fc220214aaea72ca75b761a158dda287d184090a96d2c800360604b,"{""d"":9,""p"":0.002395026619987486,""r"":36}",
      1536,       418,         0,    1.69,chromobius,c8aa8f4e4ab82c9ef96def8c02bc4a67c1296e83338b9cef0c7444f9832b53ee,"{""d"":9,""p"":0.0028072162039411755,""r"":36}",
      4608,       421,         0,    3.28,chromobius,df94941cccee23bff912b56418775949650e3b6bf4a1118048c4e6f5e951422f,"{""d"":9,""p"":0.0020433597178569417,""r"":36}",
     11264,       165,         0,    4.57,chromobius,ee7e73b0258a1d321677eed159bd90d5e6f06a08f484063790600b9e62c38965,"{""d"":9,""p"":0.0012689610031679222,""r"":36}",
      2048,       511,         0,    2.19,chromobius,c8aa8f4e4ab82c9ef96def8c02bc4a67c1296e83338b9cef0c7444f9832b53ee,"{""d"":9,""p"":0.0028072162039411755,""r"":36}",
      3584,       556,         0,    3.12,chromobius,bca2ebd78fc220214aaea72ca75b761a158dda287d184090a96d2c800360604b,"{""d"":9,""p"":0.002395026619987486,""r"":36}",
        17,         5,         0,   0.030,chromobius,c4f20e93940a2d5fdc8cd2f97f3fdfec3de48c6e4180e3c8c7d54a49d0ad815d,"{""d"":9,""p"":0.0032903445623126675,""r"":36}",
       256,        93,         0,   0.345,chromobius,c4f20e93940a2d5fdc8cd2f97f3fdfec3de48c6e4180e3c8c7d54a49d0ad815d,"{""d"":9,""p"":0.0032903445623126675,""r"":36}",
       256,        84,         0,   0.340,chromobius,c4f20e93940a2d5fdc8cd2f97f3fdfec3de48c6e4180e3c8c7d54a49d0ad815d,"{""d"":9,""p"":0.0032903445623126675,""r"":36}",
       256,        88,         0,   0.331,chromobius,c4f20e93940a2d5fdc8cd2f97f3fdfec3de48c6e4180e3c8c7d54a49d0ad815d,"{""d"":9,""p"":0.0032903445623126675,""r"":36}",
       256,        91,         0,   0.326,chromobius,c4f20e93940a2d5fdc8cd2f97f3fdfec3de48c6e4180e3c8c7d54a49d0ad815d,"{""d"":9,""p"":0.0032903445623126675,""r"":36}",
       256,        86,         0,   0.336,chromobius,c4f20e93940a2d5fdc8cd2f97f3fdfec3de48c6e4180e3c8c7d54a49d0ad815d,"{""d"":9,""p"":0.0032903445623126675,""r"":36}",
       256,        81,         0,   0.335,chromobius,c4f20e93940a2d5fdc8cd2f97f3fdfec3de48c6e4180e3c8c7d54a49d0ad815d,"{""d"":9,""p"":0.0032903445623126675,""r"":36}",
       256,       110,         0,   0.340,chromobius,c4f20e93940a2d5fdc8cd2f97f3fdfec3de48c6e4180e3c8c7d54a49d0ad815d,"{""d"":9,""p"":0.0032903445623126675,""r"":36}",
       256,        98,         0,   0.334,chromobius,c4f20e93940a2d5fdc8cd2f97f3fdfec3de48c6e4180e3c8c7d54a49d0ad815d,"{""d"":9,""p"":0.0032903445623126675,""r"":36}",
      3072,       740,         0,    3.29,chromobius,c8aa8f4e4ab82c9ef96def8c02bc4a67c1296e83338b9cef0c7444f9832b53ee,"{""d"":9,""p"":0.0028072162039411755,""r"":36}",
       256,        96,         0,   0.333,chromobius,c4f20e93940a2d5fdc8cd2f97f3fdfec3de48c6e4180e3c8c7d54a49d0ad815d,"{""d"":9,""p"":0.0032903445623126675,""r"":36}",
       256,        85,         0,   0.329,chromobius,c4f20e93940a2d5fdc8cd2f97f3fdfec3de48c6e4180e3c8c7d54a49d0ad815d,"{""d"":9,""p"":0.0032903445623126675,""r"":36}",
      6144,       588,         0,    4.46,chromobius,df94941cccee23bff912b56418775949650e3b6bf4a1118048c4e6f5e951422f,"{""d"":9,""p"":0.0020433597178569417,""r"":36}",
       512,       173,         0,   0.675,chromobius,c4f20e93940a2d5fdc8cd2f97f3fdfec3de48c6e4180e3c8c7d54a49d0ad815d,"{""d"":9,""p"":0.0032903445623126675,""r"":36}",
      5120,       768,         0,    4.43,chromobius,bca2ebd78fc220214aaea72ca75b761a158dda287d184090a96d2c800360604b,"{""d"":9,""p"":0.002395026619987486,""r"":36}",
       512,       187,         0,   0.686,chromobius,c4f20e93940a2d5fdc8cd2f97f3fdfec3de48c6e4180e3c8c7d54a49d0ad815d,"{""d"":9,""p"":0.0032903445623126675,""r"":36}",
       768,       275,         0,    1.02,chromobius,c4f20e93940a2d5fdc8cd2f97f3fdfec3de48c6e4180e3c8c7d54a49d0ad815d,"{""d"":9,""p"":0.0032903445623126675,""r"":36}",
      1024,       369,         0,    1.35,chromobius,c4f20e93940a2d5fdc8cd2f97f3fdfec3de48c6e4180e3c8c7d54a49d0ad815d,"{""d"":9,""p"":0.0032903445623126675,""r"":36}",
      4096,      1013,         0,    4.44,chromobius,c8aa8f4e4ab82c9ef96def8c02bc4a67c1296e83338b9cef0c7444f9832b53ee,"{""d"":9,""p"":0.0028072162039411755,""r"":36}",
      1280,       452,         0,    1.68,chromobius,c4f20e93940a2d5fdc8cd2f97f3fdfec3de48c6e4180e3c8c7d54a49d0ad815d,"{""d"":9,""p"":0.0032903445623126675,""r"":36}",
      2048,       486,         0,    2.18,chromobius,c8aa8f4e4ab82c9ef96def8c02bc4a67c1296e83338b9cef0c7444f9832b53ee,"{""d"":9,""p"":0.0028072162039411755,""r"":36}",
        17,         7,         0,   0.027,chromobius,1d4580ad864a44ca9a7491e319ca35b7a53aeda321b5b3f8c8c6f5a9224ef966,"{""d"":9,""p"":0.0038566204211634724,""r"":36}",
      8704,       849,         0,    6.29,chromobius,df94941cccee23bff912b56418775949650e3b6bf4a1118048c4e6f5e951422f,"{""d"":9,""p"":0.0020433597178569417,""r"":36}",
       256,       104,         0,   0.414,chromobius,1d4580ad864a44ca9a7491e319ca35b7a53aeda321b5b3f8c8c6f5a9224ef966,"{""d"":9,""p"":0.0038566204211634724,""r"":36}",
      7168,      1117,         0,    6.14,chromobius,bca2ebd78fc220214aaea72ca75b761a158dda287d184090a96d2c800360604b,"{""d"":9,""p"":0.002395026619987486,""r"":36}",
       256,       101,         0,   0.404,chromobius,1d4580ad864a44ca9a7491e319ca35b7a53aeda321b5b3f8c8c6f5a9224ef966,"{""d"":9,""p"":0.0038566204211634724,""r"":36}",
      1792,       636,         0,    2.35,chromobius,c4f20e93940a2d5fdc8cd2f97f3fdfec3de48c6e4180e3c8c7d54a49d0ad815d,"{""d"":9,""p"":0.0032903445623126675,""r"":36}",
       256,       127,         0,   0.435,chromobius,1d4580ad864a44ca9a7491e319ca35b7a53aeda321b5b3f8c8c6f5a9224ef966,"{""d"":9,""p"":0.0038566204211634724,""r"":36}",
       256,       126,         0,   0.417,chromobius,1d4580ad864a44ca9a7491e319ca35b7a53aeda321b5b3f8c8c6f5a9224ef966,"{""d"":9,""p"":0.0038566204211634724,""r"":36}",
       256,       116,         0,   0.418,chromobius,1d4580ad864a44ca9a7491e319ca35b7a53aeda321b5b3f8c8c6f5a9224ef966,"{""d"":9,""p"":0.0038566204211634724,""r"":36}",
       256,       123,         0,   0.421,chromobius,1d4580ad864a44ca9a7491e319ca35b7a53aeda321b5b3f8c8c6f5a9224ef966,"{""d"":9,""p"":0.0038566204211634724,""r"":36}",
       256,       111,         0,   0.413,chromobius,1d4580ad864a44ca9a7491e319ca35b7a53aeda321b5b3f8c8c6f5a9224ef966,"{""d"":9,""p"":0.0038566204211634724,""r"":36}",
      3072,       443,         0,    2.65,chromobius,bca2ebd78fc220214aaea72ca75b761a158dda287d184090a96d2c800360604b,"{""d"":9,""p"":0.002395026619987486,""r"":36}",
       256,       102,         0,   0.414,chromobius,1d4580ad864a44ca9a7491e319ca35b7a53aeda321b5b3f8c8c6f5a9224ef966,"{""d"":9,""p"":0.0038566204211634724,""r"":36}",
        17,         6,         0,   0.038,chromobius,1e84cba825ed47501ae15d35631e7274453614a93fb2299a79616081c06421ba,"{""d"":9,""p"":0.004520353656360241,""r"":36}",
       256,       111,         0,   0.442,chromobius,1d4580ad864a44ca9a7491e319ca35b7a53aeda321b5b3f8c8c6f5a9224ef966,"{""d"":9,""p"":0.0038566204211634724,""r"":36}",
       256,       126,         0,   0.523,chromobius,1e84cba825ed47501ae15d35631e7274453614a93fb2299a79616081c06421ba,"{""d"":9,""p"":0.004520353656360241,""r"":36}",
       256,       110,         0,   0.425,chromobius,1d4580ad864a44ca9a7491e319ca35b7a53aeda321b5b3f8c8c6f5a9224ef966,"{""d"":9,""p"":0.0038566204211634724,""r"":36}",
      2304,       809,         0,    3.06,chromobius,c4f20e93940a2d5fdc8cd2f97f3fdfec3de48c6e4180e3c8c7d54a49d0ad815d,"{""d"":9,""p"":0.0032903445623126675,""r"":36}",
       256,       107,         0,   0.529,chromobius,1e84cba825ed47501ae15d35631e7274453614a93fb2299a79616081c06421ba,"{""d"":9,""p"":0.004520353656360241,""r"":36}",
    565248,       744,         0,   120.0,chromobius,057be292d7ea6a849ebec44abb64eba006ee0bf17a9622b9aeb0e813644450dd,"{""d"":9,""p"":0.0006723357536499335,""r"":36}",
       512,       220,         0,   0.825,chromobius,1d4580ad864a44ca9a7491e319ca35b7a53aeda321b5b3f8c8c6f5a9224ef966,"{""d"":9,""p"":0.0038566204211634724,""r"":36}",
       256,       124,         0,   0.532,chromobius,1e84cba825ed47501ae15d35631e7274453614a93fb2299a79616081c06421ba,"{""d"":9,""p"":0.004520353656360241,""r"":36}",
       256,       117,         0,   0.526,chromobius,1e84cba825ed47501ae15d35631e7274453614a93fb2299a79616081c06421ba,"{""d"":9,""p"":0.004520353656360241,""r"":36}",
       512,       227,         0,   0.862,chromobius,1d4580ad864a44ca9a7491e319ca35b7a53aeda321b5b3f8c8c6f5a9224ef966,"{""d"":9,""p"":0.0038566204211634724,""r"":36}",
       256,       132,         0,   0.546,chromobius,1e84cba825ed47501ae15d35631e7274453614a93fb2299a79616081c06421ba,"{""d"":9,""p"":0.004520353656360241,""r"":36}",
       256,       133,         0,   0.517,chromobius,1e84cba825ed47501ae15d35631e7274453614a93fb2299a79616081c06421ba,"{""d"":9,""p"":0.004520353656360241,""r"":36}",
       512,       206,         0,   0.859,chromobius,1d4580ad864a44ca9a7491e319ca35b7a53aeda321b5b3f8c8c6f5a9224ef966,"{""d"":9,""p"":0.0038566204211634724,""r"":36}",
       256,       132,         0,   0.522,chromobius,1e84cba825ed47501ae15d35631e7274453614a93fb2299a79616081c06421ba,"{""d"":9,""p"":0.004520353656360241,""r"":36}",
       256,       129,         0,   0.527,chromobius,1e84cba825ed47501ae15d35631e7274453614a93fb2299a79616081c06421ba,"{""d"":9,""p"":0.004520353656360241,""r"":36}",
       768,       337,         0,    1.26,chromobius,1d4580ad864a44ca9a7491e319ca35b7a53aeda321b5b3f8c8c6f5a9224ef966,"{""d"":9,""p"":0.0038566204211634724,""r"":36}",
       256,       119,         0,   0.514,chromobius,1e84cba825ed47501ae15d35631e7274453614a93fb2299a79616081c06421ba,"{""d"":9,""p"":0.004520353656360241,""r"":36}",
      3328,      1145,         0,    4.40,chromobius,c4f20e93940a2d5fdc8cd2f97f3fdfec3de48c6e4180e3c8c7d54a49d0ad815d,"{""d"":9,""p"":0.0032903445623126675,""r"":36}",
       256,       122,         0,   0.507,chromobius,1e84cba825ed47501ae15d35631e7274453614a93fb2299a79616081c06421ba,"{""d"":9,""p"":0.004520353656360241,""r"":36}",
     11776,      1102,         0,    8.49,chromobius,df94941cccee23bff912b56418775949650e3b6bf4a1118048c4e6f5e951422f,"{""d"":9,""p"":0.0020433597178569417,""r"":36}",
       256,       105,         0,   0.349,chromobius,c4f20e93940a2d5fdc8cd2f97f3fdfec3de48c6e4180e3c8c7d54a49d0ad815d,"{""d"":9,""p"":0.0032903445623126675,""r"":36}",
       256,       121,         0,   0.529,chromobius,1e84cba825ed47501ae15d35631e7274453614a93fb2299a79616081c06421ba,"{""d"":9,""p"":0.004520353656360241,""r"":36}",
        17,         5,         0,   0.046,chromobius,d32ae508ea97e694cd28615714ebc2a87bc7790166f0ee8419525049b4bd5a78,"{""d"":9,""p"":0.005298316906283708,""r"":36}",
       128,        73,         0,   0.335,chromobius,d32ae508ea97e694cd28615714ebc2a87bc7790166f0ee8419525049b4bd5a78,"{""d"":9,""p"":0.005298316906283708,""r"":36}",
      1024,       432,         0,    1.74,chromobius,1d4580ad864a44ca9a7491e319ca35b7a53aeda321b5b3f8c8c6f5a9224ef966,"{""d"":9,""p"":0.0038566204211634724,""r"":36}",
       128,        68,         0,   0.329,chromobius,d32ae508ea97e694cd28615714ebc2a87bc7790166f0ee8419525049b4bd5a78,"{""d"":9,""p"":0.005298316906283708,""r"":36}",
       512,       248,         0,    1.05,chromobius,1e84cba825ed47501ae15d35631e7274453614a93fb2299a79616081c06421ba,"{""d"":9,""p"":0.004520353656360241,""r"":36}",
       128,        67,         0,   0.334,chromobius,d32ae508ea97e694cd28615714ebc2a87bc7790166f0ee8419525049b4bd5a78,"{""d"":9,""p"":0.005298316906283708,""r"":36}",
       128,        69,         0,   0.331,chromobius,d32ae508ea97e694cd28615714ebc2a87bc7790166f0ee8419525049b4bd5a78,"{""d"":9,""p"":0.005298316906283708,""r"":36}",
       128,        53,         0,   0.336,chromobius,d32ae508ea97e694cd28615714ebc2a87bc7790166f0ee8419525049b4bd5a78,"{""d"":9,""p"":0.005298316906283708,""r"":36}",
       128,        63,         0,   0.338,chromobius,d32ae508ea97e694cd28615714ebc2a87bc7790166f0ee8419525049b4bd5a78,"{""d"":9,""p"":0.005298316906283708,""r"":36}",
       512,       233,         0,    1.04,chromobius,1e84cba825ed47501ae15d35631e7274453614a93fb2299a79616081c06421ba,"{""d"":9,""p"":0.004520353656360241,""r"":36}",
       128,        65,         0,   0.336,chromobius,d32ae508ea97e694cd28615714ebc2a87bc7790166f0ee8419525049b4bd5a78,"{""d"":9,""p"":0.005298316906283708,""r"":36}",
       128,        65,         0,   0.333,chromobius,d32ae508ea97e694cd28615714ebc2a87bc7790166f0ee8419525049b4bd5a78,"{""d"":9,""p"":0.005298316906283708,""r"":36}",
      1536,       633,         0,    2.50,chromobius,1d4580ad864a44ca9a7491e319ca35b7a53aeda321b5b3f8c8c6f5a9224ef966,"{""d"":9,""p"":0.0038566204211634724,""r"":36}",
       128,        67,         0,   0.322,chromobius,d32ae508ea97e694cd28615714ebc2a87bc7790166f0ee8419525049b4bd5a78,"{""d"":9,""p"":0.005298316906283708,""r"":36}",
       128,        52,         0,   0.334,chromobius,d32ae508ea97e694cd28615714ebc2a87bc7790166f0ee8419525049b4bd5a78,"{""d"":9,""p"":0.005298316906283708,""r"":36}",
      5632,       532,         0,    4.15,chromobius,df94941cccee23bff912b56418775949650e3b6bf4a1118048c4e6f5e951422f,"{""d"":9,""p"":0.0020433597178569417,""r"":36}",
       768,       363,         0,    1.61,chromobius,1e84cba825ed47501ae15d35631e7274453614a93fb2299a79616081c06421ba,"{""d"":9,""p"":0.004520353656360241,""r"":36}",
        17,         6,         0,   0.055,chromobius,cc172381a2b41e5ac4ab2c3c1bf6a36ad229f68616b18f0b9706fca5445c5a65,"{""d"":9,""p"":0.006210169418915616,""r"":36}",
       256,       138,         0,   0.670,chromobius,d32ae508ea97e694cd28615714ebc2a87bc7790166f0ee8419525049b4bd5a78,"{""d"":9,""p"":0.005298316906283708,""r"":36}",
       128,        71,         0,   0.410,chromobius,cc172381a2b41e5ac4ab2c3c1bf6a36ad229f68616b18f0b9706fca5445c5a65,"{""d"":9,""p"":0.006210169418915616,""r"":36}",
       256,       126,         0,   0.676,chromobius,d32ae508ea97e694cd28615714ebc2a87bc7790166f0ee8419525049b4bd5a78,"{""d"":9,""p"":0.005298316906283708,""r"":36}",
       128,        65,         0,   0.426,chromobius,cc172381a2b41e5ac4ab2c3c1bf6a36ad229f68616b18f0b9706fca5445c5a65,"{""d"":9,""p"":0.006210169418915616,""r"":36}",
       128,        66,         0,   0.405,chromobius,cc172381a2b41e5ac4ab2c3c1bf6a36ad229f68616b18f0b9706fca5445c5a65,"{""d"":9,""p"":0.006210169418915616,""r"":36}",
       768,       350,         0,    1.61,chromobius,1e84cba825ed47501ae15d35631e7274453614a93fb2299a79616081c06421ba,"{""d"":9,""p"":0.004520353656360241,""r"":36}",
   1569792,        65,         0,   119.9,chromobius,6f77c01d3566fdda057a6d912b146497daee120681c8ad6491de97a1abee0689,"{""d"":9,""p"":0.0002592943797404667,""r"":36}",
       128,        67,         0,   0.416,chromobius,cc172381a2b41e5ac4ab2c3c1bf6a36ad229f68616b18f0b9706fca5445c5a65,"{""d"":9,""p"":0.006210169418915616,""r"":36}",
       384,       209,         0,    1.03,chromobius,d32ae508ea97e694cd28615714ebc2a87bc7790166f0ee8419525049b4bd5a78,"{""d"":9,""p"":0.005298316906283708,""r"":36}",
       128,        60,         0,   0.435,chromobius,cc172381a2b41e5ac4ab2c3c1bf6a36ad229f68616b18f0b9706fca5445c5a65,"{""d"":9,""p"":0.006210169418915616,""r"":36}",
      2048,       881,         0,    3.43,chromobius,1d4580ad864a44ca9a7491e319ca35b7a53aeda321b5b3f8c8c6f5a9224ef966,"{""d"":9,""p"":0.0038566204211634724,""r"":36}",
       128,        67,         0,   0.431,chromobius,cc172381a2b41e5ac4ab2c3c1bf6a36ad229f68616b18f0b9706fca5445c5a65,"{""d"":9,""p"":0.006210169418915616,""r"":36}",
       128,        59,         0,   0.436,chromobius,cc172381a2b41e5ac4ab2c3c1bf6a36ad229f68616b18f0b9706fca5445c5a65,"{""d"":9,""p"":0.006210169418915616,""r"":36}",
       512,       257,         0,    1.39,chromobius,d32ae508ea97e694cd28615714ebc2a87bc7790166f0ee8419525049b4bd5a78,"{""d"":9,""p"":0.005298316906283708,""r"":36}",
       128,        68,         0,   0.419,chromobius,cc172381a2b41e5ac4ab2c3c1bf6a36ad229f68616b18f0b9706fca5445c5a65,"{""d"":9,""p"":0.006210169418915616,""r"":36}",
       128,        58,         0,   0.422,chromobius,cc172381a2b41e5ac4ab2c3c1bf6a36ad229f68616b18f0b9706fca5445c5a65,"{""d"":9,""p"":0.006210169418915616,""r"":36}",
      1280,       613,         0,    2.68,chromobius,1e84cba825ed47501ae15d35631e7274453614a93fb2299a79616081c06421ba,"{""d"":9,""p"":0.004520353656360241,""r"":36}",
       128,        74,         0,   0.431,chromobius,cc172381a2b41e5ac4ab2c3c1bf6a36ad229f68616b18f0b9706fca5445c5a65,"{""d"":9,""p"":0.006210169418915616,""r"":36}",
       128,        63,         0,   0.430,chromobius,cc172381a2b41e5ac4ab2c3c1bf6a36ad229f68616b18f0b9706fca5445c5a65,"{""d"":9,""p"":0.006210169418915616,""r"":36}",
       640,       340,         0,    1.69,chromobius,d32ae508ea97e694cd28615714ebc2a87bc7790166f0ee8419525049b4bd5a78,"{""d"":9,""p"":0.005298316906283708,""r"":36}",
       256,       129,         0,   0.839,chromobius,cc172381a2b41e5ac4ab2c3c1bf6a36ad229f68616b18f0b9706fca5445c5a65,"{""d"":9,""p"":0.006210169418915616,""r"":36}",
      2304,       982,         0,    3.81,chromobius,1d4580ad864a44ca9a7491e319ca35b7a53aeda321b5b3f8c8c6f5a9224ef966,"{""d"":9,""p"":0.0038566204211634724,""r"":36}",
       256,       122,         0,   0.842,chromobius,cc172381a2b41e5ac4ab2c3c1bf6a36ad229f68616b18f0b9706fca5445c5a65,"{""d"":9,""p"":0.006210169418915616,""r"":36}",
        17,        10,         0,   0.073,chromobius,54f5c464060f45392277e1f62a497b691debedb28a4d9a32dada721ad0e276c9,"{""d"":9,""p"":0.007278953843983146,""r"":36}",
       128,        55,         0,   0.506,chromobius,54f5c464060f45392277e1f62a497b691debedb28a4d9a32dada721ad0e276c9,"{""d"":9,""p"":0.007278953843983146,""r"":36}",
      1536,       723,         0,    3.14,chromobius,1e84cba825ed47501ae15d35631e7274453614a93fb2299a79616081c06421ba,"{""d"":9,""p"":0.004520353656360241,""r"":36}",
       896,       455,         0,    2.32,chromobius,d32ae508ea97e694cd28615714ebc2a87bc7790166f0ee8419525049b4bd5a78,"{""d"":9,""p"":0.005298316906283708,""r"":36}",
       384,       200,         0,    1.26,chromobius,cc172381a2b41e5ac4ab2c3c1bf6a36ad229f68616b18f0b9706fca5445c5a65,"{""d"":9,""p"":0.006210169418915616,""r"":36}",
       128,        61,         0,   0.513,chromobius,54f5c464060f45392277e1f62a497b691debedb28a4d9a32dada721ad0e276c9,"{""d"":9,""p"":0.007278953843983146,""r"":36}",
       128,        71,         0,   0.521,chromobius,54f5c464060f45392277e1f62a497b691debedb28a4d9a32dada721ad0e276c9,"{""d"":9,""p"":0.007278953843983146,""r"":36}",
       128,        63,         0,   0.514,chromobius,54f5c464060f45392277e1f62a497b691debedb28a4d9a32dada721ad0e276c9,"{""d"":9,""p"":0.007278953843983146,""r"":36}",
       128,        69,         0,   0.527,chromobius,54f5c464060f45392277e1f62a497b691debedb28a4d9a32dada721ad0e276c9,"{""d"":9,""p"":0.007278953843983146,""r"":36}",
       512,       272,         0,    1.72,chromobius,cc172381a2b41e5ac4ab2c3c1bf6a36ad229f68616b18f0b9706fca5445c5a65,"{""d"":9,""p"":0.006210169418915616,""r"":36}",
       128,        78,         0,   0.549,chromobius,54f5c464060f45392277e1f62a497b691debedb28a4d9a32dada721ad0e276c9,"{""d"":9,""p"":0.007278953843983146,""r"":36}",
       128,        64,         0,   0.517,chromobius,54f5c464060f45392277e1f62a497b691debedb28a4d9a32dada721ad0e276c9,"{""d"":9,""p"":0.007278953843983146,""r"":36}",
      1152,       568,         0,    3.08,chromobius,d32ae508ea97e694cd28615714ebc2a87bc7790166f0ee8419525049b4bd5a78,"{""d"":9,""p"":0.005298316906283708,""r"":36}",
       128,        66,         0,   0.526,chromobius,54f5c464060f45392277e1f62a497b691debedb28a4d9a32dada721ad0e276c9,"{""d"":9,""p"":0.007278953843983146,""r"":36}",
       128,        69,         0,   0.514,chromobius,54f5c464060f45392277e1f62a497b691debedb28a4d9a32dada721ad0e276c9,"{""d"":9,""p"":0.007278953843983146,""r"":36}",
       128,        70,         0,   0.534,chromobius,54f5c464060f45392277e1f62a497b691debedb28a4d9a32dada721ad0e276c9,"{""d"":9,""p"":0.007278953843983146,""r"":36}",
       768,       378,         0,    2.53,chromobius,cc172381a2b41e5ac4ab2c3c1bf6a36ad229f68616b18f0b9706fca5445c5a65,"{""d"":9,""p"":0.006210169418915616,""r"":36}",
      2304,      1124,         0,    4.79,chromobius,1e84cba825ed47501ae15d35631e7274453614a93fb2299a79616081c06421ba,"{""d"":9,""p"":0.004520353656360241,""r"":36}",
        17,         8,         0,   0.083,chromobius,3a8c159f784f7390552cb445c81b449d9756145a82da4458fd9509fea95096c6,"{""d"":9,""p"":0.008531678524172805,""r"":36}",
       128,        56,         0,   0.533,chromobius,54f5c464060f45392277e1f62a497b691debedb28a4d9a32dada721ad0e276c9,"{""d"":9,""p"":0.007278953843983146,""r"":36}",
        64,        32,         0,   0.333,chromobius,3a8c159f784f7390552cb445c81b449d9756145a82da4458fd9509fea95096c6,"{""d"":9,""p"":0.008531678524172805,""r"":36}",
        64,        32,         0,   0.316,chromobius,3a8c159f784f7390552cb445c81b449d9756145a82da4458fd9509fea95096c6,"{""d"":9,""p"":0.008531678524172805,""r"":36}",
        64,        44,         0,   0.340,chromobius,3a8c159f784f7390552cb445c81b449d9756145a82da4458fd9509fea95096c6,"{""d"":9,""p"":0.008531678524172805,""r"":36}",
       256,       117,         0,    1.03,chromobius,54f5c464060f45392277e1f62a497b691debedb28a4d9a32dada721ad0e276c9,"{""d"":9,""p"":0.007278953843983146,""r"":36}",
        64,        30,         0,   0.334,chromobius,3a8c159f784f7390552cb445c81b449d9756145a82da4458fd9509fea95096c6,"{""d"":9,""p"":0.008531678524172805,""r"":36}",
        64,        33,         0,   0.311,chromobius,3a8c159f784f7390552cb445c81b449d9756145a82da4458fd9509fea95096c6,"{""d"":9,""p"":0.008531678524172805,""r"":36}",
        64,        35,         0,   0.318,chromobius,3a8c159f784f7390552cb445c81b449d9756145a82da4458fd9509fea95096c6,"{""d"":9,""p"":0.008531678524172805,""r"":36}",
       256,       135,         0,    1.06,chromobius,54f5c464060f45392277e1f62a497b691debedb28a4d9a32dada721ad0e276c9,"{""d"":9,""p"":0.007278953843983146,""r"":36}",
        64,        34,         0,   0.352,chromobius,3a8c159f784f7390552cb445c81b449d9756145a82da4458fd9509fea95096c6,"{""d"":9,""p"":0.008531678524172805,""r"":36}",
      1664,       782,         0,    4.39,chromobius,d32ae508ea97e694cd28615714ebc2a87bc7790166f0ee8419525049b4bd5a78,"{""d"":9,""p"":0.005298316906283708,""r"":36}",
        64,        32,         0,   0.332,chromobius,3a8c159f784f7390552cb445c81b449d9756145a82da4458fd9509fea95096c6,"{""d"":9,""p"":0.008531678524172805,""r"":36}",
        64,        32,         0,   0.318,chromobius,3a8c159f784f7390552cb445c81b449d9756145a82da4458fd9509fea95096c6,"{""d"":9,""p"":0.008531678524172805,""r"":36}",
      1024,       521,         0,    3.40,chromobius,cc172381a2b41e5ac4ab2c3c1bf6a36ad229f68616b18f0b9706fca5445c5a65,"{""d"":9,""p"":0.006210169418915616,""r"":36}",
        64,        29,         0,   0.328,chromobius,3a8c159f784f7390552cb445c81b449d9756145a82da4458fd9509fea95096c6,"{""d"":9,""p"":0.008531678524172805,""r"":36}",
       384,       183,         0,    1.51,chromobius,54f5c464060f45392277e1f62a497b691debedb28a4d9a32dada721ad0e276c9,"{""d"":9,""p"":0.007278953843983146,""r"":36}",
       128,        66,         0,   0.640,chromobius,3a8c159f784f7390552cb445c81b449d9756145a82da4458fd9509fea95096c6,"{""d"":9,""p"":0.008531678524172805,""r"":36}",
   1697792,        66,         0,   119.8,chromobius,e952fc2bfce5c78b1540ff15376953dab2ba41aee925c3c9d50339a957d89197,"{""d"":9,""p"":0.000221221629107045,""r"":36}",
       128,        64,         0,   0.644,chromobius,3a8c159f784f7390552cb445c81b449d9756145a82da4458fd9509fea95096c6,"{""d"":9,""p"":0.008531678524172805,""r"":36}",
       384,       194,         0,    1.56,chromobius,54f5c464060f45392277e1f62a497b691debedb28a4d9a32dada721ad0e276c9,"{""d"":9,""p"":0.007278953843983146,""r"":36}",
       192,        97,         0,    1.02,chromobius,3a8c159f784f7390552cb445c81b449d9756145a82da4458fd9509fea95096c6,"{""d"":9,""p"":0.008531678524172805,""r"":36}",
       256,       133,         0,    1.30,chromobius,3a8c159f784f7390552cb445c81b449d9756145a82da4458fd9509fea95096c6,"{""d"":9,""p"":0.008531678524172805,""r"":36}",
      1408,       710,         0,    4.68,chromobius,cc172381a2b41e5ac4ab2c3c1bf6a36ad229f68616b18f0b9706fca5445c5a65,"{""d"":9,""p"":0.006210169418915616,""r"":36}",
       640,       277,         0,    2.65,chromobius,54f5c464060f45392277e1f62a497b691debedb28a4d9a32dada721ad0e276c9,"{""d"":9,""p"":0.007278953843983146,""r"":36}",
       320,       149,         0,    1.64,chromobius,3a8c159f784f7390552cb445c81b449d9756145a82da4458fd9509fea95096c6,"{""d"":9,""p"":0.008531678524172805,""r"":36}",
      2304,      1162,         0,    6.14,chromobius,d32ae508ea97e694cd28615714ebc2a87bc7790166f0ee8419525049b4bd5a78,"{""d"":9,""p"":0.005298316906283708,""r"":36}",
       640,       337,         0,    1.70,chromobius,d32ae508ea97e694cd28615714ebc2a87bc7790166f0ee8419525049b4bd5a78,"{""d"":9,""p"":0.005298316906283708,""r"":36}",
        17,        10,         0,   0.094,chromobius,6f9268c64a9bf7af3be84bf65b0e92e09d1fc498c9568f98c2b2a45eb4ddc641,"{""d"":9,""p"":0.01,""r"":36}",
       448,       207,         0,    2.29,chromobius,3a8c159f784f7390552cb445c81b449d9756145a82da4458fd9509fea95096c6,"{""d"":9,""p"":0.008531678524172805,""r"":36}",
        64,        39,         0,   0.390,chromobius,6f9268c64a9bf7af3be84bf65b0e92e09d1fc498c9568f98c2b2a45eb4ddc641,"{""d"":9,""p"":0.01,""r"":36}",
       768,       407,         0,    3.17,chromobius,54f5c464060f45392277e1f62a497b691debedb28a4d9a32dada721ad0e276c9,"{""d"":9,""p"":0.007278953843983146,""r"":36}",
        64,        32,         0,   0.387,chromobius,6f9268c64a9bf7af3be84bf65b0e92e09d1fc498c9568f98c2b2a45eb4ddc641,"{""d"":9,""p"":0.01,""r"":36}",
        64,        33,         0,   0.400,chromobius,6f9268c64a9bf7af3be84bf65b0e92e09d1fc498c9568f98c2b2a45eb4ddc641,"{""d"":9,""p"":0.01,""r"":36}",
        64,        33,         0,   0.377,chromobius,6f9268c64a9bf7af3be84bf65b0e92e09d1fc498c9568f98c2b2a45eb4ddc641,"{""d"":9,""p"":0.01,""r"":36}",
        64,        34,         0,   0.492,chromobius,6f9268c64a9bf7af3be84bf65b0e92e09d1fc498c9568f98c2b2a45eb4ddc641,"{""d"":9,""p"":0.01,""r"":36}",
        64,        33,         0,   0.427,chromobius,6f9268c64a9bf7af3be84bf65b0e92e09d1fc498c9568f98c2b2a45eb4ddc641,"{""d"":9,""p"":0.01,""r"":36}",
        64,        34,         0,   0.434,chromobius,6f9268c64a9bf7af3be84bf65b0e92e09d1fc498c9568f98c2b2a45eb4ddc641,"{""d"":9,""p"":0.01,""r"":36}",
      1792,       929,         0,    6.13,chromobius,cc172381a2b41e5ac4ab2c3c1bf6a36ad229f68616b18f0b9706fca5445c5a65,"{""d"":9,""p"":0.006210169418915616,""r"":36}",
        64,        36,         0,   0.388,chromobius,6f9268c64a9bf7af3be84bf65b0e92e09d1fc498c9568f98c2b2a45eb4ddc641,"{""d"":9,""p"":0.01,""r"":36}",
       576,       289,         0,    3.20,chromobius,3a8c159f784f7390552cb445c81b449d9756145a82da4458fd9509fea95096c6,"{""d"":9,""p"":0.008531678524172805,""r"":36}",
        64,        38,         0,   0.368,chromobius,6f9268c64a9bf7af3be84bf65b0e92e09d1fc498c9568f98c2b2a45eb4ddc641,"{""d"":9,""p"":0.01,""r"":36}",
        64,        33,         0,   0.398,chromobius,6f9268c64a9bf7af3be84bf65b0e92e09d1fc498c9568f98c2b2a45eb4ddc641,"{""d"":9,""p"":0.01,""r"":36}",
       128,        61,         0,   0.789,chromobius,6f9268c64a9bf7af3be84bf65b0e92e09d1fc498c9568f98c2b2a45eb4ddc641,"{""d"":9,""p"":0.01,""r"":36}",
      1152,       602,         0,    4.79,chromobius,54f5c464060f45392277e1f62a497b691debedb28a4d9a32dada721ad0e276c9,"{""d"":9,""p"":0.007278953843983146,""r"":36}",
       128,        64,         0,   0.776,chromobius,6f9268c64a9bf7af3be84bf65b0e92e09d1fc498c9568f98c2b2a45eb4ddc641,"{""d"":9,""p"":0.01,""r"":36}",
       192,        92,         0,    1.14,chromobius,6f9268c64a9bf7af3be84bf65b0e92e09d1fc498c9568f98c2b2a45eb4ddc641,"{""d"":9,""p"":0.01,""r"":36}",
       192,        93,         0,    1.22,chromobius,6f9268c64a9bf7af3be84bf65b0e92e09d1fc498c9568f98c2b2a45eb4ddc641,"{""d"":9,""p"":0.01,""r"":36}",
       896,       451,         0,    4.59,chromobius,3a8c159f784f7390552cb445c81b449d9756145a82da4458fd9509fea95096c6,"{""d"":9,""p"":0.008531678524172805,""r"":36}",
       256,       127,         0,    1.58,chromobius,6f9268c64a9bf7af3be84bf65b0e92e09d1fc498c9568f98c2b2a45eb4ddc641,"{""d"":9,""p"":0.01,""r"":36}",
      1920,      1020,         0,    6.38,chromobius,cc172381a2b41e5ac4ab2c3c1bf6a36ad229f68616b18f0b9706fca5445c5a65,"{""d"":9,""p"":0.006210169418915616,""r"":36}",
       273,         0,         0,   0.018,chromobius,09c8d1caab2bbf957eb59924a07d92bb67d83d712d7b9474c0b76c175b8ac161,"{""d"":9,""p"":0.00016102620275609394,""r"":36}",
      1024,         0,         0,   0.059,chromobius,09c8d1caab2bbf957eb59924a07d92bb67d83d712d7b9474c0b76c175b8ac161,"{""d"":9,""p"":0.00016102620275609394,""r"":36}",
      1024,         1,         0,   0.055,chromobius,09c8d1caab2bbf957eb59924a07d92bb67d83d712d7b9474c0b76c175b8ac161,"{""d"":9,""p"":0.00016102620275609394,""r"":36}",
      1024,         0,         0,   0.055,chromobius,09c8d1caab2bbf957eb59924a07d92bb67d83d712d7b9474c0b76c175b8ac161,"{""d"":9,""p"":0.00016102620275609394,""r"":36}",
      1024,         0,         0,   0.055,chromobius,09c8d1caab2bbf957eb59924a07d92bb67d83d712d7b9474c0b76c175b8ac161,"{""d"":9,""p"":0.00016102620275609394,""r"":36}",
      1024,         0,         0,   0.057,chromobius,09c8d1caab2bbf957eb59924a07d92bb67d83d712d7b9474c0b76c175b8ac161,"{""d"":9,""p"":0.00016102620275609394,""r"":36}",
      2048,         0,         0,   0.109,chromobius,09c8d1caab2bbf957eb59924a07d92bb67d83d712d7b9474c0b76c175b8ac161,"{""d"":9,""p"":0.00016102620275609394,""r"":36}",
      2048,         0,         0,   0.111,chromobius,09c8d1caab2bbf957eb59924a07d92bb67d83d712d7b9474c0b76c175b8ac161,"{""d"":9,""p"":0.00016102620275609394,""r"":36}",
      3072,         0,         0,   0.165,chromobius,09c8d1caab2bbf957eb59924a07d92bb67d83d712d7b9474c0b76c175b8ac161,"{""d"":9,""p"":0.00016102620275609394,""r"":36}",
      4096,         0,         0,   0.218,chromobius,09c8d1caab2bbf957eb59924a07d92bb67d83d712d7b9474c0b76c175b8ac161,"{""d"":9,""p"":0.00016102620275609394,""r"":36}",
      6144,         0,         0,   0.335,chromobius,09c8d1caab2bbf957eb59924a07d92bb67d83d712d7b9474c0b76c175b8ac161,"{""d"":9,""p"":0.00016102620275609394,""r"":36}",
      8192,         0,         0,   0.436,chromobius,09c8d1caab2bbf957eb59924a07d92bb67d83d712d7b9474c0b76c175b8ac161,"{""d"":9,""p"":0.00016102620275609394,""r"":36}",
      1536,       795,         0,    6.32,chromobius,54f5c464060f45392277e1f62a497b691debedb28a4d9a32dada721ad0e276c9,"{""d"":9,""p"":0.007278953843983146,""r"":36}",
   1223680,       113,         0,   119.9,chromobius,297ad90311a50edaafc9e53091493d83d39529a397635efae573ed24171b08df,"{""d"":9,""p"":0.0003039195382313198,""r"":36}",
       384,       203,         0,    2.33,chromobius,6f9268c64a9bf7af3be84bf65b0e92e09d1fc498c9568f98c2b2a45eb4ddc641,"{""d"":9,""p"":0.01,""r"":36}",
     11264,         0,         0,   0.575,chromobius,09c8d1caab2bbf957eb59924a07d92bb67d83d712d7b9474c0b76c175b8ac161,"{""d"":9,""p"":0.00016102620275609394,""r"":36}",
     16384,         1,         0,   0.834,chromobius,09c8d1caab2bbf957eb59924a07d92bb67d83d712d7b9474c0b76c175b8ac161,"{""d"":9,""p"":0.00016102620275609394,""r"":36}",
     22528,         0,         0,    1.12,chromobius,09c8d1caab2bbf957eb59924a07d92bb67d83d712d7b9474c0b76c175b8ac161,"{""d"":9,""p"":0.00016102620275609394,""r"":36}",
      1216,       580,         0,    6.13,chromobius,3a8c159f784f7390552cb445c81b449d9756145a82da4458fd9509fea95096c6,"{""d"":9,""p"":0.008531678524172805,""r"":36}",
       576,       297,         0,    3.38,chromobius,6f9268c64a9bf7af3be84bf65b0e92e09d1fc498c9568f98c2b2a45eb4ddc641,"{""d"":9,""p"":0.01,""r"":36}",
     31744,         0,         0,    1.60,chromobius,09c8d1caab2bbf957eb59924a07d92bb67d83d712d7b9474c0b76c175b8ac161,"{""d"":9,""p"":0.00016102620275609394,""r"":36}",
   1148928,       164,         0,   119.9,chromobius,690e119eba56e552d53001d8ea7e9aae8b307814f6e3400efe8aaf3a0b57601d,"{""d"":9,""p"":0.0003562247890262444,""r"":36}",
   2427904,        26,         0,   119.7,chromobius,09c8d1caab2bbf957eb59924a07d92bb67d83d712d7b9474c0b76c175b8ac161,"{""d"":9,""p"":0.00016102620275609394,""r"":36}",
     43008,         0,         0,    2.21,chromobius,09c8d1caab2bbf957eb59924a07d92bb67d83d712d7b9474c0b76c175b8ac161,"{""d"":9,""p"":0.00016102620275609394,""r"":36}",
       768,       407,         0,    4.61,chromobius,6f9268c64a9bf7af3be84bf65b0e92e09d1fc498c9568f98c2b2a45eb4ddc641,"{""d"":9,""p"":0.01,""r"":36}",
      2176,      1118,         0,    8.82,chromobius,54f5c464060f45392277e1f62a497b691debedb28a4d9a32dada721ad0e276c9,"{""d"":9,""p"":0.007278953843983146,""r"":36}",
     61440,         0,         0,    3.06,chromobius,09c8d1caab2bbf957eb59924a07d92bb67d83d712d7b9474c0b76c175b8ac161,"{""d"":9,""p"":0.00016102620275609394,""r"":36}",
    273408,       421,         0,    52.9,chromobius,057be292d7ea6a849ebec44abb64eba006ee0bf17a9622b9aeb0e813644450dd,"{""d"":9,""p"":0.0006723357536499335,""r"":36}",
       273,         0,         0,   0.019,chromobius,996a5c8a6347432fd77db4bdc35034af881f115f08dcffd13bf7127afcc4cf03,"{""d"":9,""p"":0.00018873918221350977,""r"":36}",
      1024,         0,         0,   0.060,chromobius,996a5c8a6347432fd77db4bdc35034af881f115f08dcffd13bf7127afcc4cf03,"{""d"":9,""p"":0.00018873918221350977,""r"":36}",
      1024,         0,         0,   0.067,chromobius,996a5c8a6347432fd77db4bdc35034af881f115f08dcffd13bf7127afcc4cf03,"{""d"":9,""p"":0.00018873918221350977,""r"":36}",
      1024,         0,         0,   0.062,chromobius,996a5c8a6347432fd77db4bdc35034af881f115f08dcffd13bf7127afcc4cf03,"{""d"":9,""p"":0.00018873918221350977,""r"":36}",
      1024,         0,         0,   0.062,chromobius,996a5c8a6347432fd77db4bdc35034af881f115f08dcffd13bf7127afcc4cf03,"{""d"":9,""p"":0.00018873918221350977,""r"":36}",
      1024,         0,         0,   0.064,chromobius,996a5c8a6347432fd77db4bdc35034af881f115f08dcffd13bf7127afcc4cf03,"{""d"":9,""p"":0.00018873918221350977,""r"":36}",
      2048,         0,         0,   0.130,chromobius,996a5c8a6347432fd77db4bdc35034af881f115f08dcffd13bf7127afcc4cf03,"{""d"":9,""p"":0.00018873918221350977,""r"":36}",
      2048,         0,         0,   0.125,chromobius,996a5c8a6347432fd77db4bdc35034af881f115f08dcffd13bf7127afcc4cf03,"{""d"":9,""p"":0.00018873918221350977,""r"":36}",
      1728,       884,         0,    8.58,chromobius,3a8c159f784f7390552cb445c81b449d9756145a82da4458fd9509fea95096c6,"{""d"":9,""p"":0.008531678524172805,""r"":36}",
      3072,         0,         0,   0.217,chromobius,996a5c8a6347432fd77db4bdc35034af881f115f08dcffd13bf7127afcc4cf03,"{""d"":9,""p"":0.00018873918221350977,""r"":36}",
      4096,         0,         0,   0.255,chromobius,996a5c8a6347432fd77db4bdc35034af881f115f08dcffd13bf7127afcc4cf03,"{""d"":9,""p"":0.00018873918221350977,""r"":36}",
      5120,         0,         0,   0.309,chromobius,996a5c8a6347432fd77db4bdc35034af881f115f08dcffd13bf7127afcc4cf03,"{""d"":9,""p"":0.00018873918221350977,""r"":36}",
      7168,         0,         0,   0.452,chromobius,996a5c8a6347432fd77db4bdc35034af881f115f08dcffd13bf7127afcc4cf03,"{""d"":9,""p"":0.00018873918221350977,""r"":36}",
      1024,       477,         0,    4.05,chromobius,54f5c464060f45392277e1f62a497b691debedb28a4d9a32dada721ad0e276c9,"{""d"":9,""p"":0.007278953843983146,""r"":36}",
     10240,         0,         0,   0.620,chromobius,996a5c8a6347432fd77db4bdc35034af881f115f08dcffd13bf7127afcc4cf03,"{""d"":9,""p"":0.00018873918221350977,""r"":36}",
       273,         0,         0,   0.020,chromobius,e952fc2bfce5c78b1540ff15376953dab2ba41aee925c3c9d50339a957d89197,"{""d"":9,""p"":0.000221221629107045,""r"":36}",
      1024,         0,         0,   0.065,chromobius,e952fc2bfce5c78b1540ff15376953dab2ba41aee925c3c9d50339a957d89197,"{""d"":9,""p"":0.000221221629107045,""r"":36}",
      1024,         0,         0,   0.063,chromobius,e952fc2bfce5c78b1540ff15376953dab2ba41aee925c3c9d50339a957d89197,"{""d"":9,""p"":0.000221221629107045,""r"":36}",
      1024,         0,         0,   0.062,chromobius,e952fc2bfce5c78b1540ff15376953dab2ba41aee925c3c9d50339a957d89197,"{""d"":9,""p"":0.000221221629107045,""r"":36}",
      1024,         0,         0,   0.060,chromobius,e952fc2bfce5c78b1540ff15376953dab2ba41aee925c3c9d50339a957d89197,"{""d"":9,""p"":0.000221221629107045,""r"":36}",
      1024,         0,         0,   0.064,chromobius,e952fc2bfce5c78b1540ff15376953dab2ba41aee925c3c9d50339a957d89197,"{""d"":9,""p"":0.000221221629107045,""r"":36}",
      2048,         0,         0,   0.135,chromobius,e952fc2bfce5c78b1540ff15376953dab2ba41aee925c3c9d50339a957d89197,"{""d"":9,""p"":0.000221221629107045,""r"":36}",
     87040,         2,         0,    4.30,chromobius,09c8d1caab2bbf957eb59924a07d92bb67d83d712d7b9474c0b76c175b8ac161,"{""d"":9,""p"":0.00016102620275609394,""r"":36}",
      2048,         0,         0,   0.129,chromobius,e952fc2bfce5c78b1540ff15376953dab2ba41aee925c3c9d50339a957d89197,"{""d"":9,""p"":0.000221221629107045,""r"":36}",
     14336,         0,         0,   0.844,chromobius,996a5c8a6347432fd77db4bdc35034af881f115f08dcffd13bf7127afcc4cf03,"{""d"":9,""p"":0.00018873918221350977,""r"":36}",
      3072,         0,         0,   0.201,chromobius,e952fc2bfce5c78b1540ff15376953dab2ba41aee925c3c9d50339a957d89197,"{""d"":9,""p"":0.000221221629107045,""r"":36}",
      4096,         0,         0,   0.255,chromobius,e952fc2bfce5c78b1540ff15376953dab2ba41aee925c3c9d50339a957d89197,"{""d"":9,""p"":0.000221221629107045,""r"":36}",
      5120,         0,         0,   0.318,chromobius,e952fc2bfce5c78b1540ff15376953dab2ba41aee925c3c9d50339a957d89197,"{""d"":9,""p"":0.000221221629107045,""r"":36}",
      1088,       554,         0,    6.31,chromobius,6f9268c64a9bf7af3be84bf65b0e92e09d1fc498c9568f98c2b2a45eb4ddc641,"{""d"":9,""p"":0.01,""r"":36}",
     19456,         1,         0,    1.14,chromobius,996a5c8a6347432fd77db4bdc35034af881f115f08dcffd13bf7127afcc4cf03,"{""d"":9,""p"":0.00018873918221350977,""r"":36}",
      7168,         0,         0,   0.451,chromobius,e952fc2bfce5c78b1540ff15376953dab2ba41aee925c3c9d50339a957d89197,"{""d"":9,""p"":0.000221221629107045,""r"":36}",
      9216,         0,         0,   0.586,chromobius,e952fc2bfce5c78b1540ff15376953dab2ba41aee925c3c9d50339a957d89197,"{""d"":9,""p"":0.000221221629107045,""r"":36}",
     13312,         1,         0,   0.836,chromobius,e952fc2bfce5c78b1540ff15376953dab2ba41aee925c3c9d50339a957d89197,"{""d"":9,""p"":0.000221221629107045,""r"":36}",
     28672,         0,         0,    1.61,chromobius,996a5c8a6347432fd77db4bdc35034af881f115f08dcffd13bf7127afcc4cf03,"{""d"":9,""p"":0.00018873918221350977,""r"":36}",
     18432,         0,         0,    1.15,chromobius,e952fc2bfce5c78b1540ff15376953dab2ba41aee925c3c9d50339a957d89197,"{""d"":9,""p"":0.000221221629107045,""r"":36}",
     36864,         1,         0,    2.23,chromobius,996a5c8a6347432fd77db4bdc35034af881f115f08dcffd13bf7127afcc4cf03,"{""d"":9,""p"":0.00018873918221350977,""r"":36}",
     25600,         0,         0,    1.63,chromobius,e952fc2bfce5c78b1540ff15376953dab2ba41aee925c3c9d50339a957d89197,"{""d"":9,""p"":0.000221221629107045,""r"":36}",
    123904,         0,         0,    6.01,chromobius,09c8d1caab2bbf957eb59924a07d92bb67d83d712d7b9474c0b76c175b8ac161,"{""d"":9,""p"":0.00016102620275609394,""r"":36}",
   1936384,        46,         0,   119.8,chromobius,996a5c8a6347432fd77db4bdc35034af881f115f08dcffd13bf7127afcc4cf03,"{""d"":9,""p"":0.00018873918221350977,""r"":36}",
     35840,         1,         0,    2.19,chromobius,e952fc2bfce5c78b1540ff15376953dab2ba41aee925c3c9d50339a957d89197,"{""d"":9,""p"":0.000221221629107045,""r"":36}",
     53248,         1,         0,    3.09,chromobius,996a5c8a6347432fd77db4bdc35034af881f115f08dcffd13bf7127afcc4cf03,"{""d"":9,""p"":0.00018873918221350977,""r"":36}",
    337848,         1,         0,    16.8,chromobius,09c8d1caab2bbf957eb59924a07d92bb67d83d712d7b9474c0b76c175b8ac161,"{""d"":9,""p"":0.00016102620275609394,""r"":36}",
      1472,       765,         0,    8.50,chromobius,6f9268c64a9bf7af3be84bf65b0e92e09d1fc498c9568f98c2b2a45eb4ddc641,"{""d"":9,""p"":0.01,""r"":36}",
      2432,      1279,         0,    12.2,chromobius,3a8c159f784f7390552cb445c81b449d9756145a82da4458fd9509fea95096c6,"{""d"":9,""p"":0.008531678524172805,""r"":36}",
     48128,         1,         0,    3.06,chromobius,e952fc2bfce5c78b1540ff15376953dab2ba41aee925c3c9d50339a957d89197,"{""d"":9,""p"":0.000221221629107045,""r"":36}",
     74752,         1,         0,    4.29,chromobius,996a5c8a6347432fd77db4bdc35034af881f115f08dcffd13bf7127afcc4cf03,"{""d"":9,""p"":0.00018873918221350977,""r"":36}",
    174080,         1,         0,    8.39,chromobius,09c8d1caab2bbf957eb59924a07d92bb67d83d712d7b9474c0b76c175b8ac161,"{""d"":9,""p"":0.00016102620275609394,""r"":36}",
      1024,       469,         0,    5.11,chromobius,3a8c159f784f7390552cb445c81b449d9756145a82da4458fd9509fea95096c6,"{""d"":9,""p"":0.008531678524172805,""r"":36}",
       273,         0,         0,   0.025,chromobius,6f77c01d3566fdda057a6d912b146497daee120681c8ad6491de97a1abee0689,"{""d"":9,""p"":0.0002592943797404667,""r"":36}",
     69632,         5,         0,    4.29,chromobius,e952fc2bfce5c78b1540ff15376953dab2ba41aee925c3c9d50339a957d89197,"{""d"":9,""p"":0.000221221629107045,""r"":36}",
      1024,         0,         0,   0.083,chromobius,6f77c01d3566fdda057a6d912b146497daee120681c8ad6491de97a1abee0689,"{""d"":9,""p"":0.0002592943797404667,""r"":36}",
      1024,         0,         0,   0.075,chromobius,6f77c01d3566fdda057a6d912b146497daee120681c8ad6491de97a1abee0689,"{""d"":9,""p"":0.0002592943797404667,""r"":36}",
      1024,         0,         0,   0.076,chromobius,6f77c01d3566fdda057a6d912b146497daee120681c8ad6491de97a1abee0689,"{""d"":9,""p"":0.0002592943797404667,""r"":36}",
      1024,         1,         0,   0.075,chromobius,6f77c01d3566fdda057a6d912b146497daee120681c8ad6491de97a1abee0689,"{""d"":9,""p"":0.0002592943797404667,""r"":36}",
      1024,         0,         0,   0.076,chromobius,6f77c01d3566fdda057a6d912b146497daee120681c8ad6491de97a1abee0689,"{""d"":9,""p"":0.0002592943797404667,""r"":36}",
      2048,         1,         0,   0.147,chromobius,6f77c01d3566fdda057a6d912b146497daee120681c8ad6491de97a1abee0689,"{""d"":9,""p"":0.0002592943797404667,""r"":36}",
      2048,         0,         0,   0.154,chromobius,6f77c01d3566fdda057a6d912b146497daee120681c8ad6491de97a1abee0689,"{""d"":9,""p"":0.0002592943797404667,""r"":36}",
      2048,         0,         0,   0.157,chromobius,6f77c01d3566fdda057a6d912b146497daee120681c8ad6491de97a1abee0689,"{""d"":9,""p"":0.0002592943797404667,""r"":36}",
      3072,         0,         0,   0.244,chromobius,6f77c01d3566fdda057a6d912b146497daee120681c8ad6491de97a1abee0689,"{""d"":9,""p"":0.0002592943797404667,""r"":36}",
      4096,         1,         0,   0.324,chromobius,6f77c01d3566fdda057a6d912b146497daee120681c8ad6491de97a1abee0689,"{""d"":9,""p"":0.0002592943797404667,""r"":36}",
      5120,         1,         0,   0.421,chromobius,6f77c01d3566fdda057a6d912b146497daee120681c8ad6491de97a1abee0689,"{""d"":9,""p"":0.0002592943797404667,""r"":36}",
      7168,         0,         0,   0.584,chromobius,6f77c01d3566fdda057a6d912b146497daee120681c8ad6491de97a1abee0689,"{""d"":9,""p"":0.0002592943797404667,""r"":36}",
     11264,         1,         0,   0.858,chromobius,6f77c01d3566fdda057a6d912b146497daee120681c8ad6491de97a1abee0689,"{""d"":9,""p"":0.0002592943797404667,""r"":36}",
    102400,         3,         0,    5.98,chromobius,996a5c8a6347432fd77db4bdc35034af881f115f08dcffd13bf7127afcc4cf03,"{""d"":9,""p"":0.00018873918221350977,""r"":36}",
     15360,         1,         0,    1.19,chromobius,6f77c01d3566fdda057a6d912b146497daee120681c8ad6491de97a1abee0689,"{""d"":9,""p"":0.0002592943797404667,""r"":36}",
     93184,         7,         0,    6.01,chromobius,e952fc2bfce5c78b1540ff15376953dab2ba41aee925c3c9d50339a957d89197,"{""d"":9,""p"":0.000221221629107045,""r"":36}",
     21504,         1,         0,    1.61,chromobius,6f77c01d3566fdda057a6d912b146497daee120681c8ad6491de97a1abee0689,"{""d"":9,""p"":0.0002592943797404667,""r"":36}",
      2048,      1001,         0,    12.0,chromobius,6f9268c64a9bf7af3be84bf65b0e92e09d1fc498c9568f98c2b2a45eb4ddc641,"{""d"":9,""p"":0.01,""r"":36}",
     28672,         0,         0,    2.19,chromobius,6f77c01d3566fdda057a6d912b146497daee120681c8ad6491de97a1abee0689,"{""d"":9,""p"":0.0002592943797404667,""r"":36}",
    239616,         4,         0,    11.7,chromobius,09c8d1caab2bbf957eb59924a07d92bb67d83d712d7b9474c0b76c175b8ac161,"{""d"":9,""p"":0.00016102620275609394,""r"":36}",
     38912,         4,         0,    3.08,chromobius,6f77c01d3566fdda057a6d912b146497daee120681c8ad6491de97a1abee0689,"{""d"":9,""p"":0.0002592943797404667,""r"":36}",
    140288,         6,         0,    8.35,chromobius,996a5c8a6347432fd77db4bdc35034af881f115f08dcffd13bf7127afcc4cf03,"{""d"":9,""p"":0.00018873918221350977,""r"":36}",
    131072,         5,         0,    8.35,chromobius,e952fc2bfce5c78b1540ff15376953dab2ba41aee925c3c9d50339a957d89197,"{""d"":9,""p"":0.000221221629107045,""r"":36}",
     55296,         1,         0,    4.32,chromobius,6f77c01d3566fdda057a6d912b146497daee120681c8ad6491de97a1abee0689,"{""d"":9,""p"":0.0002592943797404667,""r"":36}",
      1984,       987,         0,    11.5,chromobius,6f9268c64a9bf7af3be84bf65b0e92e09d1fc498c9568f98c2b2a45eb4ddc641,"{""d"":9,""p"":0.01,""r"":36}",
       273,         0,         0,   0.030,chromobius,297ad90311a50edaafc9e53091493d83d39529a397635efae573ed24171b08df,"{""d"":9,""p"":0.0003039195382313198,""r"":36}",
      1024,         0,         0,   0.125,chromobius,297ad90311a50edaafc9e53091493d83d39529a397635efae573ed24171b08df,"{""d"":9,""p"":0.0003039195382313198,""r"":36}",
      1024,         0,         0,   0.121,chromobius,297ad90311a50edaafc9e53091493d83d39529a397635efae573ed24171b08df,"{""d"":9,""p"":0.0003039195382313198,""r"":36}",
      1024,         0,         0,   0.121,chromobius,297ad90311a50edaafc9e53091493d83d39529a397635efae573ed24171b08df,"{""d"":9,""p"":0.0003039195382313198,""r"":36}",
      1024,         0,         0,   0.090,chromobius,297ad90311a50edaafc9e53091493d83d39529a397635efae573ed24171b08df,"{""d"":9,""p"":0.0003039195382313198,""r"":36}",
      1024,         0,         0,   0.122,chromobius,297ad90311a50edaafc9e53091493d83d39529a397635efae573ed24171b08df,"{""d"":9,""p"":0.0003039195382313198,""r"":36}",
      1024,         0,         0,   0.124,chromobius,297ad90311a50edaafc9e53091493d83d39529a397635efae573ed24171b08df,"{""d"":9,""p"":0.0003039195382313198,""r"":36}",
      1024,         1,         0,   0.122,chromobius,297ad90311a50edaafc9e53091493d83d39529a397635efae573ed24171b08df,"{""d"":9,""p"":0.0003039195382313198,""r"":36}",
      2048,         0,         0,   0.216,chromobius,297ad90311a50edaafc9e53091493d83d39529a397635efae573ed24171b08df,"{""d"":9,""p"":0.0003039195382313198,""r"":36}",
      2048,         1,         0,   0.221,chromobius,297ad90311a50edaafc9e53091493d83d39529a397635efae573ed24171b08df,"{""d"":9,""p"":0.0003039195382313198,""r"":36}",
      4096,         0,         0,   0.355,chromobius,297ad90311a50edaafc9e53091493d83d39529a397635efae573ed24171b08df,"{""d"":9,""p"":0.0003039195382313198,""r"":36}",
      5120,         1,         0,   0.442,chromobius,297ad90311a50edaafc9e53091493d83d39529a397635efae573ed24171b08df,"{""d"":9,""p"":0.0003039195382313198,""r"":36}",
      7168,         1,         0,   0.606,chromobius,297ad90311a50edaafc9e53091493d83d39529a397635efae573ed24171b08df,"{""d"":9,""p"":0.0003039195382313198,""r"":36}",
      9216,         0,         0,   0.796,chromobius,297ad90311a50edaafc9e53091493d83d39529a397635efae573ed24171b08df,"{""d"":9,""p"":0.0003039195382313198,""r"":36}",
     73728,         4,         0,    6.02,chromobius,6f77c01d3566fdda057a6d912b146497daee120681c8ad6491de97a1abee0689,"{""d"":9,""p"":0.0002592943797404667,""r"":36}",
     13312,         3,         0,    1.14,chromobius,297ad90311a50edaafc9e53091493d83d39529a397635efae573ed24171b08df,"{""d"":9,""p"":0.0003039195382313198,""r"":36}",
    189440,         3,         0,    11.7,chromobius,996a5c8a6347432fd77db4bdc35034af881f115f08dcffd13bf7127afcc4cf03,"{""d"":9,""p"":0.00018873918221350977,""r"":36}",
    910336,       201,         0,   119.9,chromobius,efad18b16e15ba35506f55152357ded774a1a3df75c4ec98b266026369c7b94d,"{""d"":9,""p"":0.00041753189365604,""r"":36}",
     18432,         3,         0,    1.59,chromobius,297ad90311a50edaafc9e53091493d83d39529a397635efae573ed24171b08df,"{""d"":9,""p"":0.0003039195382313198,""r"":36}",
    180224,         8,         0,    11.7,chromobius,e952fc2bfce5c78b1540ff15376953dab2ba41aee925c3c9d50339a957d89197,"{""d"":9,""p"":0.000221221629107045,""r"":36}",
     25600,         1,         0,    2.20,chromobius,297ad90311a50edaafc9e53091493d83d39529a397635efae573ed24171b08df,"{""d"":9,""p"":0.0003039195382313198,""r"":36}",
    327680,         2,         0,    16.4,chromobius,09c8d1caab2bbf957eb59924a07d92bb67d83d712d7b9474c0b76c175b8ac161,"{""d"":9,""p"":0.00016102620275609394,""r"":36}",
     35840,         3,         0,    3.10,chromobius,297ad90311a50edaafc9e53091493d83d39529a397635efae573ed24171b08df,"{""d"":9,""p"":0.0003039195382313198,""r"":36}",
    111616,         4,         0,    8.40,chromobius,6f77c01d3566fdda057a6d912b146497daee120681c8ad6491de97a1abee0689,"{""d"":9,""p"":0.0002592943797404667,""r"":36}",
     50176,         7,         0,    4.34,chromobius,297ad90311a50edaafc9e53091493d83d39529a397635efae573ed24171b08df,"{""d"":9,""p"":0.0003039195382313198,""r"":36}",
    270336,         7,         0,    16.4,chromobius,996a5c8a6347432fd77db4bdc35034af881f115f08dcffd13bf7127afcc4cf03,"{""d"":9,""p"":0.00018873918221350977,""r"":36}",
     69632,         5,         0,    6.04,chromobius,297ad90311a50edaafc9e53091493d83d39529a397635efae573ed24171b08df,"{""d"":9,""p"":0.0003039195382313198,""r"":36}",
    156672,        13,         0,    11.8,chromobius,6f77c01d3566fdda057a6d912b146497daee120681c8ad6491de97a1abee0689,"{""d"":9,""p"":0.0002592943797404667,""r"":36}",
    262144,         9,         0,    16.4,chromobius,e952fc2bfce5c78b1540ff15376953dab2ba41aee925c3c9d50339a957d89197,"{""d"":9,""p"":0.000221221629107045,""r"":36}",
     95232,         6,         0,    8.36,chromobius,297ad90311a50edaafc9e53091493d83d39529a397635efae573ed24171b08df,"{""d"":9,""p"":0.0003039195382313198,""r"":36}",
    427347,         9,         0,    21.5,chromobius,09c8d1caab2bbf957eb59924a07d92bb67d83d712d7b9474c0b76c175b8ac161,"{""d"":9,""p"":0.00016102620275609394,""r"":36}",
   1142784,        16,         0,    55.3,chromobius,09c8d1caab2bbf957eb59924a07d92bb67d83d712d7b9474c0b76c175b8ac161,"{""d"":9,""p"":0.00016102620275609394,""r"":36}",
     12969,         0,         0,   0.627,chromobius,09c8d1caab2bbf957eb59924a07d92bb67d83d712d7b9474c0b76c175b8ac161,"{""d"":9,""p"":0.00016102620275609394,""r"":36}",
     12970,         0,         0,   0.654,chromobius,09c8d1caab2bbf957eb59924a07d92bb67d83d712d7b9474c0b76c175b8ac161,"{""d"":9,""p"":0.00016102620275609394,""r"":36}",
       273,         0,         0,   0.029,chromobius,690e119eba56e552d53001d8ea7e9aae8b307814f6e3400efe8aaf3a0b57601d,"{""d"":9,""p"":0.0003562247890262444,""r"":36}",
       273,         0,         0,   0.036,chromobius,efad18b16e15ba35506f55152357ded774a1a3df75c4ec98b266026369c7b94d,"{""d"":9,""p"":0.00041753189365604,""r"":36}",
      1024,         0,         0,   0.096,chromobius,690e119eba56e552d53001d8ea7e9aae8b307814f6e3400efe8aaf3a0b57601d,"{""d"":9,""p"":0.0003562247890262444,""r"":36}",
      1024,         0,         0,   0.136,chromobius,efad18b16e15ba35506f55152357ded774a1a3df75c4ec98b266026369c7b94d,"{""d"":9,""p"":0.00041753189365604,""r"":36}",
      1024,         0,         0,   0.098,chromobius,690e119eba56e552d53001d8ea7e9aae8b307814f6e3400efe8aaf3a0b57601d,"{""d"":9,""p"":0.0003562247890262444,""r"":36}",
      1024,         0,         0,   0.136,chromobius,efad18b16e15ba35506f55152357ded774a1a3df75c4ec98b266026369c7b94d,"{""d"":9,""p"":0.00041753189365604,""r"":36}",
      1024,         0,         0,   0.115,chromobius,690e119eba56e552d53001d8ea7e9aae8b307814f6e3400efe8aaf3a0b57601d,"{""d"":9,""p"":0.0003562247890262444,""r"":36}",
      1024,         0,         0,   0.129,chromobius,efad18b16e15ba35506f55152357ded774a1a3df75c4ec98b266026369c7b94d,"{""d"":9,""p"":0.00041753189365604,""r"":36}",
      1024,         0,         0,   0.112,chromobius,690e119eba56e552d53001d8ea7e9aae8b307814f6e3400efe8aaf3a0b57601d,"{""d"":9,""p"":0.0003562247890262444,""r"":36}",
      1024,         0,         0,   0.106,chromobius,690e119eba56e552d53001d8ea7e9aae8b307814f6e3400efe8aaf3a0b57601d,"{""d"":9,""p"":0.0003562247890262444,""r"":36}",
      1024,         0,         0,   0.134,chromobius,efad18b16e15ba35506f55152357ded774a1a3df75c4ec98b266026369c7b94d,"{""d"":9,""p"":0.00041753189365604,""r"":36}",
      1024,         0,         0,   0.100,chromobius,690e119eba56e552d53001d8ea7e9aae8b307814f6e3400efe8aaf3a0b57601d,"{""d"":9,""p"":0.0003562247890262444,""r"":36}",
      1024,         0,         0,   0.131,chromobius,efad18b16e15ba35506f55152357ded774a1a3df75c4ec98b266026369c7b94d,"{""d"":9,""p"":0.00041753189365604,""r"":36}",
      1024,         0,         0,   0.131,chromobius,efad18b16e15ba35506f55152357ded774a1a3df75c4ec98b266026369c7b94d,"{""d"":9,""p"":0.00041753189365604,""r"":36}",
      2048,         0,         0,   0.205,chromobius,690e119eba56e552d53001d8ea7e9aae8b307814f6e3400efe8aaf3a0b57601d,"{""d"":9,""p"":0.0003562247890262444,""r"":36}",
      1024,         1,         0,   0.129,chromobius,efad18b16e15ba35506f55152357ded774a1a3df75c4ec98b266026369c7b94d,"{""d"":9,""p"":0.00041753189365604,""r"":36}",
      2048,         0,         0,   0.223,chromobius,690e119eba56e552d53001d8ea7e9aae8b307814f6e3400efe8aaf3a0b57601d,"{""d"":9,""p"":0.0003562247890262444,""r"":36}",
      2048,         1,         0,   0.262,chromobius,efad18b16e15ba35506f55152357ded774a1a3df75c4ec98b266026369c7b94d,"{""d"":9,""p"":0.00041753189365604,""r"":36}",
      2048,         0,         0,   0.211,chromobius,690e119eba56e552d53001d8ea7e9aae8b307814f6e3400efe8aaf3a0b57601d,"{""d"":9,""p"":0.0003562247890262444,""r"":36}",
      2048,         1,         0,   0.258,chromobius,efad18b16e15ba35506f55152357ded774a1a3df75c4ec98b266026369c7b94d,"{""d"":9,""p"":0.00041753189365604,""r"":36}",
      3072,         0,         0,   0.308,chromobius,690e119eba56e552d53001d8ea7e9aae8b307814f6e3400efe8aaf3a0b57601d,"{""d"":9,""p"":0.0003562247890262444,""r"":36}",
      3072,         0,         0,   0.377,chromobius,efad18b16e15ba35506f55152357ded774a1a3df75c4ec98b266026369c7b94d,"{""d"":9,""p"":0.00041753189365604,""r"":36}",
      4096,         0,         0,   0.415,chromobius,690e119eba56e552d53001d8ea7e9aae8b307814f6e3400efe8aaf3a0b57601d,"{""d"":9,""p"":0.0003562247890262444,""r"":36}",
      4096,         0,         0,   0.491,chromobius,efad18b16e15ba35506f55152357ded774a1a3df75c4ec98b266026369c7b94d,"{""d"":9,""p"":0.00041753189365604,""r"":36}",
      6144,         1,         0,   0.669,chromobius,690e119eba56e552d53001d8ea7e9aae8b307814f6e3400efe8aaf3a0b57601d,"{""d"":9,""p"":0.0003562247890262444,""r"":36}",
      5120,         2,         0,   0.663,chromobius,efad18b16e15ba35506f55152357ded774a1a3df75c4ec98b266026369c7b94d,"{""d"":9,""p"":0.00041753189365604,""r"":36}",
      8192,         0,         0,   0.821,chromobius,690e119eba56e552d53001d8ea7e9aae8b307814f6e3400efe8aaf3a0b57601d,"{""d"":9,""p"":0.0003562247890262444,""r"":36}",
      7168,         4,         0,   0.910,chromobius,efad18b16e15ba35506f55152357ded774a1a3df75c4ec98b266026369c7b94d,"{""d"":9,""p"":0.00041753189365604,""r"":36}",
     11264,         1,         0,    1.13,chromobius,690e119eba56e552d53001d8ea7e9aae8b307814f6e3400efe8aaf3a0b57601d,"{""d"":9,""p"":0.0003562247890262444,""r"":36}",
      9216,         2,         0,    1.18,chromobius,efad18b16e15ba35506f55152357ded774a1a3df75c4ec98b266026369c7b94d,"{""d"":9,""p"":0.00041753189365604,""r"":36}",
     15360,         0,         0,    1.58,chromobius,690e119eba56e552d53001d8ea7e9aae8b307814f6e3400efe8aaf3a0b57601d,"{""d"":9,""p"":0.0003562247890262444,""r"":36}",
     13312,         4,         0,    1.65,chromobius,efad18b16e15ba35506f55152357ded774a1a3df75c4ec98b266026369c7b94d,"{""d"":9,""p"":0.00041753189365604,""r"":36}",
    211968,        11,         0,    16.4,chromobius,6f77c01d3566fdda057a6d912b146497daee120681c8ad6491de97a1abee0689,"{""d"":9,""p"":0.0002592943797404667,""r"":36}",
   1541120,        81,         0,   119.9,chromobius,6f77c01d3566fdda057a6d912b146497daee120681c8ad6491de97a1abee0689,"{""d"":9,""p"":0.0002592943797404667,""r"":36}",
     21504,         3,         0,    2.23,chromobius,690e119eba56e552d53001d8ea7e9aae8b307814f6e3400efe8aaf3a0b57601d,"{""d"":9,""p"":0.0003562247890262444,""r"":36}",
     18432,         4,         0,    2.30,chromobius,efad18b16e15ba35506f55152357ded774a1a3df75c4ec98b266026369c7b94d,"{""d"":9,""p"":0.00041753189365604,""r"":36}",
    131072,        14,         0,    11.7,chromobius,297ad90311a50edaafc9e53091493d83d39529a397635efae573ed24171b08df,"{""d"":9,""p"":0.0003039195382313198,""r"":36}",
     29696,         2,         0,    3.10,chromobius,690e119eba56e552d53001d8ea7e9aae8b307814f6e3400efe8aaf3a0b57601d,"{""d"":9,""p"":0.0003562247890262444,""r"":36}",
     24576,        10,         0,    3.13,chromobius,efad18b16e15ba35506f55152357ded774a1a3df75c4ec98b266026369c7b94d,"{""d"":9,""p"":0.00041753189365604,""r"":36}",
    376832,         7,         0,    22.9,chromobius,996a5c8a6347432fd77db4bdc35034af881f115f08dcffd13bf7127afcc4cf03,"{""d"":9,""p"":0.00018873918221350977,""r"":36}",
    353280,        10,         0,    22.9,chromobius,e952fc2bfce5c78b1540ff15376953dab2ba41aee925c3c9d50339a957d89197,"{""d"":9,""p"":0.000221221629107045,""r"":36}",
     40960,         5,         0,    4.33,chromobius,690e119eba56e552d53001d8ea7e9aae8b307814f6e3400efe8aaf3a0b57601d,"{""d"":9,""p"":0.0003562247890262444,""r"":36}",
     34816,         9,         0,    4.35,chromobius,efad18b16e15ba35506f55152357ded774a1a3df75c4ec98b266026369c7b94d,"{""d"":9,""p"":0.00041753189365604,""r"":36}",
     59392,         4,         0,    6.05,chromobius,690e119eba56e552d53001d8ea7e9aae8b307814f6e3400efe8aaf3a0b57601d,"{""d"":9,""p"":0.0003562247890262444,""r"":36}",
     47104,        13,         0,    5.98,chromobius,efad18b16e15ba35506f55152357ded774a1a3df75c4ec98b266026369c7b94d,"{""d"":9,""p"":0.00041753189365604,""r"":36}",
   1723392,        42,         0,   119.8,chromobius,e952fc2bfce5c78b1540ff15376953dab2ba41aee925c3c9d50339a957d89197,"{""d"":9,""p"":0.000221221629107045,""r"":36}",
    181248,        11,         0,    16.4,chromobius,297ad90311a50edaafc9e53091493d83d39529a397635efae573ed24171b08df,"{""d"":9,""p"":0.0003039195382313198,""r"":36}",
     81920,        11,         0,    8.45,chromobius,690e119eba56e552d53001d8ea7e9aae8b307814f6e3400efe8aaf3a0b57601d,"{""d"":9,""p"":0.0003562247890262444,""r"":36}",
     66560,        27,         0,    8.37,chromobius,efad18b16e15ba35506f55152357ded774a1a3df75c4ec98b266026369c7b94d,"{""d"":9,""p"":0.00041753189365604,""r"":36}",
    301056,        18,         0,    22.9,chromobius,6f77c01d3566fdda057a6d912b146497daee120681c8ad6491de97a1abee0689,"{""d"":9,""p"":0.0002592943797404667,""r"":36}",
   1218560,        94,         0,   119.9,chromobius,297ad90311a50edaafc9e53091493d83d39529a397635efae573ed24171b08df,"{""d"":9,""p"":0.0003039195382313198,""r"":36}",
    115712,        16,         0,    11.8,chromobius,690e119eba56e552d53001d8ea7e9aae8b307814f6e3400efe8aaf3a0b57601d,"{""d"":9,""p"":0.0003562247890262444,""r"":36}",
     93184,        25,         0,    11.8,chromobius,efad18b16e15ba35506f55152357ded774a1a3df75c4ec98b266026369c7b94d,"{""d"":9,""p"":0.00041753189365604,""r"":36}",
    539648,         9,         0,    32.1,chromobius,996a5c8a6347432fd77db4bdc35034af881f115f08dcffd13bf7127afcc4cf03,"{""d"":9,""p"":0.00018873918221350977,""r"":36}",
   1045504,       149,         0,   119.9,chromobius,690e119eba56e552d53001d8ea7e9aae8b307814f6e3400efe8aaf3a0b57601d,"{""d"":9,""p"":0.0003562247890262444,""r"":36}",
    494592,        24,         0,    32.1,chromobius,e952fc2bfce5c78b1540ff15376953dab2ba41aee925c3c9d50339a957d89197,"{""d"":9,""p"":0.000221221629107045,""r"":36}",
    256000,        29,         0,    23.0,chromobius,297ad90311a50edaafc9e53091493d83d39529a397635efae573ed24171b08df,"{""d"":9,""p"":0.0003039195382313198,""r"":36}",
    160768,        33,         0,    16.4,chromobius,690e119eba56e552d53001d8ea7e9aae8b307814f6e3400efe8aaf3a0b57601d,"{""d"":9,""p"":0.0003562247890262444,""r"":36}",
    130048,        32,         0,    16.4,chromobius,efad18b16e15ba35506f55152357ded774a1a3df75c4ec98b266026369c7b94d,"{""d"":9,""p"":0.00041753189365604,""r"":36}",
   1882112,        23,         0,   119.8,chromobius,996a5c8a6347432fd77db4bdc35034af881f115f08dcffd13bf7127afcc4cf03,"{""d"":9,""p"":0.00018873918221350977,""r"":36}",
    419840,        24,         0,    32.1,chromobius,6f77c01d3566fdda057a6d912b146497daee120681c8ad6491de97a1abee0689,"{""d"":9,""p"":0.0002592943797404667,""r"":36}",
    224256,        23,         0,    23.0,chromobius,690e119eba56e552d53001d8ea7e9aae8b307814f6e3400efe8aaf3a0b57601d,"{""d"":9,""p"":0.0003562247890262444,""r"":36}",
    356352,        32,         0,    32.2,chromobius,297ad90311a50edaafc9e53091493d83d39529a397635efae573ed24171b08df,"{""d"":9,""p"":0.0003039195382313198,""r"":36}",
    183296,        36,         0,    23.0,chromobius,efad18b16e15ba35506f55152357ded774a1a3df75c4ec98b266026369c7b94d,"{""d"":9,""p"":0.00041753189365604,""r"":36}",
    756736,        14,         0,    44.9,chromobius,996a5c8a6347432fd77db4bdc35034af881f115f08dcffd13bf7127afcc4cf03,"{""d"":9,""p"":0.00018873918221350977,""r"":36}",
    691200,        14,         0,    45.0,chromobius,e952fc2bfce5c78b1540ff15376953dab2ba41aee925c3c9d50339a957d89197,"{""d"":9,""p"":0.000221221629107045,""r"":36}",
    882688,       209,         0,   119.9,chromobius,efad18b16e15ba35506f55152357ded774a1a3df75c4ec98b266026369c7b94d,"{""d"":9,""p"":0.00041753189365604,""r"":36}",
    594944,        38,         0,    45.0,chromobius,6f77c01d3566fdda057a6d912b146497daee120681c8ad6491de97a1abee0689,"{""d"":9,""p"":0.0002592943797404667,""r"":36}",
    317440,        48,         0,    32.2,chromobius,690e119eba56e552d53001d8ea7e9aae8b307814f6e3400efe8aaf3a0b57601d,"{""d"":9,""p"":0.0003562247890262444,""r"":36}",
    254976,        65,         0,    32.1,chromobius,efad18b16e15ba35506f55152357ded774a1a3df75c4ec98b266026369c7b94d,"{""d"":9,""p"":0.00041753189365604,""r"":36}",
    499712,        34,         0,    44.9,chromobius,297ad90311a50edaafc9e53091493d83d39529a397635efae573ed24171b08df,"{""d"":9,""p"":0.0003039195382313198,""r"":36}",
   1595392,        84,         0,   119.8,chromobius,6f77c01d3566fdda057a6d912b146497daee120681c8ad6491de97a1abee0689,"{""d"":9,""p"":0.0002592943797404667,""r"":36}",
   1751040,        40,         0,   119.8,chromobius,e952fc2bfce5c78b1540ff15376953dab2ba41aee925c3c9d50339a957d89197,"{""d"":9,""p"":0.000221221629107045,""r"":36}",
   1056768,        16,         0,    62.9,chromobius,996a5c8a6347432fd77db4bdc35034af881f115f08dcffd13bf7127afcc4cf03,"{""d"":9,""p"":0.00018873918221350977,""r"":36}",
    967680,        22,         0,    62.9,chromobius,e952fc2bfce5c78b1540ff15376953dab2ba41aee925c3c9d50339a957d89197,"{""d"":9,""p"":0.000221221629107045,""r"":36}",
    442368,        51,         0,    45.0,chromobius,690e119eba56e552d53001d8ea7e9aae8b307814f6e3400efe8aaf3a0b57601d,"{""d"":9,""p"":0.0003562247890262444,""r"":36}",
    355328,        97,         0,    45.0,chromobius,efad18b16e15ba35506f55152357ded774a1a3df75c4ec98b266026369c7b94d,"{""d"":9,""p"":0.00041753189365604,""r"":36}",
   1213440,       131,         0,   119.9,chromobius,297ad90311a50edaafc9e53091493d83d39529a397635efae573ed24171b08df,"{""d"":9,""p"":0.0003039195382313198,""r"":36}",
   1040384,       163,         0,   120.0,chromobius,690e119eba56e552d53001d8ea7e9aae8b307814f6e3400efe8aaf3a0b57601d,"{""d"":9,""p"":0.0003562247890262444,""r"":36}",
    826368,        37,         0,    62.9,chromobius,6f77c01d3566fdda057a6d912b146497daee120681c8ad6491de97a1abee0689,"{""d"":9,""p"":0.0002592943797404667,""r"":36}",
   1888256,        41,         0,   119.8,chromobius,996a5c8a6347432fd77db4bdc35034af881f115f08dcffd13bf7127afcc4cf03,"{""d"":9,""p"":0.00018873918221350977,""r"":36}",
    694272,        51,         0,    62.9,chromobius,297ad90311a50edaafc9e53091493d83d39529a397635efae573ed24171b08df,"{""d"":9,""p"":0.0003039195382313198,""r"":36}",
    892928,       216,         0,   119.9,chromobius,efad18b16e15ba35506f55152357ded774a1a3df75c4ec98b266026369c7b94d,"{""d"":9,""p"":0.00041753189365604,""r"":36}",
    613376,        86,         0,    63.0,chromobius,690e119eba56e552d53001d8ea7e9aae8b307814f6e3400efe8aaf3a0b57601d,"{""d"":9,""p"":0.0003562247890262444,""r"":36}",
    487424,        98,         0,    63.1,chromobius,efad18b16e15ba35506f55152357ded774a1a3df75c4ec98b266026369c7b94d,"{""d"":9,""p"":0.00041753189365604,""r"":36}",
   1462272,        32,         0,    88.0,chromobius,996a5c8a6347432fd77db4bdc35034af881f115f08dcffd13bf7127afcc4cf03,"{""d"":9,""p"":0.00018873918221350977,""r"":36}",
   1299456,        39,         0,    88.1,chromobius,e952fc2bfce5c78b1540ff15376953dab2ba41aee925c3c9d50339a957d89197,"{""d"":9,""p"":0.000221221629107045,""r"":36}",
   1575936,        77,         0,   119.8,chromobius,6f77c01d3566fdda057a6d912b146497daee120681c8ad6491de97a1abee0689,"{""d"":9,""p"":0.0002592943797404667,""r"":36}",
   1143808,        61,         0,    88.1,chromobius,6f77c01d3566fdda057a6d912b146497daee120681c8ad6491de97a1abee0689,"{""d"":9,""p"":0.0002592943797404667,""r"":36}",
   1723392,        57,         0,   119.8,chromobius,e952fc2bfce5c78b1540ff15376953dab2ba41aee925c3c9d50339a957d89197,"{""d"":9,""p"":0.000221221629107045,""r"":36}",
    977920,        82,         0,    88.1,chromobius,297ad90311a50edaafc9e53091493d83d39529a397635efae573ed24171b08df,"{""d"":9,""p"":0.0003039195382313198,""r"":36}",
   1230848,       109,         0,   119.8,chromobius,297ad90311a50edaafc9e53091493d83d39529a397635efae573ed24171b08df,"{""d"":9,""p"":0.0003039195382313198,""r"":36}",
   1135616,       199,         0,   120.0,chromobius,690e119eba56e552d53001d8ea7e9aae8b307814f6e3400efe8aaf3a0b57601d,"{""d"":9,""p"":0.0003562247890262444,""r"":36}",
   1692600,        30,         0,   105.4,chromobius,996a5c8a6347432fd77db4bdc35034af881f115f08dcffd13bf7127afcc4cf03,"{""d"":9,""p"":0.00018873918221350977,""r"":36}",
   1119059,        24,         0,    67.4,chromobius,996a5c8a6347432fd77db4bdc35034af881f115f08dcffd13bf7127afcc4cf03,"{""d"":9,""p"":0.00018873918221350977,""r"":36}",
    831488,       133,         0,    88.1,chromobius,690e119eba56e552d53001d8ea7e9aae8b307814f6e3400efe8aaf3a0b57601d,"{""d"":9,""p"":0.0003562247890262444,""r"":36}",
    688128,       172,         0,    88.2,chromobius,efad18b16e15ba35506f55152357ded774a1a3df75c4ec98b266026369c7b94d,"{""d"":9,""p"":0.00041753189365604,""r"":36}",
    559530,        16,         0,    35.1,chromobius,996a5c8a6347432fd77db4bdc35034af881f115f08dcffd13bf7127afcc4cf03,"{""d"":9,""p"":0.00018873918221350977,""r"":36}",
    279765,        12,         0,    17.3,chromobius,996a5c8a6347432fd77db4bdc35034af881f115f08dcffd13bf7127afcc4cf03,"{""d"":9,""p"":0.00018873918221350977,""r"":36}",
    139882,         4,         0,    8.82,chromobius,996a5c8a6347432fd77db4bdc35034af881f115f08dcffd13bf7127afcc4cf03,"{""d"":9,""p"":0.00018873918221350977,""r"":36}",
     78848,         0,         0,    4.95,chromobius,996a5c8a6347432fd77db4bdc35034af881f115f08dcffd13bf7127afcc4cf03,"{""d"":9,""p"":0.00018873918221350977,""r"":36}",
     30517,         2,         0,    1.92,chromobius,996a5c8a6347432fd77db4bdc35034af881f115f08dcffd13bf7127afcc4cf03,"{""d"":9,""p"":0.00018873918221350977,""r"":36}",
     30517,         0,         0,    1.92,chromobius,996a5c8a6347432fd77db4bdc35034af881f115f08dcffd13bf7127afcc4cf03,"{""d"":9,""p"":0.00018873918221350977,""r"":36}",
       273,         0,         0,   0.020,chromobius,e952fc2bfce5c78b1540ff15376953dab2ba41aee925c3c9d50339a957d89197,"{""d"":9,""p"":0.000221221629107045,""r"":36}",
       273,         0,         0,   0.024,chromobius,6f77c01d3566fdda057a6d912b146497daee120681c8ad6491de97a1abee0689,"{""d"":9,""p"":0.0002592943797404667,""r"":36}",
      1024,         0,         0,   0.071,chromobius,e952fc2bfce5c78b1540ff15376953dab2ba41aee925c3c9d50339a957d89197,"{""d"":9,""p"":0.000221221629107045,""r"":36}",
      1024,         0,         0,   0.090,chromobius,6f77c01d3566fdda057a6d912b146497daee120681c8ad6491de97a1abee0689,"{""d"":9,""p"":0.0002592943797404667,""r"":36}",
      1024,         0,         0,   0.066,chromobius,e952fc2bfce5c78b1540ff15376953dab2ba41aee925c3c9d50339a957d89197,"{""d"":9,""p"":0.000221221629107045,""r"":36}",
      1024,         0,         0,   0.074,chromobius,6f77c01d3566fdda057a6d912b146497daee120681c8ad6491de97a1abee0689,"{""d"":9,""p"":0.0002592943797404667,""r"":36}",
      1024,         0,         0,   0.067,chromobius,e952fc2bfce5c78b1540ff15376953dab2ba41aee925c3c9d50339a957d89197,"{""d"":9,""p"":0.000221221629107045,""r"":36}",
      1024,         0,         0,   0.083,chromobius,6f77c01d3566fdda057a6d912b146497daee120681c8ad6491de97a1abee0689,"{""d"":9,""p"":0.0002592943797404667,""r"":36}",
      1024,         0,         0,   0.071,chromobius,e952fc2bfce5c78b1540ff15376953dab2ba41aee925c3c9d50339a957d89197,"{""d"":9,""p"":0.000221221629107045,""r"":36}",
      1024,         0,         0,   0.083,chromobius,6f77c01d3566fdda057a6d912b146497daee120681c8ad6491de97a1abee0689,"{""d"":9,""p"":0.0002592943797404667,""r"":36}",
      1024,         0,         0,   0.074,chromobius,e952fc2bfce5c78b1540ff15376953dab2ba41aee925c3c9d50339a957d89197,"{""d"":9,""p"":0.000221221629107045,""r"":36}",
      1024,         0,         0,   0.086,chromobius,6f77c01d3566fdda057a6d912b146497daee120681c8ad6491de97a1abee0689,"{""d"":9,""p"":0.0002592943797404667,""r"":36}",
      1024,         0,         0,   0.076,chromobius,e952fc2bfce5c78b1540ff15376953dab2ba41aee925c3c9d50339a957d89197,"{""d"":9,""p"":0.000221221629107045,""r"":36}",
      1024,         0,         0,   0.089,chromobius,6f77c01d3566fdda057a6d912b146497daee120681c8ad6491de97a1abee0689,"{""d"":9,""p"":0.0002592943797404667,""r"":36}",
      2048,         0,         0,   0.144,chromobius,e952fc2bfce5c78b1540ff15376953dab2ba41aee925c3c9d50339a957d89197,"{""d"":9,""p"":0.000221221629107045,""r"":36}",
      2048,         0,         0,   0.177,chromobius,6f77c01d3566fdda057a6d912b146497daee120681c8ad6491de97a1abee0689,"{""d"":9,""p"":0.0002592943797404667,""r"":36}",
      3072,         0,         0,   0.215,chromobius,e952fc2bfce5c78b1540ff15376953dab2ba41aee925c3c9d50339a957d89197,"{""d"":9,""p"":0.000221221629107045,""r"":36}",
      2048,         0,         0,   0.158,chromobius,6f77c01d3566fdda057a6d912b146497daee120681c8ad6491de97a1abee0689,"{""d"":9,""p"":0.0002592943797404667,""r"":36}",
    924672,       223,         0,   120.0,chromobius,efad18b16e15ba35506f55152357ded774a1a3df75c4ec98b266026369c7b94d,"{""d"":9,""p"":0.00041753189365604,""r"":36}",
      3072,         0,         0,   0.225,chromobius,e952fc2bfce5c78b1540ff15376953dab2ba41aee925c3c9d50339a957d89197,"{""d"":9,""p"":0.000221221629107045,""r"":36}",
      3072,         0,         0,   0.237,chromobius,6f77c01d3566fdda057a6d912b146497daee120681c8ad6491de97a1abee0689,"{""d"":9,""p"":0.0002592943797404667,""r"":36}",
      4096,         0,         0,   0.291,chromobius,e952fc2bfce5c78b1540ff15376953dab2ba41aee925c3c9d50339a957d89197,"{""d"":9,""p"":0.000221221629107045,""r"":36}",
      4096,         0,         0,   0.324,chromobius,6f77c01d3566fdda057a6d912b146497daee120681c8ad6491de97a1abee0689,"{""d"":9,""p"":0.0002592943797404667,""r"":36}",
      6144,         2,         0,   0.433,chromobius,e952fc2bfce5c78b1540ff15376953dab2ba41aee925c3c9d50339a957d89197,"{""d"":9,""p"":0.000221221629107045,""r"":36}",
      5120,         0,         0,   0.407,chromobius,6f77c01d3566fdda057a6d912b146497daee120681c8ad6491de97a1abee0689,"{""d"":9,""p"":0.0002592943797404667,""r"":36}",
      8192,         0,         0,   0.579,chromobius,e952fc2bfce5c78b1540ff15376953dab2ba41aee925c3c9d50339a957d89197,"{""d"":9,""p"":0.000221221629107045,""r"":36}",
      7168,         1,         0,   0.593,chromobius,6f77c01d3566fdda057a6d912b146497daee120681c8ad6491de97a1abee0689,"{""d"":9,""p"":0.0002592943797404667,""r"":36}",
     11264,         1,         0,   0.794,chromobius,e952fc2bfce5c78b1540ff15376953dab2ba41aee925c3c9d50339a957d89197,"{""d"":9,""p"":0.000221221629107045,""r"":36}",
     10240,         1,         0,   0.803,chromobius,6f77c01d3566fdda057a6d912b146497daee120681c8ad6491de97a1abee0689,"{""d"":9,""p"":0.0002592943797404667,""r"":36}",
     16384,         2,         0,    1.14,chromobius,e952fc2bfce5c78b1540ff15376953dab2ba41aee925c3c9d50339a957d89197,"{""d"":9,""p"":0.000221221629107045,""r"":36}",
     14336,         0,         0,    1.12,chromobius,6f77c01d3566fdda057a6d912b146497daee120681c8ad6491de97a1abee0689,"{""d"":9,""p"":0.0002592943797404667,""r"":36}",
     22528,         1,         0,    1.56,chromobius,e952fc2bfce5c78b1540ff15376953dab2ba41aee925c3c9d50339a957d89197,"{""d"":9,""p"":0.000221221629107045,""r"":36}",
     19456,         0,         0,    1.56,chromobius,6f77c01d3566fdda057a6d912b146497daee120681c8ad6491de97a1abee0689,"{""d"":9,""p"":0.0002592943797404667,""r"":36}",
     30720,         0,         0,    2.20,chromobius,e952fc2bfce5c78b1540ff15376953dab2ba41aee925c3c9d50339a957d89197,"{""d"":9,""p"":0.000221221629107045,""r"":36}",
     28672,         0,         0,    2.24,chromobius,6f77c01d3566fdda057a6d912b146497daee120681c8ad6491de97a1abee0689,"{""d"":9,""p"":0.0002592943797404667,""r"":36}",
     44032,         1,         0,    3.10,chromobius,e952fc2bfce5c78b1540ff15376953dab2ba41aee925c3c9d50339a957d89197,"{""d"":9,""p"":0.000221221629107045,""r"":36}",
     39936,         2,         0,    3.10,chromobius,6f77c01d3566fdda057a6d912b146497daee120681c8ad6491de97a1abee0689,"{""d"":9,""p"":0.0002592943797404667,""r"":36}",
     60416,         1,         0,    4.33,chromobius,e952fc2bfce5c78b1540ff15376953dab2ba41aee925c3c9d50339a957d89197,"{""d"":9,""p"":0.000221221629107045,""r"":36}",
     54272,         2,         0,    4.27,chromobius,6f77c01d3566fdda057a6d912b146497daee120681c8ad6491de97a1abee0689,"{""d"":9,""p"":0.0002592943797404667,""r"":36}",
     82944,         5,         0,    6.01,chromobius,e952fc2bfce5c78b1540ff15376953dab2ba41aee925c3c9d50339a957d89197,"{""d"":9,""p"":0.000221221629107045,""r"":36}",
     70656,         5,         0,    5.98,chromobius,6f77c01d3566fdda057a6d912b146497daee120681c8ad6491de97a1abee0689,"{""d"":9,""p"":0.0002592943797404667,""r"":36}",
    118784,         9,         0,    8.41,chromobius,e952fc2bfce5c78b1540ff15376953dab2ba41aee925c3c9d50339a957d89197,"{""d"":9,""p"":0.000221221629107045,""r"":36}",
    104448,         3,         0,    8.43,chromobius,6f77c01d3566fdda057a6d912b146497daee120681c8ad6491de97a1abee0689,"{""d"":9,""p"":0.0002592943797404667,""r"":36}",
   1837056,        63,         0,   119.8,chromobius,e952fc2bfce5c78b1540ff15376953dab2ba41aee925c3c9d50339a957d89197,"{""d"":9,""p"":0.000221221629107045,""r"":36}",
   1529856,        75,         0,   119.9,chromobius,6f77c01d3566fdda057a6d912b146497daee120681c8ad6491de97a1abee0689,"{""d"":9,""p"":0.0002592943797404667,""r"":36}",
    166912,         7,         0,    11.7,chromobius,e952fc2bfce5c78b1540ff15376953dab2ba41aee925c3c9d50339a957d89197,"{""d"":9,""p"":0.000221221629107045,""r"":36}",
    146432,         5,         0,    11.8,chromobius,6f77c01d3566fdda057a6d912b146497daee120681c8ad6491de97a1abee0689,"{""d"":9,""p"":0.0002592943797404667,""r"":36}",
   1559552,        76,         0,   119.8,chromobius,6f77c01d3566fdda057a6d912b146497daee120681c8ad6491de97a1abee0689,"{""d"":9,""p"":0.0002592943797404667,""r"":36}",
   1700864,        41,         0,   119.8,chromobius,e952fc2bfce5c78b1540ff15376953dab2ba41aee925c3c9d50339a957d89197,"{""d"":9,""p"":0.000221221629107045,""r"":36}",
    229376,         6,         0,    16.4,chromobius,e952fc2bfce5c78b1540ff15376953dab2ba41aee925c3c9d50339a957d89197,"{""d"":9,""p"":0.000221221629107045,""r"":36}",
    206848,         5,         0,    16.4,chromobius,6f77c01d3566fdda057a6d912b146497daee120681c8ad6491de97a1abee0689,"{""d"":9,""p"":0.0002592943797404667,""r"":36}",
   1336320,       132,         0,   119.9,chromobius,297ad90311a50edaafc9e53091493d83d39529a397635efae573ed24171b08df,"{""d"":9,""p"":0.0003039195382313198,""r"":36}",
   1225728,       102,         0,   119.9,chromobius,297ad90311a50edaafc9e53091493d83d39529a397635efae573ed24171b08df,"{""d"":9,""p"":0.0003039195382313198,""r"":36}",
   1104896,       166,         0,   119.9,chromobius,690e119eba56e552d53001d8ea7e9aae8b307814f6e3400efe8aaf3a0b57601d,"{""d"":9,""p"":0.0003562247890262444,""r"":36}",
    329728,         6,         0,    22.9,chromobius,e952fc2bfce5c78b1540ff15376953dab2ba41aee925c3c9d50339a957d89197,"{""d"":9,""p"":0.000221221629107045,""r"":36}",
    286720,        12,         0,    23.0,chromobius,6f77c01d3566fdda057a6d912b146497daee120681c8ad6491de97a1abee0689,"{""d"":9,""p"":0.0002592943797404667,""r"":36}",
    907808,        37,         0,    58.5,chromobius,e952fc2bfce5c78b1540ff15376953dab2ba41aee925c3c9d50339a957d89197,"{""d"":9,""p"":0.000221221629107045,""r"":36}",
   1092608,       163,         0,   119.9,chromobius,690e119eba56e552d53001d8ea7e9aae8b307814f6e3400efe8aaf3a0b57601d,"{""d"":9,""p"":0.0003562247890262444,""r"":36}",
    913408,       215,         0,   120.0,chromobius,efad18b16e15ba35506f55152357ded774a1a3df75c4ec98b266026369c7b94d,"{""d"":9,""p"":0.00041753189365604,""r"":36}",
    749568,       199,         0,    96.4,chromobius,efad18b16e15ba35506f55152357ded774a1a3df75c4ec98b266026369c7b94d,"{""d"":9,""p"":0.00041753189365604,""r"":36}",
      1024,         0,         0,   0.143,chromobius,efad18b16e15ba35506f55152357ded774a1a3df75c4ec98b266026369c7b94d,"{""d"":9,""p"":0.00041753189365604,""r"":36}",
       273,         0,         0,   0.027,chromobius,297ad90311a50edaafc9e53091493d83d39529a397635efae573ed24171b08df,"{""d"":9,""p"":0.0003039195382313198,""r"":36}",
       273,         1,         0,   0.031,chromobius,690e119eba56e552d53001d8ea7e9aae8b307814f6e3400efe8aaf3a0b57601d,"{""d"":9,""p"":0.0003562247890262444,""r"":36}",
      1024,         0,         0,   0.092,chromobius,297ad90311a50edaafc9e53091493d83d39529a397635efae573ed24171b08df,"{""d"":9,""p"":0.0003039195382313198,""r"":36}",
      1024,         1,         0,   0.105,chromobius,690e119eba56e552d53001d8ea7e9aae8b307814f6e3400efe8aaf3a0b57601d,"{""d"":9,""p"":0.0003562247890262444,""r"":36}",
      1024,         0,         0,   0.097,chromobius,297ad90311a50edaafc9e53091493d83d39529a397635efae573ed24171b08df,"{""d"":9,""p"":0.0003039195382313198,""r"":36}",
      1024,         0,         0,   0.111,chromobius,690e119eba56e552d53001d8ea7e9aae8b307814f6e3400efe8aaf3a0b57601d,"{""d"":9,""p"":0.0003562247890262444,""r"":36}",
      1024,         0,         0,   0.101,chromobius,297ad90311a50edaafc9e53091493d83d39529a397635efae573ed24171b08df,"{""d"":9,""p"":0.0003039195382313198,""r"":36}",
      1024,         0,         0,   0.112,chromobius,690e119eba56e552d53001d8ea7e9aae8b307814f6e3400efe8aaf3a0b57601d,"{""d"":9,""p"":0.0003562247890262444,""r"":36}",
      1024,         0,         0,   0.096,chromobius,297ad90311a50edaafc9e53091493d83d39529a397635efae573ed24171b08df,"{""d"":9,""p"":0.0003039195382313198,""r"":36}",
      1024,         0,         0,   0.112,chromobius,690e119eba56e552d53001d8ea7e9aae8b307814f6e3400efe8aaf3a0b57601d,"{""d"":9,""p"":0.0003562247890262444,""r"":36}",
      1024,         0,         0,   0.090,chromobius,297ad90311a50edaafc9e53091493d83d39529a397635efae573ed24171b08df,"{""d"":9,""p"":0.0003039195382313198,""r"":36}",
      1024,         0,         0,   0.105,chromobius,690e119eba56e552d53001d8ea7e9aae8b307814f6e3400efe8aaf3a0b57601d,"{""d"":9,""p"":0.0003562247890262444,""r"":36}",
      1024,         0,         0,   0.091,chromobius,297ad90311a50edaafc9e53091493d83d39529a397635efae573ed24171b08df,"{""d"":9,""p"":0.0003039195382313198,""r"":36}",
      1024,         0,         0,   0.113,chromobius,690e119eba56e552d53001d8ea7e9aae8b307814f6e3400efe8aaf3a0b57601d,"{""d"":9,""p"":0.0003562247890262444,""r"":36}",
      2048,         0,         0,   0.186,chromobius,297ad90311a50edaafc9e53091493d83d39529a397635efae573ed24171b08df,"{""d"":9,""p"":0.0003039195382313198,""r"":36}",
      1024,         0,         0,   0.111,chromobius,690e119eba56e552d53001d8ea7e9aae8b307814f6e3400efe8aaf3a0b57601d,"{""d"":9,""p"":0.0003562247890262444,""r"":36}",
      2048,         0,         0,   0.198,chromobius,297ad90311a50edaafc9e53091493d83d39529a397635efae573ed24171b08df,"{""d"":9,""p"":0.0003039195382313198,""r"":36}",
      2048,         0,         0,   0.226,chromobius,690e119eba56e552d53001d8ea7e9aae8b307814f6e3400efe8aaf3a0b57601d,"{""d"":9,""p"":0.0003562247890262444,""r"":36}",
      3072,         0,         0,   0.286,chromobius,297ad90311a50edaafc9e53091493d83d39529a397635efae573ed24171b08df,"{""d"":9,""p"":0.0003039195382313198,""r"":36}",
      2048,         0,         0,   0.229,chromobius,690e119eba56e552d53001d8ea7e9aae8b307814f6e3400efe8aaf3a0b57601d,"{""d"":9,""p"":0.0003562247890262444,""r"":36}",
      3072,         0,         0,   0.294,chromobius,297ad90311a50edaafc9e53091493d83d39529a397635efae573ed24171b08df,"{""d"":9,""p"":0.0003039195382313198,""r"":36}",
      3072,         0,         0,   0.322,chromobius,690e119eba56e552d53001d8ea7e9aae8b307814f6e3400efe8aaf3a0b57601d,"{""d"":9,""p"":0.0003562247890262444,""r"":36}",
      5120,         0,         0,   0.469,chromobius,297ad90311a50edaafc9e53091493d83d39529a397635efae573ed24171b08df,"{""d"":9,""p"":0.0003039195382313198,""r"":36}",
      4096,         0,         0,   0.452,chromobius,690e119eba56e552d53001d8ea7e9aae8b307814f6e3400efe8aaf3a0b57601d,"{""d"":9,""p"":0.0003562247890262444,""r"":36}",
      5120,         1,         0,   0.583,chromobius,690e119eba56e552d53001d8ea7e9aae8b307814f6e3400efe8aaf3a0b57601d,"{""d"":9,""p"":0.0003562247890262444,""r"":36}",
      6144,         0,         0,   0.602,chromobius,297ad90311a50edaafc9e53091493d83d39529a397635efae573ed24171b08df,"{""d"":9,""p"":0.0003039195382313198,""r"":36}",
      7168,         1,         0,   0.810,chromobius,690e119eba56e552d53001d8ea7e9aae8b307814f6e3400efe8aaf3a0b57601d,"{""d"":9,""p"":0.0003562247890262444,""r"":36}",
      9216,         0,         0,   0.805,chromobius,297ad90311a50edaafc9e53091493d83d39529a397635efae573ed24171b08df,"{""d"":9,""p"":0.0003039195382313198,""r"":36}",
     13312,         3,         0,    1.19,chromobius,297ad90311a50edaafc9e53091493d83d39529a397635efae573ed24171b08df,"{""d"":9,""p"":0.0003039195382313198,""r"":36}",
     11264,         1,         0,    1.20,chromobius,690e119eba56e552d53001d8ea7e9aae8b307814f6e3400efe8aaf3a0b57601d,"{""d"":9,""p"":0.0003562247890262444,""r"":36}",
     14336,         3,         0,    1.56,chromobius,690e119eba56e552d53001d8ea7e9aae8b307814f6e3400efe8aaf3a0b57601d,"{""d"":9,""p"":0.0003562247890262444,""r"":36}",
     17408,         4,         0,    1.60,chromobius,297ad90311a50edaafc9e53091493d83d39529a397635efae573ed24171b08df,"{""d"":9,""p"":0.0003039195382313198,""r"":36}",
     20480,         2,         0,    2.21,chromobius,690e119eba56e552d53001d8ea7e9aae8b307814f6e3400efe8aaf3a0b57601d,"{""d"":9,""p"":0.0003562247890262444,""r"":36}",
     24576,         3,         0,    2.26,chromobius,297ad90311a50edaafc9e53091493d83d39529a397635efae573ed24171b08df,"{""d"":9,""p"":0.0003039195382313198,""r"":36}",
     28672,         2,         0,    3.10,chromobius,690e119eba56e552d53001d8ea7e9aae8b307814f6e3400efe8aaf3a0b57601d,"{""d"":9,""p"":0.0003562247890262444,""r"":36}",
     32768,         3,         0,    3.07,chromobius,297ad90311a50edaafc9e53091493d83d39529a397635efae573ed24171b08df,"{""d"":9,""p"":0.0003039195382313198,""r"":36}",
    880911,        35,         0,    61.4,chromobius,e952fc2bfce5c78b1540ff15376953dab2ba41aee925c3c9d50339a957d89197,"{""d"":9,""p"":0.000221221629107045,""r"":36}",
    447488,        18,         0,    32.1,chromobius,e952fc2bfce5c78b1540ff15376953dab2ba41aee925c3c9d50339a957d89197,"{""d"":9,""p"":0.000221221629107045,""r"":36}",
    413696,        23,         0,    32.2,chromobius,6f77c01d3566fdda057a6d912b146497daee120681c8ad6491de97a1abee0689,"{""d"":9,""p"":0.0002592943797404667,""r"":36}",
     46080,         4,         0,    4.28,chromobius,297ad90311a50edaafc9e53091493d83d39529a397635efae573ed24171b08df,"{""d"":9,""p"":0.0003039195382313198,""r"":36}",
     39936,         3,         0,    4.35,chromobius,690e119eba56e552d53001d8ea7e9aae8b307814f6e3400efe8aaf3a0b57601d,"{""d"":9,""p"":0.0003562247890262444,""r"":36}",
     63488,         6,         0,    5.98,chromobius,297ad90311a50edaafc9e53091493d83d39529a397635efae573ed24171b08df,"{""d"":9,""p"":0.0003039195382313198,""r"":36}",
     53248,        10,         0,    5.98,chromobius,690e119eba56e552d53001d8ea7e9aae8b307814f6e3400efe8aaf3a0b57601d,"{""d"":9,""p"":0.0003562247890262444,""r"":36}",
    139786,         5,         0,    10.4,chromobius,e952fc2bfce5c78b1540ff15376953dab2ba41aee925c3c9d50339a957d89197,"{""d"":9,""p"":0.000221221629107045,""r"":36}",
    514048,        11,         0,    34.2,chromobius,e952fc2bfce5c78b1540ff15376953dab2ba41aee925c3c9d50339a957d89197,"{""d"":9,""p"":0.000221221629107045,""r"":36}",
     86016,         8,         0,    8.38,chromobius,297ad90311a50edaafc9e53091493d83d39529a397635efae573ed24171b08df,"{""d"":9,""p"":0.0003039195382313198,""r"":36}",
     70656,         6,         0,    8.41,chromobius,690e119eba56e552d53001d8ea7e9aae8b307814f6e3400efe8aaf3a0b57601d,"{""d"":9,""p"":0.0003562247890262444,""r"":36}",
     73226,         1,         0,    5.67,chromobius,e952fc2bfce5c78b1540ff15376953dab2ba41aee925c3c9d50339a957d89197,"{""d"":9,""p"":0.000221221629107045,""r"":36}",
    230400,         6,         0,    17.3,chromobius,e952fc2bfce5c78b1540ff15376953dab2ba41aee925c3c9d50339a957d89197,"{""d"":9,""p"":0.000221221629107045,""r"":36}",
    118958,         3,         0,    9.24,chromobius,e952fc2bfce5c78b1540ff15376953dab2ba41aee925c3c9d50339a957d89197,"{""d"":9,""p"":0.000221221629107045,""r"":36}",
     79306,         1,         0,    5.43,chromobius,e952fc2bfce5c78b1540ff15376953dab2ba41aee925c3c9d50339a957d89197,"{""d"":9,""p"":0.000221221629107045,""r"":36}",
     74752,         2,         0,    5.46,chromobius,e952fc2bfce5c78b1540ff15376953dab2ba41aee925c3c9d50339a957d89197,"{""d"":9,""p"":0.000221221629107045,""r"":36}",
      4554,         0,         0,   0.331,chromobius,e952fc2bfce5c78b1540ff15376953dab2ba41aee925c3c9d50339a957d89197,"{""d"":9,""p"":0.000221221629107045,""r"":36}",
     30720,         1,         0,    2.21,chromobius,e952fc2bfce5c78b1540ff15376953dab2ba41aee925c3c9d50339a957d89197,"{""d"":9,""p"":0.000221221629107045,""r"":36}",
     16195,         0,         0,    1.34,chromobius,e952fc2bfce5c78b1540ff15376953dab2ba41aee925c3c9d50339a957d89197,"{""d"":9,""p"":0.000221221629107045,""r"":36}",
     12288,         0,         0,    1.01,chromobius,e952fc2bfce5c78b1540ff15376953dab2ba41aee925c3c9d50339a957d89197,"{""d"":9,""p"":0.000221221629107045,""r"":36}",
     12288,         0,         0,    1.05,chromobius,e952fc2bfce5c78b1540ff15376953dab2ba41aee925c3c9d50339a957d89197,"{""d"":9,""p"":0.000221221629107045,""r"":36}",
      2605,         0,         0,   0.177,chromobius,e952fc2bfce5c78b1540ff15376953dab2ba41aee925c3c9d50339a957d89197,"{""d"":9,""p"":0.000221221629107045,""r"":36}",
      2048,         0,         0,   0.156,chromobius,e952fc2bfce5c78b1540ff15376953dab2ba41aee925c3c9d50339a957d89197,"{""d"":9,""p"":0.000221221629107045,""r"":36}",
      2603,         0,         0,   0.176,chromobius,e952fc2bfce5c78b1540ff15376953dab2ba41aee925c3c9d50339a957d89197,"{""d"":9,""p"":0.000221221629107045,""r"":36}",
       557,         0,         0,   0.040,chromobius,e952fc2bfce5c78b1540ff15376953dab2ba41aee925c3c9d50339a957d89197,"{""d"":9,""p"":0.000221221629107045,""r"":36}",
       273,         0,         0,   0.023,chromobius,6f77c01d3566fdda057a6d912b146497daee120681c8ad6491de97a1abee0689,"{""d"":9,""p"":0.0002592943797404667,""r"":36}",
       273,         0,         0,   0.025,chromobius,297ad90311a50edaafc9e53091493d83d39529a397635efae573ed24171b08df,"{""d"":9,""p"":0.0003039195382313198,""r"":36}",
       273,         0,         0,   0.030,chromobius,690e119eba56e552d53001d8ea7e9aae8b307814f6e3400efe8aaf3a0b57601d,"{""d"":9,""p"":0.0003562247890262444,""r"":36}",
      1024,         0,         0,   0.082,chromobius,6f77c01d3566fdda057a6d912b146497daee120681c8ad6491de97a1abee0689,"{""d"":9,""p"":0.0002592943797404667,""r"":36}",
      1024,         0,         0,   0.092,chromobius,297ad90311a50edaafc9e53091493d83d39529a397635efae573ed24171b08df,"{""d"":9,""p"":0.0003039195382313198,""r"":36}",
      1024,         0,         0,   0.102,chromobius,690e119eba56e552d53001d8ea7e9aae8b307814f6e3400efe8aaf3a0b57601d,"{""d"":9,""p"":0.0003562247890262444,""r"":36}",
      1024,         2,         0,   0.091,chromobius,6f77c01d3566fdda057a6d912b146497daee120681c8ad6491de97a1abee0689,"{""d"":9,""p"":0.0002592943797404667,""r"":36}",
      1024,         0,         0,   0.099,chromobius,297ad90311a50edaafc9e53091493d83d39529a397635efae573ed24171b08df,"{""d"":9,""p"":0.0003039195382313198,""r"":36}",
      1024,         0,         0,   0.102,chromobius,690e119eba56e552d53001d8ea7e9aae8b307814f6e3400efe8aaf3a0b57601d,"{""d"":9,""p"":0.0003562247890262444,""r"":36}",
      1024,         0,         0,   0.091,chromobius,6f77c01d3566fdda057a6d912b146497daee120681c8ad6491de97a1abee0689,"{""d"":9,""p"":0.0002592943797404667,""r"":36}",
      1024,         0,         0,   0.100,chromobius,297ad90311a50edaafc9e53091493d83d39529a397635efae573ed24171b08df,"{""d"":9,""p"":0.0003039195382313198,""r"":36}",
      1024,         0,         0,   0.103,chromobius,690e119eba56e552d53001d8ea7e9aae8b307814f6e3400efe8aaf3a0b57601d,"{""d"":9,""p"":0.0003562247890262444,""r"":36}",
      1024,         0,         0,   0.089,chromobius,6f77c01d3566fdda057a6d912b146497daee120681c8ad6491de97a1abee0689,"{""d"":9,""p"":0.0002592943797404667,""r"":36}",
      1024,         0,         0,   0.087,chromobius,297ad90311a50edaafc9e53091493d83d39529a397635efae573ed24171b08df,"{""d"":9,""p"":0.0003039195382313198,""r"":36}",
      1024,         0,         0,   0.102,chromobius,690e119eba56e552d53001d8ea7e9aae8b307814f6e3400efe8aaf3a0b57601d,"{""d"":9,""p"":0.0003562247890262444,""r"":36}",
      1024,         0,         0,   0.086,chromobius,6f77c01d3566fdda057a6d912b146497daee120681c8ad6491de97a1abee0689,"{""d"":9,""p"":0.0002592943797404667,""r"":36}",
      1024,         0,         0,   0.087,chromobius,297ad90311a50edaafc9e53091493d83d39529a397635efae573ed24171b08df,"{""d"":9,""p"":0.0003039195382313198,""r"":36}",
      1024,         0,         0,   0.078,chromobius,6f77c01d3566fdda057a6d912b146497daee120681c8ad6491de97a1abee0689,"{""d"":9,""p"":0.0002592943797404667,""r"":36}",
      1024,         0,         0,   0.121,chromobius,690e119eba56e552d53001d8ea7e9aae8b307814f6e3400efe8aaf3a0b57601d,"{""d"":9,""p"":0.0003562247890262444,""r"":36}",
      1024,         0,         0,   0.101,chromobius,297ad90311a50edaafc9e53091493d83d39529a397635efae573ed24171b08df,"{""d"":9,""p"":0.0003039195382313198,""r"":36}",
      1024,         0,         0,   0.104,chromobius,690e119eba56e552d53001d8ea7e9aae8b307814f6e3400efe8aaf3a0b57601d,"{""d"":9,""p"":0.0003562247890262444,""r"":36}",
      2048,         0,         0,   0.170,chromobius,6f77c01d3566fdda057a6d912b146497daee120681c8ad6491de97a1abee0689,"{""d"":9,""p"":0.0002592943797404667,""r"":36}",
      2048,         0,         0,   0.188,chromobius,297ad90311a50edaafc9e53091493d83d39529a397635efae573ed24171b08df,"{""d"":9,""p"":0.0003039195382313198,""r"":36}",
      1024,         0,         0,   0.118,chromobius,690e119eba56e552d53001d8ea7e9aae8b307814f6e3400efe8aaf3a0b57601d,"{""d"":9,""p"":0.0003562247890262444,""r"":36}",
      2048,         0,         0,   0.166,chromobius,6f77c01d3566fdda057a6d912b146497daee120681c8ad6491de97a1abee0689,"{""d"":9,""p"":0.0002592943797404667,""r"":36}",
      2048,         0,         0,   0.195,chromobius,297ad90311a50edaafc9e53091493d83d39529a397635efae573ed24171b08df,"{""d"":9,""p"":0.0003039195382313198,""r"":36}",
      2048,         0,         0,   0.233,chromobius,690e119eba56e552d53001d8ea7e9aae8b307814f6e3400efe8aaf3a0b57601d,"{""d"":9,""p"":0.0003562247890262444,""r"":36}",
      3072,         0,         0,   0.249,chromobius,6f77c01d3566fdda057a6d912b146497daee120681c8ad6491de97a1abee0689,"{""d"":9,""p"":0.0002592943797404667,""r"":36}",
      2048,         0,         0,   0.207,chromobius,690e119eba56e552d53001d8ea7e9aae8b307814f6e3400efe8aaf3a0b57601d,"{""d"":9,""p"":0.0003562247890262444,""r"":36}",
      3072,         0,         0,   0.274,chromobius,297ad90311a50edaafc9e53091493d83d39529a397635efae573ed24171b08df,"{""d"":9,""p"":0.0003039195382313198,""r"":36}",
      4096,         1,         0,   0.333,chromobius,6f77c01d3566fdda057a6d912b146497daee120681c8ad6491de97a1abee0689,"{""d"":9,""p"":0.0002592943797404667,""r"":36}",
      3072,         1,         0,   0.298,chromobius,297ad90311a50edaafc9e53091493d83d39529a397635efae573ed24171b08df,"{""d"":9,""p"":0.0003039195382313198,""r"":36}",
      3072,         1,         0,   0.348,chromobius,690e119eba56e552d53001d8ea7e9aae8b307814f6e3400efe8aaf3a0b57601d,"{""d"":9,""p"":0.0003562247890262444,""r"":36}",
      5120,         0,         0,   0.412,chromobius,6f77c01d3566fdda057a6d912b146497daee120681c8ad6491de97a1abee0689,"{""d"":9,""p"":0.0002592943797404667,""r"":36}",
      5120,         1,         0,   0.462,chromobius,297ad90311a50edaafc9e53091493d83d39529a397635efae573ed24171b08df,"{""d"":9,""p"":0.0003039195382313198,""r"":36}",
      4096,         1,         0,   0.449,chromobius,690e119eba56e552d53001d8ea7e9aae8b307814f6e3400efe8aaf3a0b57601d,"{""d"":9,""p"":0.0003562247890262444,""r"":36}",
      7168,         0,         0,   0.611,chromobius,6f77c01d3566fdda057a6d912b146497daee120681c8ad6491de97a1abee0689,"{""d"":9,""p"":0.0002592943797404667,""r"":36}",
      5120,         0,         0,   0.571,chromobius,690e119eba56e552d53001d8ea7e9aae8b307814f6e3400efe8aaf3a0b57601d,"{""d"":9,""p"":0.0003562247890262444,""r"":36}",
      6144,         0,         0,   0.590,chromobius,297ad90311a50edaafc9e53091493d83d39529a397635efae573ed24171b08df,"{""d"":9,""p"":0.0003039195382313198,""r"":36}",
    123904,         7,         0,    11.7,chromobius,297ad90311a50edaafc9e53091493d83d39529a397635efae573ed24171b08df,"{""d"":9,""p"":0.0003039195382313198,""r"":36}",
    102400,        22,         0,    11.8,chromobius,690e119eba56e552d53001d8ea7e9aae8b307814f6e3400efe8aaf3a0b57601d,"{""d"":9,""p"":0.0003562247890262444,""r"":36}",
     10240,         0,         0,   0.871,chromobius,6f77c01d3566fdda057a6d912b146497daee120681c8ad6491de97a1abee0689,"{""d"":9,""p"":0.0002592943797404667,""r"":36}",
      9216,         1,         0,   0.816,chromobius,297ad90311a50edaafc9e53091493d83d39529a397635efae573ed24171b08df,"{""d"":9,""p"":0.0003039195382313198,""r"":36}",
      7168,         2,         0,   0.848,chromobius,690e119eba56e552d53001d8ea7e9aae8b307814f6e3400efe8aaf3a0b57601d,"{""d"":9,""p"":0.0003562247890262444,""r"":36}",
     13312,         1,         0,    1.14,chromobius,6f77c01d3566fdda057a6d912b146497daee120681c8ad6491de97a1abee0689,"{""d"":9,""p"":0.0002592943797404667,""r"":36}",
     12288,         0,         0,    1.12,chromobius,297ad90311a50edaafc9e53091493d83d39529a397635efae573ed24171b08df,"{""d"":9,""p"":0.0003039195382313198,""r"":36}",
     10240,         2,         0,    1.13,chromobius,690e119eba56e552d53001d8ea7e9aae8b307814f6e3400efe8aaf3a0b57601d,"{""d"":9,""p"":0.0003562247890262444,""r"":36}",
     19456,         0,         0,    1.63,chromobius,6f77c01d3566fdda057a6d912b146497daee120681c8ad6491de97a1abee0689,"{""d"":9,""p"":0.0002592943797404667,""r"":36}",
     17408,         3,         0,    1.59,chromobius,297ad90311a50edaafc9e53091493d83d39529a397635efae573ed24171b08df,"{""d"":9,""p"":0.0003039195382313198,""r"":36}",
     14336,         2,         0,    1.57,chromobius,690e119eba56e552d53001d8ea7e9aae8b307814f6e3400efe8aaf3a0b57601d,"{""d"":9,""p"":0.0003562247890262444,""r"":36}",
     23552,         0,         0,    2.19,chromobius,297ad90311a50edaafc9e53091493d83d39529a397635efae573ed24171b08df,"{""d"":9,""p"":0.0003039195382313198,""r"":36}",
     20480,         4,         0,    2.18,chromobius,690e119eba56e552d53001d8ea7e9aae8b307814f6e3400efe8aaf3a0b57601d,"{""d"":9,""p"":0.0003562247890262444,""r"":36}",
     26624,         1,         0,    2.23,chromobius,6f77c01d3566fdda057a6d912b146497daee120681c8ad6491de97a1abee0689,"{""d"":9,""p"":0.0002592943797404667,""r"":36}",
     32768,         3,         0,    3.05,chromobius,297ad90311a50edaafc9e53091493d83d39529a397635efae573ed24171b08df,"{""d"":9,""p"":0.0003039195382313198,""r"":36}",
     36864,         1,         0,    3.12,chromobius,6f77c01d3566fdda057a6d912b146497daee120681c8ad6491de97a1abee0689,"{""d"":9,""p"":0.0002592943797404667,""r"":36}",
     28672,         4,         0,    3.16,chromobius,690e119eba56e552d53001d8ea7e9aae8b307814f6e3400efe8aaf3a0b57601d,"{""d"":9,""p"":0.0003562247890262444,""r"":36}",
     46080,         3,         0,    4.29,chromobius,297ad90311a50edaafc9e53091493d83d39529a397635efae573ed24171b08df,"{""d"":9,""p"":0.0003039195382313198,""r"":36}",
     38912,         6,         0,    4.28,chromobius,690e119eba56e552d53001d8ea7e9aae8b307814f6e3400efe8aaf3a0b57601d,"{""d"":9,""p"":0.0003562247890262444,""r"":36}",
     52224,         2,         0,    4.29,chromobius,6f77c01d3566fdda057a6d912b146497daee120681c8ad6491de97a1abee0689,"{""d"":9,""p"":0.0002592943797404667,""r"":36}",
   1540096,        83,         0,   119.9,chromobius,6f77c01d3566fdda057a6d912b146497daee120681c8ad6491de97a1abee0689,"{""d"":9,""p"":0.0002592943797404667,""r"":36}",
    177152,        27,         0,    16.5,chromobius,297ad90311a50edaafc9e53091493d83d39529a397635efae573ed24171b08df,"{""d"":9,""p"":0.0003039195382313198,""r"":36}",
    150528,        28,         0,    16.5,chromobius,690e119eba56e552d53001d8ea7e9aae8b307814f6e3400efe8aaf3a0b57601d,"{""d"":9,""p"":0.0003562247890262444,""r"":36}",
     64512,         7,         0,    6.00,chromobius,297ad90311a50edaafc9e53091493d83d39529a397635efae573ed24171b08df,"{""d"":9,""p"":0.0003039195382313198,""r"":36}",
    552960,        23,         0,    44.9,chromobius,6f77c01d3566fdda057a6d912b146497daee120681c8ad6491de97a1abee0689,"{""d"":9,""p"":0.0002592943797404667,""r"":36}",
     71680,         2,         0,    6.01,chromobius,6f77c01d3566fdda057a6d912b146497daee120681c8ad6491de97a1abee0689,"{""d"":9,""p"":0.0002592943797404667,""r"":36}",
     54272,        10,         0,    6.02,chromobius,690e119eba56e552d53001d8ea7e9aae8b307814f6e3400efe8aaf3a0b57601d,"{""d"":9,""p"":0.0003562247890262444,""r"":36}",
   1501184,        73,         0,   119.8,chromobius,6f77c01d3566fdda057a6d912b146497daee120681c8ad6491de97a1abee0689,"{""d"":9,""p"":0.0002592943797404667,""r"":36}",
     89088,         5,         0,    8.40,chromobius,297ad90311a50edaafc9e53091493d83d39529a397635efae573ed24171b08df,"{""d"":9,""p"":0.0003039195382313198,""r"":36}",
     99328,         2,         0,    8.41,chromobius,6f77c01d3566fdda057a6d912b146497daee120681c8ad6491de97a1abee0689,"{""d"":9,""p"":0.0002592943797404667,""r"":36}",
     76800,         9,         0,    8.42,chromobius,690e119eba56e552d53001d8ea7e9aae8b307814f6e3400efe8aaf3a0b57601d,"{""d"":9,""p"":0.0003562247890262444,""r"":36}",
    125952,        17,         0,    11.7,chromobius,297ad90311a50edaafc9e53091493d83d39529a397635efae573ed24171b08df,"{""d"":9,""p"":0.0003039195382313198,""r"":36}",
    105472,        15,         0,    11.7,chromobius,690e119eba56e552d53001d8ea7e9aae8b307814f6e3400efe8aaf3a0b57601d,"{""d"":9,""p"":0.0003562247890262444,""r"":36}",
    139264,        10,         0,    11.8,chromobius,6f77c01d3566fdda057a6d912b146497daee120681c8ad6491de97a1abee0689,"{""d"":9,""p"":0.0002592943797404667,""r"":36}",
    235520,        16,         0,    22.9,chromobius,297ad90311a50edaafc9e53091493d83d39529a397635efae573ed24171b08df,"{""d"":9,""p"":0.0003039195382313198,""r"":36}",
    214016,        28,         0,    22.9,chromobius,690e119eba56e552d53001d8ea7e9aae8b307814f6e3400efe8aaf3a0b57601d,"{""d"":9,""p"":0.0003562247890262444,""r"":36}",
   1287168,       120,         0,   119.8,chromobius,297ad90311a50edaafc9e53091493d83d39529a397635efae573ed24171b08df,"{""d"":9,""p"":0.0003039195382313198,""r"":36}",
   1195008,       100,         0,   119.8,chromobius,297ad90311a50edaafc9e53091493d83d39529a397635efae573ed24171b08df,"{""d"":9,""p"":0.0003039195382313198,""r"":36}",
   1093632,       169,         0,   119.9,chromobius,690e119eba56e552d53001d8ea7e9aae8b307814f6e3400efe8aaf3a0b57601d,"{""d"":9,""p"":0.0003562247890262444,""r"":36}",
    175104,        14,         0,    16.4,chromobius,297ad90311a50edaafc9e53091493d83d39529a397635efae573ed24171b08df,"{""d"":9,""p"":0.0003039195382313198,""r"":36}",
    148480,        24,         0,    16.4,chromobius,690e119eba56e552d53001d8ea7e9aae8b307814f6e3400efe8aaf3a0b57601d,"{""d"":9,""p"":0.0003562247890262444,""r"":36}",
    197632,         9,         0,    16.4,chromobius,6f77c01d3566fdda057a6d912b146497daee120681c8ad6491de97a1abee0689,"{""d"":9,""p"":0.0002592943797404667,""r"":36}",
    340992,        22,         0,    32.2,chromobius,297ad90311a50edaafc9e53091493d83d39529a397635efae573ed24171b08df,"{""d"":9,""p"":0.0003039195382313198,""r"":36}",
    300032,        53,         0,    32.2,chromobius,690e119eba56e552d53001d8ea7e9aae8b307814f6e3400efe8aaf3a0b57601d,"{""d"":9,""p"":0.0003562247890262444,""r"":36}",
   1106944,       159,         0,   119.9,chromobius,690e119eba56e552d53001d8ea7e9aae8b307814f6e3400efe8aaf3a0b57601d,"{""d"":9,""p"":0.0003562247890262444,""r"":36}",
    252928,        23,         0,    22.9,chromobius,297ad90311a50edaafc9e53091493d83d39529a397635efae573ed24171b08df,"{""d"":9,""p"":0.0003039195382313198,""r"":36}",
    276480,        14,         0,    22.9,chromobius,6f77c01d3566fdda057a6d912b146497daee120681c8ad6491de97a1abee0689,"{""d"":9,""p"":0.0002592943797404667,""r"":36}",
    205824,        37,         0,    23.0,chromobius,690e119eba56e552d53001d8ea7e9aae8b307814f6e3400efe8aaf3a0b57601d,"{""d"":9,""p"":0.0003562247890262444,""r"":36}",
    808532,        43,         0,    64.0,chromobius,6f77c01d3566fdda057a6d912b146497daee120681c8ad6491de97a1abee0689,"{""d"":9,""p"":0.0002592943797404667,""r"":36}",
    774144,        49,         0,    62.9,chromobius,6f77c01d3566fdda057a6d912b146497daee120681c8ad6491de97a1abee0689,"{""d"":9,""p"":0.0002592943797404667,""r"":36}",
    230522,         7,         0,    19.1,chromobius,6f77c01d3566fdda057a6d912b146497daee120681c8ad6491de97a1abee0689,"{""d"":9,""p"":0.0002592943797404667,""r"":36}",
    933888,        47,         0,    74.0,chromobius,6f77c01d3566fdda057a6d912b146497daee120681c8ad6491de97a1abee0689,"{""d"":9,""p"":0.0002592943797404667,""r"":36}",
     70778,         1,         0,    6.55,chromobius,6f77c01d3566fdda057a6d912b146497daee120681c8ad6491de97a1abee0689,"{""d"":9,""p"":0.0002592943797404667,""r"":36}",
    345088,        29,         0,    32.2,chromobius,297ad90311a50edaafc9e53091493d83d39529a397635efae573ed24171b08df,"{""d"":9,""p"":0.0003039195382313198,""r"":36}",
    384000,        22,         0,    32.1,chromobius,6f77c01d3566fdda057a6d912b146497daee120681c8ad6491de97a1abee0689,"{""d"":9,""p"":0.0002592943797404667,""r"":36}",
    289792,        29,         0,    32.2,chromobius,690e119eba56e552d53001d8ea7e9aae8b307814f6e3400efe8aaf3a0b57601d,"{""d"":9,""p"":0.0003562247890262444,""r"":36}",
    477184,        42,         0,    45.0,chromobius,297ad90311a50edaafc9e53091493d83d39529a397635efae573ed24171b08df,"{""d"":9,""p"":0.0003039195382313198,""r"":36}",
    407552,        59,         0,    45.0,chromobius,690e119eba56e552d53001d8ea7e9aae8b307814f6e3400efe8aaf3a0b57601d,"{""d"":9,""p"":0.0003562247890262444,""r"":36}",
    502333,        21,         0,    40.0,chromobius,6f77c01d3566fdda057a6d912b146497daee120681c8ad6491de97a1abee0689,"{""d"":9,""p"":0.0002592943797404667,""r"":36}",
    280750,         9,         0,    23.2,chromobius,6f77c01d3566fdda057a6d912b146497daee120681c8ad6491de97a1abee0689,"{""d"":9,""p"":0.0002592943797404667,""r"":36}",
    215040,        11,         0,    16.6,chromobius,6f77c01d3566fdda057a6d912b146497daee120681c8ad6491de97a1abee0689,"{""d"":9,""p"":0.0002592943797404667,""r"":36}",
    210563,        14,         0,    17.8,chromobius,6f77c01d3566fdda057a6d912b146497daee120681c8ad6491de97a1abee0689,"{""d"":9,""p"":0.0002592943797404667,""r"":36}",
    113664,         9,         0,    8.75,chromobius,6f77c01d3566fdda057a6d912b146497daee120681c8ad6491de97a1abee0689,"{""d"":9,""p"":0.0002592943797404667,""r"":36}",
     70186,         2,         0,    5.54,chromobius,6f77c01d3566fdda057a6d912b146497daee120681c8ad6491de97a1abee0689,"{""d"":9,""p"":0.0002592943797404667,""r"":36}",
     71680,         6,         0,    5.60,chromobius,6f77c01d3566fdda057a6d912b146497daee120681c8ad6491de97a1abee0689,"{""d"":9,""p"":0.0002592943797404667,""r"":36}",
     17547,         0,         0,    1.38,chromobius,6f77c01d3566fdda057a6d912b146497daee120681c8ad6491de97a1abee0689,"{""d"":9,""p"":0.0002592943797404667,""r"":36}",
     35893,         1,         0,    2.87,chromobius,6f77c01d3566fdda057a6d912b146497daee120681c8ad6491de97a1abee0689,"{""d"":9,""p"":0.0002592943797404667,""r"":36}",
     34816,         3,         0,    2.96,chromobius,6f77c01d3566fdda057a6d912b146497daee120681c8ad6491de97a1abee0689,"{""d"":9,""p"":0.0002592943797404667,""r"":36}",
     26919,         2,         0,    2.22,chromobius,6f77c01d3566fdda057a6d912b146497daee120681c8ad6491de97a1abee0689,"{""d"":9,""p"":0.0002592943797404667,""r"":36}",
      8971,         1,         0,   0.703,chromobius,6f77c01d3566fdda057a6d912b146497daee120681c8ad6491de97a1abee0689,"{""d"":9,""p"":0.0002592943797404667,""r"":36}",
      9243,         0,         0,   0.780,chromobius,6f77c01d3566fdda057a6d912b146497daee120681c8ad6491de97a1abee0689,"{""d"":9,""p"":0.0002592943797404667,""r"":36}",
     11264,         0,         0,   0.968,chromobius,6f77c01d3566fdda057a6d912b146497daee120681c8ad6491de97a1abee0689,"{""d"":9,""p"":0.0002592943797404667,""r"":36}",
       222,         1,         0,   0.024,chromobius,6f77c01d3566fdda057a6d912b146497daee120681c8ad6491de97a1abee0689,"{""d"":9,""p"":0.0002592943797404667,""r"":36}",
      4061,         0,         0,   0.368,chromobius,6f77c01d3566fdda057a6d912b146497daee120681c8ad6491de97a1abee0689,"{""d"":9,""p"":0.0002592943797404667,""r"":36}",
      4061,         1,         0,   0.380,chromobius,6f77c01d3566fdda057a6d912b146497daee120681c8ad6491de97a1abee0689,"{""d"":9,""p"":0.0002592943797404667,""r"":36}",
      3072,         0,         0,   0.305,chromobius,6f77c01d3566fdda057a6d912b146497daee120681c8ad6491de97a1abee0689,"{""d"":9,""p"":0.0002592943797404667,""r"":36}",
      3045,         0,         0,   0.284,chromobius,6f77c01d3566fdda057a6d912b146497daee120681c8ad6491de97a1abee0689,"{""d"":9,""p"":0.0002592943797404667,""r"":36}",
      1013,         0,         0,   0.080,chromobius,6f77c01d3566fdda057a6d912b146497daee120681c8ad6491de97a1abee0689,"{""d"":9,""p"":0.0002592943797404667,""r"":36}",
       989,         0,         0,   0.078,chromobius,6f77c01d3566fdda057a6d912b146497daee120681c8ad6491de97a1abee0689,"{""d"":9,""p"":0.0002592943797404667,""r"":36}",
       273,         0,         0,   0.025,chromobius,297ad90311a50edaafc9e53091493d83d39529a397635efae573ed24171b08df,"{""d"":9,""p"":0.0003039195382313198,""r"":36}",
       273,         0,         0,   0.048,chromobius,690e119eba56e552d53001d8ea7e9aae8b307814f6e3400efe8aaf3a0b57601d,"{""d"":9,""p"":0.0003562247890262444,""r"":36}",
       273,         0,         0,   0.035,chromobius,690e119eba56e552d53001d8ea7e9aae8b307814f6e3400efe8aaf3a0b57601d,"{""d"":9,""p"":0.0003562247890262444,""r"":36}",
       273,         0,         0,   0.032,chromobius,297ad90311a50edaafc9e53091493d83d39529a397635efae573ed24171b08df,"{""d"":9,""p"":0.0003039195382313198,""r"":36}",
      1024,         0,         0,   0.133,chromobius,297ad90311a50edaafc9e53091493d83d39529a397635efae573ed24171b08df,"{""d"":9,""p"":0.0003039195382313198,""r"":36}",
      1024,         0,         0,   0.120,chromobius,297ad90311a50edaafc9e53091493d83d39529a397635efae573ed24171b08df,"{""d"":9,""p"":0.0003039195382313198,""r"":36}",
      1024,         0,         0,   0.132,chromobius,690e119eba56e552d53001d8ea7e9aae8b307814f6e3400efe8aaf3a0b57601d,"{""d"":9,""p"":0.0003562247890262444,""r"":36}",
      1024,         0,         0,   0.148,chromobius,690e119eba56e552d53001d8ea7e9aae8b307814f6e3400efe8aaf3a0b57601d,"{""d"":9,""p"":0.0003562247890262444,""r"":36}",
      1024,         0,         0,   0.148,chromobius,297ad90311a50edaafc9e53091493d83d39529a397635efae573ed24171b08df,"{""d"":9,""p"":0.0003039195382313198,""r"":36}",
      1024,         0,         0,   0.133,chromobius,297ad90311a50edaafc9e53091493d83d39529a397635efae573ed24171b08df,"{""d"":9,""p"":0.0003039195382313198,""r"":36}",
      1024,         0,         0,   0.160,chromobius,690e119eba56e552d53001d8ea7e9aae8b307814f6e3400efe8aaf3a0b57601d,"{""d"":9,""p"":0.0003562247890262444,""r"":36}",
      1024,         0,         0,   0.174,chromobius,690e119eba56e552d53001d8ea7e9aae8b307814f6e3400efe8aaf3a0b57601d,"{""d"":9,""p"":0.0003562247890262444,""r"":36}",
      1024,         0,         0,   0.094,chromobius,297ad90311a50edaafc9e53091493d83d39529a397635efae573ed24171b08df,"{""d"":9,""p"":0.0003039195382313198,""r"":36}",
      1024,         0,         0,   0.110,chromobius,297ad90311a50edaafc9e53091493d83d39529a397635efae573ed24171b08df,"{""d"":9,""p"":0.0003039195382313198,""r"":36}",
      1024,         0,         0,   0.115,chromobius,690e119eba56e552d53001d8ea7e9aae8b307814f6e3400efe8aaf3a0b57601d,"{""d"":9,""p"":0.0003562247890262444,""r"":36}",
      1024,         0,         0,   0.126,chromobius,690e119eba56e552d53001d8ea7e9aae8b307814f6e3400efe8aaf3a0b57601d,"{""d"":9,""p"":0.0003562247890262444,""r"":36}",
      1024,         0,         0,   0.094,chromobius,297ad90311a50edaafc9e53091493d83d39529a397635efae573ed24171b08df,"{""d"":9,""p"":0.0003039195382313198,""r"":36}",
      1024,         0,         0,   0.102,chromobius,297ad90311a50edaafc9e53091493d83d39529a397635efae573ed24171b08df,"{""d"":9,""p"":0.0003039195382313198,""r"":36}",
      1024,         0,         0,   0.116,chromobius,690e119eba56e552d53001d8ea7e9aae8b307814f6e3400efe8aaf3a0b57601d,"{""d"":9,""p"":0.0003562247890262444,""r"":36}",
      1024,         0,         0,   0.089,chromobius,297ad90311a50edaafc9e53091493d83d39529a397635efae573ed24171b08df,"{""d"":9,""p"":0.0003039195382313198,""r"":36}",
      1024,         0,         0,   0.102,chromobius,297ad90311a50edaafc9e53091493d83d39529a397635efae573ed24171b08df,"{""d"":9,""p"":0.0003039195382313198,""r"":36}",
      1024,         0,         0,   0.119,chromobius,690e119eba56e552d53001d8ea7e9aae8b307814f6e3400efe8aaf3a0b57601d,"{""d"":9,""p"":0.0003562247890262444,""r"":36}",
      1024,         0,         0,   0.092,chromobius,297ad90311a50edaafc9e53091493d83d39529a397635efae573ed24171b08df,"{""d"":9,""p"":0.0003039195382313198,""r"":36}",
      1024,         1,         0,   0.119,chromobius,690e119eba56e552d53001d8ea7e9aae8b307814f6e3400efe8aaf3a0b57601d,"{""d"":9,""p"":0.0003562247890262444,""r"":36}",
      1024,         0,         0,   0.100,chromobius,297ad90311a50edaafc9e53091493d83d39529a397635efae573ed24171b08df,"{""d"":9,""p"":0.0003039195382313198,""r"":36}",
      1024,         1,         0,   0.115,chromobius,690e119eba56e552d53001d8ea7e9aae8b307814f6e3400efe8aaf3a0b57601d,"{""d"":9,""p"":0.0003562247890262444,""r"":36}",
      1024,         1,         0,   0.116,chromobius,690e119eba56e552d53001d8ea7e9aae8b307814f6e3400efe8aaf3a0b57601d,"{""d"":9,""p"":0.0003562247890262444,""r"":36}",
      1024,         0,         0,   0.116,chromobius,690e119eba56e552d53001d8ea7e9aae8b307814f6e3400efe8aaf3a0b57601d,"{""d"":9,""p"":0.0003562247890262444,""r"":36}",
      2048,         0,         0,   0.188,chromobius,297ad90311a50edaafc9e53091493d83d39529a397635efae573ed24171b08df,"{""d"":9,""p"":0.0003039195382313198,""r"":36}",
      1024,         0,         0,   0.116,chromobius,690e119eba56e552d53001d8ea7e9aae8b307814f6e3400efe8aaf3a0b57601d,"{""d"":9,""p"":0.0003562247890262444,""r"":36}",
      2048,         0,         0,   0.206,chromobius,297ad90311a50edaafc9e53091493d83d39529a397635efae573ed24171b08df,"{""d"":9,""p"":0.0003039195382313198,""r"":36}",
      1024,         0,         0,   0.117,chromobius,690e119eba56e552d53001d8ea7e9aae8b307814f6e3400efe8aaf3a0b57601d,"{""d"":9,""p"":0.0003562247890262444,""r"":36}",
      2048,         0,         0,   0.189,chromobius,297ad90311a50edaafc9e53091493d83d39529a397635efae573ed24171b08df,"{""d"":9,""p"":0.0003039195382313198,""r"":36}",
      2048,         0,         0,   0.199,chromobius,297ad90311a50edaafc9e53091493d83d39529a397635efae573ed24171b08df,"{""d"":9,""p"":0.0003039195382313198,""r"":36}",
      2048,         0,         0,   0.229,chromobius,690e119eba56e552d53001d8ea7e9aae8b307814f6e3400efe8aaf3a0b57601d,"{""d"":9,""p"":0.0003562247890262444,""r"":36}",
      2048,         1,         0,   0.234,chromobius,690e119eba56e552d53001d8ea7e9aae8b307814f6e3400efe8aaf3a0b57601d,"{""d"":9,""p"":0.0003562247890262444,""r"":36}",
      3072,         0,         0,   0.272,chromobius,297ad90311a50edaafc9e53091493d83d39529a397635efae573ed24171b08df,"{""d"":9,""p"":0.0003039195382313198,""r"":36}",
      2048,         0,         0,   0.227,chromobius,690e119eba56e552d53001d8ea7e9aae8b307814f6e3400efe8aaf3a0b57601d,"{""d"":9,""p"":0.0003562247890262444,""r"":36}",
      3072,         1,         0,   0.302,chromobius,297ad90311a50edaafc9e53091493d83d39529a397635efae573ed24171b08df,"{""d"":9,""p"":0.0003039195382313198,""r"":36}",
      2048,         0,         0,   0.232,chromobius,690e119eba56e552d53001d8ea7e9aae8b307814f6e3400efe8aaf3a0b57601d,"{""d"":9,""p"":0.0003562247890262444,""r"":36}",
      4096,         1,         0,   0.358,chromobius,297ad90311a50edaafc9e53091493d83d39529a397635efae573ed24171b08df,"{""d"":9,""p"":0.0003039195382313198,""r"":36}",
      3072,         0,         0,   0.344,chromobius,690e119eba56e552d53001d8ea7e9aae8b307814f6e3400efe8aaf3a0b57601d,"{""d"":9,""p"":0.0003562247890262444,""r"":36}",
      3072,         0,         0,   0.298,chromobius,297ad90311a50edaafc9e53091493d83d39529a397635efae573ed24171b08df,"{""d"":9,""p"":0.0003039195382313198,""r"":36}",
      3072,         0,         0,   0.358,chromobius,690e119eba56e552d53001d8ea7e9aae8b307814f6e3400efe8aaf3a0b57601d,"{""d"":9,""p"":0.0003562247890262444,""r"":36}",
      5120,         0,         0,   0.477,chromobius,297ad90311a50edaafc9e53091493d83d39529a397635efae573ed24171b08df,"{""d"":9,""p"":0.0003039195382313198,""r"":36}",
      4096,         0,         0,   0.465,chromobius,690e119eba56e552d53001d8ea7e9aae8b307814f6e3400efe8aaf3a0b57601d,"{""d"":9,""p"":0.0003562247890262444,""r"":36}",
      5120,         1,         0,   0.470,chromobius,297ad90311a50edaafc9e53091493d83d39529a397635efae573ed24171b08df,"{""d"":9,""p"":0.0003039195382313198,""r"":36}",
      4096,         0,         0,   0.478,chromobius,690e119eba56e552d53001d8ea7e9aae8b307814f6e3400efe8aaf3a0b57601d,"{""d"":9,""p"":0.0003562247890262444,""r"":36}",
      6144,         0,         0,   0.567,chromobius,297ad90311a50edaafc9e53091493d83d39529a397635efae573ed24171b08df,"{""d"":9,""p"":0.0003039195382313198,""r"":36}",
      5120,         0,         0,   0.571,chromobius,690e119eba56e552d53001d8ea7e9aae8b307814f6e3400efe8aaf3a0b57601d,"{""d"":9,""p"":0.0003562247890262444,""r"":36}",
      6144,         0,         0,   0.591,chromobius,297ad90311a50edaafc9e53091493d83d39529a397635efae573ed24171b08df,"{""d"":9,""p"":0.0003039195382313198,""r"":36}",
      5120,         0,         0,   0.589,chromobius,690e119eba56e552d53001d8ea7e9aae8b307814f6e3400efe8aaf3a0b57601d,"{""d"":9,""p"":0.0003562247890262444,""r"":36}",
      8192,         0,         0,   0.802,chromobius,297ad90311a50edaafc9e53091493d83d39529a397635efae573ed24171b08df,"{""d"":9,""p"":0.0003039195382313198,""r"":36}",
      9216,         0,         0,   0.865,chromobius,297ad90311a50edaafc9e53091493d83d39529a397635efae573ed24171b08df,"{""d"":9,""p"":0.0003039195382313198,""r"":36}",
      7168,         2,         0,   0.863,chromobius,690e119eba56e552d53001d8ea7e9aae8b307814f6e3400efe8aaf3a0b57601d,"{""d"":9,""p"":0.0003562247890262444,""r"":36}",
      7168,         0,         0,   0.857,chromobius,690e119eba56e552d53001d8ea7e9aae8b307814f6e3400efe8aaf3a0b57601d,"{""d"":9,""p"":0.0003562247890262444,""r"":36}",
     12288,         1,         0,    1.13,chromobius,297ad90311a50edaafc9e53091493d83d39529a397635efae573ed24171b08df,"{""d"":9,""p"":0.0003039195382313198,""r"":36}",
     12288,         1,         0,    1.16,chromobius,297ad90311a50edaafc9e53091493d83d39529a397635efae573ed24171b08df,"{""d"":9,""p"":0.0003039195382313198,""r"":36}",
     10240,         1,         0,    1.17,chromobius,690e119eba56e552d53001d8ea7e9aae8b307814f6e3400efe8aaf3a0b57601d,"{""d"":9,""p"":0.0003562247890262444,""r"":36}",
     10240,         1,         0,    1.13,chromobius,690e119eba56e552d53001d8ea7e9aae8b307814f6e3400efe8aaf3a0b57601d,"{""d"":9,""p"":0.0003562247890262444,""r"":36}",
     16384,         2,         0,    1.56,chromobius,297ad90311a50edaafc9e53091493d83d39529a397635efae573ed24171b08df,"{""d"":9,""p"":0.0003039195382313198,""r"":36}",
     17408,         1,         0,    1.58,chromobius,297ad90311a50edaafc9e53091493d83d39529a397635efae573ed24171b08df,"{""d"":9,""p"":0.0003039195382313198,""r"":36}",
     14336,         2,         0,    1.64,chromobius,690e119eba56e552d53001d8ea7e9aae8b307814f6e3400efe8aaf3a0b57601d,"{""d"":9,""p"":0.0003562247890262444,""r"":36}",
     14336,         0,         0,    1.62,chromobius,690e119eba56e552d53001d8ea7e9aae8b307814f6e3400efe8aaf3a0b57601d,"{""d"":9,""p"":0.0003562247890262444,""r"":36}",
     22528,         0,         0,    2.19,chromobius,297ad90311a50edaafc9e53091493d83d39529a397635efae573ed24171b08df,"{""d"":9,""p"":0.0003039195382313198,""r"":36}",
     24576,         3,         0,    2.24,chromobius,297ad90311a50edaafc9e53091493d83d39529a397635efae573ed24171b08df,"{""d"":9,""p"":0.0003039195382313198,""r"":36}",
     19456,         3,         0,    2.20,chromobius,690e119eba56e552d53001d8ea7e9aae8b307814f6e3400efe8aaf3a0b57601d,"{""d"":9,""p"":0.0003562247890262444,""r"":36}",
     19456,         4,         0,    2.23,chromobius,690e119eba56e552d53001d8ea7e9aae8b307814f6e3400efe8aaf3a0b57601d,"{""d"":9,""p"":0.0003562247890262444,""r"":36}",
     31744,         0,         0,    3.12,chromobius,297ad90311a50edaafc9e53091493d83d39529a397635efae573ed24171b08df,"{""d"":9,""p"":0.0003039195382313198,""r"":36}",
     33792,         6,         0,    3.11,chromobius,297ad90311a50edaafc9e53091493d83d39529a397635efae573ed24171b08df,"{""d"":9,""p"":0.0003039195382313198,""r"":36}",
     27648,         4,         0,    3.13,chromobius,690e119eba56e552d53001d8ea7e9aae8b307814f6e3400efe8aaf3a0b57601d,"{""d"":9,""p"":0.0003562247890262444,""r"":36}",
     26624,         3,         0,    3.09,chromobius,690e119eba56e552d53001d8ea7e9aae8b307814f6e3400efe8aaf3a0b57601d,"{""d"":9,""p"":0.0003562247890262444,""r"":36}",
     45056,         2,         0,    4.34,chromobius,297ad90311a50edaafc9e53091493d83d39529a397635efae573ed24171b08df,"{""d"":9,""p"":0.0003039195382313198,""r"":36}",
     48128,         6,         0,    4.34,chromobius,297ad90311a50edaafc9e53091493d83d39529a397635efae573ed24171b08df,"{""d"":9,""p"":0.0003039195382313198,""r"":36}",
     37888,         7,         0,    4.30,chromobius,690e119eba56e552d53001d8ea7e9aae8b307814f6e3400efe8aaf3a0b57601d,"{""d"":9,""p"":0.0003562247890262444,""r"":36}",
     38912,         9,         0,    4.35,chromobius,690e119eba56e552d53001d8ea7e9aae8b307814f6e3400efe8aaf3a0b57601d,"{""d"":9,""p"":0.0003562247890262444,""r"":36}",
     63488,         6,         0,    5.98,chromobius,297ad90311a50edaafc9e53091493d83d39529a397635efae573ed24171b08df,"{""d"":9,""p"":0.0003039195382313198,""r"":36}",
     65536,         5,         0,    5.98,chromobius,297ad90311a50edaafc9e53091493d83d39529a397635efae573ed24171b08df,"{""d"":9,""p"":0.0003039195382313198,""r"":36}",
     53248,        13,         0,    5.99,chromobius,690e119eba56e552d53001d8ea7e9aae8b307814f6e3400efe8aaf3a0b57601d,"{""d"":9,""p"":0.0003562247890262444,""r"":36}",
     53248,         9,         0,    5.99,chromobius,690e119eba56e552d53001d8ea7e9aae8b307814f6e3400efe8aaf3a0b57601d,"{""d"":9,""p"":0.0003562247890262444,""r"":36}",
    483328,        38,         0,    44.9,chromobius,297ad90311a50edaafc9e53091493d83d39529a397635efae573ed24171b08df,"{""d"":9,""p"":0.0003039195382313198,""r"":36}",
    407552,        66,         0,    45.0,chromobius,690e119eba56e552d53001d8ea7e9aae8b307814f6e3400efe8aaf3a0b57601d,"{""d"":9,""p"":0.0003562247890262444,""r"":36}",
     89088,         7,         0,    8.37,chromobius,297ad90311a50edaafc9e53091493d83d39529a397635efae573ed24171b08df,"{""d"":9,""p"":0.0003039195382313198,""r"":36}",
     92160,         7,         0,    8.42,chromobius,297ad90311a50edaafc9e53091493d83d39529a397635efae573ed24171b08df,"{""d"":9,""p"":0.0003039195382313198,""r"":36}",
     74752,        16,         0,    8.41,chromobius,690e119eba56e552d53001d8ea7e9aae8b307814f6e3400efe8aaf3a0b57601d,"{""d"":9,""p"":0.0003562247890262444,""r"":36}",
     74752,         9,         0,    8.42,chromobius,690e119eba56e552d53001d8ea7e9aae8b307814f6e3400efe8aaf3a0b57601d,"{""d"":9,""p"":0.0003562247890262444,""r"":36}",
   1285120,        96,         0,   119.9,chromobius,297ad90311a50edaafc9e53091493d83d39529a397635efae573ed24171b08df,"{""d"":9,""p"":0.0003039195382313198,""r"":36}",
   1210368,       111,         0,   119.9,chromobius,297ad90311a50edaafc9e53091493d83d39529a397635efae573ed24171b08df,"{""d"":9,""p"":0.0003039195382313198,""r"":36}",
   1115136,       141,         0,   119.9,chromobius,690e119eba56e552d53001d8ea7e9aae8b307814f6e3400efe8aaf3a0b57601d,"{""d"":9,""p"":0.0003562247890262444,""r"":36}",
    124928,        13,         0,    11.8,chromobius,297ad90311a50edaafc9e53091493d83d39529a397635efae573ed24171b08df,"{""d"":9,""p"":0.0003039195382313198,""r"":36}",
    126976,        13,         0,    11.8,chromobius,297ad90311a50edaafc9e53091493d83d39529a397635efae573ed24171b08df,"{""d"":9,""p"":0.0003039195382313198,""r"":36}",
    103424,        13,         0,    11.7,chromobius,690e119eba56e552d53001d8ea7e9aae8b307814f6e3400efe8aaf3a0b57601d,"{""d"":9,""p"":0.0003562247890262444,""r"":36}",
    102400,        10,         0,    11.8,chromobius,690e119eba56e552d53001d8ea7e9aae8b307814f6e3400efe8aaf3a0b57601d,"{""d"":9,""p"":0.0003562247890262444,""r"":36}",
    679936,        61,         0,    63.0,chromobius,297ad90311a50edaafc9e53091493d83d39529a397635efae573ed24171b08df,"{""d"":9,""p"":0.0003039195382313198,""r"":36}",
    577536,        78,         0,    62.9,chromobius,690e119eba56e552d53001d8ea7e9aae8b307814f6e3400efe8aaf3a0b57601d,"{""d"":9,""p"":0.0003562247890262444,""r"":36}",
    174080,        16,         0,    16.4,chromobius,297ad90311a50edaafc9e53091493d83d39529a397635efae573ed24171b08df,"{""d"":9,""p"":0.0003039195382313198,""r"":36}",
    178176,        17,         0,    16.4,chromobius,297ad90311a50edaafc9e53091493d83d39529a397635efae573ed24171b08df,"{""d"":9,""p"":0.0003039195382313198,""r"":36}",
    144384,        26,         0,    16.4,chromobius,690e119eba56e552d53001d8ea7e9aae8b307814f6e3400efe8aaf3a0b57601d,"{""d"":9,""p"":0.0003562247890262444,""r"":36}",
    145408,        24,         0,    16.4,chromobius,690e119eba56e552d53001d8ea7e9aae8b307814f6e3400efe8aaf3a0b57601d,"{""d"":9,""p"":0.0003562247890262444,""r"":36}",
    172032,        24,         0,    18.6,chromobius,690e119eba56e552d53001d8ea7e9aae8b307814f6e3400efe8aaf3a0b57601d,"{""d"":9,""p"":0.0003562247890262444,""r"":36}",
    105472,        15,         0,    11.7,chromobius,690e119eba56e552d53001d8ea7e9aae8b307814f6e3400efe8aaf3a0b57601d,"{""d"":9,""p"":0.0003562247890262444,""r"":36}",
   1043456,       155,         0,   114.3,chromobius,690e119eba56e552d53001d8ea7e9aae8b307814f6e3400efe8aaf3a0b57601d,"{""d"":9,""p"":0.0003562247890262444,""r"":36}",
      1024,         0,         0,   0.125,chromobius,690e119eba56e552d53001d8ea7e9aae8b307814f6e3400efe8aaf3a0b57601d,"{""d"":9,""p"":0.0003562247890262444,""r"":36}",
    319488,        50,         0,    35.9,chromobius,690e119eba56e552d53001d8ea7e9aae8b307814f6e3400efe8aaf3a0b57601d,"{""d"":9,""p"":0.0003562247890262444,""r"":36}",
      1024,         0,         0,   0.122,chromobius,690e119eba56e552d53001d8ea7e9aae8b307814f6e3400efe8aaf3a0b57601d,"{""d"":9,""p"":0.0003562247890262444,""r"":36}",
       273,         0,         0,   0.025,chromobius,297ad90311a50edaafc9e53091493d83d39529a397635efae573ed24171b08df,"{""d"":9,""p"":0.0003039195382313198,""r"":36}",
       273,         0,         0,   0.028,chromobius,297ad90311a50edaafc9e53091493d83d39529a397635efae573ed24171b08df,"{""d"":9,""p"":0.0003039195382313198,""r"":36}",
       273,         0,         0,   0.028,chromobius,297ad90311a50edaafc9e53091493d83d39529a397635efae573ed24171b08df,"{""d"":9,""p"":0.0003039195382313198,""r"":36}",
       273,         0,         0,   0.029,chromobius,297ad90311a50edaafc9e53091493d83d39529a397635efae573ed24171b08df,"{""d"":9,""p"":0.0003039195382313198,""r"":36}",
       273,         0,         0,   0.027,chromobius,297ad90311a50edaafc9e53091493d83d39529a397635efae573ed24171b08df,"{""d"":9,""p"":0.0003039195382313198,""r"":36}",
       273,         0,         0,   0.031,chromobius,297ad90311a50edaafc9e53091493d83d39529a397635efae573ed24171b08df,"{""d"":9,""p"":0.0003039195382313198,""r"":36}",
      1024,         1,         0,   0.092,chromobius,297ad90311a50edaafc9e53091493d83d39529a397635efae573ed24171b08df,"{""d"":9,""p"":0.0003039195382313198,""r"":36}",
      1024,         0,         0,   0.093,chromobius,297ad90311a50edaafc9e53091493d83d39529a397635efae573ed24171b08df,"{""d"":9,""p"":0.0003039195382313198,""r"":36}",
      1024,         0,         0,   0.094,chromobius,297ad90311a50edaafc9e53091493d83d39529a397635efae573ed24171b08df,"{""d"":9,""p"":0.0003039195382313198,""r"":36}",
      1024,         0,         0,   0.097,chromobius,297ad90311a50edaafc9e53091493d83d39529a397635efae573ed24171b08df,"{""d"":9,""p"":0.0003039195382313198,""r"":36}",
      1024,         0,         0,   0.097,chromobius,297ad90311a50edaafc9e53091493d83d39529a397635efae573ed24171b08df,"{""d"":9,""p"":0.0003039195382313198,""r"":36}",
      1024,         0,         0,   0.096,chromobius,297ad90311a50edaafc9e53091493d83d39529a397635efae573ed24171b08df,"{""d"":9,""p"":0.0003039195382313198,""r"":36}",
      1024,         0,         0,   0.094,chromobius,297ad90311a50edaafc9e53091493d83d39529a397635efae573ed24171b08df,"{""d"":9,""p"":0.0003039195382313198,""r"":36}",
      1024,         0,         0,   0.090,chromobius,297ad90311a50edaafc9e53091493d83d39529a397635efae573ed24171b08df,"{""d"":9,""p"":0.0003039195382313198,""r"":36}",
      1024,         0,         0,   0.097,chromobius,297ad90311a50edaafc9e53091493d83d39529a397635efae573ed24171b08df,"{""d"":9,""p"":0.0003039195382313198,""r"":36}",
      1024,         0,         0,   0.094,chromobius,297ad90311a50edaafc9e53091493d83d39529a397635efae573ed24171b08df,"{""d"":9,""p"":0.0003039195382313198,""r"":36}",
      1024,         0,         0,   0.093,chromobius,297ad90311a50edaafc9e53091493d83d39529a397635efae573ed24171b08df,"{""d"":9,""p"":0.0003039195382313198,""r"":36}",
      1024,         0,         0,   0.098,chromobius,297ad90311a50edaafc9e53091493d83d39529a397635efae573ed24171b08df,"{""d"":9,""p"":0.0003039195382313198,""r"":36}",
      1024,         0,         0,   0.098,chromobius,297ad90311a50edaafc9e53091493d83d39529a397635efae573ed24171b08df,"{""d"":9,""p"":0.0003039195382313198,""r"":36}",
      1024,         0,         0,   0.099,chromobius,297ad90311a50edaafc9e53091493d83d39529a397635efae573ed24171b08df,"{""d"":9,""p"":0.0003039195382313198,""r"":36}",
      1024,         0,         0,   0.103,chromobius,297ad90311a50edaafc9e53091493d83d39529a397635efae573ed24171b08df,"{""d"":9,""p"":0.0003039195382313198,""r"":36}",
      1024,         0,         0,   0.094,chromobius,297ad90311a50edaafc9e53091493d83d39529a397635efae573ed24171b08df,"{""d"":9,""p"":0.0003039195382313198,""r"":36}",
      1024,         0,         0,   0.091,chromobius,297ad90311a50edaafc9e53091493d83d39529a397635efae573ed24171b08df,"{""d"":9,""p"":0.0003039195382313198,""r"":36}",
      1024,         0,         0,   0.095,chromobius,297ad90311a50edaafc9e53091493d83d39529a397635efae573ed24171b08df,"{""d"":9,""p"":0.0003039195382313198,""r"":36}",
      1024,         0,         0,   0.099,chromobius,297ad90311a50edaafc9e53091493d83d39529a397635efae573ed24171b08df,"{""d"":9,""p"":0.0003039195382313198,""r"":36}",
      1024,         0,         0,   0.096,chromobius,297ad90311a50edaafc9e53091493d83d39529a397635efae573ed24171b08df,"{""d"":9,""p"":0.0003039195382313198,""r"":36}",
      1024,         0,         0,   0.105,chromobius,297ad90311a50edaafc9e53091493d83d39529a397635efae573ed24171b08df,"{""d"":9,""p"":0.0003039195382313198,""r"":36}",
      1024,         1,         0,   0.094,chromobius,297ad90311a50edaafc9e53091493d83d39529a397635efae573ed24171b08df,"{""d"":9,""p"":0.0003039195382313198,""r"":36}",
      1024,         0,         0,   0.099,chromobius,297ad90311a50edaafc9e53091493d83d39529a397635efae573ed24171b08df,"{""d"":9,""p"":0.0003039195382313198,""r"":36}",
      1024,         0,         0,   0.098,chromobius,297ad90311a50edaafc9e53091493d83d39529a397635efae573ed24171b08df,"{""d"":9,""p"":0.0003039195382313198,""r"":36}",
      1024,         0,         0,   0.096,chromobius,297ad90311a50edaafc9e53091493d83d39529a397635efae573ed24171b08df,"{""d"":9,""p"":0.0003039195382313198,""r"":36}",
      1024,         1,         0,   0.092,chromobius,297ad90311a50edaafc9e53091493d83d39529a397635efae573ed24171b08df,"{""d"":9,""p"":0.0003039195382313198,""r"":36}",
      1024,         0,         0,   0.095,chromobius,297ad90311a50edaafc9e53091493d83d39529a397635efae573ed24171b08df,"{""d"":9,""p"":0.0003039195382313198,""r"":36}",
      1024,         0,         0,   0.100,chromobius,297ad90311a50edaafc9e53091493d83d39529a397635efae573ed24171b08df,"{""d"":9,""p"":0.0003039195382313198,""r"":36}",
      1024,         0,         0,   0.091,chromobius,297ad90311a50edaafc9e53091493d83d39529a397635efae573ed24171b08df,"{""d"":9,""p"":0.0003039195382313198,""r"":36}",
      1024,         0,         0,   0.091,chromobius,297ad90311a50edaafc9e53091493d83d39529a397635efae573ed24171b08df,"{""d"":9,""p"":0.0003039195382313198,""r"":36}",
      1024,         0,         0,   0.094,chromobius,297ad90311a50edaafc9e53091493d83d39529a397635efae573ed24171b08df,"{""d"":9,""p"":0.0003039195382313198,""r"":36}",
      1024,         0,         0,   0.104,chromobius,297ad90311a50edaafc9e53091493d83d39529a397635efae573ed24171b08df,"{""d"":9,""p"":0.0003039195382313198,""r"":36}",
      1024,         0,         0,   0.096,chromobius,297ad90311a50edaafc9e53091493d83d39529a397635efae573ed24171b08df,"{""d"":9,""p"":0.0003039195382313198,""r"":36}",
      1024,         0,         0,   0.099,chromobius,297ad90311a50edaafc9e53091493d83d39529a397635efae573ed24171b08df,"{""d"":9,""p"":0.0003039195382313198,""r"":36}",
      1024,         0,         0,   0.092,chromobius,297ad90311a50edaafc9e53091493d83d39529a397635efae573ed24171b08df,"{""d"":9,""p"":0.0003039195382313198,""r"":36}",
      1024,         2,         0,   0.097,chromobius,297ad90311a50edaafc9e53091493d83d39529a397635efae573ed24171b08df,"{""d"":9,""p"":0.0003039195382313198,""r"":36}",
      2048,         0,         0,   0.201,chromobius,297ad90311a50edaafc9e53091493d83d39529a397635efae573ed24171b08df,"{""d"":9,""p"":0.0003039195382313198,""r"":36}",
      1024,         1,         0,   0.108,chromobius,297ad90311a50edaafc9e53091493d83d39529a397635efae573ed24171b08df,"{""d"":9,""p"":0.0003039195382313198,""r"":36}",
      2048,         0,         0,   0.185,chromobius,297ad90311a50edaafc9e53091493d83d39529a397635efae573ed24171b08df,"{""d"":9,""p"":0.0003039195382313198,""r"":36}",
      2048,         0,         0,   0.196,chromobius,297ad90311a50edaafc9e53091493d83d39529a397635efae573ed24171b08df,"{""d"":9,""p"":0.0003039195382313198,""r"":36}",
      2048,         0,         0,   0.207,chromobius,297ad90311a50edaafc9e53091493d83d39529a397635efae573ed24171b08df,"{""d"":9,""p"":0.0003039195382313198,""r"":36}",
      2048,         0,         0,   0.197,chromobius,297ad90311a50edaafc9e53091493d83d39529a397635efae573ed24171b08df,"{""d"":9,""p"":0.0003039195382313198,""r"":36}",
      2048,         1,         0,   0.191,chromobius,297ad90311a50edaafc9e53091493d83d39529a397635efae573ed24171b08df,"{""d"":9,""p"":0.0003039195382313198,""r"":36}",
      2048,         1,         0,   0.181,chromobius,297ad90311a50edaafc9e53091493d83d39529a397635efae573ed24171b08df,"{""d"":9,""p"":0.0003039195382313198,""r"":36}",
      2048,         1,         0,   0.192,chromobius,297ad90311a50edaafc9e53091493d83d39529a397635efae573ed24171b08df,"{""d"":9,""p"":0.0003039195382313198,""r"":36}",
      2048,         1,         0,   0.206,chromobius,297ad90311a50edaafc9e53091493d83d39529a397635efae573ed24171b08df,"{""d"":9,""p"":0.0003039195382313198,""r"":36}",
      2048,         0,         0,   0.192,chromobius,297ad90311a50edaafc9e53091493d83d39529a397635efae573ed24171b08df,"{""d"":9,""p"":0.0003039195382313198,""r"":36}",
      2048,         0,         0,   0.190,chromobius,297ad90311a50edaafc9e53091493d83d39529a397635efae573ed24171b08df,"{""d"":9,""p"":0.0003039195382313198,""r"":36}",
      3072,         1,         0,   0.285,chromobius,297ad90311a50edaafc9e53091493d83d39529a397635efae573ed24171b08df,"{""d"":9,""p"":0.0003039195382313198,""r"":36}",
      3072,         1,         0,   0.284,chromobius,297ad90311a50edaafc9e53091493d83d39529a397635efae573ed24171b08df,"{""d"":9,""p"":0.0003039195382313198,""r"":36}",
      3072,         0,         0,   0.283,chromobius,297ad90311a50edaafc9e53091493d83d39529a397635efae573ed24171b08df,"{""d"":9,""p"":0.0003039195382313198,""r"":36}",
      3072,         1,         0,   0.274,chromobius,297ad90311a50edaafc9e53091493d83d39529a397635efae573ed24171b08df,"{""d"":9,""p"":0.0003039195382313198,""r"":36}",
      3072,         0,         0,   0.307,chromobius,297ad90311a50edaafc9e53091493d83d39529a397635efae573ed24171b08df,"{""d"":9,""p"":0.0003039195382313198,""r"":36}",
      3072,         0,         0,   0.295,chromobius,297ad90311a50edaafc9e53091493d83d39529a397635efae573ed24171b08df,"{""d"":9,""p"":0.0003039195382313198,""r"":36}",
      3072,         0,         0,   0.291,chromobius,297ad90311a50edaafc9e53091493d83d39529a397635efae573ed24171b08df,"{""d"":9,""p"":0.0003039195382313198,""r"":36}",
      4096,         0,         0,   0.378,chromobius,297ad90311a50edaafc9e53091493d83d39529a397635efae573ed24171b08df,"{""d"":9,""p"":0.0003039195382313198,""r"":36}",
      4096,         0,         0,   0.373,chromobius,297ad90311a50edaafc9e53091493d83d39529a397635efae573ed24171b08df,"{""d"":9,""p"":0.0003039195382313198,""r"":36}",
      3072,         0,         0,   0.311,chromobius,297ad90311a50edaafc9e53091493d83d39529a397635efae573ed24171b08df,"{""d"":9,""p"":0.0003039195382313198,""r"":36}",
      4096,         0,         0,   0.373,chromobius,297ad90311a50edaafc9e53091493d83d39529a397635efae573ed24171b08df,"{""d"":9,""p"":0.0003039195382313198,""r"":36}",
      4096,         2,         0,   0.381,chromobius,297ad90311a50edaafc9e53091493d83d39529a397635efae573ed24171b08df,"{""d"":9,""p"":0.0003039195382313198,""r"":36}",
      5120,         2,         0,   0.487,chromobius,297ad90311a50edaafc9e53091493d83d39529a397635efae573ed24171b08df,"{""d"":9,""p"":0.0003039195382313198,""r"":36}",
      5120,         1,         0,   0.470,chromobius,297ad90311a50edaafc9e53091493d83d39529a397635efae573ed24171b08df,"{""d"":9,""p"":0.0003039195382313198,""r"":36}",
      5120,         0,         0,   0.482,chromobius,297ad90311a50edaafc9e53091493d83d39529a397635efae573ed24171b08df,"{""d"":9,""p"":0.0003039195382313198,""r"":36}",
      5120,         1,         0,   0.507,chromobius,297ad90311a50edaafc9e53091493d83d39529a397635efae573ed24171b08df,"{""d"":9,""p"":0.0003039195382313198,""r"":36}",
      5120,         0,         0,   0.475,chromobius,297ad90311a50edaafc9e53091493d83d39529a397635efae573ed24171b08df,"{""d"":9,""p"":0.0003039195382313198,""r"":36}",
      5120,         0,         0,   0.475,chromobius,297ad90311a50edaafc9e53091493d83d39529a397635efae573ed24171b08df,"{""d"":9,""p"":0.0003039195382313198,""r"":36}",
      7168,         1,         0,   0.657,chromobius,297ad90311a50edaafc9e53091493d83d39529a397635efae573ed24171b08df,"{""d"":9,""p"":0.0003039195382313198,""r"":36}",
      6144,         0,         0,   0.578,chromobius,297ad90311a50edaafc9e53091493d83d39529a397635efae573ed24171b08df,"{""d"":9,""p"":0.0003039195382313198,""r"":36}",
      7168,         0,         0,   0.652,chromobius,297ad90311a50edaafc9e53091493d83d39529a397635efae573ed24171b08df,"{""d"":9,""p"":0.0003039195382313198,""r"":36}",
      6144,         0,         0,   0.605,chromobius,297ad90311a50edaafc9e53091493d83d39529a397635efae573ed24171b08df,"{""d"":9,""p"":0.0003039195382313198,""r"":36}",
      7168,         0,         0,   0.658,chromobius,297ad90311a50edaafc9e53091493d83d39529a397635efae573ed24171b08df,"{""d"":9,""p"":0.0003039195382313198,""r"":36}",
      7168,         0,         0,   0.660,chromobius,297ad90311a50edaafc9e53091493d83d39529a397635efae573ed24171b08df,"{""d"":9,""p"":0.0003039195382313198,""r"":36}",
      9216,         1,         0,   0.866,chromobius,297ad90311a50edaafc9e53091493d83d39529a397635efae573ed24171b08df,"{""d"":9,""p"":0.0003039195382313198,""r"":36}",
      9216,         1,         0,   0.886,chromobius,297ad90311a50edaafc9e53091493d83d39529a397635efae573ed24171b08df,"{""d"":9,""p"":0.0003039195382313198,""r"":36}",
      9216,         1,         0,   0.843,chromobius,297ad90311a50edaafc9e53091493d83d39529a397635efae573ed24171b08df,"{""d"":9,""p"":0.0003039195382313198,""r"":36}",
      9216,         2,         0,   0.872,chromobius,297ad90311a50edaafc9e53091493d83d39529a397635efae573ed24171b08df,"{""d"":9,""p"":0.0003039195382313198,""r"":36}",
      9216,         5,         0,   0.844,chromobius,297ad90311a50edaafc9e53091493d83d39529a397635efae573ed24171b08df,"{""d"":9,""p"":0.0003039195382313198,""r"":36}",
      9216,         0,         0,   0.872,chromobius,297ad90311a50edaafc9e53091493d83d39529a397635efae573ed24171b08df,"{""d"":9,""p"":0.0003039195382313198,""r"":36}",
     12288,         0,         0,    1.15,chromobius,297ad90311a50edaafc9e53091493d83d39529a397635efae573ed24171b08df,"{""d"":9,""p"":0.0003039195382313198,""r"":36}",
     12288,         0,         0,    1.16,chromobius,297ad90311a50edaafc9e53091493d83d39529a397635efae573ed24171b08df,"{""d"":9,""p"":0.0003039195382313198,""r"":36}",
     12288,         0,         0,    1.14,chromobius,297ad90311a50edaafc9e53091493d83d39529a397635efae573ed24171b08df,"{""d"":9,""p"":0.0003039195382313198,""r"":36}",
     12288,         1,         0,    1.12,chromobius,297ad90311a50edaafc9e53091493d83d39529a397635efae573ed24171b08df,"{""d"":9,""p"":0.0003039195382313198,""r"":36}",
     12288,         1,         0,    1.15,chromobius,297ad90311a50edaafc9e53091493d83d39529a397635efae573ed24171b08df,"{""d"":9,""p"":0.0003039195382313198,""r"":36}",
     12288,         1,         0,    1.15,chromobius,297ad90311a50edaafc9e53091493d83d39529a397635efae573ed24171b08df,"{""d"":9,""p"":0.0003039195382313198,""r"":36}",
     17408,         0,         0,    1.61,chromobius,297ad90311a50edaafc9e53091493d83d39529a397635efae573ed24171b08df,"{""d"":9,""p"":0.0003039195382313198,""r"":36}",
     17408,         1,         0,    1.62,chromobius,297ad90311a50edaafc9e53091493d83d39529a397635efae573ed24171b08df,"{""d"":9,""p"":0.0003039195382313198,""r"":36}",
     17408,         1,         0,    1.65,chromobius,297ad90311a50edaafc9e53091493d83d39529a397635efae573ed24171b08df,"{""d"":9,""p"":0.0003039195382313198,""r"":36}",
     17408,         1,         0,    1.63,chromobius,297ad90311a50edaafc9e53091493d83d39529a397635efae573ed24171b08df,"{""d"":9,""p"":0.0003039195382313198,""r"":36}",
     17408,         2,         0,    1.63,chromobius,297ad90311a50edaafc9e53091493d83d39529a397635efae573ed24171b08df,"{""d"":9,""p"":0.0003039195382313198,""r"":36}",
     17408,         2,         0,    1.64,chromobius,297ad90311a50edaafc9e53091493d83d39529a397635efae573ed24171b08df,"{""d"":9,""p"":0.0003039195382313198,""r"":36}",
     23552,         3,         0,    2.18,chromobius,297ad90311a50edaafc9e53091493d83d39529a397635efae573ed24171b08df,"{""d"":9,""p"":0.0003039195382313198,""r"":36}",
     24576,         1,         0,    2.23,chromobius,297ad90311a50edaafc9e53091493d83d39529a397635efae573ed24171b08df,"{""d"":9,""p"":0.0003039195382313198,""r"":36}",
     23552,         4,         0,    2.25,chromobius,297ad90311a50edaafc9e53091493d83d39529a397635efae573ed24171b08df,"{""d"":9,""p"":0.0003039195382313198,""r"":36}",
     23552,         1,         0,    2.25,chromobius,297ad90311a50edaafc9e53091493d83d39529a397635efae573ed24171b08df,"{""d"":9,""p"":0.0003039195382313198,""r"":36}",
     23552,         1,         0,    2.22,chromobius,297ad90311a50edaafc9e53091493d83d39529a397635efae573ed24171b08df,"{""d"":9,""p"":0.0003039195382313198,""r"":36}",
     23552,         3,         0,    2.19,chromobius,297ad90311a50edaafc9e53091493d83d39529a397635efae573ed24171b08df,"{""d"":9,""p"":0.0003039195382313198,""r"":36}",
     33792,         6,         0,    3.11,chromobius,297ad90311a50edaafc9e53091493d83d39529a397635efae573ed24171b08df,"{""d"":9,""p"":0.0003039195382313198,""r"":36}",
     33792,         3,         0,    3.08,chromobius,297ad90311a50edaafc9e53091493d83d39529a397635efae573ed24171b08df,"{""d"":9,""p"":0.0003039195382313198,""r"":36}",
     31744,         0,         0,    3.11,chromobius,297ad90311a50edaafc9e53091493d83d39529a397635efae573ed24171b08df,"{""d"":9,""p"":0.0003039195382313198,""r"":36}",
     32768,         3,         0,    3.13,chromobius,297ad90311a50edaafc9e53091493d83d39529a397635efae573ed24171b08df,"{""d"":9,""p"":0.0003039195382313198,""r"":36}",
     33792,         3,         0,    3.10,chromobius,297ad90311a50edaafc9e53091493d83d39529a397635efae573ed24171b08df,"{""d"":9,""p"":0.0003039195382313198,""r"":36}",
     31744,         2,         0,    3.07,chromobius,297ad90311a50edaafc9e53091493d83d39529a397635efae573ed24171b08df,"{""d"":9,""p"":0.0003039195382313198,""r"":36}",
     47104,         9,         0,    4.32,chromobius,297ad90311a50edaafc9e53091493d83d39529a397635efae573ed24171b08df,"{""d"":9,""p"":0.0003039195382313198,""r"":36}",
     47104,         3,         0,    4.32,chromobius,297ad90311a50edaafc9e53091493d83d39529a397635efae573ed24171b08df,"{""d"":9,""p"":0.0003039195382313198,""r"":36}",
     44032,         4,         0,    4.27,chromobius,297ad90311a50edaafc9e53091493d83d39529a397635efae573ed24171b08df,"{""d"":9,""p"":0.0003039195382313198,""r"":36}",
     46080,         7,         0,    4.32,chromobius,297ad90311a50edaafc9e53091493d83d39529a397635efae573ed24171b08df,"{""d"":9,""p"":0.0003039195382313198,""r"":36}",
     46080,         7,         0,    4.28,chromobius,297ad90311a50edaafc9e53091493d83d39529a397635efae573ed24171b08df,"{""d"":9,""p"":0.0003039195382313198,""r"":36}",
     46080,         5,         0,    4.35,chromobius,297ad90311a50edaafc9e53091493d83d39529a397635efae573ed24171b08df,"{""d"":9,""p"":0.0003039195382313198,""r"":36}",
     65536,         5,         0,    5.98,chromobius,297ad90311a50edaafc9e53091493d83d39529a397635efae573ed24171b08df,"{""d"":9,""p"":0.0003039195382313198,""r"":36}",
     65536,         6,         0,    6.02,chromobius,297ad90311a50edaafc9e53091493d83d39529a397635efae573ed24171b08df,"{""d"":9,""p"":0.0003039195382313198,""r"":36}",
     62464,        10,         0,    5.98,chromobius,297ad90311a50edaafc9e53091493d83d39529a397635efae573ed24171b08df,"{""d"":9,""p"":0.0003039195382313198,""r"":36}",
     63488,         5,         0,    6.01,chromobius,297ad90311a50edaafc9e53091493d83d39529a397635efae573ed24171b08df,"{""d"":9,""p"":0.0003039195382313198,""r"":36}",
     63488,         4,         0,    6.01,chromobius,297ad90311a50edaafc9e53091493d83d39529a397635efae573ed24171b08df,"{""d"":9,""p"":0.0003039195382313198,""r"":36}",
     64512,         2,         0,    6.04,chromobius,297ad90311a50edaafc9e53091493d83d39529a397635efae573ed24171b08df,"{""d"":9,""p"":0.0003039195382313198,""r"":36}",
    246784,        24,         0,    23.0,chromobius,297ad90311a50edaafc9e53091493d83d39529a397635efae573ed24171b08df,"{""d"":9,""p"":0.0003039195382313198,""r"":36}",
    246784,        18,         0,    23.0,chromobius,297ad90311a50edaafc9e53091493d83d39529a397635efae573ed24171b08df,"{""d"":9,""p"":0.0003039195382313198,""r"":36}",
    693248,        49,         0,    62.9,chromobius,297ad90311a50edaafc9e53091493d83d39529a397635efae573ed24171b08df,"{""d"":9,""p"":0.0003039195382313198,""r"":36}",
     91136,         7,         0,    8.44,chromobius,297ad90311a50edaafc9e53091493d83d39529a397635efae573ed24171b08df,"{""d"":9,""p"":0.0003039195382313198,""r"":36}",
     90112,         6,         0,    8.36,chromobius,297ad90311a50edaafc9e53091493d83d39529a397635efae573ed24171b08df,"{""d"":9,""p"":0.0003039195382313198,""r"":36}",
     92160,        14,         0,    8.43,chromobius,297ad90311a50edaafc9e53091493d83d39529a397635efae573ed24171b08df,"{""d"":9,""p"":0.0003039195382313198,""r"":36}",
     88064,         4,         0,    8.42,chromobius,297ad90311a50edaafc9e53091493d83d39529a397635efae573ed24171b08df,"{""d"":9,""p"":0.0003039195382313198,""r"":36}",
     89088,         5,         0,    8.44,chromobius,297ad90311a50edaafc9e53091493d83d39529a397635efae573ed24171b08df,"{""d"":9,""p"":0.0003039195382313198,""r"":36}",
     90112,         6,         0,    8.40,chromobius,297ad90311a50edaafc9e53091493d83d39529a397635efae573ed24171b08df,"{""d"":9,""p"":0.0003039195382313198,""r"":36}",
    120365,        11,         0,    11.1,chromobius,297ad90311a50edaafc9e53091493d83d39529a397635efae573ed24171b08df,"{""d"":9,""p"":0.0003039195382313198,""r"":36}",
    613376,        62,         0,    60.8,chromobius,297ad90311a50edaafc9e53091493d83d39529a397635efae573ed24171b08df,"{""d"":9,""p"":0.0003039195382313198,""r"":36}",
    693248,        66,         0,    64.4,chromobius,297ad90311a50edaafc9e53091493d83d39529a397635efae573ed24171b08df,"{""d"":9,""p"":0.0003039195382313198,""r"":36}",
    542156,        43,         0,    50.6,chromobius,297ad90311a50edaafc9e53091493d83d39529a397635efae573ed24171b08df,"{""d"":9,""p"":0.0003039195382313198,""r"":36}",
    124928,        16,         0,    11.8,chromobius,297ad90311a50edaafc9e53091493d83d39529a397635efae573ed24171b08df,"{""d"":9,""p"":0.0003039195382313198,""r"":36}",
    123904,        12,         0,    11.7,chromobius,297ad90311a50edaafc9e53091493d83d39529a397635efae573ed24171b08df,"{""d"":9,""p"":0.0003039195382313198,""r"":36}",
    120832,        11,         0,    11.7,chromobius,297ad90311a50edaafc9e53091493d83d39529a397635efae573ed24171b08df,"{""d"":9,""p"":0.0003039195382313198,""r"":36}",
    123904,        15,         0,    11.7,chromobius,297ad90311a50edaafc9e53091493d83d39529a397635efae573ed24171b08df,"{""d"":9,""p"":0.0003039195382313198,""r"":36}",
    119808,         9,         0,    11.7,chromobius,297ad90311a50edaafc9e53091493d83d39529a397635efae573ed24171b08df,"{""d"":9,""p"":0.0003039195382313198,""r"":36}",
    122880,        11,         0,    11.8,chromobius,297ad90311a50edaafc9e53091493d83d39529a397635efae573ed24171b08df,"{""d"":9,""p"":0.0003039195382313198,""r"":36}",
    345088,        39,         0,    32.1,chromobius,297ad90311a50edaafc9e53091493d83d39529a397635efae573ed24171b08df,"{""d"":9,""p"":0.0003039195382313198,""r"":36}",
    345088,        23,         0,    32.1,chromobius,297ad90311a50edaafc9e53091493d83d39529a397635efae573ed24171b08df,"{""d"":9,""p"":0.0003039195382313198,""r"":36}",
    176128,        15,         0,    16.4,chromobius,297ad90311a50edaafc9e53091493d83d39529a397635efae573ed24171b08df,"{""d"":9,""p"":0.0003039195382313198,""r"":36}",
    179200,        18,         0,    16.4,chromobius,297ad90311a50edaafc9e53091493d83d39529a397635efae573ed24171b08df,"{""d"":9,""p"":0.0003039195382313198,""r"":36}",
     43003,         1,         0,    3.91,chromobius,297ad90311a50edaafc9e53091493d83d39529a397635efae573ed24171b08df,"{""d"":9,""p"":0.0003039195382313198,""r"":36}",
    173056,        12,         0,    16.4,chromobius,297ad90311a50edaafc9e53091493d83d39529a397635efae573ed24171b08df,"{""d"":9,""p"":0.0003039195382313198,""r"":36}",
    171008,        16,         0,    16.4,chromobius,297ad90311a50edaafc9e53091493d83d39529a397635efae573ed24171b08df,"{""d"":9,""p"":0.0003039195382313198,""r"":36}",
     43003,         2,         0,    3.98,chromobius,297ad90311a50edaafc9e53091493d83d39529a397635efae573ed24171b08df,"{""d"":9,""p"":0.0003039195382313198,""r"":36}",
    173056,        15,         0,    16.5,chromobius,297ad90311a50edaafc9e53091493d83d39529a397635efae573ed24171b08df,"{""d"":9,""p"":0.0003039195382313198,""r"":36}",
    173056,        10,         0,    16.4,chromobius,297ad90311a50edaafc9e53091493d83d39529a397635efae573ed24171b08df,"{""d"":9,""p"":0.0003039195382313198,""r"":36}",
    236027,        18,         0,    21.9,chromobius,297ad90311a50edaafc9e53091493d83d39529a397635efae573ed24171b08df,"{""d"":9,""p"":0.0003039195382313198,""r"":36}",
    217088,        13,         0,    21.9,chromobius,297ad90311a50edaafc9e53091493d83d39529a397635efae573ed24171b08df,"{""d"":9,""p"":0.0003039195382313198,""r"":36}",
    231424,        23,         0,    22.0,chromobius,297ad90311a50edaafc9e53091493d83d39529a397635efae573ed24171b08df,"{""d"":9,""p"":0.0003039195382313198,""r"":36}",
    218112,        26,         0,    21.2,chromobius,297ad90311a50edaafc9e53091493d83d39529a397635efae573ed24171b08df,"{""d"":9,""p"":0.0003039195382313198,""r"":36}",
     35065,         2,         0,    3.48,chromobius,297ad90311a50edaafc9e53091493d83d39529a397635efae573ed24171b08df,"{""d"":9,""p"":0.0003039195382313198,""r"":36}",
     96786,        11,         0,    8.86,chromobius,297ad90311a50edaafc9e53091493d83d39529a397635efae573ed24171b08df,"{""d"":9,""p"":0.0003039195382313198,""r"":36}",
     96256,        10,         0,    8.80,chromobius,297ad90311a50edaafc9e53091493d83d39529a397635efae573ed24171b08df,"{""d"":9,""p"":0.0003039195382313198,""r"":36}",
     95232,         8,         0,    8.87,chromobius,297ad90311a50edaafc9e53091493d83d39529a397635efae573ed24171b08df,"{""d"":9,""p"":0.0003039195382313198,""r"":36}",
     94208,         8,         0,    8.92,chromobius,297ad90311a50edaafc9e53091493d83d39529a397635efae573ed24171b08df,"{""d"":9,""p"":0.0003039195382313198,""r"":36}",
     95232,         9,         0,    8.75,chromobius,297ad90311a50edaafc9e53091493d83d39529a397635efae573ed24171b08df,"{""d"":9,""p"":0.0003039195382313198,""r"":36}",
     92160,         5,         0,    8.78,chromobius,297ad90311a50edaafc9e53091493d83d39529a397635efae573ed24171b08df,"{""d"":9,""p"":0.0003039195382313198,""r"":36}",
     94208,        10,         0,    9.03,chromobius,297ad90311a50edaafc9e53091493d83d39529a397635efae573ed24171b08df,"{""d"":9,""p"":0.0003039195382313198,""r"":36}",
       530,         0,         0,   0.082,chromobius,297ad90311a50edaafc9e53091493d83d39529a397635efae573ed24171b08df,"{""d"":9,""p"":0.0003039195382313198,""r"":36}",
     96256,        10,         0,    9.06,chromobius,297ad90311a50edaafc9e53091493d83d39529a397635efae573ed24171b08df,"{""d"":9,""p"":0.0003039195382313198,""r"":36}",
       530,         0,         0,   0.075,chromobius,297ad90311a50edaafc9e53091493d83d39529a397635efae573ed24171b08df,"{""d"":9,""p"":0.0003039195382313198,""r"":36}",
     47104,         6,         0,    4.48,chromobius,297ad90311a50edaafc9e53091493d83d39529a397635efae573ed24171b08df,"{""d"":9,""p"":0.0003039195382313198,""r"":36}",
     86016,         6,         0,    8.02,chromobius,297ad90311a50edaafc9e53091493d83d39529a397635efae573ed24171b08df,"{""d"":9,""p"":0.0003039195382313198,""r"":36}",
     79872,         5,         0,    8.09,chromobius,297ad90311a50edaafc9e53091493d83d39529a397635efae573ed24171b08df,"{""d"":9,""p"":0.0003039195382313198,""r"":36}",
     86016,         6,         0,    8.09,chromobius,297ad90311a50edaafc9e53091493d83d39529a397635efae573ed24171b08df,"{""d"":9,""p"":0.0003039195382313198,""r"":36}",
      2578,         0,         0,   0.279,chromobius,297ad90311a50edaafc9e53091493d83d39529a397635efae573ed24171b08df,"{""d"":9,""p"":0.0003039195382313198,""r"":36}",
      2578,         0,         0,   0.265,chromobius,297ad90311a50edaafc9e53091493d83d39529a397635efae573ed24171b08df,"{""d"":9,""p"":0.0003039195382313198,""r"":36}",
      7989,         1,         0,   0.767,chromobius,297ad90311a50edaafc9e53091493d83d39529a397635efae573ed24171b08df,"{""d"":9,""p"":0.0003039195382313198,""r"":36}",
      7451,         1,         0,   0.763,chromobius,297ad90311a50edaafc9e53091493d83d39529a397635efae573ed24171b08df,"{""d"":9,""p"":0.0003039195382313198,""r"":36}",
      8192,         0,         0,   0.835,chromobius,297ad90311a50edaafc9e53091493d83d39529a397635efae573ed24171b08df,"{""d"":9,""p"":0.0003039195382313198,""r"":36}",
      7323,         0,         0,   0.770,chromobius,297ad90311a50edaafc9e53091493d83d39529a397635efae573ed24171b08df,"{""d"":9,""p"":0.0003039195382313198,""r"":36}",
      8192,         0,         0,   0.820,chromobius,297ad90311a50edaafc9e53091493d83d39529a397635efae573ed24171b08df,"{""d"":9,""p"":0.0003039195382313198,""r"":36}",
        12,         0,         0,   0.002,chromobius,297ad90311a50edaafc9e53091493d83d39529a397635efae573ed24171b08df,"{""d"":9,""p"":0.0003039195382313198,""r"":36}",
        12,         0,         0,   0.002,chromobius,297ad90311a50edaafc9e53091493d83d39529a397635efae573ed24171b08df,"{""d"":9,""p"":0.0003039195382313198,""r"":36}",
       666,         0,         0,   0.064,chromobius,297ad90311a50edaafc9e53091493d83d39529a397635efae573ed24171b08df,"{""d"":9,""p"":0.0003039195382313198,""r"":36}",
       881,         0,         0,   0.086,chromobius,297ad90311a50edaafc9e53091493d83d39529a397635efae573ed24171b08df,"{""d"":9,""p"":0.0003039195382313198,""r"":36}",
      7168,         0,         0,   0.665,chromobius,297ad90311a50edaafc9e53091493d83d39529a397635efae573ed24171b08df,"{""d"":9,""p"":0.0003039195382313198,""r"":36}",
      6144,         0,         0,   0.582,chromobius,297ad90311a50edaafc9e53091493d83d39529a397635efae573ed24171b08df,"{""d"":9,""p"":0.0003039195382313198,""r"":36}",
       666,         0,         0,   0.080,chromobius,297ad90311a50edaafc9e53091493d83d39529a397635efae573ed24171b08df,"{""d"":9,""p"":0.0003039195382313198,""r"":36}",
      6144,         1,         0,   0.584,chromobius,297ad90311a50edaafc9e53091493d83d39529a397635efae573ed24171b08df,"{""d"":9,""p"":0.0003039195382313198,""r"":36}",
      7168,         0,         0,   0.702,chromobius,297ad90311a50edaafc9e53091493d83d39529a397635efae573ed24171b08df,"{""d"":9,""p"":0.0003039195382313198,""r"":36}",
       666,         0,         0,   0.065,chromobius,297ad90311a50edaafc9e53091493d83d39529a397635efae573ed24171b08df,"{""d"":9,""p"":0.0003039195382313198,""r"":36}",
       666,         0,         0,   0.063,chromobius,297ad90311a50edaafc9e53091493d83d39529a397635efae573ed24171b08df,"{""d"":9,""p"":0.0003039195382313198,""r"":36}",
      6702,         1,         0,   0.696,chromobius,297ad90311a50edaafc9e53091493d83d39529a397635efae573ed24171b08df,"{""d"":9,""p"":0.0003039195382313198,""r"":36}",
      7168,         0,         0,   0.732,chromobius,297ad90311a50edaafc9e53091493d83d39529a397635efae573ed24171b08df,"{""d"":9,""p"":0.0003039195382313198,""r"":36}",
       881,         1,         0,   0.093,chromobius,297ad90311a50edaafc9e53091493d83d39529a397635efae573ed24171b08df,"{""d"":9,""p"":0.0003039195382313198,""r"":36}",
       155,         0,         0,   0.018,chromobius,297ad90311a50edaafc9e53091493d83d39529a397635efae573ed24171b08df,"{""d"":9,""p"":0.0003039195382313198,""r"":36}",
      7168,         0,         0,   0.685,chromobius,297ad90311a50edaafc9e53091493d83d39529a397635efae573ed24171b08df,"{""d"":9,""p"":0.0003039195382313198,""r"":36}",
      1005,         0,         0,   0.100,chromobius,297ad90311a50edaafc9e53091493d83d39529a397635efae573ed24171b08df,"{""d"":9,""p"":0.0003039195382313198,""r"":36}",
       155,         0,         0,   0.017,chromobius,297ad90311a50edaafc9e53091493d83d39529a397635efae573ed24171b08df,"{""d"":9,""p"":0.0003039195382313198,""r"":36}",
       776,         0,         0,   0.080,chromobius,297ad90311a50edaafc9e53091493d83d39529a397635efae573ed24171b08df,"{""d"":9,""p"":0.0003039195382313198,""r"":36}",
       155,         0,         0,   0.017,chromobius,297ad90311a50edaafc9e53091493d83d39529a397635efae573ed24171b08df,"{""d"":9,""p"":0.0003039195382313198,""r"":36}",
      1055,         1,         0,   0.105,chromobius,297ad90311a50edaafc9e53091493d83d39529a397635efae573ed24171b08df,"{""d"":9,""p"":0.0003039195382313198,""r"":36}",
        15,         0,         0,   0.003,chromobius,297ad90311a50edaafc9e53091493d83d39529a397635efae573ed24171b08df,"{""d"":9,""p"":0.0003039195382313198,""r"":36}",
       109,         0,         0,   0.013,chromobius,297ad90311a50edaafc9e53091493d83d39529a397635efae573ed24171b08df,"{""d"":9,""p"":0.0003039195382313198,""r"":36}",
      1055,         0,         0,   0.113,chromobius,297ad90311a50edaafc9e53091493d83d39529a397635efae573ed24171b08df,"{""d"":9,""p"":0.0003039195382313198,""r"":36}",
        11,         0,         0,   0.002,chromobius,297ad90311a50edaafc9e53091493d83d39529a397635efae573ed24171b08df,"{""d"":9,""p"":0.0003039195382313198,""r"":36}",
         9,         0,         0,   0.002,chromobius,297ad90311a50edaafc9e53091493d83d39529a397635efae573ed24171b08df,"{""d"":9,""p"":0.0003039195382313198,""r"":36}",
         5,         0,         0,   0.001,chromobius,297ad90311a50edaafc9e53091493d83d39529a397635efae573ed24171b08df,"{""d"":9,""p"":0.0003039195382313198,""r"":36}",
        99,         0,         0,   0.013,chromobius,297ad90311a50edaafc9e53091493d83d39529a397635efae573ed24171b08df,"{""d"":9,""p"":0.0003039195382313198,""r"":36}",
