     shots,    errors,  discards, seconds,decoder,strong_id,json_metadata,custom_counts
      2321,         0,         0,   0.011,chromobius,7ea6087864137e9c07715352223914b6fbc7d063d1c8d89ac9ac0fa1d5df784e,"{""d"":5,""p"":0.0001,""r"":20}",
      2321,         3,         0,   0.014,chromobius,b676ec8e9ffca4a6f94bc0797f1bd9316479dcb02a17a0d94dae5c62f26bc814,"{""d"":5,""p"":0.00013738237958832623,""r"":20}",
      2321,         2,         0,   0.011,chromobius,09d98c1a4bdbad1081f31818c9cd3fc9b26c7f8ba2e7bed07fc897c7006a4aab,"{""d"":5,""p"":0.00011721022975334806,""r"":20}",
      1297,         4,         0,   0.013,chromobius,4989f0d435a58c6414b526784c8d241f66cae7636f6636ff42c3ad3b780a8e22,"{""d"":5,""p"":0.0003039195382313198,""r"":20}",
      1297,         9,         0,   0.018,chromobius,c2e13616256761cb936bdeb6e5497f4e0501286eae45194552fc493234763abe,"{""d"":5,""p"":0.00041753189365604,""r"":20}",
      1297,         0,         0,   0.010,chromobius,af34096555215c48504140605e31b928164a43da472fb376e0d4e4c6e87d4d10,"{""d"":5,""p"":0.00018873918221350977,""r"":20}",
      2321,         2,         0,   0.013,chromobius,f345024152b4d43ce854495ddea005c83a99b19842c95af6e42fe8d74ec0a841,"{""d"":5,""p"":0.00016102620275609394,""r"":20}",
      1297,         2,         0,   0.011,chromobius,35d86cb7a8667c5fd9cafacc3b0d9f8c40389488cbb79b7ee1a5655cf0cbdba2,"{""d"":5,""p"":0.000221221629107045,""r"":20}",
      1297,         8,         0,   0.023,chromobius,2e542d79e61f58389757f0be1dc321328ed2f9c8dddf2446f79bef3e8c6dead2,"{""d"":5,""p"":0.0005736152510448681,""r"":20}",
      5120,         1,         0,   0.015,chromobius,7ea6087864137e9c07715352223914b6fbc7d063d1c8d89ac9ac0fa1d5df784e,"{""d"":5,""p"":0.0001,""r"":20}",
      1297,        11,         0,   0.019,chromobius,5a1593f54b5b95eebd6bf40fc816b82cd5f8fdf3554e3cbeedff9051598b1c9e,"{""d"":5,""p"":0.0004893900918477494,""r"":20}",
      4096,         1,         0,   0.015,chromobius,09d98c1a4bdbad1081f31818c9cd3fc9b26c7f8ba2e7bed07fc897c7006a4aab,"{""d"":5,""p"":0.00011721022975334806,""r"":20}",
      4096,         3,         0,   0.016,chromobius,b676ec8e9ffca4a6f94bc0797f1bd9316479dcb02a17a0d94dae5c62f26bc814,"{""d"":5,""p"":0.00013738237958832623,""r"":20}",
      1297,         5,         0,   0.021,chromobius,6e08a0f4925d72e1e6de697d4bd39ab95c368816c86b17ae383c60906e21d8d8,"{""d"":5,""p"":0.0002592943797404667,""r"":20}",
      2048,        13,         0,   0.017,chromobius,4989f0d435a58c6414b526784c8d241f66cae7636f6636ff42c3ad3b780a8e22,"{""d"":5,""p"":0.0003039195382313198,""r"":20}",
      3072,         1,         0,   0.014,chromobius,f345024152b4d43ce854495ddea005c83a99b19842c95af6e42fe8d74ec0a841,"{""d"":5,""p"":0.00016102620275609394,""r"":20}",
      1297,         1,         0,   0.022,chromobius,f50e48ff5622799a398a6477956f7993d824ff17fff44242c07ec40ebf9aea0f,"{""d"":5,""p"":0.0003562247890262444,""r"":20}",
      3072,         3,         0,   0.017,chromobius,af34096555215c48504140605e31b928164a43da472fb376e0d4e4c6e87d4d10,"{""d"":5,""p"":0.00018873918221350977,""r"":20}",
      3072,         8,         0,   0.019,chromobius,35d86cb7a8667c5fd9cafacc3b0d9f8c40389488cbb79b7ee1a5655cf0cbdba2,"{""d"":5,""p"":0.000221221629107045,""r"":20}",
      1024,        11,         0,   0.018,chromobius,2e542d79e61f58389757f0be1dc321328ed2f9c8dddf2446f79bef3e8c6dead2,"{""d"":5,""p"":0.0005736152510448681,""r"":20}",
      2048,        12,         0,   0.024,chromobius,c2e13616256761cb936bdeb6e5497f4e0501286eae45194552fc493234763abe,"{""d"":5,""p"":0.00041753189365604,""r"":20}",
      6144,         2,         0,   0.019,chromobius,7ea6087864137e9c07715352223914b6fbc7d063d1c8d89ac9ac0fa1d5df784e,"{""d"":5,""p"":0.0001,""r"":20}",
      5120,         2,         0,   0.020,chromobius,b676ec8e9ffca4a6f94bc0797f1bd9316479dcb02a17a0d94dae5c62f26bc814,"{""d"":5,""p"":0.00013738237958832623,""r"":20}",
      2048,         8,         0,   0.021,chromobius,6e08a0f4925d72e1e6de697d4bd39ab95c368816c86b17ae383c60906e21d8d8,"{""d"":5,""p"":0.0002592943797404667,""r"":20}",
      6144,         7,         0,   0.023,chromobius,09d98c1a4bdbad1081f31818c9cd3fc9b26c7f8ba2e7bed07fc897c7006a4aab,"{""d"":5,""p"":0.00011721022975334806,""r"":20}",
      2048,        22,         0,   0.026,chromobius,5a1593f54b5b95eebd6bf40fc816b82cd5f8fdf3554e3cbeedff9051598b1c9e,"{""d"":5,""p"":0.0004893900918477494,""r"":20}",
      2048,         7,         0,   0.020,chromobius,f50e48ff5622799a398a6477956f7993d824ff17fff44242c07ec40ebf9aea0f,"{""d"":5,""p"":0.0003562247890262444,""r"":20}",
      5120,         3,         0,   0.023,chromobius,f345024152b4d43ce854495ddea005c83a99b19842c95af6e42fe8d74ec0a841,"{""d"":5,""p"":0.00016102620275609394,""r"":20}",
      3072,         7,         0,   0.026,chromobius,4989f0d435a58c6414b526784c8d241f66cae7636f6636ff42c3ad3b780a8e22,"{""d"":5,""p"":0.0003039195382313198,""r"":20}",
      4096,         5,         0,   0.023,chromobius,af34096555215c48504140605e31b928164a43da472fb376e0d4e4c6e87d4d10,"{""d"":5,""p"":0.00018873918221350977,""r"":20}",
      2048,        18,         0,   0.024,chromobius,c2e13616256761cb936bdeb6e5497f4e0501286eae45194552fc493234763abe,"{""d"":5,""p"":0.00041753189365604,""r"":20}",
      2048,         8,         0,   0.029,chromobius,35d86cb7a8667c5fd9cafacc3b0d9f8c40389488cbb79b7ee1a5655cf0cbdba2,"{""d"":5,""p"":0.000221221629107045,""r"":20}",
      9216,         6,         0,   0.028,chromobius,7ea6087864137e9c07715352223914b6fbc7d063d1c8d89ac9ac0fa1d5df784e,"{""d"":5,""p"":0.0001,""r"":20}",
      2048,        21,         0,   0.031,chromobius,2e542d79e61f58389757f0be1dc321328ed2f9c8dddf2446f79bef3e8c6dead2,"{""d"":5,""p"":0.0005736152510448681,""r"":20}",
      2048,         3,         0,   0.019,chromobius,f50e48ff5622799a398a6477956f7993d824ff17fff44242c07ec40ebf9aea0f,"{""d"":5,""p"":0.0003562247890262444,""r"":20}",
      2048,         4,         0,   0.024,chromobius,6e08a0f4925d72e1e6de697d4bd39ab95c368816c86b17ae383c60906e21d8d8,"{""d"":5,""p"":0.0002592943797404667,""r"":20}",
      7168,         3,         0,   0.029,chromobius,b676ec8e9ffca4a6f94bc0797f1bd9316479dcb02a17a0d94dae5c62f26bc814,"{""d"":5,""p"":0.00013738237958832623,""r"":20}",
      2048,        18,         0,   0.027,chromobius,5a1593f54b5b95eebd6bf40fc816b82cd5f8fdf3554e3cbeedff9051598b1c9e,"{""d"":5,""p"":0.0004893900918477494,""r"":20}",
      8192,         8,         0,   0.029,chromobius,09d98c1a4bdbad1081f31818c9cd3fc9b26c7f8ba2e7bed07fc897c7006a4aab,"{""d"":5,""p"":0.00011721022975334806,""r"":20}",
      6144,         9,         0,   0.029,chromobius,f345024152b4d43ce854495ddea005c83a99b19842c95af6e42fe8d74ec0a841,"{""d"":5,""p"":0.00016102620275609394,""r"":20}",
      4096,        16,         0,   0.032,chromobius,4989f0d435a58c6414b526784c8d241f66cae7636f6636ff42c3ad3b780a8e22,"{""d"":5,""p"":0.0003039195382313198,""r"":20}",
      6144,         4,         0,   0.032,chromobius,af34096555215c48504140605e31b928164a43da472fb376e0d4e4c6e87d4d10,"{""d"":5,""p"":0.00018873918221350977,""r"":20}",
      4096,         6,         0,   0.028,chromobius,35d86cb7a8667c5fd9cafacc3b0d9f8c40389488cbb79b7ee1a5655cf0cbdba2,"{""d"":5,""p"":0.000221221629107045,""r"":20}",
      3072,        15,         0,   0.033,chromobius,c2e13616256761cb936bdeb6e5497f4e0501286eae45194552fc493234763abe,"{""d"":5,""p"":0.00041753189365604,""r"":20}",
      3072,         6,         0,   0.029,chromobius,f50e48ff5622799a398a6477956f7993d824ff17fff44242c07ec40ebf9aea0f,"{""d"":5,""p"":0.0003562247890262444,""r"":20}",
      2048,        25,         0,   0.031,chromobius,2e542d79e61f58389757f0be1dc321328ed2f9c8dddf2446f79bef3e8c6dead2,"{""d"":5,""p"":0.0005736152510448681,""r"":20}",
      4096,         7,         0,   0.035,chromobius,6e08a0f4925d72e1e6de697d4bd39ab95c368816c86b17ae383c60906e21d8d8,"{""d"":5,""p"":0.0002592943797404667,""r"":20}",
     13312,         5,         0,   0.039,chromobius,7ea6087864137e9c07715352223914b6fbc7d063d1c8d89ac9ac0fa1d5df784e,"{""d"":5,""p"":0.0001,""r"":20}",
      2048,        17,         0,   0.033,chromobius,5a1593f54b5b95eebd6bf40fc816b82cd5f8fdf3554e3cbeedff9051598b1c9e,"{""d"":5,""p"":0.0004893900918477494,""r"":20}",
     10240,         8,         0,   0.042,chromobius,b676ec8e9ffca4a6f94bc0797f1bd9316479dcb02a17a0d94dae5c62f26bc814,"{""d"":5,""p"":0.00013738237958832623,""r"":20}",
      9216,         7,         0,   0.039,chromobius,09d98c1a4bdbad1081f31818c9cd3fc9b26c7f8ba2e7bed07fc897c7006a4aab,"{""d"":5,""p"":0.00011721022975334806,""r"":20}",
      8192,         7,         0,   0.038,chromobius,f345024152b4d43ce854495ddea005c83a99b19842c95af6e42fe8d74ec0a841,"{""d"":5,""p"":0.00016102620275609394,""r"":20}",
      5120,        14,         0,   0.041,chromobius,4989f0d435a58c6414b526784c8d241f66cae7636f6636ff42c3ad3b780a8e22,"{""d"":5,""p"":0.0003039195382313198,""r"":20}",
      8192,        12,         0,   0.043,chromobius,af34096555215c48504140605e31b928164a43da472fb376e0d4e4c6e87d4d10,"{""d"":5,""p"":0.00018873918221350977,""r"":20}",
      4096,        10,         0,   0.041,chromobius,35d86cb7a8667c5fd9cafacc3b0d9f8c40389488cbb79b7ee1a5655cf0cbdba2,"{""d"":5,""p"":0.000221221629107045,""r"":20}",
      3072,        16,         0,   0.045,chromobius,f50e48ff5622799a398a6477956f7993d824ff17fff44242c07ec40ebf9aea0f,"{""d"":5,""p"":0.0003562247890262444,""r"":20}",
      4096,        25,         0,   0.048,chromobius,c2e13616256761cb936bdeb6e5497f4e0501286eae45194552fc493234763abe,"{""d"":5,""p"":0.00041753189365604,""r"":20}",
      3072,        31,         0,   0.046,chromobius,2e542d79e61f58389757f0be1dc321328ed2f9c8dddf2446f79bef3e8c6dead2,"{""d"":5,""p"":0.0005736152510448681,""r"":20}",
      5120,        14,         0,   0.046,chromobius,6e08a0f4925d72e1e6de697d4bd39ab95c368816c86b17ae383c60906e21d8d8,"{""d"":5,""p"":0.0002592943797404667,""r"":20}",
     16384,         4,         0,   0.054,chromobius,7ea6087864137e9c07715352223914b6fbc7d063d1c8d89ac9ac0fa1d5df784e,"{""d"":5,""p"":0.0001,""r"":20}",
      3072,        31,         0,   0.058,chromobius,5a1593f54b5b95eebd6bf40fc816b82cd5f8fdf3554e3cbeedff9051598b1c9e,"{""d"":5,""p"":0.0004893900918477494,""r"":20}",
     12288,         6,         0,   0.056,chromobius,b676ec8e9ffca4a6f94bc0797f1bd9316479dcb02a17a0d94dae5c62f26bc814,"{""d"":5,""p"":0.00013738237958832623,""r"":20}",
     14336,         9,         0,   0.056,chromobius,09d98c1a4bdbad1081f31818c9cd3fc9b26c7f8ba2e7bed07fc897c7006a4aab,"{""d"":5,""p"":0.00011721022975334806,""r"":20}",
     11264,        12,         0,   0.057,chromobius,f345024152b4d43ce854495ddea005c83a99b19842c95af6e42fe8d74ec0a841,"{""d"":5,""p"":0.00016102620275609394,""r"":20}",
      6144,        17,         0,   0.057,chromobius,4989f0d435a58c6414b526784c8d241f66cae7636f6636ff42c3ad3b780a8e22,"{""d"":5,""p"":0.0003039195382313198,""r"":20}",
     10240,        12,         0,   0.058,chromobius,af34096555215c48504140605e31b928164a43da472fb376e0d4e4c6e87d4d10,"{""d"":5,""p"":0.00018873918221350977,""r"":20}",
      7168,         9,         0,   0.059,chromobius,35d86cb7a8667c5fd9cafacc3b0d9f8c40389488cbb79b7ee1a5655cf0cbdba2,"{""d"":5,""p"":0.000221221629107045,""r"":20}",
      4096,        27,         0,   0.054,chromobius,c2e13616256761cb936bdeb6e5497f4e0501286eae45194552fc493234763abe,"{""d"":5,""p"":0.00041753189365604,""r"":20}",
      5120,        23,         0,   0.063,chromobius,f50e48ff5622799a398a6477956f7993d824ff17fff44242c07ec40ebf9aea0f,"{""d"":5,""p"":0.0003562247890262444,""r"":20}",
      5120,        11,         0,   0.055,chromobius,6e08a0f4925d72e1e6de697d4bd39ab95c368816c86b17ae383c60906e21d8d8,"{""d"":5,""p"":0.0002592943797404667,""r"":20}",
      4096,        54,         0,   0.065,chromobius,2e542d79e61f58389757f0be1dc321328ed2f9c8dddf2446f79bef3e8c6dead2,"{""d"":5,""p"":0.0005736152510448681,""r"":20}",
      3072,        36,         0,   0.061,chromobius,5a1593f54b5b95eebd6bf40fc816b82cd5f8fdf3554e3cbeedff9051598b1c9e,"{""d"":5,""p"":0.0004893900918477494,""r"":20}",
     19456,         8,         0,   0.074,chromobius,7ea6087864137e9c07715352223914b6fbc7d063d1c8d89ac9ac0fa1d5df784e,"{""d"":5,""p"":0.0001,""r"":20}",
     18432,        14,         0,   0.077,chromobius,b676ec8e9ffca4a6f94bc0797f1bd9316479dcb02a17a0d94dae5c62f26bc814,"{""d"":5,""p"":0.00013738237958832623,""r"":20}",
     15360,         7,         0,   0.076,chromobius,f345024152b4d43ce854495ddea005c83a99b19842c95af6e42fe8d74ec0a841,"{""d"":5,""p"":0.00016102620275609394,""r"":20}",
     20480,        12,         0,   0.079,chromobius,09d98c1a4bdbad1081f31818c9cd3fc9b26c7f8ba2e7bed07fc897c7006a4aab,"{""d"":5,""p"":0.00011721022975334806,""r"":20}",
     14336,        16,         0,   0.079,chromobius,af34096555215c48504140605e31b928164a43da472fb376e0d4e4c6e87d4d10,"{""d"":5,""p"":0.00018873918221350977,""r"":20}",
     10240,        35,         0,   0.084,chromobius,4989f0d435a58c6414b526784c8d241f66cae7636f6636ff42c3ad3b780a8e22,"{""d"":5,""p"":0.0003039195382313198,""r"":20}",
     10240,        15,         0,   0.081,chromobius,35d86cb7a8667c5fd9cafacc3b0d9f8c40389488cbb79b7ee1a5655cf0cbdba2,"{""d"":5,""p"":0.000221221629107045,""r"":20}",
      7168,        49,         0,   0.085,chromobius,c2e13616256761cb936bdeb6e5497f4e0501286eae45194552fc493234763abe,"{""d"":5,""p"":0.00041753189365604,""r"":20}",
      7168,        36,         0,   0.076,chromobius,f50e48ff5622799a398a6477956f7993d824ff17fff44242c07ec40ebf9aea0f,"{""d"":5,""p"":0.0003562247890262444,""r"":20}",
      8192,        30,         0,   0.076,chromobius,6e08a0f4925d72e1e6de697d4bd39ab95c368816c86b17ae383c60906e21d8d8,"{""d"":5,""p"":0.0002592943797404667,""r"":20}",
      5120,        56,         0,   0.080,chromobius,2e542d79e61f58389757f0be1dc321328ed2f9c8dddf2446f79bef3e8c6dead2,"{""d"":5,""p"":0.0005736152510448681,""r"":20}",
      4096,        35,         0,   0.077,chromobius,5a1593f54b5b95eebd6bf40fc816b82cd5f8fdf3554e3cbeedff9051598b1c9e,"{""d"":5,""p"":0.0004893900918477494,""r"":20}",
     32768,         9,         0,   0.104,chromobius,7ea6087864137e9c07715352223914b6fbc7d063d1c8d89ac9ac0fa1d5df784e,"{""d"":5,""p"":0.0001,""r"":20}",
     23552,        15,         0,   0.104,chromobius,b676ec8e9ffca4a6f94bc0797f1bd9316479dcb02a17a0d94dae5c62f26bc814,"{""d"":5,""p"":0.00013738237958832623,""r"":20}",
     27648,        17,         0,   0.108,chromobius,09d98c1a4bdbad1081f31818c9cd3fc9b26c7f8ba2e7bed07fc897c7006a4aab,"{""d"":5,""p"":0.00011721022975334806,""r"":20}",
     22528,        22,         0,   0.109,chromobius,f345024152b4d43ce854495ddea005c83a99b19842c95af6e42fe8d74ec0a841,"{""d"":5,""p"":0.00016102620275609394,""r"":20}",
     18432,        35,         0,   0.105,chromobius,af34096555215c48504140605e31b928164a43da472fb376e0d4e4c6e87d4d10,"{""d"":5,""p"":0.00018873918221350977,""r"":20}",
     12288,        46,         0,   0.108,chromobius,4989f0d435a58c6414b526784c8d241f66cae7636f6636ff42c3ad3b780a8e22,"{""d"":5,""p"":0.0003039195382313198,""r"":20}",
     14336,        23,         0,   0.113,chromobius,35d86cb7a8667c5fd9cafacc3b0d9f8c40389488cbb79b7ee1a5655cf0cbdba2,"{""d"":5,""p"":0.000221221629107045,""r"":20}",
     12288,        25,         0,   0.112,chromobius,6e08a0f4925d72e1e6de697d4bd39ab95c368816c86b17ae383c60906e21d8d8,"{""d"":5,""p"":0.0002592943797404667,""r"":20}",
      9216,        67,         0,   0.115,chromobius,c2e13616256761cb936bdeb6e5497f4e0501286eae45194552fc493234763abe,"{""d"":5,""p"":0.00041753189365604,""r"":20}",
      7168,        94,         0,   0.111,chromobius,2e542d79e61f58389757f0be1dc321328ed2f9c8dddf2446f79bef3e8c6dead2,"{""d"":5,""p"":0.0005736152510448681,""r"":20}",
      9216,        42,         0,   0.126,chromobius,f50e48ff5622799a398a6477956f7993d824ff17fff44242c07ec40ebf9aea0f,"{""d"":5,""p"":0.0003562247890262444,""r"":20}",
      6144,        46,         0,   0.127,chromobius,5a1593f54b5b95eebd6bf40fc816b82cd5f8fdf3554e3cbeedff9051598b1c9e,"{""d"":5,""p"":0.0004893900918477494,""r"":20}",
     46080,        15,         0,   0.145,chromobius,7ea6087864137e9c07715352223914b6fbc7d063d1c8d89ac9ac0fa1d5df784e,"{""d"":5,""p"":0.0001,""r"":20}",
     33792,        23,         0,   0.149,chromobius,b676ec8e9ffca4a6f94bc0797f1bd9316479dcb02a17a0d94dae5c62f26bc814,"{""d"":5,""p"":0.00013738237958832623,""r"":20}",
     39936,        23,         0,   0.147,chromobius,09d98c1a4bdbad1081f31818c9cd3fc9b26c7f8ba2e7bed07fc897c7006a4aab,"{""d"":5,""p"":0.00011721022975334806,""r"":20}",
     30720,        20,         0,   0.151,chromobius,f345024152b4d43ce854495ddea005c83a99b19842c95af6e42fe8d74ec0a841,"{""d"":5,""p"":0.00016102620275609394,""r"":20}",
     25600,        36,         0,   0.146,chromobius,af34096555215c48504140605e31b928164a43da472fb376e0d4e4c6e87d4d10,"{""d"":5,""p"":0.00018873918221350977,""r"":20}",
     17408,        59,         0,   0.150,chromobius,4989f0d435a58c6414b526784c8d241f66cae7636f6636ff42c3ad3b780a8e22,"{""d"":5,""p"":0.0003039195382313198,""r"":20}",
     19456,        46,         0,   0.151,chromobius,35d86cb7a8667c5fd9cafacc3b0d9f8c40389488cbb79b7ee1a5655cf0cbdba2,"{""d"":5,""p"":0.000221221629107045,""r"":20}",
     17408,        36,         0,   0.152,chromobius,6e08a0f4925d72e1e6de697d4bd39ab95c368816c86b17ae383c60906e21d8d8,"{""d"":5,""p"":0.0002592943797404667,""r"":20}",
     13312,        78,         0,   0.151,chromobius,c2e13616256761cb936bdeb6e5497f4e0501286eae45194552fc493234763abe,"{""d"":5,""p"":0.00041753189365604,""r"":20}",
      9216,       115,         0,   0.149,chromobius,2e542d79e61f58389757f0be1dc321328ed2f9c8dddf2446f79bef3e8c6dead2,"{""d"":5,""p"":0.0005736152510448681,""r"":20}",
     12288,        53,         0,   0.158,chromobius,f50e48ff5622799a398a6477956f7993d824ff17fff44242c07ec40ebf9aea0f,"{""d"":5,""p"":0.0003562247890262444,""r"":20}",
      8192,        68,         0,   0.152,chromobius,5a1593f54b5b95eebd6bf40fc816b82cd5f8fdf3554e3cbeedff9051598b1c9e,"{""d"":5,""p"":0.0004893900918477494,""r"":20}",
     63488,        24,         0,   0.203,chromobius,7ea6087864137e9c07715352223914b6fbc7d063d1c8d89ac9ac0fa1d5df784e,"{""d"":5,""p"":0.0001,""r"":20}",
     50176,        31,         0,   0.205,chromobius,b676ec8e9ffca4a6f94bc0797f1bd9316479dcb02a17a0d94dae5c62f26bc814,"{""d"":5,""p"":0.00013738237958832623,""r"":20}",
     52224,        35,         0,   0.204,chromobius,09d98c1a4bdbad1081f31818c9cd3fc9b26c7f8ba2e7bed07fc897c7006a4aab,"{""d"":5,""p"":0.00011721022975334806,""r"":20}",
     44032,        37,         0,   0.205,chromobius,f345024152b4d43ce854495ddea005c83a99b19842c95af6e42fe8d74ec0a841,"{""d"":5,""p"":0.00016102620275609394,""r"":20}",
     37888,        42,         0,   0.208,chromobius,af34096555215c48504140605e31b928164a43da472fb376e0d4e4c6e87d4d10,"{""d"":5,""p"":0.00018873918221350977,""r"":20}",
     25600,        82,         0,   0.207,chromobius,4989f0d435a58c6414b526784c8d241f66cae7636f6636ff42c3ad3b780a8e22,"{""d"":5,""p"":0.0003039195382313198,""r"":20}",
     28672,        46,         0,   0.207,chromobius,35d86cb7a8667c5fd9cafacc3b0d9f8c40389488cbb79b7ee1a5655cf0cbdba2,"{""d"":5,""p"":0.000221221629107045,""r"":20}",
     26624,        72,         0,   0.206,chromobius,6e08a0f4925d72e1e6de697d4bd39ab95c368816c86b17ae383c60906e21d8d8,"{""d"":5,""p"":0.0002592943797404667,""r"":20}",
     13312,       146,         0,   0.213,chromobius,2e542d79e61f58389757f0be1dc321328ed2f9c8dddf2446f79bef3e8c6dead2,"{""d"":5,""p"":0.0005736152510448681,""r"":20}",
     18432,       107,         0,   0.214,chromobius,c2e13616256761cb936bdeb6e5497f4e0501286eae45194552fc493234763abe,"{""d"":5,""p"":0.00041753189365604,""r"":20}",
     20480,        94,         0,   0.216,chromobius,f50e48ff5622799a398a6477956f7993d824ff17fff44242c07ec40ebf9aea0f,"{""d"":5,""p"":0.0003562247890262444,""r"":20}",
     14336,       110,         0,   0.209,chromobius,5a1593f54b5b95eebd6bf40fc816b82cd5f8fdf3554e3cbeedff9051598b1c9e,"{""d"":5,""p"":0.0004893900918477494,""r"":20}",
     87040,        31,         0,   0.286,chromobius,7ea6087864137e9c07715352223914b6fbc7d063d1c8d89ac9ac0fa1d5df784e,"{""d"":5,""p"":0.0001,""r"":20}",
     68608,        49,         0,   0.287,chromobius,b676ec8e9ffca4a6f94bc0797f1bd9316479dcb02a17a0d94dae5c62f26bc814,"{""d"":5,""p"":0.00013738237958832623,""r"":20}",
     78848,        26,         0,   0.288,chromobius,09d98c1a4bdbad1081f31818c9cd3fc9b26c7f8ba2e7bed07fc897c7006a4aab,"{""d"":5,""p"":0.00011721022975334806,""r"":20}",
     62464,        46,         0,   0.288,chromobius,f345024152b4d43ce854495ddea005c83a99b19842c95af6e42fe8d74ec0a841,"{""d"":5,""p"":0.00016102620275609394,""r"":20}",
     34816,       133,         0,   0.288,chromobius,4989f0d435a58c6414b526784c8d241f66cae7636f6636ff42c3ad3b780a8e22,"{""d"":5,""p"":0.0003039195382313198,""r"":20}",
     55296,        70,         0,   0.291,chromobius,af34096555215c48504140605e31b928164a43da472fb376e0d4e4c6e87d4d10,"{""d"":5,""p"":0.00018873918221350977,""r"":20}",
     41984,        78,         0,   0.292,chromobius,35d86cb7a8667c5fd9cafacc3b0d9f8c40389488cbb79b7ee1a5655cf0cbdba2,"{""d"":5,""p"":0.000221221629107045,""r"":20}",
     34816,        83,         0,   0.292,chromobius,6e08a0f4925d72e1e6de697d4bd39ab95c368816c86b17ae383c60906e21d8d8,"{""d"":5,""p"":0.0002592943797404667,""r"":20}",
     18432,       222,         0,   0.289,chromobius,2e542d79e61f58389757f0be1dc321328ed2f9c8dddf2446f79bef3e8c6dead2,"{""d"":5,""p"":0.0005736152510448681,""r"":20}",
     25600,       150,         0,   0.291,chromobius,c2e13616256761cb936bdeb6e5497f4e0501286eae45194552fc493234763abe,"{""d"":5,""p"":0.00041753189365604,""r"":20}",
     27648,       111,         0,   0.292,chromobius,f50e48ff5622799a398a6477956f7993d824ff17fff44242c07ec40ebf9aea0f,"{""d"":5,""p"":0.0003562247890262444,""r"":20}",
     19456,       164,         0,   0.288,chromobius,5a1593f54b5b95eebd6bf40fc816b82cd5f8fdf3554e3cbeedff9051598b1c9e,"{""d"":5,""p"":0.0004893900918477494,""r"":20}",
    125952,        40,         0,   0.398,chromobius,7ea6087864137e9c07715352223914b6fbc7d063d1c8d89ac9ac0fa1d5df784e,"{""d"":5,""p"":0.0001,""r"":20}",
     96256,        56,         0,   0.400,chromobius,b676ec8e9ffca4a6f94bc0797f1bd9316479dcb02a17a0d94dae5c62f26bc814,"{""d"":5,""p"":0.00013738237958832623,""r"":20}",
    108544,        45,         0,   0.399,chromobius,09d98c1a4bdbad1081f31818c9cd3fc9b26c7f8ba2e7bed07fc897c7006a4aab,"{""d"":5,""p"":0.00011721022975334806,""r"":20}",
     86016,        74,         0,   0.401,chromobius,f345024152b4d43ce854495ddea005c83a99b19842c95af6e42fe8d74ec0a841,"{""d"":5,""p"":0.00016102620275609394,""r"":20}",
     75776,        85,         0,   0.404,chromobius,af34096555215c48504140605e31b928164a43da472fb376e0d4e4c6e87d4d10,"{""d"":5,""p"":0.00018873918221350977,""r"":20}",
     50176,       176,         0,   0.407,chromobius,4989f0d435a58c6414b526784c8d241f66cae7636f6636ff42c3ad3b780a8e22,"{""d"":5,""p"":0.0003039195382313198,""r"":20}",
     60416,        99,         0,   0.403,chromobius,35d86cb7a8667c5fd9cafacc3b0d9f8c40389488cbb79b7ee1a5655cf0cbdba2,"{""d"":5,""p"":0.000221221629107045,""r"":20}",
     54272,       124,         0,   0.403,chromobius,6e08a0f4925d72e1e6de697d4bd39ab95c368816c86b17ae383c60906e21d8d8,"{""d"":5,""p"":0.0002592943797404667,""r"":20}",
     26624,       327,         0,   0.408,chromobius,2e542d79e61f58389757f0be1dc321328ed2f9c8dddf2446f79bef3e8c6dead2,"{""d"":5,""p"":0.0005736152510448681,""r"":20}",
     36864,       223,         0,   0.408,chromobius,c2e13616256761cb936bdeb6e5497f4e0501286eae45194552fc493234763abe,"{""d"":5,""p"":0.00041753189365604,""r"":20}",
     30720,       249,         0,   0.403,chromobius,5a1593f54b5b95eebd6bf40fc816b82cd5f8fdf3554e3cbeedff9051598b1c9e,"{""d"":5,""p"":0.0004893900918477494,""r"":20}",
     40960,       208,         0,   0.410,chromobius,f50e48ff5622799a398a6477956f7993d824ff17fff44242c07ec40ebf9aea0f,"{""d"":5,""p"":0.0003562247890262444,""r"":20}",
    181248,        54,         0,   0.560,chromobius,7ea6087864137e9c07715352223914b6fbc7d063d1c8d89ac9ac0fa1d5df784e,"{""d"":5,""p"":0.0001,""r"":20}",
    140288,        85,         0,   0.560,chromobius,b676ec8e9ffca4a6f94bc0797f1bd9316479dcb02a17a0d94dae5c62f26bc814,"{""d"":5,""p"":0.00013738237958832623,""r"":20}",
    156672,        68,         0,   0.562,chromobius,09d98c1a4bdbad1081f31818c9cd3fc9b26c7f8ba2e7bed07fc897c7006a4aab,"{""d"":5,""p"":0.00011721022975334806,""r"":20}",
    123904,       130,         0,   0.562,chromobius,f345024152b4d43ce854495ddea005c83a99b19842c95af6e42fe8d74ec0a841,"{""d"":5,""p"":0.00016102620275609394,""r"":20}",
    107520,       144,         0,   0.564,chromobius,af34096555215c48504140605e31b928164a43da472fb376e0d4e4c6e87d4d10,"{""d"":5,""p"":0.00018873918221350977,""r"":20}",
     69632,       204,         0,   0.567,chromobius,4989f0d435a58c6414b526784c8d241f66cae7636f6636ff42c3ad3b780a8e22,"{""d"":5,""p"":0.0003039195382313198,""r"":20}",
     87040,       151,         0,   0.563,chromobius,35d86cb7a8667c5fd9cafacc3b0d9f8c40389488cbb79b7ee1a5655cf0cbdba2,"{""d"":5,""p"":0.000221221629107045,""r"":20}",
     76800,       182,         0,   0.568,chromobius,6e08a0f4925d72e1e6de697d4bd39ab95c368816c86b17ae383c60906e21d8d8,"{""d"":5,""p"":0.0002592943797404667,""r"":20}",
     37888,       433,         0,   0.569,chromobius,2e542d79e61f58389757f0be1dc321328ed2f9c8dddf2446f79bef3e8c6dead2,"{""d"":5,""p"":0.0005736152510448681,""r"":20}",
     51200,       345,         0,   0.578,chromobius,c2e13616256761cb936bdeb6e5497f4e0501286eae45194552fc493234763abe,"{""d"":5,""p"":0.00041753189365604,""r"":20}",
     41984,       357,         0,   0.564,chromobius,5a1593f54b5b95eebd6bf40fc816b82cd5f8fdf3554e3cbeedff9051598b1c9e,"{""d"":5,""p"":0.0004893900918477494,""r"":20}",
     56320,       273,         0,   0.567,chromobius,f50e48ff5622799a398a6477956f7993d824ff17fff44242c07ec40ebf9aea0f,"{""d"":5,""p"":0.0003562247890262444,""r"":20}",
    236544,        93,         0,   0.782,chromobius,7ea6087864137e9c07715352223914b6fbc7d063d1c8d89ac9ac0fa1d5df784e,"{""d"":5,""p"":0.0001,""r"":20}",
    179200,       103,         0,   0.784,chromobius,b676ec8e9ffca4a6f94bc0797f1bd9316479dcb02a17a0d94dae5c62f26bc814,"{""d"":5,""p"":0.00013738237958832623,""r"":20}",
    201728,        88,         0,   0.781,chromobius,09d98c1a4bdbad1081f31818c9cd3fc9b26c7f8ba2e7bed07fc897c7006a4aab,"{""d"":5,""p"":0.00011721022975334806,""r"":20}",
    157696,       119,         0,   0.784,chromobius,f345024152b4d43ce854495ddea005c83a99b19842c95af6e42fe8d74ec0a841,"{""d"":5,""p"":0.00016102620275609394,""r"":20}",
    132096,       161,         0,   0.784,chromobius,af34096555215c48504140605e31b928164a43da472fb376e0d4e4c6e87d4d10,"{""d"":5,""p"":0.00018873918221350977,""r"":20}",
     95232,       305,         0,   0.792,chromobius,4989f0d435a58c6414b526784c8d241f66cae7636f6636ff42c3ad3b780a8e22,"{""d"":5,""p"":0.0003039195382313198,""r"":20}",
     88064,       129,         0,   0.778,chromobius,35d86cb7a8667c5fd9cafacc3b0d9f8c40389488cbb79b7ee1a5655cf0cbdba2,"{""d"":5,""p"":0.000221221629107045,""r"":20}",
     74752,       173,         0,   0.762,chromobius,6e08a0f4925d72e1e6de697d4bd39ab95c368816c86b17ae383c60906e21d8d8,"{""d"":5,""p"":0.0002592943797404667,""r"":20}",
     51200,       628,         0,   0.797,chromobius,2e542d79e61f58389757f0be1dc321328ed2f9c8dddf2446f79bef3e8c6dead2,"{""d"":5,""p"":0.0005736152510448681,""r"":20}",
     64512,       407,         0,   0.791,chromobius,c2e13616256761cb936bdeb6e5497f4e0501286eae45194552fc493234763abe,"{""d"":5,""p"":0.00041753189365604,""r"":20}",
     40960,       350,         0,   0.787,chromobius,5a1593f54b5b95eebd6bf40fc816b82cd5f8fdf3554e3cbeedff9051598b1c9e,"{""d"":5,""p"":0.0004893900918477494,""r"":20}",
     59392,       245,         0,   0.798,chromobius,f50e48ff5622799a398a6477956f7993d824ff17fff44242c07ec40ebf9aea0f,"{""d"":5,""p"":0.0003562247890262444,""r"":20}",
       273,         1,         0,   0.011,chromobius,f345024152b4d43ce854495ddea005c83a99b19842c95af6e42fe8d74ec0a841,"{""d"":5,""p"":0.00016102620275609394,""r"":20}",
       273,         0,         0,   0.010,chromobius,f50e48ff5622799a398a6477956f7993d824ff17fff44242c07ec40ebf9aea0f,"{""d"":5,""p"":0.0003562247890262444,""r"":20}",
      1297,         2,         0,   0.011,chromobius,b676ec8e9ffca4a6f94bc0797f1bd9316479dcb02a17a0d94dae5c62f26bc814,"{""d"":5,""p"":0.00013738237958832623,""r"":20}",
       273,         4,         0,   0.013,chromobius,5a1593f54b5b95eebd6bf40fc816b82cd5f8fdf3554e3cbeedff9051598b1c9e,"{""d"":5,""p"":0.0004893900918477494,""r"":20}",
       273,         1,         0,   0.010,chromobius,af34096555215c48504140605e31b928164a43da472fb376e0d4e4c6e87d4d10,"{""d"":5,""p"":0.00018873918221350977,""r"":20}",
      1297,         2,         0,   0.017,chromobius,6e08a0f4925d72e1e6de697d4bd39ab95c368816c86b17ae383c60906e21d8d8,"{""d"":5,""p"":0.0002592943797404667,""r"":20}",
      1297,         1,         0,   0.016,chromobius,35d86cb7a8667c5fd9cafacc3b0d9f8c40389488cbb79b7ee1a5655cf0cbdba2,"{""d"":5,""p"":0.000221221629107045,""r"":20}",
      1297,         4,         0,   0.015,chromobius,4989f0d435a58c6414b526784c8d241f66cae7636f6636ff42c3ad3b780a8e22,"{""d"":5,""p"":0.0003039195382313198,""r"":20}",
      1297,        15,         0,   0.018,chromobius,c2e13616256761cb936bdeb6e5497f4e0501286eae45194552fc493234763abe,"{""d"":5,""p"":0.00041753189365604,""r"":20}",
      3072,         3,         0,   0.014,chromobius,f345024152b4d43ce854495ddea005c83a99b19842c95af6e42fe8d74ec0a841,"{""d"":5,""p"":0.00016102620275609394,""r"":20}",
       273,         4,         0,   0.015,chromobius,2e542d79e61f58389757f0be1dc321328ed2f9c8dddf2446f79bef3e8c6dead2,"{""d"":5,""p"":0.0005736152510448681,""r"":20}",
      2048,         8,         0,   0.020,chromobius,f50e48ff5622799a398a6477956f7993d824ff17fff44242c07ec40ebf9aea0f,"{""d"":5,""p"":0.0003562247890262444,""r"":20}",
         1,         0,         0,   0.021,chromobius,09d98c1a4bdbad1081f31818c9cd3fc9b26c7f8ba2e7bed07fc897c7006a4aab,"{""d"":5,""p"":0.00011721022975334806,""r"":20}",
      1024,         3,         0,   0.014,chromobius,6e08a0f4925d72e1e6de697d4bd39ab95c368816c86b17ae383c60906e21d8d8,"{""d"":5,""p"":0.0002592943797404667,""r"":20}",
      3072,         4,         0,   0.016,chromobius,af34096555215c48504140605e31b928164a43da472fb376e0d4e4c6e87d4d10,"{""d"":5,""p"":0.00018873918221350977,""r"":20}",
      3072,         0,         0,   0.018,chromobius,b676ec8e9ffca4a6f94bc0797f1bd9316479dcb02a17a0d94dae5c62f26bc814,"{""d"":5,""p"":0.00013738237958832623,""r"":20}",
         1,         0,         0,   0.021,chromobius,7ea6087864137e9c07715352223914b6fbc7d063d1c8d89ac9ac0fa1d5df784e,"{""d"":5,""p"":0.0001,""r"":20}",
      2048,         6,         0,   0.017,chromobius,4989f0d435a58c6414b526784c8d241f66cae7636f6636ff42c3ad3b780a8e22,"{""d"":5,""p"":0.0003039195382313198,""r"":20}",
      2048,         4,         0,   0.019,chromobius,35d86cb7a8667c5fd9cafacc3b0d9f8c40389488cbb79b7ee1a5655cf0cbdba2,"{""d"":5,""p"":0.000221221629107045,""r"":20}",
      2048,        20,         0,   0.026,chromobius,5a1593f54b5b95eebd6bf40fc816b82cd5f8fdf3554e3cbeedff9051598b1c9e,"{""d"":5,""p"":0.0004893900918477494,""r"":20}",
      2048,        14,         0,   0.023,chromobius,c2e13616256761cb936bdeb6e5497f4e0501286eae45194552fc493234763abe,"{""d"":5,""p"":0.00041753189365604,""r"":20}",
      5120,         1,         0,   0.024,chromobius,f345024152b4d43ce854495ddea005c83a99b19842c95af6e42fe8d74ec0a841,"{""d"":5,""p"":0.00016102620275609394,""r"":20}",
      3344,         3,         0,   0.014,chromobius,7ea6087864137e9c07715352223914b6fbc7d063d1c8d89ac9ac0fa1d5df784e,"{""d"":5,""p"":0.0001,""r"":20}",
      1296,         0,         0,   0.017,chromobius,09d98c1a4bdbad1081f31818c9cd3fc9b26c7f8ba2e7bed07fc897c7006a4aab,"{""d"":5,""p"":0.00011721022975334806,""r"":20}",
      1024,        10,         0,   0.023,chromobius,2e542d79e61f58389757f0be1dc321328ed2f9c8dddf2446f79bef3e8c6dead2,"{""d"":5,""p"":0.0005736152510448681,""r"":20}",
      3072,         9,         0,   0.021,chromobius,6e08a0f4925d72e1e6de697d4bd39ab95c368816c86b17ae383c60906e21d8d8,"{""d"":5,""p"":0.0002592943797404667,""r"":20}",
      5120,         4,         0,   0.021,chromobius,b676ec8e9ffca4a6f94bc0797f1bd9316479dcb02a17a0d94dae5c62f26bc814,"{""d"":5,""p"":0.00013738237958832623,""r"":20}",
      4096,         6,         0,   0.023,chromobius,af34096555215c48504140605e31b928164a43da472fb376e0d4e4c6e87d4d10,"{""d"":5,""p"":0.00018873918221350977,""r"":20}",
      3072,        17,         0,   0.029,chromobius,f50e48ff5622799a398a6477956f7993d824ff17fff44242c07ec40ebf9aea0f,"{""d"":5,""p"":0.0003562247890262444,""r"":20}",
      4096,         8,         0,   0.025,chromobius,35d86cb7a8667c5fd9cafacc3b0d9f8c40389488cbb79b7ee1a5655cf0cbdba2,"{""d"":5,""p"":0.000221221629107045,""r"":20}",
      2048,         9,         0,   0.022,chromobius,c2e13616256761cb936bdeb6e5497f4e0501286eae45194552fc493234763abe,"{""d"":5,""p"":0.00041753189365604,""r"":20}",
      2048,        14,         0,   0.026,chromobius,5a1593f54b5b95eebd6bf40fc816b82cd5f8fdf3554e3cbeedff9051598b1c9e,"{""d"":5,""p"":0.0004893900918477494,""r"":20}",
      6144,         2,         0,   0.021,chromobius,09d98c1a4bdbad1081f31818c9cd3fc9b26c7f8ba2e7bed07fc897c7006a4aab,"{""d"":5,""p"":0.00011721022975334806,""r"":20}",
      3072,         2,         0,   0.019,chromobius,7ea6087864137e9c07715352223914b6fbc7d063d1c8d89ac9ac0fa1d5df784e,"{""d"":5,""p"":0.0001,""r"":20}",
      1024,         1,         0,   0.037,chromobius,4989f0d435a58c6414b526784c8d241f66cae7636f6636ff42c3ad3b780a8e22,"{""d"":5,""p"":0.0003039195382313198,""r"":20}",
      6144,         9,         0,   0.028,chromobius,f345024152b4d43ce854495ddea005c83a99b19842c95af6e42fe8d74ec0a841,"{""d"":5,""p"":0.00016102620275609394,""r"":20}",
      4096,        12,         0,   0.028,chromobius,6e08a0f4925d72e1e6de697d4bd39ab95c368816c86b17ae383c60906e21d8d8,"{""d"":5,""p"":0.0002592943797404667,""r"":20}",
      7168,         5,         0,   0.028,chromobius,b676ec8e9ffca4a6f94bc0797f1bd9316479dcb02a17a0d94dae5c62f26bc814,"{""d"":5,""p"":0.00013738237958832623,""r"":20}",
      6144,         4,         0,   0.031,chromobius,af34096555215c48504140605e31b928164a43da472fb376e0d4e4c6e87d4d10,"{""d"":5,""p"":0.00018873918221350977,""r"":20}",
      3072,        11,         0,   0.028,chromobius,f50e48ff5622799a398a6477956f7993d824ff17fff44242c07ec40ebf9aea0f,"{""d"":5,""p"":0.0003562247890262444,""r"":20}",
      5120,         8,         0,   0.031,chromobius,35d86cb7a8667c5fd9cafacc3b0d9f8c40389488cbb79b7ee1a5655cf0cbdba2,"{""d"":5,""p"":0.000221221629107045,""r"":20}",
      3072,        20,         0,   0.033,chromobius,c2e13616256761cb936bdeb6e5497f4e0501286eae45194552fc493234763abe,"{""d"":5,""p"":0.00041753189365604,""r"":20}",
      3072,         1,         0,   0.028,chromobius,09d98c1a4bdbad1081f31818c9cd3fc9b26c7f8ba2e7bed07fc897c7006a4aab,"{""d"":5,""p"":0.00011721022975334806,""r"":20}",
      9216,         6,         0,   0.027,chromobius,7ea6087864137e9c07715352223914b6fbc7d063d1c8d89ac9ac0fa1d5df784e,"{""d"":5,""p"":0.0001,""r"":20}",
      2048,        22,         0,   0.051,chromobius,2e542d79e61f58389757f0be1dc321328ed2f9c8dddf2446f79bef3e8c6dead2,"{""d"":5,""p"":0.0005736152510448681,""r"":20}",
      3072,         8,         0,   0.033,chromobius,4989f0d435a58c6414b526784c8d241f66cae7636f6636ff42c3ad3b780a8e22,"{""d"":5,""p"":0.0003039195382313198,""r"":20}",
      3072,        20,         0,   0.038,chromobius,5a1593f54b5b95eebd6bf40fc816b82cd5f8fdf3554e3cbeedff9051598b1c9e,"{""d"":5,""p"":0.0004893900918477494,""r"":20}",
      9216,         5,         0,   0.042,chromobius,f345024152b4d43ce854495ddea005c83a99b19842c95af6e42fe8d74ec0a841,"{""d"":5,""p"":0.00016102620275609394,""r"":20}",
      9216,         4,         0,   0.038,chromobius,b676ec8e9ffca4a6f94bc0797f1bd9316479dcb02a17a0d94dae5c62f26bc814,"{""d"":5,""p"":0.00013738237958832623,""r"":20}",
      6144,        12,         0,   0.042,chromobius,6e08a0f4925d72e1e6de697d4bd39ab95c368816c86b17ae383c60906e21d8d8,"{""d"":5,""p"":0.0002592943797404667,""r"":20}",
      8192,        15,         0,   0.041,chromobius,af34096555215c48504140605e31b928164a43da472fb376e0d4e4c6e87d4d10,"{""d"":5,""p"":0.00018873918221350977,""r"":20}",
      5120,        28,         0,   0.047,chromobius,f50e48ff5622799a398a6477956f7993d824ff17fff44242c07ec40ebf9aea0f,"{""d"":5,""p"":0.0003562247890262444,""r"":20}",
      6144,        10,         0,   0.041,chromobius,35d86cb7a8667c5fd9cafacc3b0d9f8c40389488cbb79b7ee1a5655cf0cbdba2,"{""d"":5,""p"":0.000221221629107045,""r"":20}",
      8192,         2,         0,   0.041,chromobius,7ea6087864137e9c07715352223914b6fbc7d063d1c8d89ac9ac0fa1d5df784e,"{""d"":5,""p"":0.0001,""r"":20}",
      4096,        31,         0,   0.044,chromobius,c2e13616256761cb936bdeb6e5497f4e0501286eae45194552fc493234763abe,"{""d"":5,""p"":0.00041753189365604,""r"":20}",
      3072,        24,         0,   0.039,chromobius,5a1593f54b5b95eebd6bf40fc816b82cd5f8fdf3554e3cbeedff9051598b1c9e,"{""d"":5,""p"":0.0004893900918477494,""r"":20}",
      8192,         3,         0,   0.048,chromobius,09d98c1a4bdbad1081f31818c9cd3fc9b26c7f8ba2e7bed07fc897c7006a4aab,"{""d"":5,""p"":0.00011721022975334806,""r"":20}",
      2048,        24,         0,   0.049,chromobius,2e542d79e61f58389757f0be1dc321328ed2f9c8dddf2446f79bef3e8c6dead2,"{""d"":5,""p"":0.0005736152510448681,""r"":20}",
      4096,        14,         0,   0.048,chromobius,4989f0d435a58c6414b526784c8d241f66cae7636f6636ff42c3ad3b780a8e22,"{""d"":5,""p"":0.0003039195382313198,""r"":20}",
     12288,        14,         0,   0.057,chromobius,f345024152b4d43ce854495ddea005c83a99b19842c95af6e42fe8d74ec0a841,"{""d"":5,""p"":0.00016102620275609394,""r"":20}",
     13312,         6,         0,   0.056,chromobius,b676ec8e9ffca4a6f94bc0797f1bd9316479dcb02a17a0d94dae5c62f26bc814,"{""d"":5,""p"":0.00013738237958832623,""r"":20}",
      8192,        28,         0,   0.056,chromobius,6e08a0f4925d72e1e6de697d4bd39ab95c368816c86b17ae383c60906e21d8d8,"{""d"":5,""p"":0.0002592943797404667,""r"":20}",
     10240,         9,         0,   0.054,chromobius,af34096555215c48504140605e31b928164a43da472fb376e0d4e4c6e87d4d10,"{""d"":5,""p"":0.00018873918221350977,""r"":20}",
      6144,        20,         0,   0.057,chromobius,f50e48ff5622799a398a6477956f7993d824ff17fff44242c07ec40ebf9aea0f,"{""d"":5,""p"":0.0003562247890262444,""r"":20}",
      5120,        34,         0,   0.055,chromobius,c2e13616256761cb936bdeb6e5497f4e0501286eae45194552fc493234763abe,"{""d"":5,""p"":0.00041753189365604,""r"":20}",
      8192,        13,         0,   0.063,chromobius,35d86cb7a8667c5fd9cafacc3b0d9f8c40389488cbb79b7ee1a5655cf0cbdba2,"{""d"":5,""p"":0.000221221629107045,""r"":20}",
     11264,         6,         0,   0.054,chromobius,09d98c1a4bdbad1081f31818c9cd3fc9b26c7f8ba2e7bed07fc897c7006a4aab,"{""d"":5,""p"":0.00011721022975334806,""r"":20}",
      5120,        10,         0,   0.053,chromobius,4989f0d435a58c6414b526784c8d241f66cae7636f6636ff42c3ad3b780a8e22,"{""d"":5,""p"":0.0003039195382313198,""r"":20}",
      5120,        43,         0,   0.066,chromobius,5a1593f54b5b95eebd6bf40fc816b82cd5f8fdf3554e3cbeedff9051598b1c9e,"{""d"":5,""p"":0.0004893900918477494,""r"":20}",
     12288,         3,         0,   0.074,chromobius,7ea6087864137e9c07715352223914b6fbc7d063d1c8d89ac9ac0fa1d5df784e,"{""d"":5,""p"":0.0001,""r"":20}",
      1024,        10,         0,   0.072,chromobius,2e542d79e61f58389757f0be1dc321328ed2f9c8dddf2446f79bef3e8c6dead2,"{""d"":5,""p"":0.0005736152510448681,""r"":20}",
     15360,        12,         0,   0.074,chromobius,f345024152b4d43ce854495ddea005c83a99b19842c95af6e42fe8d74ec0a841,"{""d"":5,""p"":0.00016102620275609394,""r"":20}",
     16384,        17,         0,   0.077,chromobius,b676ec8e9ffca4a6f94bc0797f1bd9316479dcb02a17a0d94dae5c62f26bc814,"{""d"":5,""p"":0.00013738237958832623,""r"":20}",
     11264,        30,         0,   0.079,chromobius,6e08a0f4925d72e1e6de697d4bd39ab95c368816c86b17ae383c60906e21d8d8,"{""d"":5,""p"":0.0002592943797404667,""r"":20}",
      6144,        32,         0,   0.079,chromobius,f50e48ff5622799a398a6477956f7993d824ff17fff44242c07ec40ebf9aea0f,"{""d"":5,""p"":0.0003562247890262444,""r"":20}",
     12288,         6,         0,   0.075,chromobius,09d98c1a4bdbad1081f31818c9cd3fc9b26c7f8ba2e7bed07fc897c7006a4aab,"{""d"":5,""p"":0.00011721022975334806,""r"":20}",
     11264,        12,         0,   0.094,chromobius,af34096555215c48504140605e31b928164a43da472fb376e0d4e4c6e87d4d10,"{""d"":5,""p"":0.00018873918221350977,""r"":20}",
      9216,        18,         0,   0.080,chromobius,35d86cb7a8667c5fd9cafacc3b0d9f8c40389488cbb79b7ee1a5655cf0cbdba2,"{""d"":5,""p"":0.000221221629107045,""r"":20}",
      2048,        18,         0,   0.063,chromobius,2e542d79e61f58389757f0be1dc321328ed2f9c8dddf2446f79bef3e8c6dead2,"{""d"":5,""p"":0.0005736152510448681,""r"":20}",
      6144,        39,         0,   0.093,chromobius,c2e13616256761cb936bdeb6e5497f4e0501286eae45194552fc493234763abe,"{""d"":5,""p"":0.00041753189365604,""r"":20}",
      6144,        21,         0,   0.086,chromobius,4989f0d435a58c6414b526784c8d241f66cae7636f6636ff42c3ad3b780a8e22,"{""d"":5,""p"":0.0003039195382313198,""r"":20}",
      6144,        68,         0,   0.098,chromobius,5a1593f54b5b95eebd6bf40fc816b82cd5f8fdf3554e3cbeedff9051598b1c9e,"{""d"":5,""p"":0.0004893900918477494,""r"":20}",
     18432,         6,         0,   0.100,chromobius,7ea6087864137e9c07715352223914b6fbc7d063d1c8d89ac9ac0fa1d5df784e,"{""d"":5,""p"":0.0001,""r"":20}",
     18432,        15,         0,   0.105,chromobius,f345024152b4d43ce854495ddea005c83a99b19842c95af6e42fe8d74ec0a841,"{""d"":5,""p"":0.00016102620275609394,""r"":20}",
     22528,        16,         0,   0.106,chromobius,b676ec8e9ffca4a6f94bc0797f1bd9316479dcb02a17a0d94dae5c62f26bc814,"{""d"":5,""p"":0.00013738237958832623,""r"":20}",
      9216,        28,         0,   0.106,chromobius,6e08a0f4925d72e1e6de697d4bd39ab95c368816c86b17ae383c60906e21d8d8,"{""d"":5,""p"":0.0002592943797404667,""r"":20}",
      8192,        33,         0,   0.107,chromobius,f50e48ff5622799a398a6477956f7993d824ff17fff44242c07ec40ebf9aea0f,"{""d"":5,""p"":0.0003562247890262444,""r"":20}",
     22528,         9,         0,   0.106,chromobius,09d98c1a4bdbad1081f31818c9cd3fc9b26c7f8ba2e7bed07fc897c7006a4aab,"{""d"":5,""p"":0.00011721022975334806,""r"":20}",
      9216,        12,         0,   0.105,chromobius,35d86cb7a8667c5fd9cafacc3b0d9f8c40389488cbb79b7ee1a5655cf0cbdba2,"{""d"":5,""p"":0.000221221629107045,""r"":20}",
     10240,        13,         0,   0.113,chromobius,af34096555215c48504140605e31b928164a43da472fb376e0d4e4c6e87d4d10,"{""d"":5,""p"":0.00018873918221350977,""r"":20}",
      6144,        44,         0,   0.105,chromobius,c2e13616256761cb936bdeb6e5497f4e0501286eae45194552fc493234763abe,"{""d"":5,""p"":0.00041753189365604,""r"":20}",
      5120,        57,         0,   0.114,chromobius,2e542d79e61f58389757f0be1dc321328ed2f9c8dddf2446f79bef3e8c6dead2,"{""d"":5,""p"":0.0005736152510448681,""r"":20}",
      9216,        28,         0,   0.110,chromobius,4989f0d435a58c6414b526784c8d241f66cae7636f6636ff42c3ad3b780a8e22,"{""d"":5,""p"":0.0003039195382313198,""r"":20}",
      6144,        50,         0,   0.110,chromobius,5a1593f54b5b95eebd6bf40fc816b82cd5f8fdf3554e3cbeedff9051598b1c9e,"{""d"":5,""p"":0.0004893900918477494,""r"":20}",
     28672,         9,         0,   0.103,chromobius,7ea6087864137e9c07715352223914b6fbc7d063d1c8d89ac9ac0fa1d5df784e,"{""d"":5,""p"":0.0001,""r"":20}",
     24576,        19,         0,   0.149,chromobius,f345024152b4d43ce854495ddea005c83a99b19842c95af6e42fe8d74ec0a841,"{""d"":5,""p"":0.00016102620275609394,""r"":20}",
     30720,        21,         0,   0.149,chromobius,b676ec8e9ffca4a6f94bc0797f1bd9316479dcb02a17a0d94dae5c62f26bc814,"{""d"":5,""p"":0.00013738237958832623,""r"":20}",
     16384,        30,         0,   0.151,chromobius,6e08a0f4925d72e1e6de697d4bd39ab95c368816c86b17ae383c60906e21d8d8,"{""d"":5,""p"":0.0002592943797404667,""r"":20}",
      6144,        73,         0,   0.129,chromobius,2e542d79e61f58389757f0be1dc321328ed2f9c8dddf2446f79bef3e8c6dead2,"{""d"":5,""p"":0.0005736152510448681,""r"":20}",
     12288,        68,         0,   0.153,chromobius,f50e48ff5622799a398a6477956f7993d824ff17fff44242c07ec40ebf9aea0f,"{""d"":5,""p"":0.0003562247890262444,""r"":20}",
     29696,        18,         0,   0.147,chromobius,09d98c1a4bdbad1081f31818c9cd3fc9b26c7f8ba2e7bed07fc897c7006a4aab,"{""d"":5,""p"":0.00011721022975334806,""r"":20}",
     14336,        19,         0,   0.153,chromobius,35d86cb7a8667c5fd9cafacc3b0d9f8c40389488cbb79b7ee1a5655cf0cbdba2,"{""d"":5,""p"":0.000221221629107045,""r"":20}",
     10240,        56,         0,   0.151,chromobius,c2e13616256761cb936bdeb6e5497f4e0501286eae45194552fc493234763abe,"{""d"":5,""p"":0.00041753189365604,""r"":20}",
     17408,        23,         0,   0.161,chromobius,af34096555215c48504140605e31b928164a43da472fb376e0d4e4c6e87d4d10,"{""d"":5,""p"":0.00018873918221350977,""r"":20}",
     13312,        45,         0,   0.148,chromobius,4989f0d435a58c6414b526784c8d241f66cae7636f6636ff42c3ad3b780a8e22,"{""d"":5,""p"":0.0003039195382313198,""r"":20}",
     10240,        80,         0,   0.165,chromobius,5a1593f54b5b95eebd6bf40fc816b82cd5f8fdf3554e3cbeedff9051598b1c9e,"{""d"":5,""p"":0.0004893900918477494,""r"":20}",
     31744,         8,         0,   0.166,chromobius,7ea6087864137e9c07715352223914b6fbc7d063d1c8d89ac9ac0fa1d5df784e,"{""d"":5,""p"":0.0001,""r"":20}",
      8192,       100,         0,   0.168,chromobius,2e542d79e61f58389757f0be1dc321328ed2f9c8dddf2446f79bef3e8c6dead2,"{""d"":5,""p"":0.0005736152510448681,""r"":20}",
     34816,        38,         0,   0.208,chromobius,f345024152b4d43ce854495ddea005c83a99b19842c95af6e42fe8d74ec0a841,"{""d"":5,""p"":0.00016102620275609394,""r"":20}",
     39936,        26,         0,   0.208,chromobius,b676ec8e9ffca4a6f94bc0797f1bd9316479dcb02a17a0d94dae5c62f26bc814,"{""d"":5,""p"":0.00013738237958832623,""r"":20}",
     20480,        86,         0,   0.211,chromobius,f50e48ff5622799a398a6477956f7993d824ff17fff44242c07ec40ebf9aea0f,"{""d"":5,""p"":0.0003562247890262444,""r"":20}",
     37888,        17,         0,   0.214,chromobius,09d98c1a4bdbad1081f31818c9cd3fc9b26c7f8ba2e7bed07fc897c7006a4aab,"{""d"":5,""p"":0.00011721022975334806,""r"":20}",
     19456,        48,         0,   0.235,chromobius,6e08a0f4925d72e1e6de697d4bd39ab95c368816c86b17ae383c60906e21d8d8,"{""d"":5,""p"":0.0002592943797404667,""r"":20}",
     12288,        65,         0,   0.206,chromobius,c2e13616256761cb936bdeb6e5497f4e0501286eae45194552fc493234763abe,"{""d"":5,""p"":0.00041753189365604,""r"":20}",
     19456,        39,         0,   0.217,chromobius,35d86cb7a8667c5fd9cafacc3b0d9f8c40389488cbb79b7ee1a5655cf0cbdba2,"{""d"":5,""p"":0.000221221629107045,""r"":20}",
     12288,        37,         0,   0.215,chromobius,4989f0d435a58c6414b526784c8d241f66cae7636f6636ff42c3ad3b780a8e22,"{""d"":5,""p"":0.0003039195382313198,""r"":20}",
     31744,        53,         0,   0.229,chromobius,af34096555215c48504140605e31b928164a43da472fb376e0d4e4c6e87d4d10,"{""d"":5,""p"":0.00018873918221350977,""r"":20}",
     12288,       113,         0,   0.212,chromobius,5a1593f54b5b95eebd6bf40fc816b82cd5f8fdf3554e3cbeedff9051598b1c9e,"{""d"":5,""p"":0.0004893900918477494,""r"":20}",
     44032,         9,         0,   0.206,chromobius,7ea6087864137e9c07715352223914b6fbc7d063d1c8d89ac9ac0fa1d5df784e,"{""d"":5,""p"":0.0001,""r"":20}",
      9216,       109,         0,   0.208,chromobius,2e542d79e61f58389757f0be1dc321328ed2f9c8dddf2446f79bef3e8c6dead2,"{""d"":5,""p"":0.0005736152510448681,""r"":20}",
     52224,        44,         0,   0.290,chromobius,f345024152b4d43ce854495ddea005c83a99b19842c95af6e42fe8d74ec0a841,"{""d"":5,""p"":0.00016102620275609394,""r"":20}",
     49152,        30,         0,   0.298,chromobius,b676ec8e9ffca4a6f94bc0797f1bd9316479dcb02a17a0d94dae5c62f26bc814,"{""d"":5,""p"":0.00013738237958832623,""r"":20}",
     23552,        83,         0,   0.295,chromobius,f50e48ff5622799a398a6477956f7993d824ff17fff44242c07ec40ebf9aea0f,"{""d"":5,""p"":0.0003562247890262444,""r"":20}",
     26624,        60,         0,   0.268,chromobius,6e08a0f4925d72e1e6de697d4bd39ab95c368816c86b17ae383c60906e21d8d8,"{""d"":5,""p"":0.0002592943797404667,""r"":20}",
     17408,       107,         0,   0.297,chromobius,c2e13616256761cb936bdeb6e5497f4e0501286eae45194552fc493234763abe,"{""d"":5,""p"":0.00041753189365604,""r"":20}",
     32768,        56,         0,   0.293,chromobius,35d86cb7a8667c5fd9cafacc3b0d9f8c40389488cbb79b7ee1a5655cf0cbdba2,"{""d"":5,""p"":0.000221221629107045,""r"":20}",
     51200,        29,         0,   0.302,chromobius,09d98c1a4bdbad1081f31818c9cd3fc9b26c7f8ba2e7bed07fc897c7006a4aab,"{""d"":5,""p"":0.00011721022975334806,""r"":20}",
     22528,        66,         0,   0.288,chromobius,4989f0d435a58c6414b526784c8d241f66cae7636f6636ff42c3ad3b780a8e22,"{""d"":5,""p"":0.0003039195382313198,""r"":20}",
     35840,        40,         0,   0.292,chromobius,af34096555215c48504140605e31b928164a43da472fb376e0d4e4c6e87d4d10,"{""d"":5,""p"":0.00018873918221350977,""r"":20}",
     57344,        20,         0,   0.289,chromobius,7ea6087864137e9c07715352223914b6fbc7d063d1c8d89ac9ac0fa1d5df784e,"{""d"":5,""p"":0.0001,""r"":20}",
     18432,       144,         0,   0.296,chromobius,5a1593f54b5b95eebd6bf40fc816b82cd5f8fdf3554e3cbeedff9051598b1c9e,"{""d"":5,""p"":0.0004893900918477494,""r"":20}",
     11264,       145,         0,   0.305,chromobius,2e542d79e61f58389757f0be1dc321328ed2f9c8dddf2446f79bef3e8c6dead2,"{""d"":5,""p"":0.0005736152510448681,""r"":20}",
     74752,        59,         0,   0.402,chromobius,f345024152b4d43ce854495ddea005c83a99b19842c95af6e42fe8d74ec0a841,"{""d"":5,""p"":0.00016102620275609394,""r"":20}",
     86016,        63,         0,   0.400,chromobius,b676ec8e9ffca4a6f94bc0797f1bd9316479dcb02a17a0d94dae5c62f26bc814,"{""d"":5,""p"":0.00013738237958832623,""r"":20}",
     31744,       154,         0,   0.409,chromobius,f50e48ff5622799a398a6477956f7993d824ff17fff44242c07ec40ebf9aea0f,"{""d"":5,""p"":0.0003562247890262444,""r"":20}",
     44032,       106,         0,   0.401,chromobius,6e08a0f4925d72e1e6de697d4bd39ab95c368816c86b17ae383c60906e21d8d8,"{""d"":5,""p"":0.0002592943797404667,""r"":20}",
     46080,        72,         0,   0.402,chromobius,35d86cb7a8667c5fd9cafacc3b0d9f8c40389488cbb79b7ee1a5655cf0cbdba2,"{""d"":5,""p"":0.000221221629107045,""r"":20}",
     67584,        33,         0,   0.402,chromobius,09d98c1a4bdbad1081f31818c9cd3fc9b26c7f8ba2e7bed07fc897c7006a4aab,"{""d"":5,""p"":0.00011721022975334806,""r"":20}",
     27648,       192,         0,   0.413,chromobius,c2e13616256761cb936bdeb6e5497f4e0501286eae45194552fc493234763abe,"{""d"":5,""p"":0.00041753189365604,""r"":20}",
     31744,        82,         0,   0.408,chromobius,4989f0d435a58c6414b526784c8d241f66cae7636f6636ff42c3ad3b780a8e22,"{""d"":5,""p"":0.0003039195382313198,""r"":20}",
     58368,        88,         0,   0.403,chromobius,af34096555215c48504140605e31b928164a43da472fb376e0d4e4c6e87d4d10,"{""d"":5,""p"":0.00018873918221350977,""r"":20}",
     77824,        23,         0,   0.402,chromobius,7ea6087864137e9c07715352223914b6fbc7d063d1c8d89ac9ac0fa1d5df784e,"{""d"":5,""p"":0.0001,""r"":20}",
     26624,       220,         0,   0.406,chromobius,5a1593f54b5b95eebd6bf40fc816b82cd5f8fdf3554e3cbeedff9051598b1c9e,"{""d"":5,""p"":0.0004893900918477494,""r"":20}",
     23552,       296,         0,   0.403,chromobius,2e542d79e61f58389757f0be1dc321328ed2f9c8dddf2446f79bef3e8c6dead2,"{""d"":5,""p"":0.0005736152510448681,""r"":20}",
    118784,        96,         0,   0.561,chromobius,f345024152b4d43ce854495ddea005c83a99b19842c95af6e42fe8d74ec0a841,"{""d"":5,""p"":0.00016102620275609394,""r"":20}",
    132096,        86,         0,   0.560,chromobius,b676ec8e9ffca4a6f94bc0797f1bd9316479dcb02a17a0d94dae5c62f26bc814,"{""d"":5,""p"":0.00013738237958832623,""r"":20}",
     56320,       237,         0,   0.566,chromobius,f50e48ff5622799a398a6477956f7993d824ff17fff44242c07ec40ebf9aea0f,"{""d"":5,""p"":0.0003562247890262444,""r"":20}",
     74752,       200,         0,   0.565,chromobius,6e08a0f4925d72e1e6de697d4bd39ab95c368816c86b17ae383c60906e21d8d8,"{""d"":5,""p"":0.0002592943797404667,""r"":20}",
     90112,       153,         0,   0.567,chromobius,35d86cb7a8667c5fd9cafacc3b0d9f8c40389488cbb79b7ee1a5655cf0cbdba2,"{""d"":5,""p"":0.000221221629107045,""r"":20}",
    143360,        59,         0,   0.558,chromobius,09d98c1a4bdbad1081f31818c9cd3fc9b26c7f8ba2e7bed07fc897c7006a4aab,"{""d"":5,""p"":0.00011721022975334806,""r"":20}",
     49152,       300,         0,   0.567,chromobius,c2e13616256761cb936bdeb6e5497f4e0501286eae45194552fc493234763abe,"{""d"":5,""p"":0.00041753189365604,""r"":20}",
     63488,       211,         0,   0.568,chromobius,4989f0d435a58c6414b526784c8d241f66cae7636f6636ff42c3ad3b780a8e22,"{""d"":5,""p"":0.0003039195382313198,""r"":20}",
    101376,       156,         0,   0.563,chromobius,af34096555215c48504140605e31b928164a43da472fb376e0d4e4c6e87d4d10,"{""d"":5,""p"":0.00018873918221350977,""r"":20}",
    166912,        49,         0,   0.560,chromobius,7ea6087864137e9c07715352223914b6fbc7d063d1c8d89ac9ac0fa1d5df784e,"{""d"":5,""p"":0.0001,""r"":20}",
     40960,       374,         0,   0.573,chromobius,5a1593f54b5b95eebd6bf40fc816b82cd5f8fdf3554e3cbeedff9051598b1c9e,"{""d"":5,""p"":0.0004893900918477494,""r"":20}",
     37888,       469,         0,   0.573,chromobius,2e542d79e61f58389757f0be1dc321328ed2f9c8dddf2446f79bef3e8c6dead2,"{""d"":5,""p"":0.0005736152510448681,""r"":20}",
    175104,       153,         0,   0.786,chromobius,f345024152b4d43ce854495ddea005c83a99b19842c95af6e42fe8d74ec0a841,"{""d"":5,""p"":0.00016102620275609394,""r"":20}",
    198656,       139,         0,   0.788,chromobius,b676ec8e9ffca4a6f94bc0797f1bd9316479dcb02a17a0d94dae5c62f26bc814,"{""d"":5,""p"":0.00013738237958832623,""r"":20}",
    115712,       259,         0,   0.793,chromobius,6e08a0f4925d72e1e6de697d4bd39ab95c368816c86b17ae383c60906e21d8d8,"{""d"":5,""p"":0.0002592943797404667,""r"":20}",
     84992,       358,         0,   0.797,chromobius,f50e48ff5622799a398a6477956f7993d824ff17fff44242c07ec40ebf9aea0f,"{""d"":5,""p"":0.0003562247890262444,""r"":20}",
    133120,       232,         0,   0.788,chromobius,35d86cb7a8667c5fd9cafacc3b0d9f8c40389488cbb79b7ee1a5655cf0cbdba2,"{""d"":5,""p"":0.000221221629107045,""r"":20}",
    223232,       103,         0,   0.787,chromobius,09d98c1a4bdbad1081f31818c9cd3fc9b26c7f8ba2e7bed07fc897c7006a4aab,"{""d"":5,""p"":0.00011721022975334806,""r"":20}",
     70656,       439,         0,   0.793,chromobius,c2e13616256761cb936bdeb6e5497f4e0501286eae45194552fc493234763abe,"{""d"":5,""p"":0.00041753189365604,""r"":20}",
     98304,       305,         0,   0.788,chromobius,4989f0d435a58c6414b526784c8d241f66cae7636f6636ff42c3ad3b780a8e22,"{""d"":5,""p"":0.0003039195382313198,""r"":20}",
    150528,       214,         0,   0.789,chromobius,af34096555215c48504140605e31b928164a43da472fb376e0d4e4c6e87d4d10,"{""d"":5,""p"":0.00018873918221350977,""r"":20}",
    249856,        78,         0,   0.782,chromobius,7ea6087864137e9c07715352223914b6fbc7d063d1c8d89ac9ac0fa1d5df784e,"{""d"":5,""p"":0.0001,""r"":20}",
     63488,       511,         0,   0.796,chromobius,5a1593f54b5b95eebd6bf40fc816b82cd5f8fdf3554e3cbeedff9051598b1c9e,"{""d"":5,""p"":0.0004893900918477494,""r"":20}",
     53248,       581,         0,   0.794,chromobius,2e542d79e61f58389757f0be1dc321328ed2f9c8dddf2446f79bef3e8c6dead2,"{""d"":5,""p"":0.0005736152510448681,""r"":20}",
    245760,       236,         0,    1.10,chromobius,f345024152b4d43ce854495ddea005c83a99b19842c95af6e42fe8d74ec0a841,"{""d"":5,""p"":0.00016102620275609394,""r"":20}",
    280576,       190,         0,    1.10,chromobius,b676ec8e9ffca4a6f94bc0797f1bd9316479dcb02a17a0d94dae5c62f26bc814,"{""d"":5,""p"":0.00013738237958832623,""r"":20}",
    161792,       358,         0,    1.10,chromobius,6e08a0f4925d72e1e6de697d4bd39ab95c368816c86b17ae383c60906e21d8d8,"{""d"":5,""p"":0.0002592943797404667,""r"":20}",
    183296,       312,         0,    1.11,chromobius,35d86cb7a8667c5fd9cafacc3b0d9f8c40389488cbb79b7ee1a5655cf0cbdba2,"{""d"":5,""p"":0.000221221629107045,""r"":20}",
    117760,       514,         0,    1.11,chromobius,f50e48ff5622799a398a6477956f7993d824ff17fff44242c07ec40ebf9aea0f,"{""d"":5,""p"":0.0003562247890262444,""r"":20}",
    311296,       158,         0,    1.09,chromobius,09d98c1a4bdbad1081f31818c9cd3fc9b26c7f8ba2e7bed07fc897c7006a4aab,"{""d"":5,""p"":0.00011721022975334806,""r"":20}",
    135168,       411,         0,    1.11,chromobius,4989f0d435a58c6414b526784c8d241f66cae7636f6636ff42c3ad3b780a8e22,"{""d"":5,""p"":0.0003039195382313198,""r"":20}",
    102400,       597,         0,    1.11,chromobius,c2e13616256761cb936bdeb6e5497f4e0501286eae45194552fc493234763abe,"{""d"":5,""p"":0.00041753189365604,""r"":20}",
    209920,       250,         0,    1.10,chromobius,af34096555215c48504140605e31b928164a43da472fb376e0d4e4c6e87d4d10,"{""d"":5,""p"":0.00018873918221350977,""r"":20}",
    347136,       124,         0,    1.10,chromobius,7ea6087864137e9c07715352223914b6fbc7d063d1c8d89ac9ac0fa1d5df784e,"{""d"":5,""p"":0.0001,""r"":20}",
     88064,       741,         0,    1.11,chromobius,5a1593f54b5b95eebd6bf40fc816b82cd5f8fdf3554e3cbeedff9051598b1c9e,"{""d"":5,""p"":0.0004893900918477494,""r"":20}",
     75776,       911,         0,    1.11,chromobius,2e542d79e61f58389757f0be1dc321328ed2f9c8dddf2446f79bef3e8c6dead2,"{""d"":5,""p"":0.0005736152510448681,""r"":20}",
      1297,        26,         0,   0.023,chromobius,77b88fd1fd87193cbdfb5c8c21350e9fea50b4b97cefc22287874828de88fa3a,"{""d"":5,""p"":0.0006723357536499335,""r"":20}",
      1024,        22,         0,   0.017,chromobius,77b88fd1fd87193cbdfb5c8c21350e9fea50b4b97cefc22287874828de88fa3a,"{""d"":5,""p"":0.0006723357536499335,""r"":20}",
      2048,        27,         0,   0.035,chromobius,77b88fd1fd87193cbdfb5c8c21350e9fea50b4b97cefc22287874828de88fa3a,"{""d"":5,""p"":0.0006723357536499335,""r"":20}",
      2048,        40,         0,   0.037,chromobius,77b88fd1fd87193cbdfb5c8c21350e9fea50b4b97cefc22287874828de88fa3a,"{""d"":5,""p"":0.0006723357536499335,""r"":20}",
      3072,        61,         0,   0.054,chromobius,77b88fd1fd87193cbdfb5c8c21350e9fea50b4b97cefc22287874828de88fa3a,"{""d"":5,""p"":0.0006723357536499335,""r"":20}",
      3072,        46,         0,   0.054,chromobius,77b88fd1fd87193cbdfb5c8c21350e9fea50b4b97cefc22287874828de88fa3a,"{""d"":5,""p"":0.0006723357536499335,""r"":20}",
      5120,        98,         0,   0.092,chromobius,77b88fd1fd87193cbdfb5c8c21350e9fea50b4b97cefc22287874828de88fa3a,"{""d"":5,""p"":0.0006723357536499335,""r"":20}",
      7168,       122,         0,   0.122,chromobius,77b88fd1fd87193cbdfb5c8c21350e9fea50b4b97cefc22287874828de88fa3a,"{""d"":5,""p"":0.0006723357536499335,""r"":20}",
      9216,       164,         0,   0.158,chromobius,77b88fd1fd87193cbdfb5c8c21350e9fea50b4b97cefc22287874828de88fa3a,"{""d"":5,""p"":0.0006723357536499335,""r"":20}",
     12288,       209,         0,   0.208,chromobius,77b88fd1fd87193cbdfb5c8c21350e9fea50b4b97cefc22287874828de88fa3a,"{""d"":5,""p"":0.0006723357536499335,""r"":20}",
     16384,       271,         0,   0.290,chromobius,77b88fd1fd87193cbdfb5c8c21350e9fea50b4b97cefc22287874828de88fa3a,"{""d"":5,""p"":0.0006723357536499335,""r"":20}",
    343040,       290,         0,    1.54,chromobius,f345024152b4d43ce854495ddea005c83a99b19842c95af6e42fe8d74ec0a841,"{""d"":5,""p"":0.00016102620275609394,""r"":20}",
    391168,       237,         0,    1.54,chromobius,b676ec8e9ffca4a6f94bc0797f1bd9316479dcb02a17a0d94dae5c62f26bc814,"{""d"":5,""p"":0.00013738237958832623,""r"":20}",
    222208,       522,         0,    1.54,chromobius,6e08a0f4925d72e1e6de697d4bd39ab95c368816c86b17ae383c60906e21d8d8,"{""d"":5,""p"":0.0002592943797404667,""r"":20}",
    258048,       440,         0,    1.54,chromobius,35d86cb7a8667c5fd9cafacc3b0d9f8c40389488cbb79b7ee1a5655cf0cbdba2,"{""d"":5,""p"":0.000221221629107045,""r"":20}",
    163840,       716,         0,    1.55,chromobius,f50e48ff5622799a398a6477956f7993d824ff17fff44242c07ec40ebf9aea0f,"{""d"":5,""p"":0.0003562247890262444,""r"":20}",
    438272,       172,         0,    1.54,chromobius,09d98c1a4bdbad1081f31818c9cd3fc9b26c7f8ba2e7bed07fc897c7006a4aab,"{""d"":5,""p"":0.00011721022975334806,""r"":20}",
    186368,       623,         0,    1.55,chromobius,4989f0d435a58c6414b526784c8d241f66cae7636f6636ff42c3ad3b780a8e22,"{""d"":5,""p"":0.0003039195382313198,""r"":20}",
    143360,       931,         0,    1.55,chromobius,c2e13616256761cb936bdeb6e5497f4e0501286eae45194552fc493234763abe,"{""d"":5,""p"":0.00041753189365604,""r"":20}",
    296960,       371,         0,    1.54,chromobius,af34096555215c48504140605e31b928164a43da472fb376e0d4e4c6e87d4d10,"{""d"":5,""p"":0.00018873918221350977,""r"":20}",
    482304,       150,         0,    1.53,chromobius,7ea6087864137e9c07715352223914b6fbc7d063d1c8d89ac9ac0fa1d5df784e,"{""d"":5,""p"":0.0001,""r"":20}",
    122880,      1049,         0,    1.55,chromobius,5a1593f54b5b95eebd6bf40fc816b82cd5f8fdf3554e3cbeedff9051598b1c9e,"{""d"":5,""p"":0.0004893900918477494,""r"":20}",
      1024,        13,         0,   0.013,chromobius,5a1593f54b5b95eebd6bf40fc816b82cd5f8fdf3554e3cbeedff9051598b1c9e,"{""d"":5,""p"":0.0004893900918477494,""r"":20}",
      1297,        28,         0,   0.027,chromobius,d73c3124e7cdc239f9221cc904a47d28035763a11fa9d077fd49e11070067bb3,"{""d"":5,""p"":0.0007880462815669912,""r"":20}",
      1024,        22,         0,   0.022,chromobius,d73c3124e7cdc239f9221cc904a47d28035763a11fa9d077fd49e11070067bb3,"{""d"":5,""p"":0.0007880462815669912,""r"":20}",
     23552,       385,         0,   0.413,chromobius,77b88fd1fd87193cbdfb5c8c21350e9fea50b4b97cefc22287874828de88fa3a,"{""d"":5,""p"":0.0006723357536499335,""r"":20}",
      1024,        23,         0,   0.024,chromobius,d73c3124e7cdc239f9221cc904a47d28035763a11fa9d077fd49e11070067bb3,"{""d"":5,""p"":0.0007880462815669912,""r"":20}",
      2048,        50,         0,   0.041,chromobius,d73c3124e7cdc239f9221cc904a47d28035763a11fa9d077fd49e11070067bb3,"{""d"":5,""p"":0.0007880462815669912,""r"":20}",
      2048,        43,         0,   0.042,chromobius,d73c3124e7cdc239f9221cc904a47d28035763a11fa9d077fd49e11070067bb3,"{""d"":5,""p"":0.0007880462815669912,""r"":20}",
      3072,        79,         0,   0.063,chromobius,d73c3124e7cdc239f9221cc904a47d28035763a11fa9d077fd49e11070067bb3,"{""d"":5,""p"":0.0007880462815669912,""r"":20}",
      4096,        97,         0,   0.084,chromobius,d73c3124e7cdc239f9221cc904a47d28035763a11fa9d077fd49e11070067bb3,"{""d"":5,""p"":0.0007880462815669912,""r"":20}",
      6144,       125,         0,   0.125,chromobius,d73c3124e7cdc239f9221cc904a47d28035763a11fa9d077fd49e11070067bb3,"{""d"":5,""p"":0.0007880462815669912,""r"":20}",
      8192,       175,         0,   0.167,chromobius,d73c3124e7cdc239f9221cc904a47d28035763a11fa9d077fd49e11070067bb3,"{""d"":5,""p"":0.0007880462815669912,""r"":20}",
     33792,       534,         0,   0.581,chromobius,77b88fd1fd87193cbdfb5c8c21350e9fea50b4b97cefc22287874828de88fa3a,"{""d"":5,""p"":0.0006723357536499335,""r"":20}",
     10240,       234,         0,   0.210,chromobius,d73c3124e7cdc239f9221cc904a47d28035763a11fa9d077fd49e11070067bb3,"{""d"":5,""p"":0.0007880462815669912,""r"":20}",
     95232,       576,         0,    1.02,chromobius,c2e13616256761cb936bdeb6e5497f4e0501286eae45194552fc493234763abe,"{""d"":5,""p"":0.00041753189365604,""r"":20}",
      1297,        34,         0,   0.032,chromobius,d4c6876f4623792f189b4b501461e8edfa45795156cfe306047d61fd367582d2,"{""d"":5,""p"":0.0009236708571873865,""r"":20}",
      1024,        34,         0,   0.024,chromobius,d4c6876f4623792f189b4b501461e8edfa45795156cfe306047d61fd367582d2,"{""d"":5,""p"":0.0009236708571873865,""r"":20}",
      1024,        34,         0,   0.025,chromobius,d4c6876f4623792f189b4b501461e8edfa45795156cfe306047d61fd367582d2,"{""d"":5,""p"":0.0009236708571873865,""r"":20}",
      2048,        50,         0,   0.050,chromobius,d4c6876f4623792f189b4b501461e8edfa45795156cfe306047d61fd367582d2,"{""d"":5,""p"":0.0009236708571873865,""r"":20}",
     13312,       325,         0,   0.289,chromobius,d73c3124e7cdc239f9221cc904a47d28035763a11fa9d077fd49e11070067bb3,"{""d"":5,""p"":0.0007880462815669912,""r"":20}",
      2048,        71,         0,   0.048,chromobius,d4c6876f4623792f189b4b501461e8edfa45795156cfe306047d61fd367582d2,"{""d"":5,""p"":0.0009236708571873865,""r"":20}",
      2048,        61,         0,   0.064,chromobius,d4c6876f4623792f189b4b501461e8edfa45795156cfe306047d61fd367582d2,"{""d"":5,""p"":0.0009236708571873865,""r"":20}",
      3072,       103,         0,   0.077,chromobius,d4c6876f4623792f189b4b501461e8edfa45795156cfe306047d61fd367582d2,"{""d"":5,""p"":0.0009236708571873865,""r"":20}",
      5120,       185,         0,   0.124,chromobius,d4c6876f4623792f189b4b501461e8edfa45795156cfe306047d61fd367582d2,"{""d"":5,""p"":0.0009236708571873865,""r"":20}",
     45056,       721,         0,   0.791,chromobius,77b88fd1fd87193cbdfb5c8c21350e9fea50b4b97cefc22287874828de88fa3a,"{""d"":5,""p"":0.0006723357536499335,""r"":20}",
     18432,       429,         0,   0.423,chromobius,d73c3124e7cdc239f9221cc904a47d28035763a11fa9d077fd49e11070067bb3,"{""d"":5,""p"":0.0007880462815669912,""r"":20}",
      4096,       138,         0,   0.170,chromobius,d4c6876f4623792f189b4b501461e8edfa45795156cfe306047d61fd367582d2,"{""d"":5,""p"":0.0009236708571873865,""r"":20}",
      6144,       192,         0,   0.261,chromobius,d4c6876f4623792f189b4b501461e8edfa45795156cfe306047d61fd367582d2,"{""d"":5,""p"":0.0009236708571873865,""r"":20}",
    461824,       394,         0,    2.15,chromobius,f345024152b4d43ce854495ddea005c83a99b19842c95af6e42fe8d74ec0a841,"{""d"":5,""p"":0.00016102620275609394,""r"":20}",
    520192,       339,         0,    2.15,chromobius,b676ec8e9ffca4a6f94bc0797f1bd9316479dcb02a17a0d94dae5c62f26bc814,"{""d"":5,""p"":0.00013738237958832623,""r"":20}",
    277504,       665,         0,    2.16,chromobius,6e08a0f4925d72e1e6de697d4bd39ab95c368816c86b17ae383c60906e21d8d8,"{""d"":5,""p"":0.0002592943797404667,""r"":20}",
    218112,       922,         0,    2.16,chromobius,f50e48ff5622799a398a6477956f7993d824ff17fff44242c07ec40ebf9aea0f,"{""d"":5,""p"":0.0003562247890262444,""r"":20}",
    347136,       562,         0,    2.16,chromobius,35d86cb7a8667c5fd9cafacc3b0d9f8c40389488cbb79b7ee1a5655cf0cbdba2,"{""d"":5,""p"":0.000221221629107045,""r"":20}",
    547840,       258,         0,    2.11,chromobius,09d98c1a4bdbad1081f31818c9cd3fc9b26c7f8ba2e7bed07fc897c7006a4aab,"{""d"":5,""p"":0.00011721022975334806,""r"":20}",
    258048,       772,         0,    2.16,chromobius,4989f0d435a58c6414b526784c8d241f66cae7636f6636ff42c3ad3b780a8e22,"{""d"":5,""p"":0.0003039195382313198,""r"":20}",
    377856,       478,         0,    2.15,chromobius,af34096555215c48504140605e31b928164a43da472fb376e0d4e4c6e87d4d10,"{""d"":5,""p"":0.00018873918221350977,""r"":20}",
    662528,       213,         0,    2.14,chromobius,7ea6087864137e9c07715352223914b6fbc7d063d1c8d89ac9ac0fa1d5df784e,"{""d"":5,""p"":0.0001,""r"":20}",
     21504,       477,         0,   0.565,chromobius,d73c3124e7cdc239f9221cc904a47d28035763a11fa9d077fd49e11070067bb3,"{""d"":5,""p"":0.0007880462815669912,""r"":20}",
     11264,       387,         0,   0.302,chromobius,d4c6876f4623792f189b4b501461e8edfa45795156cfe306047d61fd367582d2,"{""d"":5,""p"":0.0009236708571873865,""r"":20}",
     58368,       954,         0,    1.12,chromobius,77b88fd1fd87193cbdfb5c8c21350e9fea50b4b97cefc22287874828de88fa3a,"{""d"":5,""p"":0.0006723357536499335,""r"":20}",
     17408,       548,         0,   0.410,chromobius,d4c6876f4623792f189b4b501461e8edfa45795156cfe306047d61fd367582d2,"{""d"":5,""p"":0.0009236708571873865,""r"":20}",
     38912,       836,         0,   0.796,chromobius,d73c3124e7cdc239f9221cc904a47d28035763a11fa9d077fd49e11070067bb3,"{""d"":5,""p"":0.0007880462815669912,""r"":20}",
     24576,       728,         0,   0.580,chromobius,d4c6876f4623792f189b4b501461e8edfa45795156cfe306047d61fd367582d2,"{""d"":5,""p"":0.0009236708571873865,""r"":20}",
    142336,       596,         0,    1.33,chromobius,f50e48ff5622799a398a6477956f7993d824ff17fff44242c07ec40ebf9aea0f,"{""d"":5,""p"":0.0003562247890262444,""r"":20}",
       273,        12,         0,   0.026,chromobius,c5d6d8e716e18921b5c08fc2815eff3cf19c9a04fcbfde313d3ee946870ac693,"{""d"":5,""p"":0.001082636733874054,""r"":20}",
      1024,        49,         0,   0.029,chromobius,c5d6d8e716e18921b5c08fc2815eff3cf19c9a04fcbfde313d3ee946870ac693,"{""d"":5,""p"":0.001082636733874054,""r"":20}",
      1024,        46,         0,   0.031,chromobius,c5d6d8e716e18921b5c08fc2815eff3cf19c9a04fcbfde313d3ee946870ac693,"{""d"":5,""p"":0.001082636733874054,""r"":20}",
      1024,        55,         0,   0.029,chromobius,c5d6d8e716e18921b5c08fc2815eff3cf19c9a04fcbfde313d3ee946870ac693,"{""d"":5,""p"":0.001082636733874054,""r"":20}",
      2048,        83,         0,   0.062,chromobius,c5d6d8e716e18921b5c08fc2815eff3cf19c9a04fcbfde313d3ee946870ac693,"{""d"":5,""p"":0.001082636733874054,""r"":20}",
      2048,        88,         0,   0.058,chromobius,c5d6d8e716e18921b5c08fc2815eff3cf19c9a04fcbfde313d3ee946870ac693,"{""d"":5,""p"":0.001082636733874054,""r"":20}",
      3072,       143,         0,   0.100,chromobius,c5d6d8e716e18921b5c08fc2815eff3cf19c9a04fcbfde313d3ee946870ac693,"{""d"":5,""p"":0.001082636733874054,""r"":20}",
      4096,       194,         0,   0.132,chromobius,c5d6d8e716e18921b5c08fc2815eff3cf19c9a04fcbfde313d3ee946870ac693,"{""d"":5,""p"":0.001082636733874054,""r"":20}",
     30720,       962,         0,   0.801,chromobius,d4c6876f4623792f189b4b501461e8edfa45795156cfe306047d61fd367582d2,"{""d"":5,""p"":0.0009236708571873865,""r"":20}",
     53248,      1242,         0,    1.12,chromobius,d73c3124e7cdc239f9221cc904a47d28035763a11fa9d077fd49e11070067bb3,"{""d"":5,""p"":0.0007880462815669912,""r"":20}",
      5120,       226,         0,   0.147,chromobius,c5d6d8e716e18921b5c08fc2815eff3cf19c9a04fcbfde313d3ee946870ac693,"{""d"":5,""p"":0.001082636733874054,""r"":20}",
     87040,      1332,         0,    1.54,chromobius,77b88fd1fd87193cbdfb5c8c21350e9fea50b4b97cefc22287874828de88fa3a,"{""d"":5,""p"":0.0006723357536499335,""r"":20}",
       273,        27,         0,   0.010,chromobius,47c9c3117febeb26c477dc14ffb4374846c50e7cc8af03b2435944ca696c43c7,"{""d"":5,""p"":0.0012689610031679222,""r"":20}",
      1024,        69,         0,   0.035,chromobius,47c9c3117febeb26c477dc14ffb4374846c50e7cc8af03b2435944ca696c43c7,"{""d"":5,""p"":0.0012689610031679222,""r"":20}",
      1024,        53,         0,   0.033,chromobius,47c9c3117febeb26c477dc14ffb4374846c50e7cc8af03b2435944ca696c43c7,"{""d"":5,""p"":0.0012689610031679222,""r"":20}",
      1024,        60,         0,   0.033,chromobius,47c9c3117febeb26c477dc14ffb4374846c50e7cc8af03b2435944ca696c43c7,"{""d"":5,""p"":0.0012689610031679222,""r"":20}",
      8192,       367,         0,   0.233,chromobius,c5d6d8e716e18921b5c08fc2815eff3cf19c9a04fcbfde313d3ee946870ac693,"{""d"":5,""p"":0.001082636733874054,""r"":20}",
      2048,       115,         0,   0.066,chromobius,47c9c3117febeb26c477dc14ffb4374846c50e7cc8af03b2435944ca696c43c7,"{""d"":5,""p"":0.0012689610031679222,""r"":20}",
      2048,       115,         0,   0.067,chromobius,47c9c3117febeb26c477dc14ffb4374846c50e7cc8af03b2435944ca696c43c7,"{""d"":5,""p"":0.0012689610031679222,""r"":20}",
      3072,       247,         0,   0.106,chromobius,47c9c3117febeb26c477dc14ffb4374846c50e7cc8af03b2435944ca696c43c7,"{""d"":5,""p"":0.0012689610031679222,""r"":20}",
     10240,       463,         0,   0.290,chromobius,c5d6d8e716e18921b5c08fc2815eff3cf19c9a04fcbfde313d3ee946870ac693,"{""d"":5,""p"":0.001082636733874054,""r"":20}",
      4096,       266,         0,   0.137,chromobius,47c9c3117febeb26c477dc14ffb4374846c50e7cc8af03b2435944ca696c43c7,"{""d"":5,""p"":0.0012689610031679222,""r"":20}",
     38912,       824,         0,   0.782,chromobius,d73c3124e7cdc239f9221cc904a47d28035763a11fa9d077fd49e11070067bb3,"{""d"":5,""p"":0.0007880462815669912,""r"":20}",
      5120,       291,         0,   0.172,chromobius,47c9c3117febeb26c477dc14ffb4374846c50e7cc8af03b2435944ca696c43c7,"{""d"":5,""p"":0.0012689610031679222,""r"":20}",
       273,        29,         0,   0.012,chromobius,8dbb33eccd8ee9bfafc5e9ad23983053419d28c954c2271e252415efd9997141,"{""d"":5,""p"":0.0014873521072935117,""r"":20}",
      1024,        97,         0,   0.043,chromobius,8dbb33eccd8ee9bfafc5e9ad23983053419d28c954c2271e252415efd9997141,"{""d"":5,""p"":0.0014873521072935117,""r"":20}",
      1024,        87,         0,   0.041,chromobius,8dbb33eccd8ee9bfafc5e9ad23983053419d28c954c2271e252415efd9997141,"{""d"":5,""p"":0.0014873521072935117,""r"":20}",
      1024,        80,         0,   0.041,chromobius,8dbb33eccd8ee9bfafc5e9ad23983053419d28c954c2271e252415efd9997141,"{""d"":5,""p"":0.0014873521072935117,""r"":20}",
      6144,       420,         0,   0.214,chromobius,47c9c3117febeb26c477dc14ffb4374846c50e7cc8af03b2435944ca696c43c7,"{""d"":5,""p"":0.0012689610031679222,""r"":20}",
     14336,       617,         0,   0.417,chromobius,c5d6d8e716e18921b5c08fc2815eff3cf19c9a04fcbfde313d3ee946870ac693,"{""d"":5,""p"":0.001082636733874054,""r"":20}",
     46080,      1476,         0,    1.09,chromobius,d4c6876f4623792f189b4b501461e8edfa45795156cfe306047d61fd367582d2,"{""d"":5,""p"":0.0009236708571873865,""r"":20}",
    667648,       563,         0,    3.02,chromobius,f345024152b4d43ce854495ddea005c83a99b19842c95af6e42fe8d74ec0a841,"{""d"":5,""p"":0.00016102620275609394,""r"":20}",
      1024,       107,         0,   0.043,chromobius,8dbb33eccd8ee9bfafc5e9ad23983053419d28c954c2271e252415efd9997141,"{""d"":5,""p"":0.0014873521072935117,""r"":20}",
    764928,       500,         0,    3.01,chromobius,b676ec8e9ffca4a6f94bc0797f1bd9316479dcb02a17a0d94dae5c62f26bc814,"{""d"":5,""p"":0.00013738237958832623,""r"":20}",
    429056,       968,         0,    3.03,chromobius,6e08a0f4925d72e1e6de697d4bd39ab95c368816c86b17ae383c60906e21d8d8,"{""d"":5,""p"":0.0002592943797404667,""r"":20}",
    508928,       882,         0,    3.02,chromobius,35d86cb7a8667c5fd9cafacc3b0d9f8c40389488cbb79b7ee1a5655cf0cbdba2,"{""d"":5,""p"":0.000221221629107045,""r"":20}",
    847872,       382,         0,    3.01,chromobius,09d98c1a4bdbad1081f31818c9cd3fc9b26c7f8ba2e7bed07fc897c7006a4aab,"{""d"":5,""p"":0.00011721022975334806,""r"":20}",
       273,        31,         0,   0.015,chromobius,c6781d618e0b4993bccc877073247abfb4c92f2c1c7c3c499605e7c5b3db13a1,"{""d"":5,""p"":0.0017433288221999873,""r"":20}",
    371712,      1184,         0,    3.03,chromobius,4989f0d435a58c6414b526784c8d241f66cae7636f6636ff42c3ad3b780a8e22,"{""d"":5,""p"":0.0003039195382313198,""r"":20}",
    577536,       725,         0,    3.02,chromobius,af34096555215c48504140605e31b928164a43da472fb376e0d4e4c6e87d4d10,"{""d"":5,""p"":0.00018873918221350977,""r"":20}",
    990208,       318,         0,    3.01,chromobius,7ea6087864137e9c07715352223914b6fbc7d063d1c8d89ac9ac0fa1d5df784e,"{""d"":5,""p"":0.0001,""r"":20}",
      2048,       162,         0,   0.086,chromobius,8dbb33eccd8ee9bfafc5e9ad23983053419d28c954c2271e252415efd9997141,"{""d"":5,""p"":0.0014873521072935117,""r"":20}",
      1024,       138,         0,   0.048,chromobius,c6781d618e0b4993bccc877073247abfb4c92f2c1c7c3c499605e7c5b3db13a1,"{""d"":5,""p"":0.0017433288221999873,""r"":20}",
      1024,       108,         0,   0.049,chromobius,c6781d618e0b4993bccc877073247abfb4c92f2c1c7c3c499605e7c5b3db13a1,"{""d"":5,""p"":0.0017433288221999873,""r"":20}",
      2048,       163,         0,   0.081,chromobius,8dbb33eccd8ee9bfafc5e9ad23983053419d28c954c2271e252415efd9997141,"{""d"":5,""p"":0.0014873521072935117,""r"":20}",
      1024,       129,         0,   0.050,chromobius,c6781d618e0b4993bccc877073247abfb4c92f2c1c7c3c499605e7c5b3db13a1,"{""d"":5,""p"":0.0017433288221999873,""r"":20}",
      1024,       109,         0,   0.048,chromobius,c6781d618e0b4993bccc877073247abfb4c92f2c1c7c3c499605e7c5b3db13a1,"{""d"":5,""p"":0.0017433288221999873,""r"":20}",
     23552,        62,         0,   0.195,chromobius,4989f0d435a58c6414b526784c8d241f66cae7636f6636ff42c3ad3b780a8e22,"{""d"":5,""p"":0.0003039195382313198,""r"":20}",
      9216,       547,         0,   0.306,chromobius,47c9c3117febeb26c477dc14ffb4374846c50e7cc8af03b2435944ca696c43c7,"{""d"":5,""p"":0.0012689610031679222,""r"":20}",
      3072,       264,         0,   0.128,chromobius,8dbb33eccd8ee9bfafc5e9ad23983053419d28c954c2271e252415efd9997141,"{""d"":5,""p"":0.0014873521072935117,""r"":20}",
      1024,       126,         0,   0.067,chromobius,c6781d618e0b4993bccc877073247abfb4c92f2c1c7c3c499605e7c5b3db13a1,"{""d"":5,""p"":0.0017433288221999873,""r"":20}",
       273,        47,         0,   0.018,chromobius,5eb8133536c034f89c90e814047ade6740e7c85d54352780ca65210153013a36,"{""d"":5,""p"":0.0020433597178569417,""r"":20}",
      1024,       163,         0,   0.060,chromobius,5eb8133536c034f89c90e814047ade6740e7c85d54352780ca65210153013a36,"{""d"":5,""p"":0.0020433597178569417,""r"":20}",
      2048,       240,         0,   0.137,chromobius,c6781d618e0b4993bccc877073247abfb4c92f2c1c7c3c499605e7c5b3db13a1,"{""d"":5,""p"":0.0017433288221999873,""r"":20}",
      3072,       303,         0,   0.164,chromobius,8dbb33eccd8ee9bfafc5e9ad23983053419d28c954c2271e252415efd9997141,"{""d"":5,""p"":0.0014873521072935117,""r"":20}",
      1024,       157,         0,   0.066,chromobius,5eb8133536c034f89c90e814047ade6740e7c85d54352780ca65210153013a36,"{""d"":5,""p"":0.0020433597178569417,""r"":20}",
      1024,       169,         0,   0.058,chromobius,5eb8133536c034f89c90e814047ade6740e7c85d54352780ca65210153013a36,"{""d"":5,""p"":0.0020433597178569417,""r"":20}",
     18432,       758,         0,   0.568,chromobius,c5d6d8e716e18921b5c08fc2815eff3cf19c9a04fcbfde313d3ee946870ac693,"{""d"":5,""p"":0.001082636733874054,""r"":20}",
      1024,       143,         0,   0.059,chromobius,5eb8133536c034f89c90e814047ade6740e7c85d54352780ca65210153013a36,"{""d"":5,""p"":0.0020433597178569417,""r"":20}",
      3072,       386,         0,   0.149,chromobius,c6781d618e0b4993bccc877073247abfb4c92f2c1c7c3c499605e7c5b3db13a1,"{""d"":5,""p"":0.0017433288221999873,""r"":20}",
      1024,       145,         0,   0.061,chromobius,5eb8133536c034f89c90e814047ade6740e7c85d54352780ca65210153013a36,"{""d"":5,""p"":0.0020433597178569417,""r"":20}",
     12288,       771,         0,   0.409,chromobius,47c9c3117febeb26c477dc14ffb4374846c50e7cc8af03b2435944ca696c43c7,"{""d"":5,""p"":0.0012689610031679222,""r"":20}",
      5120,       435,         0,   0.223,chromobius,8dbb33eccd8ee9bfafc5e9ad23983053419d28c954c2271e252415efd9997141,"{""d"":5,""p"":0.0014873521072935117,""r"":20}",
      2048,       323,         0,   0.131,chromobius,5eb8133536c034f89c90e814047ade6740e7c85d54352780ca65210153013a36,"{""d"":5,""p"":0.0020433597178569417,""r"":20}",
      3072,       353,         0,   0.201,chromobius,c6781d618e0b4993bccc877073247abfb4c92f2c1c7c3c499605e7c5b3db13a1,"{""d"":5,""p"":0.0017433288221999873,""r"":20}",
      2048,       312,         0,   0.120,chromobius,5eb8133536c034f89c90e814047ade6740e7c85d54352780ca65210153013a36,"{""d"":5,""p"":0.0020433597178569417,""r"":20}",
      7168,       637,         0,   0.322,chromobius,8dbb33eccd8ee9bfafc5e9ad23983053419d28c954c2271e252415efd9997141,"{""d"":5,""p"":0.0014873521072935117,""r"":20}",
      5120,       574,         0,   0.247,chromobius,c6781d618e0b4993bccc877073247abfb4c92f2c1c7c3c499605e7c5b3db13a1,"{""d"":5,""p"":0.0017433288221999873,""r"":20}",
      3072,       506,         0,   0.174,chromobius,5eb8133536c034f89c90e814047ade6740e7c85d54352780ca65210153013a36,"{""d"":5,""p"":0.0020433597178569417,""r"":20}",
     17408,      1081,         0,   0.590,chromobius,47c9c3117febeb26c477dc14ffb4374846c50e7cc8af03b2435944ca696c43c7,"{""d"":5,""p"":0.0012689610031679222,""r"":20}",
      4096,       673,         0,   0.233,chromobius,5eb8133536c034f89c90e814047ade6740e7c85d54352780ca65210153013a36,"{""d"":5,""p"":0.0020433597178569417,""r"":20}",
     26624,      1191,         0,   0.802,chromobius,c5d6d8e716e18921b5c08fc2815eff3cf19c9a04fcbfde313d3ee946870ac693,"{""d"":5,""p"":0.001082636733874054,""r"":20}",
      6144,       746,         0,   0.291,chromobius,c6781d618e0b4993bccc877073247abfb4c92f2c1c7c3c499605e7c5b3db13a1,"{""d"":5,""p"":0.0017433288221999873,""r"":20}",
     10240,       897,         0,   0.413,chromobius,8dbb33eccd8ee9bfafc5e9ad23983053419d28c954c2271e252415efd9997141,"{""d"":5,""p"":0.0014873521072935117,""r"":20}",
      5120,       795,         0,   0.297,chromobius,5eb8133536c034f89c90e814047ade6740e7c85d54352780ca65210153013a36,"{""d"":5,""p"":0.0020433597178569417,""r"":20}",
     15360,       962,         0,   0.509,chromobius,47c9c3117febeb26c477dc14ffb4374846c50e7cc8af03b2435944ca696c43c7,"{""d"":5,""p"":0.0012689610031679222,""r"":20}",
      9216,      1111,         0,   0.443,chromobius,c6781d618e0b4993bccc877073247abfb4c92f2c1c7c3c499605e7c5b3db13a1,"{""d"":5,""p"":0.0017433288221999873,""r"":20}",
     16384,       734,         0,   0.463,chromobius,c5d6d8e716e18921b5c08fc2815eff3cf19c9a04fcbfde313d3ee946870ac693,"{""d"":5,""p"":0.001082636733874054,""r"":20}",
       273,        60,         0,   0.021,chromobius,e09f3f5c3005b55a69e5a184dbb5efb7f9055e4b33708894b4fb81b354d33690,"{""d"":5,""p"":0.002395026619987486,""r"":20}",
       273,        66,         0,   0.024,chromobius,45fc4a96dc982ac34df40a5f1a786164aa390f8cab7d7ab641e478f758f4330e,"{""d"":5,""p"":0.0028072162039411755,""r"":20}",
      1024,       230,         0,   0.069,chromobius,e09f3f5c3005b55a69e5a184dbb5efb7f9055e4b33708894b4fb81b354d33690,"{""d"":5,""p"":0.002395026619987486,""r"":20}",
      1024,       297,         0,   0.086,chromobius,45fc4a96dc982ac34df40a5f1a786164aa390f8cab7d7ab641e478f758f4330e,"{""d"":5,""p"":0.0028072162039411755,""r"":20}",
      1024,       244,         0,   0.069,chromobius,e09f3f5c3005b55a69e5a184dbb5efb7f9055e4b33708894b4fb81b354d33690,"{""d"":5,""p"":0.002395026619987486,""r"":20}",
     14336,      1235,         0,   0.570,chromobius,8dbb33eccd8ee9bfafc5e9ad23983053419d28c954c2271e252415efd9997141,"{""d"":5,""p"":0.0014873521072935117,""r"":20}",
      7168,      1106,         0,   0.420,chromobius,5eb8133536c034f89c90e814047ade6740e7c85d54352780ca65210153013a36,"{""d"":5,""p"":0.0020433597178569417,""r"":20}",
      1024,       274,         0,   0.090,chromobius,45fc4a96dc982ac34df40a5f1a786164aa390f8cab7d7ab641e478f758f4330e,"{""d"":5,""p"":0.0028072162039411755,""r"":20}",
      1024,       202,         0,   0.070,chromobius,e09f3f5c3005b55a69e5a184dbb5efb7f9055e4b33708894b4fb81b354d33690,"{""d"":5,""p"":0.002395026619987486,""r"":20}",
      1024,       210,         0,   0.070,chromobius,e09f3f5c3005b55a69e5a184dbb5efb7f9055e4b33708894b4fb81b354d33690,"{""d"":5,""p"":0.002395026619987486,""r"":20}",
      1024,       259,         0,   0.093,chromobius,45fc4a96dc982ac34df40a5f1a786164aa390f8cab7d7ab641e478f758f4330e,"{""d"":5,""p"":0.0028072162039411755,""r"":20}",
      8192,       985,         0,   0.392,chromobius,c6781d618e0b4993bccc877073247abfb4c92f2c1c7c3c499605e7c5b3db13a1,"{""d"":5,""p"":0.0017433288221999873,""r"":20}",
      1024,       217,         0,   0.070,chromobius,e09f3f5c3005b55a69e5a184dbb5efb7f9055e4b33708894b4fb81b354d33690,"{""d"":5,""p"":0.002395026619987486,""r"":20}",
      3072,       483,         0,   0.179,chromobius,5eb8133536c034f89c90e814047ade6740e7c85d54352780ca65210153013a36,"{""d"":5,""p"":0.0020433597178569417,""r"":20}",
      1024,       271,         0,   0.088,chromobius,45fc4a96dc982ac34df40a5f1a786164aa390f8cab7d7ab641e478f758f4330e,"{""d"":5,""p"":0.0028072162039411755,""r"":20}",
      6144,       516,         0,   0.241,chromobius,8dbb33eccd8ee9bfafc5e9ad23983053419d28c954c2271e252415efd9997141,"{""d"":5,""p"":0.0014873521072935117,""r"":20}",
       273,        83,         0,   0.028,chromobius,03fe0d2e0dc51d231cf54fc1137ab2f4018d0109d76ee0b275a1bc55bd22f0d8,"{""d"":5,""p"":0.0032903445623126675,""r"":20}",
       273,       116,         0,   0.034,chromobius,b001179dc89f906d93df235afe23daff5659454a9444c24f974d24680b3ab956,"{""d"":5,""p"":0.0038566204211634724,""r"":20}",
      1024,       282,         0,   0.083,chromobius,45fc4a96dc982ac34df40a5f1a786164aa390f8cab7d7ab641e478f758f4330e,"{""d"":5,""p"":0.0028072162039411755,""r"":20}",
       273,       127,         0,   0.042,chromobius,e065e100080df98973d634f950d4e214ba009f0cdd2932c466428fe3edd3da9f,"{""d"":5,""p"":0.004520353656360241,""r"":20}",
      2048,       436,         0,   0.147,chromobius,e09f3f5c3005b55a69e5a184dbb5efb7f9055e4b33708894b4fb81b354d33690,"{""d"":5,""p"":0.002395026619987486,""r"":20}",
      1024,       353,         0,   0.101,chromobius,03fe0d2e0dc51d231cf54fc1137ab2f4018d0109d76ee0b275a1bc55bd22f0d8,"{""d"":5,""p"":0.0032903445623126675,""r"":20}",
      1024,       276,         0,   0.083,chromobius,45fc4a96dc982ac34df40a5f1a786164aa390f8cab7d7ab641e478f758f4330e,"{""d"":5,""p"":0.0028072162039411755,""r"":20}",
      1024,       396,         0,   0.120,chromobius,b001179dc89f906d93df235afe23daff5659454a9444c24f974d24680b3ab956,"{""d"":5,""p"":0.0038566204211634724,""r"":20}",
      1024,       323,         0,   0.101,chromobius,03fe0d2e0dc51d231cf54fc1137ab2f4018d0109d76ee0b275a1bc55bd22f0d8,"{""d"":5,""p"":0.0032903445623126675,""r"":20}",
      1024,       430,         0,   0.149,chromobius,e065e100080df98973d634f950d4e214ba009f0cdd2932c466428fe3edd3da9f,"{""d"":5,""p"":0.004520353656360241,""r"":20}",
      2048,       442,         0,   0.143,chromobius,e09f3f5c3005b55a69e5a184dbb5efb7f9055e4b33708894b4fb81b354d33690,"{""d"":5,""p"":0.002395026619987486,""r"":20}",
      1024,       393,         0,   0.121,chromobius,b001179dc89f906d93df235afe23daff5659454a9444c24f974d24680b3ab956,"{""d"":5,""p"":0.0038566204211634724,""r"":20}",
      1024,       304,         0,   0.100,chromobius,03fe0d2e0dc51d231cf54fc1137ab2f4018d0109d76ee0b275a1bc55bd22f0d8,"{""d"":5,""p"":0.0032903445623126675,""r"":20}",
      2048,       561,         0,   0.168,chromobius,45fc4a96dc982ac34df40a5f1a786164aa390f8cab7d7ab641e478f758f4330e,"{""d"":5,""p"":0.0028072162039411755,""r"":20}",
      1024,       433,         0,   0.144,chromobius,e065e100080df98973d634f950d4e214ba009f0cdd2932c466428fe3edd3da9f,"{""d"":5,""p"":0.004520353656360241,""r"":20}",
      1024,       393,         0,   0.124,chromobius,b001179dc89f906d93df235afe23daff5659454a9444c24f974d24680b3ab956,"{""d"":5,""p"":0.0038566204211634724,""r"":20}",
      1024,       321,         0,   0.098,chromobius,03fe0d2e0dc51d231cf54fc1137ab2f4018d0109d76ee0b275a1bc55bd22f0d8,"{""d"":5,""p"":0.0032903445623126675,""r"":20}",
    379904,       887,         0,    2.63,chromobius,6e08a0f4925d72e1e6de697d4bd39ab95c368816c86b17ae383c60906e21d8d8,"{""d"":5,""p"":0.0002592943797404667,""r"":20}",
      3072,       634,         0,   0.212,chromobius,e09f3f5c3005b55a69e5a184dbb5efb7f9055e4b33708894b4fb81b354d33690,"{""d"":5,""p"":0.002395026619987486,""r"":20}",
      2048,       575,         0,   0.172,chromobius,45fc4a96dc982ac34df40a5f1a786164aa390f8cab7d7ab641e478f758f4330e,"{""d"":5,""p"":0.0028072162039411755,""r"":20}",
      1024,       331,         0,   0.098,chromobius,03fe0d2e0dc51d231cf54fc1137ab2f4018d0109d76ee0b275a1bc55bd22f0d8,"{""d"":5,""p"":0.0032903445623126675,""r"":20}",
      1024,       371,         0,   0.121,chromobius,b001179dc89f906d93df235afe23daff5659454a9444c24f974d24680b3ab956,"{""d"":5,""p"":0.0038566204211634724,""r"":20}",
      1024,       458,         0,   0.145,chromobius,e065e100080df98973d634f950d4e214ba009f0cdd2932c466428fe3edd3da9f,"{""d"":5,""p"":0.004520353656360241,""r"":20}",
       273,       125,         0,   0.053,chromobius,5353db0b68a0705f427b4078539592470b9465500739b52dd89fac8d2b79745a,"{""d"":5,""p"":0.005298316906283708,""r"":20}",
      1024,       344,         0,   0.100,chromobius,03fe0d2e0dc51d231cf54fc1137ab2f4018d0109d76ee0b275a1bc55bd22f0d8,"{""d"":5,""p"":0.0032903445623126675,""r"":20}",
      1024,       404,         0,   0.124,chromobius,b001179dc89f906d93df235afe23daff5659454a9444c24f974d24680b3ab956,"{""d"":5,""p"":0.0038566204211634724,""r"":20}",
      1024,       464,         0,   0.143,chromobius,e065e100080df98973d634f950d4e214ba009f0cdd2932c466428fe3edd3da9f,"{""d"":5,""p"":0.004520353656360241,""r"":20}",
      3072,       626,         0,   0.212,chromobius,e09f3f5c3005b55a69e5a184dbb5efb7f9055e4b33708894b4fb81b354d33690,"{""d"":5,""p"":0.002395026619987486,""r"":20}",
      3072,       827,         0,   0.245,chromobius,45fc4a96dc982ac34df40a5f1a786164aa390f8cab7d7ab641e478f758f4330e,"{""d"":5,""p"":0.0028072162039411755,""r"":20}",
      1024,       498,         0,   0.175,chromobius,5353db0b68a0705f427b4078539592470b9465500739b52dd89fac8d2b79745a,"{""d"":5,""p"":0.005298316906283708,""r"":20}",
      1024,       416,         0,   0.120,chromobius,b001179dc89f906d93df235afe23daff5659454a9444c24f974d24680b3ab956,"{""d"":5,""p"":0.0038566204211634724,""r"":20}",
      2048,       650,         0,   0.199,chromobius,03fe0d2e0dc51d231cf54fc1137ab2f4018d0109d76ee0b275a1bc55bd22f0d8,"{""d"":5,""p"":0.0032903445623126675,""r"":20}",
      1024,       448,         0,   0.145,chromobius,e065e100080df98973d634f950d4e214ba009f0cdd2932c466428fe3edd3da9f,"{""d"":5,""p"":0.004520353656360241,""r"":20}",
      1024,       381,         0,   0.120,chromobius,b001179dc89f906d93df235afe23daff5659454a9444c24f974d24680b3ab956,"{""d"":5,""p"":0.0038566204211634724,""r"":20}",
      1024,       485,         0,   0.174,chromobius,5353db0b68a0705f427b4078539592470b9465500739b52dd89fac8d2b79745a,"{""d"":5,""p"":0.005298316906283708,""r"":20}",
      1024,       435,         0,   0.142,chromobius,e065e100080df98973d634f950d4e214ba009f0cdd2932c466428fe3edd3da9f,"{""d"":5,""p"":0.004520353656360241,""r"":20}",
      2048,       684,         0,   0.200,chromobius,03fe0d2e0dc51d231cf54fc1137ab2f4018d0109d76ee0b275a1bc55bd22f0d8,"{""d"":5,""p"":0.0032903445623126675,""r"":20}",
      5120,      1050,         0,   0.348,chromobius,e09f3f5c3005b55a69e5a184dbb5efb7f9055e4b33708894b4fb81b354d33690,"{""d"":5,""p"":0.002395026619987486,""r"":20}",
      4096,      1045,         0,   0.340,chromobius,45fc4a96dc982ac34df40a5f1a786164aa390f8cab7d7ab641e478f758f4330e,"{""d"":5,""p"":0.0028072162039411755,""r"":20}",
      1024,       504,         0,   0.168,chromobius,5353db0b68a0705f427b4078539592470b9465500739b52dd89fac8d2b79745a,"{""d"":5,""p"":0.005298316906283708,""r"":20}",
      1024,       431,         0,   0.143,chromobius,e065e100080df98973d634f950d4e214ba009f0cdd2932c466428fe3edd3da9f,"{""d"":5,""p"":0.004520353656360241,""r"":20}",
      2048,       812,         0,   0.237,chromobius,b001179dc89f906d93df235afe23daff5659454a9444c24f974d24680b3ab956,"{""d"":5,""p"":0.0038566204211634724,""r"":20}",
      2048,       507,         0,   0.168,chromobius,45fc4a96dc982ac34df40a5f1a786164aa390f8cab7d7ab641e478f758f4330e,"{""d"":5,""p"":0.0028072162039411755,""r"":20}",
      1024,       481,         0,   0.168,chromobius,5353db0b68a0705f427b4078539592470b9465500739b52dd89fac8d2b79745a,"{""d"":5,""p"":0.005298316906283708,""r"":20}",
      4096,       850,         0,   0.283,chromobius,e09f3f5c3005b55a69e5a184dbb5efb7f9055e4b33708894b4fb81b354d33690,"{""d"":5,""p"":0.002395026619987486,""r"":20}",
      3072,      1011,         0,   0.321,chromobius,03fe0d2e0dc51d231cf54fc1137ab2f4018d0109d76ee0b275a1bc55bd22f0d8,"{""d"":5,""p"":0.0032903445623126675,""r"":20}",
      2048,       958,         0,   0.284,chromobius,e065e100080df98973d634f950d4e214ba009f0cdd2932c466428fe3edd3da9f,"{""d"":5,""p"":0.004520353656360241,""r"":20}",
      2048,       802,         0,   0.262,chromobius,b001179dc89f906d93df235afe23daff5659454a9444c24f974d24680b3ab956,"{""d"":5,""p"":0.0038566204211634724,""r"":20}",
       273,       137,         0,   0.078,chromobius,c29dc80e8d09bab9aa9554d74266fd74f0eed398b89eb5a761712341a79e6fa3,"{""d"":5,""p"":0.006210169418915616,""r"":20}",
      1024,       487,         0,   0.175,chromobius,5353db0b68a0705f427b4078539592470b9465500739b52dd89fac8d2b79745a,"{""d"":5,""p"":0.005298316906283708,""r"":20}",
       273,       143,         0,   0.079,chromobius,03064b146f7cb0dcb6aa4f386416ecaa5047172fe251560699b256b1b7eb3bc6,"{""d"":5,""p"":0.007278953843983146,""r"":20}",
      2048,       660,         0,   0.202,chromobius,03fe0d2e0dc51d231cf54fc1137ab2f4018d0109d76ee0b275a1bc55bd22f0d8,"{""d"":5,""p"":0.0032903445623126675,""r"":20}",
      1024,       478,         0,   0.177,chromobius,5353db0b68a0705f427b4078539592470b9465500739b52dd89fac8d2b79745a,"{""d"":5,""p"":0.005298316906283708,""r"":20}",
      1024,       483,         0,   0.206,chromobius,c29dc80e8d09bab9aa9554d74266fd74f0eed398b89eb5a761712341a79e6fa3,"{""d"":5,""p"":0.006210169418915616,""r"":20}",
      2048,       779,         0,   0.252,chromobius,b001179dc89f906d93df235afe23daff5659454a9444c24f974d24680b3ab956,"{""d"":5,""p"":0.0038566204211634724,""r"":20}",
      2048,       795,         0,   0.288,chromobius,e065e100080df98973d634f950d4e214ba009f0cdd2932c466428fe3edd3da9f,"{""d"":5,""p"":0.004520353656360241,""r"":20}",
       273,       139,         0,   0.101,chromobius,cd47c784d3fd94396e133934ce418175fff0ea51d18a7ca2d6f56d164714847f,"{""d"":5,""p"":0.008531678524172805,""r"":20}",
      1024,       506,         0,   0.238,chromobius,03064b146f7cb0dcb6aa4f386416ecaa5047172fe251560699b256b1b7eb3bc6,"{""d"":5,""p"":0.007278953843983146,""r"":20}",
       273,       134,         0,   0.086,chromobius,857d86fccf1dd3378b1aadb1751f0ab5d8a9e0d50776f26bcb6424bf0ff354d2,"{""d"":5,""p"":0.01,""r"":20}",
      1024,       482,         0,   0.177,chromobius,5353db0b68a0705f427b4078539592470b9465500739b52dd89fac8d2b79745a,"{""d"":5,""p"":0.005298316906283708,""r"":20}",
      1024,       513,         0,   0.202,chromobius,c29dc80e8d09bab9aa9554d74266fd74f0eed398b89eb5a761712341a79e6fa3,"{""d"":5,""p"":0.006210169418915616,""r"":20}",
      1024,       450,         0,   0.143,chromobius,e065e100080df98973d634f950d4e214ba009f0cdd2932c466428fe3edd3da9f,"{""d"":5,""p"":0.004520353656360241,""r"":20}",
      1024,       499,         0,   0.238,chromobius,03064b146f7cb0dcb6aa4f386416ecaa5047172fe251560699b256b1b7eb3bc6,"{""d"":5,""p"":0.007278953843983146,""r"":20}",
      1297,         0,         0,   0.015,chromobius,e8342f5be1391c306b8465d59ca9b9825cb1b40ebaaf59f55e25c4971cbbee58,"{""d"":7,""p"":0.0001,""r"":28}",
      1024,       490,         0,   0.176,chromobius,5353db0b68a0705f427b4078539592470b9465500739b52dd89fac8d2b79745a,"{""d"":5,""p"":0.005298316906283708,""r"":20}",
      2048,         0,         0,   0.020,chromobius,e8342f5be1391c306b8465d59ca9b9825cb1b40ebaaf59f55e25c4971cbbee58,"{""d"":7,""p"":0.0001,""r"":28}",
      1024,       495,         0,   0.277,chromobius,cd47c784d3fd94396e133934ce418175fff0ea51d18a7ca2d6f56d164714847f,"{""d"":5,""p"":0.008531678524172805,""r"":20}",
      2048,         0,         0,   0.021,chromobius,e8342f5be1391c306b8465d59ca9b9825cb1b40ebaaf59f55e25c4971cbbee58,"{""d"":7,""p"":0.0001,""r"":28}",
      3072,         0,         0,   0.028,chromobius,e8342f5be1391c306b8465d59ca9b9825cb1b40ebaaf59f55e25c4971cbbee58,"{""d"":7,""p"":0.0001,""r"":28}",
      1024,       492,         0,   0.202,chromobius,c29dc80e8d09bab9aa9554d74266fd74f0eed398b89eb5a761712341a79e6fa3,"{""d"":5,""p"":0.006210169418915616,""r"":20}",
    936960,       790,         0,    4.22,chromobius,f345024152b4d43ce854495ddea005c83a99b19842c95af6e42fe8d74ec0a841,"{""d"":5,""p"":0.00016102620275609394,""r"":20}",
   1060864,       699,         0,    4.22,chromobius,b676ec8e9ffca4a6f94bc0797f1bd9316479dcb02a17a0d94dae5c62f26bc814,"{""d"":5,""p"":0.00013738237958832623,""r"":20}",
      4096,         0,         0,   0.041,chromobius,e8342f5be1391c306b8465d59ca9b9825cb1b40ebaaf59f55e25c4971cbbee58,"{""d"":7,""p"":0.0001,""r"":28}",
    712704,      1261,         0,    4.23,chromobius,35d86cb7a8667c5fd9cafacc3b0d9f8c40389488cbb79b7ee1a5655cf0cbdba2,"{""d"":5,""p"":0.000221221629107045,""r"":20}",
   1177600,       580,         0,    4.21,chromobius,09d98c1a4bdbad1081f31818c9cd3fc9b26c7f8ba2e7bed07fc897c7006a4aab,"{""d"":5,""p"":0.00011721022975334806,""r"":20}",
    799744,       945,         0,    4.22,chromobius,af34096555215c48504140605e31b928164a43da472fb376e0d4e4c6e87d4d10,"{""d"":5,""p"":0.00018873918221350977,""r"":20}",
      1024,       529,         0,   0.324,chromobius,857d86fccf1dd3378b1aadb1751f0ab5d8a9e0d50776f26bcb6424bf0ff354d2,"{""d"":5,""p"":0.01,""r"":20}",
   1370112,       416,         0,    4.21,chromobius,7ea6087864137e9c07715352223914b6fbc7d063d1c8d89ac9ac0fa1d5df784e,"{""d"":5,""p"":0.0001,""r"":20}",
      6144,         0,         0,   0.059,chromobius,e8342f5be1391c306b8465d59ca9b9825cb1b40ebaaf59f55e25c4971cbbee58,"{""d"":7,""p"":0.0001,""r"":28}",
      1024,       512,         0,   0.246,chromobius,03064b146f7cb0dcb6aa4f386416ecaa5047172fe251560699b256b1b7eb3bc6,"{""d"":5,""p"":0.007278953843983146,""r"":20}",
      8192,         0,         0,   0.080,chromobius,e8342f5be1391c306b8465d59ca9b9825cb1b40ebaaf59f55e25c4971cbbee58,"{""d"":7,""p"":0.0001,""r"":28}",
      1024,       509,         0,   0.198,chromobius,c29dc80e8d09bab9aa9554d74266fd74f0eed398b89eb5a761712341a79e6fa3,"{""d"":5,""p"":0.006210169418915616,""r"":20}",
      1024,       493,         0,   0.276,chromobius,cd47c784d3fd94396e133934ce418175fff0ea51d18a7ca2d6f56d164714847f,"{""d"":5,""p"":0.008531678524172805,""r"":20}",
     11264,         0,         0,   0.106,chromobius,e8342f5be1391c306b8465d59ca9b9825cb1b40ebaaf59f55e25c4971cbbee58,"{""d"":7,""p"":0.0001,""r"":28}",
      2048,       942,         0,   0.344,chromobius,5353db0b68a0705f427b4078539592470b9465500739b52dd89fac8d2b79745a,"{""d"":5,""p"":0.005298316906283708,""r"":20}",
      1024,       508,         0,   0.311,chromobius,857d86fccf1dd3378b1aadb1751f0ab5d8a9e0d50776f26bcb6424bf0ff354d2,"{""d"":5,""p"":0.01,""r"":20}",
      1024,       533,         0,   0.237,chromobius,03064b146f7cb0dcb6aa4f386416ecaa5047172fe251560699b256b1b7eb3bc6,"{""d"":5,""p"":0.007278953843983146,""r"":20}",
      1024,       533,         0,   0.203,chromobius,c29dc80e8d09bab9aa9554d74266fd74f0eed398b89eb5a761712341a79e6fa3,"{""d"":5,""p"":0.006210169418915616,""r"":20}",
     16384,         1,         0,   0.153,chromobius,e8342f5be1391c306b8465d59ca9b9825cb1b40ebaaf59f55e25c4971cbbee58,"{""d"":7,""p"":0.0001,""r"":28}",
      1024,       501,         0,   0.172,chromobius,5353db0b68a0705f427b4078539592470b9465500739b52dd89fac8d2b79745a,"{""d"":5,""p"":0.005298316906283708,""r"":20}",
      1024,       483,         0,   0.279,chromobius,cd47c784d3fd94396e133934ce418175fff0ea51d18a7ca2d6f56d164714847f,"{""d"":5,""p"":0.008531678524172805,""r"":20}",
      1297,         0,         0,   0.017,chromobius,e7574c1340652745773b6f169ee4148e07ec9ca212801a7b671b7b3418062999,"{""d"":7,""p"":0.00011721022975334806,""r"":28}",
      1024,       496,         0,   0.201,chromobius,c29dc80e8d09bab9aa9554d74266fd74f0eed398b89eb5a761712341a79e6fa3,"{""d"":5,""p"":0.006210169418915616,""r"":20}",
      2048,         0,         0,   0.023,chromobius,e7574c1340652745773b6f169ee4148e07ec9ca212801a7b671b7b3418062999,"{""d"":7,""p"":0.00011721022975334806,""r"":28}",
      2048,         0,         0,   0.023,chromobius,e7574c1340652745773b6f169ee4148e07ec9ca212801a7b671b7b3418062999,"{""d"":7,""p"":0.00011721022975334806,""r"":28}",
      1024,       512,         0,   0.239,chromobius,03064b146f7cb0dcb6aa4f386416ecaa5047172fe251560699b256b1b7eb3bc6,"{""d"":5,""p"":0.007278953843983146,""r"":20}",
     21504,         1,         0,   0.212,chromobius,e8342f5be1391c306b8465d59ca9b9825cb1b40ebaaf59f55e25c4971cbbee58,"{""d"":7,""p"":0.0001,""r"":28}",
      3072,         1,         0,   0.037,chromobius,e7574c1340652745773b6f169ee4148e07ec9ca212801a7b671b7b3418062999,"{""d"":7,""p"":0.00011721022975334806,""r"":28}",
      1024,       506,         0,   0.316,chromobius,857d86fccf1dd3378b1aadb1751f0ab5d8a9e0d50776f26bcb6424bf0ff354d2,"{""d"":5,""p"":0.01,""r"":20}",
      4096,         0,         0,   0.047,chromobius,e7574c1340652745773b6f169ee4148e07ec9ca212801a7b671b7b3418062999,"{""d"":7,""p"":0.00011721022975334806,""r"":28}",
      5120,         1,         0,   0.056,chromobius,e7574c1340652745773b6f169ee4148e07ec9ca212801a7b671b7b3418062999,"{""d"":7,""p"":0.00011721022975334806,""r"":28}",
      1024,       500,         0,   0.275,chromobius,cd47c784d3fd94396e133934ce418175fff0ea51d18a7ca2d6f56d164714847f,"{""d"":5,""p"":0.008531678524172805,""r"":20}",
      1024,       519,         0,   0.202,chromobius,c29dc80e8d09bab9aa9554d74266fd74f0eed398b89eb5a761712341a79e6fa3,"{""d"":5,""p"":0.006210169418915616,""r"":20}",
      7168,         0,         0,   0.083,chromobius,e7574c1340652745773b6f169ee4148e07ec9ca212801a7b671b7b3418062999,"{""d"":7,""p"":0.00011721022975334806,""r"":28}",
      1024,       516,         0,   0.245,chromobius,03064b146f7cb0dcb6aa4f386416ecaa5047172fe251560699b256b1b7eb3bc6,"{""d"":5,""p"":0.007278953843983146,""r"":20}",
     29696,         1,         0,   0.292,chromobius,e8342f5be1391c306b8465d59ca9b9825cb1b40ebaaf59f55e25c4971cbbee58,"{""d"":7,""p"":0.0001,""r"":28}",
     10240,         1,         0,   0.112,chromobius,e7574c1340652745773b6f169ee4148e07ec9ca212801a7b671b7b3418062999,"{""d"":7,""p"":0.00011721022975334806,""r"":28}",
    156672,       268,         0,   0.937,chromobius,35d86cb7a8667c5fd9cafacc3b0d9f8c40389488cbb79b7ee1a5655cf0cbdba2,"{""d"":5,""p"":0.000221221629107045,""r"":20}",
      1024,       491,         0,   0.203,chromobius,c29dc80e8d09bab9aa9554d74266fd74f0eed398b89eb5a761712341a79e6fa3,"{""d"":5,""p"":0.006210169418915616,""r"":20}",
      1024,       520,         0,   0.321,chromobius,857d86fccf1dd3378b1aadb1751f0ab5d8a9e0d50776f26bcb6424bf0ff354d2,"{""d"":5,""p"":0.01,""r"":20}",
      1024,       528,         0,   0.279,chromobius,cd47c784d3fd94396e133934ce418175fff0ea51d18a7ca2d6f56d164714847f,"{""d"":5,""p"":0.008531678524172805,""r"":20}",
      1024,       520,         0,   0.239,chromobius,03064b146f7cb0dcb6aa4f386416ecaa5047172fe251560699b256b1b7eb3bc6,"{""d"":5,""p"":0.007278953843983146,""r"":20}",
     13312,         0,         0,   0.153,chromobius,e7574c1340652745773b6f169ee4148e07ec9ca212801a7b671b7b3418062999,"{""d"":7,""p"":0.00011721022975334806,""r"":28}",
      1297,         1,         0,   0.019,chromobius,b4b89979ae3843eb75e074a6c80ebd4b02366590e9eeeaa25916ac046458c8d0,"{""d"":7,""p"":0.00013738237958832623,""r"":28}",
      2048,         0,         0,   0.027,chromobius,b4b89979ae3843eb75e074a6c80ebd4b02366590e9eeeaa25916ac046458c8d0,"{""d"":7,""p"":0.00013738237958832623,""r"":28}",
      2048,         0,         0,   0.028,chromobius,b4b89979ae3843eb75e074a6c80ebd4b02366590e9eeeaa25916ac046458c8d0,"{""d"":7,""p"":0.00013738237958832623,""r"":28}",
      3072,         0,         0,   0.039,chromobius,b4b89979ae3843eb75e074a6c80ebd4b02366590e9eeeaa25916ac046458c8d0,"{""d"":7,""p"":0.00013738237958832623,""r"":28}",
      3072,         0,         0,   0.040,chromobius,b4b89979ae3843eb75e074a6c80ebd4b02366590e9eeeaa25916ac046458c8d0,"{""d"":7,""p"":0.00013738237958832623,""r"":28}",
      5120,         1,         0,   0.065,chromobius,b4b89979ae3843eb75e074a6c80ebd4b02366590e9eeeaa25916ac046458c8d0,"{""d"":7,""p"":0.00013738237958832623,""r"":28}",
     17408,         1,         0,   0.207,chromobius,e7574c1340652745773b6f169ee4148e07ec9ca212801a7b671b7b3418062999,"{""d"":7,""p"":0.00011721022975334806,""r"":28}",
      1024,       506,         0,   0.285,chromobius,cd47c784d3fd94396e133934ce418175fff0ea51d18a7ca2d6f56d164714847f,"{""d"":5,""p"":0.008531678524172805,""r"":20}",
      1024,       536,         0,   0.320,chromobius,857d86fccf1dd3378b1aadb1751f0ab5d8a9e0d50776f26bcb6424bf0ff354d2,"{""d"":5,""p"":0.01,""r"":20}",
     40960,         0,         0,   0.410,chromobius,e8342f5be1391c306b8465d59ca9b9825cb1b40ebaaf59f55e25c4971cbbee58,"{""d"":7,""p"":0.0001,""r"":28}",
      1024,       507,         0,   0.239,chromobius,03064b146f7cb0dcb6aa4f386416ecaa5047172fe251560699b256b1b7eb3bc6,"{""d"":5,""p"":0.007278953843983146,""r"":20}",
      6144,         1,         0,   0.081,chromobius,b4b89979ae3843eb75e074a6c80ebd4b02366590e9eeeaa25916ac046458c8d0,"{""d"":7,""p"":0.00013738237958832623,""r"":28}",
      2048,       980,         0,   0.406,chromobius,c29dc80e8d09bab9aa9554d74266fd74f0eed398b89eb5a761712341a79e6fa3,"{""d"":5,""p"":0.006210169418915616,""r"":20}",
      8192,         1,         0,   0.114,chromobius,b4b89979ae3843eb75e074a6c80ebd4b02366590e9eeeaa25916ac046458c8d0,"{""d"":7,""p"":0.00013738237958832623,""r"":28}",
      1297,         0,         0,   0.022,chromobius,c7e57744a557c8c45c323d8203d5443ab612cb960a0ad8e327e4b9e3989d1700,"{""d"":7,""p"":0.00016102620275609394,""r"":28}",
      1024,         0,         0,   0.016,chromobius,c7e57744a557c8c45c323d8203d5443ab612cb960a0ad8e327e4b9e3989d1700,"{""d"":7,""p"":0.00016102620275609394,""r"":28}",
      2048,         0,         0,   0.030,chromobius,c7e57744a557c8c45c323d8203d5443ab612cb960a0ad8e327e4b9e3989d1700,"{""d"":7,""p"":0.00016102620275609394,""r"":28}",
      1024,       518,         0,   0.236,chromobius,03064b146f7cb0dcb6aa4f386416ecaa5047172fe251560699b256b1b7eb3bc6,"{""d"":5,""p"":0.007278953843983146,""r"":20}",
      2048,         1,         0,   0.030,chromobius,c7e57744a557c8c45c323d8203d5443ab612cb960a0ad8e327e4b9e3989d1700,"{""d"":7,""p"":0.00016102620275609394,""r"":28}",
     23552,         0,         0,   0.292,chromobius,e7574c1340652745773b6f169ee4148e07ec9ca212801a7b671b7b3418062999,"{""d"":7,""p"":0.00011721022975334806,""r"":28}",
      1024,       505,         0,   0.280,chromobius,cd47c784d3fd94396e133934ce418175fff0ea51d18a7ca2d6f56d164714847f,"{""d"":5,""p"":0.008531678524172805,""r"":20}",
      3072,         0,         0,   0.046,chromobius,c7e57744a557c8c45c323d8203d5443ab612cb960a0ad8e327e4b9e3989d1700,"{""d"":7,""p"":0.00016102620275609394,""r"":28}",
     11264,         2,         0,   0.149,chromobius,b4b89979ae3843eb75e074a6c80ebd4b02366590e9eeeaa25916ac046458c8d0,"{""d"":7,""p"":0.00013738237958832623,""r"":28}",
      1024,       514,         0,   0.323,chromobius,857d86fccf1dd3378b1aadb1751f0ab5d8a9e0d50776f26bcb6424bf0ff354d2,"{""d"":5,""p"":0.01,""r"":20}",
      4096,         1,         0,   0.061,chromobius,c7e57744a557c8c45c323d8203d5443ab612cb960a0ad8e327e4b9e3989d1700,"{""d"":7,""p"":0.00016102620275609394,""r"":28}",
      5120,         2,         0,   0.078,chromobius,c7e57744a557c8c45c323d8203d5443ab612cb960a0ad8e327e4b9e3989d1700,"{""d"":7,""p"":0.00016102620275609394,""r"":28}",
      1024,       508,         0,   0.242,chromobius,03064b146f7cb0dcb6aa4f386416ecaa5047172fe251560699b256b1b7eb3bc6,"{""d"":5,""p"":0.007278953843983146,""r"":20}",
     14336,         4,         0,   0.213,chromobius,b4b89979ae3843eb75e074a6c80ebd4b02366590e9eeeaa25916ac046458c8d0,"{""d"":7,""p"":0.00013738237958832623,""r"":28}",
      1024,       518,         0,   0.277,chromobius,cd47c784d3fd94396e133934ce418175fff0ea51d18a7ca2d6f56d164714847f,"{""d"":5,""p"":0.008531678524172805,""r"":20}",
      7168,         3,         0,   0.116,chromobius,c7e57744a557c8c45c323d8203d5443ab612cb960a0ad8e327e4b9e3989d1700,"{""d"":7,""p"":0.00016102620275609394,""r"":28}",
     53248,         2,         0,   0.563,chromobius,e8342f5be1391c306b8465d59ca9b9825cb1b40ebaaf59f55e25c4971cbbee58,"{""d"":7,""p"":0.0001,""r"":28}",
      1297,         1,         0,   0.026,chromobius,fc292fcb2cf2a6fafc2b551652fb5ee8d65c9e7b1e2364e64f5ee3d07c8a3ce7,"{""d"":7,""p"":0.00018873918221350977,""r"":28}",
      1024,       497,         0,   0.326,chromobius,857d86fccf1dd3378b1aadb1751f0ab5d8a9e0d50776f26bcb6424bf0ff354d2,"{""d"":5,""p"":0.01,""r"":20}",
      1024,         0,         0,   0.019,chromobius,fc292fcb2cf2a6fafc2b551652fb5ee8d65c9e7b1e2364e64f5ee3d07c8a3ce7,"{""d"":7,""p"":0.00018873918221350977,""r"":28}",
      1024,         0,         0,   0.025,chromobius,fc292fcb2cf2a6fafc2b551652fb5ee8d65c9e7b1e2364e64f5ee3d07c8a3ce7,"{""d"":7,""p"":0.00018873918221350977,""r"":28}",
     31744,         0,         0,   0.408,chromobius,e7574c1340652745773b6f169ee4148e07ec9ca212801a7b671b7b3418062999,"{""d"":7,""p"":0.00011721022975334806,""r"":28}",
      2048,         0,         0,   0.037,chromobius,fc292fcb2cf2a6fafc2b551652fb5ee8d65c9e7b1e2364e64f5ee3d07c8a3ce7,"{""d"":7,""p"":0.00018873918221350977,""r"":28}",
     10240,         1,         0,   0.158,chromobius,c7e57744a557c8c45c323d8203d5443ab612cb960a0ad8e327e4b9e3989d1700,"{""d"":7,""p"":0.00016102620275609394,""r"":28}",
      3072,         0,         0,   0.053,chromobius,fc292fcb2cf2a6fafc2b551652fb5ee8d65c9e7b1e2364e64f5ee3d07c8a3ce7,"{""d"":7,""p"":0.00018873918221350977,""r"":28}",
      3072,         1,         0,   0.055,chromobius,fc292fcb2cf2a6fafc2b551652fb5ee8d65c9e7b1e2364e64f5ee3d07c8a3ce7,"{""d"":7,""p"":0.00018873918221350977,""r"":28}",
      1024,       509,         0,   0.285,chromobius,cd47c784d3fd94396e133934ce418175fff0ea51d18a7ca2d6f56d164714847f,"{""d"":5,""p"":0.008531678524172805,""r"":20}",
     20480,         0,         0,   0.300,chromobius,b4b89979ae3843eb75e074a6c80ebd4b02366590e9eeeaa25916ac046458c8d0,"{""d"":7,""p"":0.00013738237958832623,""r"":28}",
      4096,         0,         0,   0.075,chromobius,fc292fcb2cf2a6fafc2b551652fb5ee8d65c9e7b1e2364e64f5ee3d07c8a3ce7,"{""d"":7,""p"":0.00018873918221350977,""r"":28}",
     14336,         0,         0,   0.221,chromobius,c7e57744a557c8c45c323d8203d5443ab612cb960a0ad8e327e4b9e3989d1700,"{""d"":7,""p"":0.00016102620275609394,""r"":28}",
      1024,       520,         0,   0.329,chromobius,857d86fccf1dd3378b1aadb1751f0ab5d8a9e0d50776f26bcb6424bf0ff354d2,"{""d"":5,""p"":0.01,""r"":20}",
      6144,         0,         0,   0.108,chromobius,fc292fcb2cf2a6fafc2b551652fb5ee8d65c9e7b1e2364e64f5ee3d07c8a3ce7,"{""d"":7,""p"":0.00018873918221350977,""r"":28}",
      1024,       517,         0,   0.284,chromobius,cd47c784d3fd94396e133934ce418175fff0ea51d18a7ca2d6f56d164714847f,"{""d"":5,""p"":0.008531678524172805,""r"":20}",
      9216,         3,         0,   0.165,chromobius,fc292fcb2cf2a6fafc2b551652fb5ee8d65c9e7b1e2364e64f5ee3d07c8a3ce7,"{""d"":7,""p"":0.00018873918221350977,""r"":28}",
     18432,         5,         0,   0.290,chromobius,c7e57744a557c8c45c323d8203d5443ab612cb960a0ad8e327e4b9e3989d1700,"{""d"":7,""p"":0.00016102620275609394,""r"":28}",
     29696,         4,         0,   0.413,chromobius,b4b89979ae3843eb75e074a6c80ebd4b02366590e9eeeaa25916ac046458c8d0,"{""d"":7,""p"":0.00013738237958832623,""r"":28}",
     44032,         4,         0,   0.568,chromobius,e7574c1340652745773b6f169ee4148e07ec9ca212801a7b671b7b3418062999,"{""d"":7,""p"":0.00011721022975334806,""r"":28}",
      1297,         1,         0,   0.033,chromobius,76d7c010c2dee0a8821a68e140a8ff061e923abf9d7528e5d68be9e1fb2c622d,"{""d"":7,""p"":0.000221221629107045,""r"":28}",
      1024,         0,         0,   0.025,chromobius,76d7c010c2dee0a8821a68e140a8ff061e923abf9d7528e5d68be9e1fb2c622d,"{""d"":7,""p"":0.000221221629107045,""r"":28}",
      1024,       521,         0,   0.325,chromobius,857d86fccf1dd3378b1aadb1751f0ab5d8a9e0d50776f26bcb6424bf0ff354d2,"{""d"":5,""p"":0.01,""r"":20}",
      1024,         0,         0,   0.026,chromobius,76d7c010c2dee0a8821a68e140a8ff061e923abf9d7528e5d68be9e1fb2c622d,"{""d"":7,""p"":0.000221221629107045,""r"":28}",
      2048,         1,         0,   0.045,chromobius,76d7c010c2dee0a8821a68e140a8ff061e923abf9d7528e5d68be9e1fb2c622d,"{""d"":7,""p"":0.000221221629107045,""r"":28}",
     72704,         3,         0,   0.788,chromobius,e8342f5be1391c306b8465d59ca9b9825cb1b40ebaaf59f55e25c4971cbbee58,"{""d"":7,""p"":0.0001,""r"":28}",
     11264,         2,         0,   0.206,chromobius,fc292fcb2cf2a6fafc2b551652fb5ee8d65c9e7b1e2364e64f5ee3d07c8a3ce7,"{""d"":7,""p"":0.00018873918221350977,""r"":28}",
      2048,         1,         0,   0.046,chromobius,76d7c010c2dee0a8821a68e140a8ff061e923abf9d7528e5d68be9e1fb2c622d,"{""d"":7,""p"":0.000221221629107045,""r"":28}",
      3072,         0,         0,   0.072,chromobius,76d7c010c2dee0a8821a68e140a8ff061e923abf9d7528e5d68be9e1fb2c622d,"{""d"":7,""p"":0.000221221629107045,""r"":28}",
      4096,         0,         0,   0.097,chromobius,76d7c010c2dee0a8821a68e140a8ff061e923abf9d7528e5d68be9e1fb2c622d,"{""d"":7,""p"":0.000221221629107045,""r"":28}",
      1024,       525,         0,   0.318,chromobius,857d86fccf1dd3378b1aadb1751f0ab5d8a9e0d50776f26bcb6424bf0ff354d2,"{""d"":5,""p"":0.01,""r"":20}",
     26624,         2,         0,   0.417,chromobius,c7e57744a557c8c45c323d8203d5443ab612cb960a0ad8e327e4b9e3989d1700,"{""d"":7,""p"":0.00016102620275609394,""r"":28}",
     15360,         3,         0,   0.292,chromobius,fc292fcb2cf2a6fafc2b551652fb5ee8d65c9e7b1e2364e64f5ee3d07c8a3ce7,"{""d"":7,""p"":0.00018873918221350977,""r"":28}",
      5120,         1,         0,   0.119,chromobius,76d7c010c2dee0a8821a68e140a8ff061e923abf9d7528e5d68be9e1fb2c622d,"{""d"":7,""p"":0.000221221629107045,""r"":28}",
      1297,         0,         0,   0.035,chromobius,7a55dae28a76f2f426f991f2bc19856c477c652b4093b6d6579a1a8aa4d07666,"{""d"":7,""p"":0.0002592943797404667,""r"":28}",
      1024,         0,         0,   0.025,chromobius,7a55dae28a76f2f426f991f2bc19856c477c652b4093b6d6579a1a8aa4d07666,"{""d"":7,""p"":0.0002592943797404667,""r"":28}",
      1024,         1,         0,   0.026,chromobius,7a55dae28a76f2f426f991f2bc19856c477c652b4093b6d6579a1a8aa4d07666,"{""d"":7,""p"":0.0002592943797404667,""r"":28}",
     39936,         5,         0,   0.567,chromobius,b4b89979ae3843eb75e074a6c80ebd4b02366590e9eeeaa25916ac046458c8d0,"{""d"":7,""p"":0.00013738237958832623,""r"":28}",
      1024,         0,         0,   0.036,chromobius,7a55dae28a76f2f426f991f2bc19856c477c652b4093b6d6579a1a8aa4d07666,"{""d"":7,""p"":0.0002592943797404667,""r"":28}",
      7168,         3,         0,   0.168,chromobius,76d7c010c2dee0a8821a68e140a8ff061e923abf9d7528e5d68be9e1fb2c622d,"{""d"":7,""p"":0.000221221629107045,""r"":28}",
      2048,         0,         0,   0.060,chromobius,7a55dae28a76f2f426f991f2bc19856c477c652b4093b6d6579a1a8aa4d07666,"{""d"":7,""p"":0.0002592943797404667,""r"":28}",
      2048,         0,         0,   0.055,chromobius,7a55dae28a76f2f426f991f2bc19856c477c652b4093b6d6579a1a8aa4d07666,"{""d"":7,""p"":0.0002592943797404667,""r"":28}",
      3072,         0,         0,   0.078,chromobius,7a55dae28a76f2f426f991f2bc19856c477c652b4093b6d6579a1a8aa4d07666,"{""d"":7,""p"":0.0002592943797404667,""r"":28}",
     60416,         2,         0,   0.790,chromobius,e7574c1340652745773b6f169ee4148e07ec9ca212801a7b671b7b3418062999,"{""d"":7,""p"":0.00011721022975334806,""r"":28}",
      9216,         2,         0,   0.211,chromobius,76d7c010c2dee0a8821a68e140a8ff061e923abf9d7528e5d68be9e1fb2c622d,"{""d"":7,""p"":0.000221221629107045,""r"":28}",
     21504,         5,         0,   0.403,chromobius,fc292fcb2cf2a6fafc2b551652fb5ee8d65c9e7b1e2364e64f5ee3d07c8a3ce7,"{""d"":7,""p"":0.00018873918221350977,""r"":28}",
      5120,         4,         0,   0.131,chromobius,7a55dae28a76f2f426f991f2bc19856c477c652b4093b6d6579a1a8aa4d07666,"{""d"":7,""p"":0.0002592943797404667,""r"":28}",
     35840,         7,         0,   0.564,chromobius,c7e57744a557c8c45c323d8203d5443ab612cb960a0ad8e327e4b9e3989d1700,"{""d"":7,""p"":0.00016102620275609394,""r"":28}",
      6144,         7,         0,   0.159,chromobius,7a55dae28a76f2f426f991f2bc19856c477c652b4093b6d6579a1a8aa4d07666,"{""d"":7,""p"":0.0002592943797404667,""r"":28}",
     13312,         6,         0,   0.302,chromobius,76d7c010c2dee0a8821a68e140a8ff061e923abf9d7528e5d68be9e1fb2c622d,"{""d"":7,""p"":0.000221221629107045,""r"":28}",
    100352,         1,         0,    1.11,chromobius,e8342f5be1391c306b8465d59ca9b9825cb1b40ebaaf59f55e25c4971cbbee58,"{""d"":7,""p"":0.0001,""r"":28}",
      8192,         3,         0,   0.217,chromobius,7a55dae28a76f2f426f991f2bc19856c477c652b4093b6d6579a1a8aa4d07666,"{""d"":7,""p"":0.0002592943797404667,""r"":28}",
     57344,         4,         0,   0.792,chromobius,b4b89979ae3843eb75e074a6c80ebd4b02366590e9eeeaa25916ac046458c8d0,"{""d"":7,""p"":0.00013738237958832623,""r"":28}",
     30720,         3,         0,   0.581,chromobius,fc292fcb2cf2a6fafc2b551652fb5ee8d65c9e7b1e2364e64f5ee3d07c8a3ce7,"{""d"":7,""p"":0.00018873918221350977,""r"":28}",
     17408,         6,         0,   0.405,chromobius,76d7c010c2dee0a8821a68e140a8ff061e923abf9d7528e5d68be9e1fb2c622d,"{""d"":7,""p"":0.000221221629107045,""r"":28}",
     11264,         2,         0,   0.291,chromobius,7a55dae28a76f2f426f991f2bc19856c477c652b4093b6d6579a1a8aa4d07666,"{""d"":7,""p"":0.0002592943797404667,""r"":28}",
    783360,       968,         0,    4.13,chromobius,af34096555215c48504140605e31b928164a43da472fb376e0d4e4c6e87d4d10,"{""d"":5,""p"":0.00018873918221350977,""r"":20}",
       273,         0,         0,   0.010,chromobius,d5107fa34615fce756046cf0dceec53bd693ec303972957c3292de2969751005,"{""d"":7,""p"":0.0003039195382313198,""r"":28}",
     50176,         7,         0,   0.795,chromobius,c7e57744a557c8c45c323d8203d5443ab612cb960a0ad8e327e4b9e3989d1700,"{""d"":7,""p"":0.00016102620275609394,""r"":28}",
      1024,         2,         0,   0.032,chromobius,d5107fa34615fce756046cf0dceec53bd693ec303972957c3292de2969751005,"{""d"":7,""p"":0.0003039195382313198,""r"":28}",
      1024,         2,         0,   0.028,chromobius,d5107fa34615fce756046cf0dceec53bd693ec303972957c3292de2969751005,"{""d"":7,""p"":0.0003039195382313198,""r"":28}",
      1024,         1,         0,   0.027,chromobius,d5107fa34615fce756046cf0dceec53bd693ec303972957c3292de2969751005,"{""d"":7,""p"":0.0003039195382313198,""r"":28}",
      2048,         0,         0,   0.057,chromobius,d5107fa34615fce756046cf0dceec53bd693ec303972957c3292de2969751005,"{""d"":7,""p"":0.0003039195382313198,""r"":28}",
     84992,         5,         0,    1.12,chromobius,e7574c1340652745773b6f169ee4148e07ec9ca212801a7b671b7b3418062999,"{""d"":7,""p"":0.00011721022975334806,""r"":28}",
      2048,         1,         0,   0.059,chromobius,d5107fa34615fce756046cf0dceec53bd693ec303972957c3292de2969751005,"{""d"":7,""p"":0.0003039195382313198,""r"":28}",
     16384,         9,         0,   0.408,chromobius,7a55dae28a76f2f426f991f2bc19856c477c652b4093b6d6579a1a8aa4d07666,"{""d"":7,""p"":0.0002592943797404667,""r"":28}",
      3072,         0,         0,   0.085,chromobius,d5107fa34615fce756046cf0dceec53bd693ec303972957c3292de2969751005,"{""d"":7,""p"":0.0003039195382313198,""r"":28}",
     24576,         5,         0,   0.575,chromobius,76d7c010c2dee0a8821a68e140a8ff061e923abf9d7528e5d68be9e1fb2c622d,"{""d"":7,""p"":0.000221221629107045,""r"":28}",
      4096,         2,         0,   0.112,chromobius,d5107fa34615fce756046cf0dceec53bd693ec303972957c3292de2969751005,"{""d"":7,""p"":0.0003039195382313198,""r"":28}",
     43008,        11,         0,   0.803,chromobius,fc292fcb2cf2a6fafc2b551652fb5ee8d65c9e7b1e2364e64f5ee3d07c8a3ce7,"{""d"":7,""p"":0.00018873918221350977,""r"":28}",
      6144,         1,         0,   0.173,chromobius,d5107fa34615fce756046cf0dceec53bd693ec303972957c3292de2969751005,"{""d"":7,""p"":0.0003039195382313198,""r"":28}",
     75776,         5,         0,    1.12,chromobius,b4b89979ae3843eb75e074a6c80ebd4b02366590e9eeeaa25916ac046458c8d0,"{""d"":7,""p"":0.00013738237958832623,""r"":28}",
      8192,         3,         0,   0.223,chromobius,d5107fa34615fce756046cf0dceec53bd693ec303972957c3292de2969751005,"{""d"":7,""p"":0.0003039195382313198,""r"":28}",
     23552,        10,         0,   0.588,chromobius,7a55dae28a76f2f426f991f2bc19856c477c652b4093b6d6579a1a8aa4d07666,"{""d"":7,""p"":0.0002592943797404667,""r"":28}",
    141312,         8,         0,    1.55,chromobius,e8342f5be1391c306b8465d59ca9b9825cb1b40ebaaf59f55e25c4971cbbee58,"{""d"":7,""p"":0.0001,""r"":28}",
     10240,         1,         0,   0.293,chromobius,d5107fa34615fce756046cf0dceec53bd693ec303972957c3292de2969751005,"{""d"":7,""p"":0.0003039195382313198,""r"":28}",
     67584,         8,         0,    1.12,chromobius,c7e57744a557c8c45c323d8203d5443ab612cb960a0ad8e327e4b9e3989d1700,"{""d"":7,""p"":0.00016102620275609394,""r"":28}",
     34816,         5,         0,   0.810,chromobius,76d7c010c2dee0a8821a68e140a8ff061e923abf9d7528e5d68be9e1fb2c622d,"{""d"":7,""p"":0.000221221629107045,""r"":28}",
     15360,        10,         0,   0.423,chromobius,d5107fa34615fce756046cf0dceec53bd693ec303972957c3292de2969751005,"{""d"":7,""p"":0.0003039195382313198,""r"":28}",
     60416,         8,         0,    1.12,chromobius,fc292fcb2cf2a6fafc2b551652fb5ee8d65c9e7b1e2364e64f5ee3d07c8a3ce7,"{""d"":7,""p"":0.00018873918221350977,""r"":28}",
   1281024,      1142,         0,    5.90,chromobius,f345024152b4d43ce854495ddea005c83a99b19842c95af6e42fe8d74ec0a841,"{""d"":5,""p"":0.00016102620275609394,""r"":20}",
   1428480,       885,         0,    5.88,chromobius,b676ec8e9ffca4a6f94bc0797f1bd9316479dcb02a17a0d94dae5c62f26bc814,"{""d"":5,""p"":0.00013738237958832623,""r"":20}",
     32768,        10,         0,   0.814,chromobius,7a55dae28a76f2f426f991f2bc19856c477c652b4093b6d6579a1a8aa4d07666,"{""d"":7,""p"":0.0002592943797404667,""r"":28}",
   1649664,       804,         0,    5.88,chromobius,09d98c1a4bdbad1081f31818c9cd3fc9b26c7f8ba2e7bed07fc897c7006a4aab,"{""d"":5,""p"":0.00011721022975334806,""r"":20}",
   1909760,       645,         0,    5.87,chromobius,7ea6087864137e9c07715352223914b6fbc7d063d1c8d89ac9ac0fa1d5df784e,"{""d"":5,""p"":0.0001,""r"":20}",
    111616,         8,         0,    1.55,chromobius,e7574c1340652745773b6f169ee4148e07ec9ca212801a7b671b7b3418062999,"{""d"":7,""p"":0.00011721022975334806,""r"":28}",
     20480,        10,         0,   0.576,chromobius,d5107fa34615fce756046cf0dceec53bd693ec303972957c3292de2969751005,"{""d"":7,""p"":0.0003039195382313198,""r"":28}",
     48128,        14,         0,    1.12,chromobius,76d7c010c2dee0a8821a68e140a8ff061e923abf9d7528e5d68be9e1fb2c622d,"{""d"":7,""p"":0.000221221629107045,""r"":28}",
    108544,        11,         0,    1.56,chromobius,b4b89979ae3843eb75e074a6c80ebd4b02366590e9eeeaa25916ac046458c8d0,"{""d"":7,""p"":0.00013738237958832623,""r"":28}",
     92160,        19,         0,    1.55,chromobius,c7e57744a557c8c45c323d8203d5443ab612cb960a0ad8e327e4b9e3989d1700,"{""d"":7,""p"":0.00016102620275609394,""r"":28}",
     44032,        21,         0,    1.12,chromobius,7a55dae28a76f2f426f991f2bc19856c477c652b4093b6d6579a1a8aa4d07666,"{""d"":7,""p"":0.0002592943797404667,""r"":28}",
     29696,        28,         0,   0.817,chromobius,d5107fa34615fce756046cf0dceec53bd693ec303972957c3292de2969751005,"{""d"":7,""p"":0.0003039195382313198,""r"":28}",
     81920,        12,         0,    1.57,chromobius,fc292fcb2cf2a6fafc2b551652fb5ee8d65c9e7b1e2364e64f5ee3d07c8a3ce7,"{""d"":7,""p"":0.00018873918221350977,""r"":28}",
    195584,         7,         0,    2.16,chromobius,e8342f5be1391c306b8465d59ca9b9825cb1b40ebaaf59f55e25c4971cbbee58,"{""d"":7,""p"":0.0001,""r"":28}",
     69632,        22,         0,    1.57,chromobius,76d7c010c2dee0a8821a68e140a8ff061e923abf9d7528e5d68be9e1fb2c622d,"{""d"":7,""p"":0.000221221629107045,""r"":28}",
    157696,         6,         0,    2.17,chromobius,e7574c1340652745773b6f169ee4148e07ec9ca212801a7b671b7b3418062999,"{""d"":7,""p"":0.00011721022975334806,""r"":28}",
     39936,        15,         0,    1.11,chromobius,d5107fa34615fce756046cf0dceec53bd693ec303972957c3292de2969751005,"{""d"":7,""p"":0.0003039195382313198,""r"":28}",
     62464,        22,         0,    1.57,chromobius,7a55dae28a76f2f426f991f2bc19856c477c652b4093b6d6579a1a8aa4d07666,"{""d"":7,""p"":0.0002592943797404667,""r"":28}",
    150528,         9,         0,    2.17,chromobius,b4b89979ae3843eb75e074a6c80ebd4b02366590e9eeeaa25916ac046458c8d0,"{""d"":7,""p"":0.00013738237958832623,""r"":28}",
    647168,       628,         0,    3.00,chromobius,f345024152b4d43ce854495ddea005c83a99b19842c95af6e42fe8d74ec0a841,"{""d"":5,""p"":0.00016102620275609394,""r"":20}",
       273,         0,         0,   0.012,chromobius,f3745c3612a571fb124e22c32093e8f23021d42ebcc16259fd58351d430069f4,"{""d"":7,""p"":0.0003562247890262444,""r"":28}",
      1024,         0,         0,   0.036,chromobius,f3745c3612a571fb124e22c32093e8f23021d42ebcc16259fd58351d430069f4,"{""d"":7,""p"":0.0003562247890262444,""r"":28}",
      1024,         0,         0,   0.036,chromobius,f3745c3612a571fb124e22c32093e8f23021d42ebcc16259fd58351d430069f4,"{""d"":7,""p"":0.0003562247890262444,""r"":28}",
    131072,        15,         0,    2.18,chromobius,c7e57744a557c8c45c323d8203d5443ab612cb960a0ad8e327e4b9e3989d1700,"{""d"":7,""p"":0.00016102620275609394,""r"":28}",
      1024,         2,         0,   0.037,chromobius,f3745c3612a571fb124e22c32093e8f23021d42ebcc16259fd58351d430069f4,"{""d"":7,""p"":0.0003562247890262444,""r"":28}",
      2048,         1,         0,   0.069,chromobius,f3745c3612a571fb124e22c32093e8f23021d42ebcc16259fd58351d430069f4,"{""d"":7,""p"":0.0003562247890262444,""r"":28}",
      2048,         1,         0,   0.071,chromobius,f3745c3612a571fb124e22c32093e8f23021d42ebcc16259fd58351d430069f4,"{""d"":7,""p"":0.0003562247890262444,""r"":28}",
      3072,         1,         0,   0.105,chromobius,f3745c3612a571fb124e22c32093e8f23021d42ebcc16259fd58351d430069f4,"{""d"":7,""p"":0.0003562247890262444,""r"":28}",
      3072,         2,         0,   0.107,chromobius,f3745c3612a571fb124e22c32093e8f23021d42ebcc16259fd58351d430069f4,"{""d"":7,""p"":0.0003562247890262444,""r"":28}",
    113664,        19,         0,    2.18,chromobius,fc292fcb2cf2a6fafc2b551652fb5ee8d65c9e7b1e2364e64f5ee3d07c8a3ce7,"{""d"":7,""p"":0.00018873918221350977,""r"":28}",
      5120,         5,         0,   0.183,chromobius,f3745c3612a571fb124e22c32093e8f23021d42ebcc16259fd58351d430069f4,"{""d"":7,""p"":0.0003562247890262444,""r"":28}",
     54272,        28,         0,    1.57,chromobius,d5107fa34615fce756046cf0dceec53bd693ec303972957c3292de2969751005,"{""d"":7,""p"":0.0003039195382313198,""r"":28}",
      6144,         6,         0,   0.217,chromobius,f3745c3612a571fb124e22c32093e8f23021d42ebcc16259fd58351d430069f4,"{""d"":7,""p"":0.0003562247890262444,""r"":28}",
      8192,         9,         0,   0.294,chromobius,f3745c3612a571fb124e22c32093e8f23021d42ebcc16259fd58351d430069f4,"{""d"":7,""p"":0.0003562247890262444,""r"":28}",
     94208,        22,         0,    2.19,chromobius,76d7c010c2dee0a8821a68e140a8ff061e923abf9d7528e5d68be9e1fb2c622d,"{""d"":7,""p"":0.000221221629107045,""r"":28}",
    276480,        12,         0,    3.03,chromobius,e8342f5be1391c306b8465d59ca9b9825cb1b40ebaaf59f55e25c4971cbbee58,"{""d"":7,""p"":0.0001,""r"":28}",
     12288,        10,         0,   0.439,chromobius,f3745c3612a571fb124e22c32093e8f23021d42ebcc16259fd58351d430069f4,"{""d"":7,""p"":0.0003562247890262444,""r"":28}",
     82944,        38,         0,    2.19,chromobius,7a55dae28a76f2f426f991f2bc19856c477c652b4093b6d6579a1a8aa4d07666,"{""d"":7,""p"":0.0002592943797404667,""r"":28}",
    226304,        12,         0,    3.04,chromobius,e7574c1340652745773b6f169ee4148e07ec9ca212801a7b671b7b3418062999,"{""d"":7,""p"":0.00011721022975334806,""r"":28}",
     16384,        17,         0,   0.576,chromobius,f3745c3612a571fb124e22c32093e8f23021d42ebcc16259fd58351d430069f4,"{""d"":7,""p"":0.0003562247890262444,""r"":28}",
    212992,        21,         0,    3.04,chromobius,b4b89979ae3843eb75e074a6c80ebd4b02366590e9eeeaa25916ac046458c8d0,"{""d"":7,""p"":0.00013738237958832623,""r"":28}",
     22528,        15,         0,   0.822,chromobius,f3745c3612a571fb124e22c32093e8f23021d42ebcc16259fd58351d430069f4,"{""d"":7,""p"":0.0003562247890262444,""r"":28}",
     73728,        35,         0,    2.18,chromobius,d5107fa34615fce756046cf0dceec53bd693ec303972957c3292de2969751005,"{""d"":7,""p"":0.0003039195382313198,""r"":28}",
    185344,        24,         0,    3.04,chromobius,c7e57744a557c8c45c323d8203d5443ab612cb960a0ad8e327e4b9e3989d1700,"{""d"":7,""p"":0.00016102620275609394,""r"":28}",
    157696,        26,         0,    3.05,chromobius,fc292fcb2cf2a6fafc2b551652fb5ee8d65c9e7b1e2364e64f5ee3d07c8a3ce7,"{""d"":7,""p"":0.00018873918221350977,""r"":28}",
     32768,        31,         0,    1.14,chromobius,f3745c3612a571fb124e22c32093e8f23021d42ebcc16259fd58351d430069f4,"{""d"":7,""p"":0.0003562247890262444,""r"":28}",
    128000,        33,         0,    3.06,chromobius,76d7c010c2dee0a8821a68e140a8ff061e923abf9d7528e5d68be9e1fb2c622d,"{""d"":7,""p"":0.000221221629107045,""r"":28}",
    113664,        50,         0,    3.07,chromobius,7a55dae28a76f2f426f991f2bc19856c477c652b4093b6d6579a1a8aa4d07666,"{""d"":7,""p"":0.0002592943797404667,""r"":28}",
   2013184,      1310,         0,    8.22,chromobius,b676ec8e9ffca4a6f94bc0797f1bd9316479dcb02a17a0d94dae5c62f26bc814,"{""d"":5,""p"":0.00013738237958832623,""r"":20}",
   2308096,      1110,         0,    8.22,chromobius,09d98c1a4bdbad1081f31818c9cd3fc9b26c7f8ba2e7bed07fc897c7006a4aab,"{""d"":5,""p"":0.00011721022975334806,""r"":20}",
   2657280,       879,         0,    8.22,chromobius,7ea6087864137e9c07715352223914b6fbc7d063d1c8d89ac9ac0fa1d5df784e,"{""d"":5,""p"":0.0001,""r"":20}",
     40960,        20,         0,   0.168,chromobius,b676ec8e9ffca4a6f94bc0797f1bd9316479dcb02a17a0d94dae5c62f26bc814,"{""d"":5,""p"":0.00013738237958832623,""r"":20}",
       273,         1,         0,   0.012,chromobius,4e7613295f9c470b54134767b1f01227c655985d49ff4476ff084ffd5a4f7048,"{""d"":7,""p"":0.00041753189365604,""r"":28}",
      1024,         1,         0,   0.039,chromobius,4e7613295f9c470b54134767b1f01227c655985d49ff4476ff084ffd5a4f7048,"{""d"":7,""p"":0.00041753189365604,""r"":28}",
      1024,         2,         0,   0.042,chromobius,4e7613295f9c470b54134767b1f01227c655985d49ff4476ff084ffd5a4f7048,"{""d"":7,""p"":0.00041753189365604,""r"":28}",
      1024,         1,         0,   0.041,chromobius,4e7613295f9c470b54134767b1f01227c655985d49ff4476ff084ffd5a4f7048,"{""d"":7,""p"":0.00041753189365604,""r"":28}",
      1024,         2,         0,   0.045,chromobius,4e7613295f9c470b54134767b1f01227c655985d49ff4476ff084ffd5a4f7048,"{""d"":7,""p"":0.00041753189365604,""r"":28}",
     44032,        38,         0,    1.56,chromobius,f3745c3612a571fb124e22c32093e8f23021d42ebcc16259fd58351d430069f4,"{""d"":7,""p"":0.0003562247890262444,""r"":28}",
    389120,        13,         0,    4.24,chromobius,e8342f5be1391c306b8465d59ca9b9825cb1b40ebaaf59f55e25c4971cbbee58,"{""d"":7,""p"":0.0001,""r"":28}",
      2048,         1,         0,   0.082,chromobius,4e7613295f9c470b54134767b1f01227c655985d49ff4476ff084ffd5a4f7048,"{""d"":7,""p"":0.00041753189365604,""r"":28}",
      2048,         2,         0,   0.084,chromobius,4e7613295f9c470b54134767b1f01227c655985d49ff4476ff084ffd5a4f7048,"{""d"":7,""p"":0.00041753189365604,""r"":28}",
      3072,         7,         0,   0.123,chromobius,4e7613295f9c470b54134767b1f01227c655985d49ff4476ff084ffd5a4f7048,"{""d"":7,""p"":0.00041753189365604,""r"":28}",
    103424,        67,         0,    3.05,chromobius,d5107fa34615fce756046cf0dceec53bd693ec303972957c3292de2969751005,"{""d"":7,""p"":0.0003039195382313198,""r"":28}",
      4096,         5,         0,   0.162,chromobius,4e7613295f9c470b54134767b1f01227c655985d49ff4476ff084ffd5a4f7048,"{""d"":7,""p"":0.00041753189365604,""r"":28}",
      6144,         7,         0,   0.243,chromobius,4e7613295f9c470b54134767b1f01227c655985d49ff4476ff084ffd5a4f7048,"{""d"":7,""p"":0.00041753189365604,""r"":28}",
    311296,        15,         0,    4.25,chromobius,e7574c1340652745773b6f169ee4148e07ec9ca212801a7b671b7b3418062999,"{""d"":7,""p"":0.00011721022975334806,""r"":28}",
      7168,         9,         0,   0.291,chromobius,4e7613295f9c470b54134767b1f01227c655985d49ff4476ff084ffd5a4f7048,"{""d"":7,""p"":0.00041753189365604,""r"":28}",
    294912,        23,         0,    4.25,chromobius,b4b89979ae3843eb75e074a6c80ebd4b02366590e9eeeaa25916ac046458c8d0,"{""d"":7,""p"":0.00013738237958832623,""r"":28}",
     11264,        17,         0,   0.442,chromobius,4e7613295f9c470b54134767b1f01227c655985d49ff4476ff084ffd5a4f7048,"{""d"":7,""p"":0.00041753189365604,""r"":28}",
    259072,        31,         0,    4.25,chromobius,c7e57744a557c8c45c323d8203d5443ab612cb960a0ad8e327e4b9e3989d1700,"{""d"":7,""p"":0.00016102620275609394,""r"":28}",
     14336,        17,         0,   0.591,chromobius,4e7613295f9c470b54134767b1f01227c655985d49ff4476ff084ffd5a4f7048,"{""d"":7,""p"":0.00041753189365604,""r"":28}",
    218112,        40,         0,    4.27,chromobius,fc292fcb2cf2a6fafc2b551652fb5ee8d65c9e7b1e2364e64f5ee3d07c8a3ce7,"{""d"":7,""p"":0.00018873918221350977,""r"":28}",
     62464,        61,         0,    2.20,chromobius,f3745c3612a571fb124e22c32093e8f23021d42ebcc16259fd58351d430069f4,"{""d"":7,""p"":0.0003562247890262444,""r"":28}",
     20480,        33,         0,   0.829,chromobius,4e7613295f9c470b54134767b1f01227c655985d49ff4476ff084ffd5a4f7048,"{""d"":7,""p"":0.00041753189365604,""r"":28}",
    179200,        54,         0,    4.26,chromobius,76d7c010c2dee0a8821a68e140a8ff061e923abf9d7528e5d68be9e1fb2c622d,"{""d"":7,""p"":0.000221221629107045,""r"":28}",
    158720,        65,         0,    4.27,chromobius,7a55dae28a76f2f426f991f2bc19856c477c652b4093b6d6579a1a8aa4d07666,"{""d"":7,""p"":0.0002592943797404667,""r"":28}",
     28672,        44,         0,    1.12,chromobius,4e7613295f9c470b54134767b1f01227c655985d49ff4476ff084ffd5a4f7048,"{""d"":7,""p"":0.00041753189365604,""r"":28}",
    145408,        94,         0,    4.28,chromobius,d5107fa34615fce756046cf0dceec53bd693ec303972957c3292de2969751005,"{""d"":7,""p"":0.0003039195382313198,""r"":28}",
     87040,        80,         0,    3.05,chromobius,f3745c3612a571fb124e22c32093e8f23021d42ebcc16259fd58351d430069f4,"{""d"":7,""p"":0.0003562247890262444,""r"":28}",
     39936,        58,         0,    1.56,chromobius,4e7613295f9c470b54134767b1f01227c655985d49ff4476ff084ffd5a4f7048,"{""d"":7,""p"":0.00041753189365604,""r"":28}",
    545792,        26,         0,    5.94,chromobius,e8342f5be1391c306b8465d59ca9b9825cb1b40ebaaf59f55e25c4971cbbee58,"{""d"":7,""p"":0.0001,""r"":28}",
   1890304,       902,         0,    6.71,chromobius,09d98c1a4bdbad1081f31818c9cd3fc9b26c7f8ba2e7bed07fc897c7006a4aab,"{""d"":5,""p"":0.00011721022975334806,""r"":20}",
       273,         0,         0,   0.016,chromobius,18619ea386f58618efd7bad04e257e1d3eb5473b97fecfe43668fb710546650f,"{""d"":7,""p"":0.0004893900918477494,""r"":28}",
      1024,         4,         0,   0.050,chromobius,18619ea386f58618efd7bad04e257e1d3eb5473b97fecfe43668fb710546650f,"{""d"":7,""p"":0.0004893900918477494,""r"":28}",
      1024,         2,         0,   0.050,chromobius,18619ea386f58618efd7bad04e257e1d3eb5473b97fecfe43668fb710546650f,"{""d"":7,""p"":0.0004893900918477494,""r"":28}",
      1024,         1,         0,   0.048,chromobius,18619ea386f58618efd7bad04e257e1d3eb5473b97fecfe43668fb710546650f,"{""d"":7,""p"":0.0004893900918477494,""r"":28}",
      1024,         2,         0,   0.051,chromobius,18619ea386f58618efd7bad04e257e1d3eb5473b97fecfe43668fb710546650f,"{""d"":7,""p"":0.0004893900918477494,""r"":28}",
    436224,        19,         0,    5.95,chromobius,e7574c1340652745773b6f169ee4148e07ec9ca212801a7b671b7b3418062999,"{""d"":7,""p"":0.00011721022975334806,""r"":28}",
      1024,         3,         0,   0.054,chromobius,18619ea386f58618efd7bad04e257e1d3eb5473b97fecfe43668fb710546650f,"{""d"":7,""p"":0.0004893900918477494,""r"":28}",
      2048,         4,         0,   0.091,chromobius,18619ea386f58618efd7bad04e257e1d3eb5473b97fecfe43668fb710546650f,"{""d"":7,""p"":0.0004893900918477494,""r"":28}",
      3072,         8,         0,   0.140,chromobius,18619ea386f58618efd7bad04e257e1d3eb5473b97fecfe43668fb710546650f,"{""d"":7,""p"":0.0004893900918477494,""r"":28}",
      4096,        13,         0,   0.184,chromobius,18619ea386f58618efd7bad04e257e1d3eb5473b97fecfe43668fb710546650f,"{""d"":7,""p"":0.0004893900918477494,""r"":28}",
    410624,        25,         0,    5.94,chromobius,b4b89979ae3843eb75e074a6c80ebd4b02366590e9eeeaa25916ac046458c8d0,"{""d"":7,""p"":0.00013738237958832623,""r"":28}",
      5120,        11,         0,   0.230,chromobius,18619ea386f58618efd7bad04e257e1d3eb5473b97fecfe43668fb710546650f,"{""d"":7,""p"":0.0004893900918477494,""r"":28}",
    351232,        41,         0,    5.95,chromobius,c7e57744a557c8c45c323d8203d5443ab612cb960a0ad8e327e4b9e3989d1700,"{""d"":7,""p"":0.00016102620275609394,""r"":28}",
     54272,        78,         0,    2.18,chromobius,4e7613295f9c470b54134767b1f01227c655985d49ff4476ff084ffd5a4f7048,"{""d"":7,""p"":0.00041753189365604,""r"":28}",
      7168,        17,         0,   0.336,chromobius,18619ea386f58618efd7bad04e257e1d3eb5473b97fecfe43668fb710546650f,"{""d"":7,""p"":0.0004893900918477494,""r"":28}",
    307200,        47,         0,    5.96,chromobius,fc292fcb2cf2a6fafc2b551652fb5ee8d65c9e7b1e2364e64f5ee3d07c8a3ce7,"{""d"":7,""p"":0.00018873918221350977,""r"":28}",
      9216,        23,         0,   0.448,chromobius,18619ea386f58618efd7bad04e257e1d3eb5473b97fecfe43668fb710546650f,"{""d"":7,""p"":0.0004893900918477494,""r"":28}",
     12288,        24,         0,   0.582,chromobius,18619ea386f58618efd7bad04e257e1d3eb5473b97fecfe43668fb710546650f,"{""d"":7,""p"":0.0004893900918477494,""r"":28}",
    251904,        87,         0,    5.97,chromobius,76d7c010c2dee0a8821a68e140a8ff061e923abf9d7528e5d68be9e1fb2c622d,"{""d"":7,""p"":0.000221221629107045,""r"":28}",
    222208,        82,         0,    5.98,chromobius,7a55dae28a76f2f426f991f2bc19856c477c652b4093b6d6579a1a8aa4d07666,"{""d"":7,""p"":0.0002592943797404667,""r"":28}",
    119808,       106,         0,    4.27,chromobius,f3745c3612a571fb124e22c32093e8f23021d42ebcc16259fd58351d430069f4,"{""d"":7,""p"":0.0003562247890262444,""r"":28}",
     17408,        37,         0,   0.814,chromobius,18619ea386f58618efd7bad04e257e1d3eb5473b97fecfe43668fb710546650f,"{""d"":7,""p"":0.0004893900918477494,""r"":28}",
    202752,       117,         0,    5.98,chromobius,d5107fa34615fce756046cf0dceec53bd693ec303972957c3292de2969751005,"{""d"":7,""p"":0.0003039195382313198,""r"":28}",
     23552,        60,         0,    1.11,chromobius,18619ea386f58618efd7bad04e257e1d3eb5473b97fecfe43668fb710546650f,"{""d"":7,""p"":0.0004893900918477494,""r"":28}",
     74752,       110,         0,    3.07,chromobius,4e7613295f9c470b54134767b1f01227c655985d49ff4476ff084ffd5a4f7048,"{""d"":7,""p"":0.00041753189365604,""r"":28}",
   3739648,      1261,         0,    11.5,chromobius,7ea6087864137e9c07715352223914b6fbc7d063d1c8d89ac9ac0fa1d5df784e,"{""d"":5,""p"":0.0001,""r"":20}",
     33792,        67,         0,    1.58,chromobius,18619ea386f58618efd7bad04e257e1d3eb5473b97fecfe43668fb710546650f,"{""d"":7,""p"":0.0004893900918477494,""r"":28}",
    713728,        21,         0,    8.30,chromobius,e8342f5be1391c306b8465d59ca9b9825cb1b40ebaaf59f55e25c4971cbbee58,"{""d"":7,""p"":0.0001,""r"":28}",
     46080,       105,         0,    2.17,chromobius,18619ea386f58618efd7bad04e257e1d3eb5473b97fecfe43668fb710546650f,"{""d"":7,""p"":0.0004893900918477494,""r"":28}",
    103424,       139,         0,    4.27,chromobius,4e7613295f9c470b54134767b1f01227c655985d49ff4476ff084ffd5a4f7048,"{""d"":7,""p"":0.00041753189365604,""r"":28}",
    610304,        37,         0,    8.32,chromobius,e7574c1340652745773b6f169ee4148e07ec9ca212801a7b671b7b3418062999,"{""d"":7,""p"":0.00011721022975334806,""r"":28}",
   1267712,       484,         0,    3.88,chromobius,7ea6087864137e9c07715352223914b6fbc7d063d1c8d89ac9ac0fa1d5df784e,"{""d"":5,""p"":0.0001,""r"":20}",
       273,         1,         0,   0.019,chromobius,67e2ed96ccce4bd31c0faefe4406fd16a2eaa25c7b38fdb1bf12d40d436c4cca,"{""d"":7,""p"":0.0005736152510448681,""r"":28}",
      1024,         2,         0,   0.057,chromobius,67e2ed96ccce4bd31c0faefe4406fd16a2eaa25c7b38fdb1bf12d40d436c4cca,"{""d"":7,""p"":0.0005736152510448681,""r"":28}",
      1024,         3,         0,   0.057,chromobius,67e2ed96ccce4bd31c0faefe4406fd16a2eaa25c7b38fdb1bf12d40d436c4cca,"{""d"":7,""p"":0.0005736152510448681,""r"":28}",
      1024,         6,         0,   0.060,chromobius,67e2ed96ccce4bd31c0faefe4406fd16a2eaa25c7b38fdb1bf12d40d436c4cca,"{""d"":7,""p"":0.0005736152510448681,""r"":28}",
    168960,       147,         0,    5.98,chromobius,f3745c3612a571fb124e22c32093e8f23021d42ebcc16259fd58351d430069f4,"{""d"":7,""p"":0.0003562247890262444,""r"":28}",
      1024,         6,         0,   0.058,chromobius,67e2ed96ccce4bd31c0faefe4406fd16a2eaa25c7b38fdb1bf12d40d436c4cca,"{""d"":7,""p"":0.0005736152510448681,""r"":28}",
      1024,         3,         0,   0.057,chromobius,67e2ed96ccce4bd31c0faefe4406fd16a2eaa25c7b38fdb1bf12d40d436c4cca,"{""d"":7,""p"":0.0005736152510448681,""r"":28}",
    574464,        35,         0,    8.32,chromobius,b4b89979ae3843eb75e074a6c80ebd4b02366590e9eeeaa25916ac046458c8d0,"{""d"":7,""p"":0.00013738237958832623,""r"":28}",
      2048,         9,         0,   0.116,chromobius,67e2ed96ccce4bd31c0faefe4406fd16a2eaa25c7b38fdb1bf12d40d436c4cca,"{""d"":7,""p"":0.0005736152510448681,""r"":28}",
      2048,        11,         0,   0.112,chromobius,67e2ed96ccce4bd31c0faefe4406fd16a2eaa25c7b38fdb1bf12d40d436c4cca,"{""d"":7,""p"":0.0005736152510448681,""r"":28}",
      3072,         9,         0,   0.173,chromobius,67e2ed96ccce4bd31c0faefe4406fd16a2eaa25c7b38fdb1bf12d40d436c4cca,"{""d"":7,""p"":0.0005736152510448681,""r"":28}",
    481280,        57,         0,    8.33,chromobius,c7e57744a557c8c45c323d8203d5443ab612cb960a0ad8e327e4b9e3989d1700,"{""d"":7,""p"":0.00016102620275609394,""r"":28}",
      4096,        16,         0,   0.231,chromobius,67e2ed96ccce4bd31c0faefe4406fd16a2eaa25c7b38fdb1bf12d40d436c4cca,"{""d"":7,""p"":0.0005736152510448681,""r"":28}",
    431104,        79,         0,    8.34,chromobius,fc292fcb2cf2a6fafc2b551652fb5ee8d65c9e7b1e2364e64f5ee3d07c8a3ce7,"{""d"":7,""p"":0.00018873918221350977,""r"":28}",
      5120,        15,         0,   0.290,chromobius,67e2ed96ccce4bd31c0faefe4406fd16a2eaa25c7b38fdb1bf12d40d436c4cca,"{""d"":7,""p"":0.0005736152510448681,""r"":28}",
      8192,        26,         0,   0.457,chromobius,67e2ed96ccce4bd31c0faefe4406fd16a2eaa25c7b38fdb1bf12d40d436c4cca,"{""d"":7,""p"":0.0005736152510448681,""r"":28}",
    344064,        68,         0,    8.36,chromobius,76d7c010c2dee0a8821a68e140a8ff061e923abf9d7528e5d68be9e1fb2c622d,"{""d"":7,""p"":0.000221221629107045,""r"":28}",
     64512,       159,         0,    3.09,chromobius,18619ea386f58618efd7bad04e257e1d3eb5473b97fecfe43668fb710546650f,"{""d"":7,""p"":0.0004893900918477494,""r"":28}",
     10240,        48,         0,   0.583,chromobius,67e2ed96ccce4bd31c0faefe4406fd16a2eaa25c7b38fdb1bf12d40d436c4cca,"{""d"":7,""p"":0.0005736152510448681,""r"":28}",
    308224,       114,         0,    8.34,chromobius,7a55dae28a76f2f426f991f2bc19856c477c652b4093b6d6579a1a8aa4d07666,"{""d"":7,""p"":0.0002592943797404667,""r"":28}",
     14336,        42,         0,   0.796,chromobius,67e2ed96ccce4bd31c0faefe4406fd16a2eaa25c7b38fdb1bf12d40d436c4cca,"{""d"":7,""p"":0.0005736152510448681,""r"":28}",
    282624,       166,         0,    8.35,chromobius,d5107fa34615fce756046cf0dceec53bd693ec303972957c3292de2969751005,"{""d"":7,""p"":0.0003039195382313198,""r"":28}",
     20480,        69,         0,    1.15,chromobius,67e2ed96ccce4bd31c0faefe4406fd16a2eaa25c7b38fdb1bf12d40d436c4cca,"{""d"":7,""p"":0.0005736152510448681,""r"":28}",
    146432,       191,         0,    5.96,chromobius,4e7613295f9c470b54134767b1f01227c655985d49ff4476ff084ffd5a4f7048,"{""d"":7,""p"":0.00041753189365604,""r"":28}",
     28672,        83,         0,    1.59,chromobius,67e2ed96ccce4bd31c0faefe4406fd16a2eaa25c7b38fdb1bf12d40d436c4cca,"{""d"":7,""p"":0.0005736152510448681,""r"":28}",
     90112,       199,         0,    4.28,chromobius,18619ea386f58618efd7bad04e257e1d3eb5473b97fecfe43668fb710546650f,"{""d"":7,""p"":0.0004893900918477494,""r"":28}",
     38912,       138,         0,    2.18,chromobius,67e2ed96ccce4bd31c0faefe4406fd16a2eaa25c7b38fdb1bf12d40d436c4cca,"{""d"":7,""p"":0.0005736152510448681,""r"":28}",
    236544,       228,         0,    8.36,chromobius,f3745c3612a571fb124e22c32093e8f23021d42ebcc16259fd58351d430069f4,"{""d"":7,""p"":0.0003562247890262444,""r"":28}",
   1014784,        37,         0,    11.6,chromobius,e8342f5be1391c306b8465d59ca9b9825cb1b40ebaaf59f55e25c4971cbbee58,"{""d"":7,""p"":0.0001,""r"":28}",
     55296,       178,         0,    3.08,chromobius,67e2ed96ccce4bd31c0faefe4406fd16a2eaa25c7b38fdb1bf12d40d436c4cca,"{""d"":7,""p"":0.0005736152510448681,""r"":28}",
    843776,        61,         0,    11.6,chromobius,e7574c1340652745773b6f169ee4148e07ec9ca212801a7b671b7b3418062999,"{""d"":7,""p"":0.00011721022975334806,""r"":28}",
    777216,        56,         0,    11.7,chromobius,b4b89979ae3843eb75e074a6c80ebd4b02366590e9eeeaa25916ac046458c8d0,"{""d"":7,""p"":0.00013738237958832623,""r"":28}",
    672768,        92,         0,    11.7,chromobius,c7e57744a557c8c45c323d8203d5443ab612cb960a0ad8e327e4b9e3989d1700,"{""d"":7,""p"":0.00016102620275609394,""r"":28}",
    124928,       253,         0,    6.01,chromobius,18619ea386f58618efd7bad04e257e1d3eb5473b97fecfe43668fb710546650f,"{""d"":7,""p"":0.0004893900918477494,""r"":28}",
    580608,        99,         0,    11.7,chromobius,fc292fcb2cf2a6fafc2b551652fb5ee8d65c9e7b1e2364e64f5ee3d07c8a3ce7,"{""d"":7,""p"":0.00018873918221350977,""r"":28}",
    475136,       137,         0,    11.7,chromobius,76d7c010c2dee0a8821a68e140a8ff061e923abf9d7528e5d68be9e1fb2c622d,"{""d"":7,""p"":0.000221221629107045,""r"":28}",
    205824,       287,         0,    8.35,chromobius,4e7613295f9c470b54134767b1f01227c655985d49ff4476ff084ffd5a4f7048,"{""d"":7,""p"":0.00041753189365604,""r"":28}",
    431104,       160,         0,    11.7,chromobius,7a55dae28a76f2f426f991f2bc19856c477c652b4093b6d6579a1a8aa4d07666,"{""d"":7,""p"":0.0002592943797404667,""r"":28}",
    401408,       228,         0,    11.7,chromobius,d5107fa34615fce756046cf0dceec53bd693ec303972957c3292de2969751005,"{""d"":7,""p"":0.0003039195382313198,""r"":28}",
     77824,       263,         0,    4.32,chromobius,67e2ed96ccce4bd31c0faefe4406fd16a2eaa25c7b38fdb1bf12d40d436c4cca,"{""d"":7,""p"":0.0005736152510448681,""r"":28}",
    326656,       304,         0,    11.7,chromobius,f3745c3612a571fb124e22c32093e8f23021d42ebcc16259fd58351d430069f4,"{""d"":7,""p"":0.0003562247890262444,""r"":28}",
    175104,       397,         0,    8.35,chromobius,18619ea386f58618efd7bad04e257e1d3eb5473b97fecfe43668fb710546650f,"{""d"":7,""p"":0.0004893900918477494,""r"":28}",
    107520,       382,         0,    5.98,chromobius,67e2ed96ccce4bd31c0faefe4406fd16a2eaa25c7b38fdb1bf12d40d436c4cca,"{""d"":7,""p"":0.0005736152510448681,""r"":28}",
    287744,       384,         0,    11.7,chromobius,4e7613295f9c470b54134767b1f01227c655985d49ff4476ff084ffd5a4f7048,"{""d"":7,""p"":0.00041753189365604,""r"":28}",
   1416192,        37,         0,    16.3,chromobius,e8342f5be1391c306b8465d59ca9b9825cb1b40ebaaf59f55e25c4971cbbee58,"{""d"":7,""p"":0.0001,""r"":28}",
   1169408,        60,         0,    16.3,chromobius,e7574c1340652745773b6f169ee4148e07ec9ca212801a7b671b7b3418062999,"{""d"":7,""p"":0.00011721022975334806,""r"":28}",
   1090560,        85,         0,    16.3,chromobius,b4b89979ae3843eb75e074a6c80ebd4b02366590e9eeeaa25916ac046458c8d0,"{""d"":7,""p"":0.00013738237958832623,""r"":28}",
    937984,        97,         0,    16.3,chromobius,c7e57744a557c8c45c323d8203d5443ab612cb960a0ad8e327e4b9e3989d1700,"{""d"":7,""p"":0.00016102620275609394,""r"":28}",
    818176,       145,         0,    16.3,chromobius,fc292fcb2cf2a6fafc2b551652fb5ee8d65c9e7b1e2364e64f5ee3d07c8a3ce7,"{""d"":7,""p"":0.00018873918221350977,""r"":28}",
    151552,       502,         0,    8.40,chromobius,67e2ed96ccce4bd31c0faefe4406fd16a2eaa25c7b38fdb1bf12d40d436c4cca,"{""d"":7,""p"":0.0005736152510448681,""r"":28}",
    662528,       177,         0,    16.3,chromobius,76d7c010c2dee0a8821a68e140a8ff061e923abf9d7528e5d68be9e1fb2c622d,"{""d"":7,""p"":0.000221221629107045,""r"":28}",
    603136,       225,         0,    16.3,chromobius,7a55dae28a76f2f426f991f2bc19856c477c652b4093b6d6579a1a8aa4d07666,"{""d"":7,""p"":0.0002592943797404667,""r"":28}",
    552960,       337,         0,    16.3,chromobius,d5107fa34615fce756046cf0dceec53bd693ec303972957c3292de2969751005,"{""d"":7,""p"":0.0003039195382313198,""r"":28}",
    243712,       541,         0,    11.7,chromobius,18619ea386f58618efd7bad04e257e1d3eb5473b97fecfe43668fb710546650f,"{""d"":7,""p"":0.0004893900918477494,""r"":28}",
    458752,       440,         0,    16.4,chromobius,f3745c3612a571fb124e22c32093e8f23021d42ebcc16259fd58351d430069f4,"{""d"":7,""p"":0.0003562247890262444,""r"":28}",
    208896,       754,         0,    11.7,chromobius,67e2ed96ccce4bd31c0faefe4406fd16a2eaa25c7b38fdb1bf12d40d436c4cca,"{""d"":7,""p"":0.0005736152510448681,""r"":28}",
    403456,       538,         0,    16.4,chromobius,4e7613295f9c470b54134767b1f01227c655985d49ff4476ff084ffd5a4f7048,"{""d"":7,""p"":0.00041753189365604,""r"":28}",
    340992,       786,         0,    16.4,chromobius,18619ea386f58618efd7bad04e257e1d3eb5473b97fecfe43668fb710546650f,"{""d"":7,""p"":0.0004893900918477494,""r"":28}",
   1947648,        71,         0,    22.8,chromobius,e8342f5be1391c306b8465d59ca9b9825cb1b40ebaaf59f55e25c4971cbbee58,"{""d"":7,""p"":0.0001,""r"":28}",
   1629184,        87,         0,    22.8,chromobius,e7574c1340652745773b6f169ee4148e07ec9ca212801a7b671b7b3418062999,"{""d"":7,""p"":0.00011721022975334806,""r"":28}",
   1520640,       140,         0,    22.8,chromobius,b4b89979ae3843eb75e074a6c80ebd4b02366590e9eeeaa25916ac046458c8d0,"{""d"":7,""p"":0.00013738237958832623,""r"":28}",
   1306624,       144,         0,    22.8,chromobius,c7e57744a557c8c45c323d8203d5443ab612cb960a0ad8e327e4b9e3989d1700,"{""d"":7,""p"":0.00016102620275609394,""r"":28}",
   1157120,       216,         0,    22.8,chromobius,fc292fcb2cf2a6fafc2b551652fb5ee8d65c9e7b1e2364e64f5ee3d07c8a3ce7,"{""d"":7,""p"":0.00018873918221350977,""r"":28}",
    931840,       258,         0,    22.9,chromobius,76d7c010c2dee0a8821a68e140a8ff061e923abf9d7528e5d68be9e1fb2c622d,"{""d"":7,""p"":0.000221221629107045,""r"":28}",
    834560,       348,         0,    22.9,chromobius,7a55dae28a76f2f426f991f2bc19856c477c652b4093b6d6579a1a8aa4d07666,"{""d"":7,""p"":0.0002592943797404667,""r"":28}",
    758784,       432,         0,    22.9,chromobius,d5107fa34615fce756046cf0dceec53bd693ec303972957c3292de2969751005,"{""d"":7,""p"":0.0003039195382313198,""r"":28}",
    286720,      1008,         0,    16.4,chromobius,67e2ed96ccce4bd31c0faefe4406fd16a2eaa25c7b38fdb1bf12d40d436c4cca,"{""d"":7,""p"":0.0005736152510448681,""r"":28}",
    637952,       616,         0,    22.9,chromobius,f3745c3612a571fb124e22c32093e8f23021d42ebcc16259fd58351d430069f4,"{""d"":7,""p"":0.0003562247890262444,""r"":28}",
    559104,       794,         0,    22.9,chromobius,4e7613295f9c470b54134767b1f01227c655985d49ff4476ff084ffd5a4f7048,"{""d"":7,""p"":0.00041753189365604,""r"":28}",
    490496,      1098,         0,    22.9,chromobius,18619ea386f58618efd7bad04e257e1d3eb5473b97fecfe43668fb710546650f,"{""d"":7,""p"":0.0004893900918477494,""r"":28}",
    409600,      1371,         0,    22.9,chromobius,67e2ed96ccce4bd31c0faefe4406fd16a2eaa25c7b38fdb1bf12d40d436c4cca,"{""d"":7,""p"":0.0005736152510448681,""r"":28}",
     16384,        57,         0,   0.926,chromobius,67e2ed96ccce4bd31c0faefe4406fd16a2eaa25c7b38fdb1bf12d40d436c4cca,"{""d"":7,""p"":0.0005736152510448681,""r"":28}",
       273,         3,         0,   0.022,chromobius,0de5e04e01ee61c7a972e20b6d5d20b4df48c3322272bcc91e782f36da986b06,"{""d"":7,""p"":0.0006723357536499335,""r"":28}",
      1024,        10,         0,   0.068,chromobius,0de5e04e01ee61c7a972e20b6d5d20b4df48c3322272bcc91e782f36da986b06,"{""d"":7,""p"":0.0006723357536499335,""r"":28}",
      1024,         4,         0,   0.067,chromobius,0de5e04e01ee61c7a972e20b6d5d20b4df48c3322272bcc91e782f36da986b06,"{""d"":7,""p"":0.0006723357536499335,""r"":28}",
      1024,        11,         0,   0.070,chromobius,0de5e04e01ee61c7a972e20b6d5d20b4df48c3322272bcc91e782f36da986b06,"{""d"":7,""p"":0.0006723357536499335,""r"":28}",
   2715648,        85,         0,    31.9,chromobius,e8342f5be1391c306b8465d59ca9b9825cb1b40ebaaf59f55e25c4971cbbee58,"{""d"":7,""p"":0.0001,""r"":28}",
      1024,         4,         0,   0.069,chromobius,0de5e04e01ee61c7a972e20b6d5d20b4df48c3322272bcc91e782f36da986b06,"{""d"":7,""p"":0.0006723357536499335,""r"":28}",
      1024,         5,         0,   0.063,chromobius,0de5e04e01ee61c7a972e20b6d5d20b4df48c3322272bcc91e782f36da986b06,"{""d"":7,""p"":0.0006723357536499335,""r"":28}",
      2048,         8,         0,   0.126,chromobius,0de5e04e01ee61c7a972e20b6d5d20b4df48c3322272bcc91e782f36da986b06,"{""d"":7,""p"":0.0006723357536499335,""r"":28}",
      2048,         8,         0,   0.135,chromobius,0de5e04e01ee61c7a972e20b6d5d20b4df48c3322272bcc91e782f36da986b06,"{""d"":7,""p"":0.0006723357536499335,""r"":28}",
      3072,        20,         0,   0.203,chromobius,0de5e04e01ee61c7a972e20b6d5d20b4df48c3322272bcc91e782f36da986b06,"{""d"":7,""p"":0.0006723357536499335,""r"":28}",
   2245632,       124,         0,    31.9,chromobius,e7574c1340652745773b6f169ee4148e07ec9ca212801a7b671b7b3418062999,"{""d"":7,""p"":0.00011721022975334806,""r"":28}",
      4096,        16,         0,   0.265,chromobius,0de5e04e01ee61c7a972e20b6d5d20b4df48c3322272bcc91e782f36da986b06,"{""d"":7,""p"":0.0006723357536499335,""r"":28}",
      5120,        27,         0,   0.339,chromobius,0de5e04e01ee61c7a972e20b6d5d20b4df48c3322272bcc91e782f36da986b06,"{""d"":7,""p"":0.0006723357536499335,""r"":28}",
   2146304,       179,         0,    31.9,chromobius,b4b89979ae3843eb75e074a6c80ebd4b02366590e9eeeaa25916ac046458c8d0,"{""d"":7,""p"":0.00013738237958832623,""r"":28}",
      7168,        45,         0,   0.463,chromobius,0de5e04e01ee61c7a972e20b6d5d20b4df48c3322272bcc91e782f36da986b06,"{""d"":7,""p"":0.0006723357536499335,""r"":28}",
   1802240,       203,         0,    32.0,chromobius,c7e57744a557c8c45c323d8203d5443ab612cb960a0ad8e327e4b9e3989d1700,"{""d"":7,""p"":0.00016102620275609394,""r"":28}",
   1612800,       297,         0,    32.0,chromobius,fc292fcb2cf2a6fafc2b551652fb5ee8d65c9e7b1e2364e64f5ee3d07c8a3ce7,"{""d"":7,""p"":0.00018873918221350977,""r"":28}",
      9216,        43,         0,   0.601,chromobius,0de5e04e01ee61c7a972e20b6d5d20b4df48c3322272bcc91e782f36da986b06,"{""d"":7,""p"":0.0006723357536499335,""r"":28}",
   1307648,       333,         0,    32.0,chromobius,76d7c010c2dee0a8821a68e140a8ff061e923abf9d7528e5d68be9e1fb2c622d,"{""d"":7,""p"":0.000221221629107045,""r"":28}",
     13312,        75,         0,   0.844,chromobius,0de5e04e01ee61c7a972e20b6d5d20b4df48c3322272bcc91e782f36da986b06,"{""d"":7,""p"":0.0006723357536499335,""r"":28}",
   1171456,       464,         0,    32.0,chromobius,7a55dae28a76f2f426f991f2bc19856c477c652b4093b6d6579a1a8aa4d07666,"{""d"":7,""p"":0.0002592943797404667,""r"":28}",
     18432,       102,         0,    1.17,chromobius,0de5e04e01ee61c7a972e20b6d5d20b4df48c3322272bcc91e782f36da986b06,"{""d"":7,""p"":0.0006723357536499335,""r"":28}",
   1074176,       627,         0,    32.0,chromobius,d5107fa34615fce756046cf0dceec53bd693ec303972957c3292de2969751005,"{""d"":7,""p"":0.0003039195382313198,""r"":28}",
     23552,       111,         0,    1.56,chromobius,0de5e04e01ee61c7a972e20b6d5d20b4df48c3322272bcc91e782f36da986b06,"{""d"":7,""p"":0.0006723357536499335,""r"":28}",
     33792,       164,         0,    2.23,chromobius,0de5e04e01ee61c7a972e20b6d5d20b4df48c3322272bcc91e782f36da986b06,"{""d"":7,""p"":0.0006723357536499335,""r"":28}",
    903168,       805,         0,    32.1,chromobius,f3745c3612a571fb124e22c32093e8f23021d42ebcc16259fd58351d430069f4,"{""d"":7,""p"":0.0003562247890262444,""r"":28}",
     49152,       250,         0,    3.11,chromobius,0de5e04e01ee61c7a972e20b6d5d20b4df48c3322272bcc91e782f36da986b06,"{""d"":7,""p"":0.0006723357536499335,""r"":28}",
    776192,      1147,         0,    32.1,chromobius,4e7613295f9c470b54134767b1f01227c655985d49ff4476ff084ffd5a4f7048,"{""d"":7,""p"":0.00041753189365604,""r"":28}",
     68608,       343,         0,    4.29,chromobius,0de5e04e01ee61c7a972e20b6d5d20b4df48c3322272bcc91e782f36da986b06,"{""d"":7,""p"":0.0006723357536499335,""r"":28}",
    553984,      1187,         0,    26.5,chromobius,18619ea386f58618efd7bad04e257e1d3eb5473b97fecfe43668fb710546650f,"{""d"":7,""p"":0.0004893900918477494,""r"":28}",
       273,         3,         0,   0.026,chromobius,430796fe00a3d6cf819c2baba9f2703c1d4562a12124f4d864a227641681e96f,"{""d"":7,""p"":0.0007880462815669912,""r"":28}",
      1024,        14,         0,   0.089,chromobius,430796fe00a3d6cf819c2baba9f2703c1d4562a12124f4d864a227641681e96f,"{""d"":7,""p"":0.0007880462815669912,""r"":28}",
      1024,         7,         0,   0.079,chromobius,430796fe00a3d6cf819c2baba9f2703c1d4562a12124f4d864a227641681e96f,"{""d"":7,""p"":0.0007880462815669912,""r"":28}",
      1024,         9,         0,   0.081,chromobius,430796fe00a3d6cf819c2baba9f2703c1d4562a12124f4d864a227641681e96f,"{""d"":7,""p"":0.0007880462815669912,""r"":28}",
      1024,        12,         0,   0.082,chromobius,430796fe00a3d6cf819c2baba9f2703c1d4562a12124f4d864a227641681e96f,"{""d"":7,""p"":0.0007880462815669912,""r"":28}",
      1024,        10,         0,   0.086,chromobius,430796fe00a3d6cf819c2baba9f2703c1d4562a12124f4d864a227641681e96f,"{""d"":7,""p"":0.0007880462815669912,""r"":28}",
      1024,         7,         0,   0.079,chromobius,430796fe00a3d6cf819c2baba9f2703c1d4562a12124f4d864a227641681e96f,"{""d"":7,""p"":0.0007880462815669912,""r"":28}",
      2048,        16,         0,   0.158,chromobius,430796fe00a3d6cf819c2baba9f2703c1d4562a12124f4d864a227641681e96f,"{""d"":7,""p"":0.0007880462815669912,""r"":28}",
      2048,        17,         0,   0.166,chromobius,430796fe00a3d6cf819c2baba9f2703c1d4562a12124f4d864a227641681e96f,"{""d"":7,""p"":0.0007880462815669912,""r"":28}",
      3072,        23,         0,   0.240,chromobius,430796fe00a3d6cf819c2baba9f2703c1d4562a12124f4d864a227641681e96f,"{""d"":7,""p"":0.0007880462815669912,""r"":28}",
      4096,        28,         0,   0.349,chromobius,430796fe00a3d6cf819c2baba9f2703c1d4562a12124f4d864a227641681e96f,"{""d"":7,""p"":0.0007880462815669912,""r"":28}",
      6144,        52,         0,   0.484,chromobius,430796fe00a3d6cf819c2baba9f2703c1d4562a12124f4d864a227641681e96f,"{""d"":7,""p"":0.0007880462815669912,""r"":28}",
      8192,        60,         0,   0.613,chromobius,430796fe00a3d6cf819c2baba9f2703c1d4562a12124f4d864a227641681e96f,"{""d"":7,""p"":0.0007880462815669912,""r"":28}",
     10240,        79,         0,   0.833,chromobius,430796fe00a3d6cf819c2baba9f2703c1d4562a12124f4d864a227641681e96f,"{""d"":7,""p"":0.0007880462815669912,""r"":28}",
     14336,       131,         0,    1.19,chromobius,430796fe00a3d6cf819c2baba9f2703c1d4562a12124f4d864a227641681e96f,"{""d"":7,""p"":0.0007880462815669912,""r"":28}",
     92160,       500,         0,    5.99,chromobius,0de5e04e01ee61c7a972e20b6d5d20b4df48c3322272bcc91e782f36da986b06,"{""d"":7,""p"":0.0006723357536499335,""r"":28}",
     19456,       179,         0,    1.59,chromobius,430796fe00a3d6cf819c2baba9f2703c1d4562a12124f4d864a227641681e96f,"{""d"":7,""p"":0.0007880462815669912,""r"":28}",
     27648,       226,         0,    2.21,chromobius,430796fe00a3d6cf819c2baba9f2703c1d4562a12124f4d864a227641681e96f,"{""d"":7,""p"":0.0007880462815669912,""r"":28}",
     38912,       315,         0,    3.12,chromobius,430796fe00a3d6cf819c2baba9f2703c1d4562a12124f4d864a227641681e96f,"{""d"":7,""p"":0.0007880462815669912,""r"":28}",
    130048,       679,         0,    8.35,chromobius,0de5e04e01ee61c7a972e20b6d5d20b4df48c3322272bcc91e782f36da986b06,"{""d"":7,""p"":0.0006723357536499335,""r"":28}",
     53248,       483,         0,    4.34,chromobius,430796fe00a3d6cf819c2baba9f2703c1d4562a12124f4d864a227641681e96f,"{""d"":7,""p"":0.0007880462815669912,""r"":28}",
     75776,       628,         0,    6.00,chromobius,430796fe00a3d6cf819c2baba9f2703c1d4562a12124f4d864a227641681e96f,"{""d"":7,""p"":0.0007880462815669912,""r"":28}",
    182272,       994,         0,    11.8,chromobius,0de5e04e01ee61c7a972e20b6d5d20b4df48c3322272bcc91e782f36da986b06,"{""d"":7,""p"":0.0006723357536499335,""r"":28}",
   3896320,       139,         0,    44.6,chromobius,e8342f5be1391c306b8465d59ca9b9825cb1b40ebaaf59f55e25c4971cbbee58,"{""d"":7,""p"":0.0001,""r"":28}",
   3088384,       164,         0,    44.7,chromobius,e7574c1340652745773b6f169ee4148e07ec9ca212801a7b671b7b3418062999,"{""d"":7,""p"":0.00011721022975334806,""r"":28}",
   2962432,       222,         0,    44.7,chromobius,b4b89979ae3843eb75e074a6c80ebd4b02366590e9eeeaa25916ac046458c8d0,"{""d"":7,""p"":0.00013738237958832623,""r"":28}",
    105472,       860,         0,    8.37,chromobius,430796fe00a3d6cf819c2baba9f2703c1d4562a12124f4d864a227641681e96f,"{""d"":7,""p"":0.0007880462815669912,""r"":28}",
   2553856,       309,         0,    44.8,chromobius,c7e57744a557c8c45c323d8203d5443ab612cb960a0ad8e327e4b9e3989d1700,"{""d"":7,""p"":0.00016102620275609394,""r"":28}",
   2237440,       420,         0,    44.8,chromobius,fc292fcb2cf2a6fafc2b551652fb5ee8d65c9e7b1e2364e64f5ee3d07c8a3ce7,"{""d"":7,""p"":0.00018873918221350977,""r"":28}",
   1853440,       489,         0,    44.8,chromobius,76d7c010c2dee0a8821a68e140a8ff061e923abf9d7528e5d68be9e1fb2c622d,"{""d"":7,""p"":0.000221221629107045,""r"":28}",
   1636352,       687,         0,    44.8,chromobius,7a55dae28a76f2f426f991f2bc19856c477c652b4093b6d6579a1a8aa4d07666,"{""d"":7,""p"":0.0002592943797404667,""r"":28}",
   1497088,       930,         0,    44.9,chromobius,d5107fa34615fce756046cf0dceec53bd693ec303972957c3292de2969751005,"{""d"":7,""p"":0.0003039195382313198,""r"":28}",
    847872,      1125,         0,    35.2,chromobius,4e7613295f9c470b54134767b1f01227c655985d49ff4476ff084ffd5a4f7048,"{""d"":7,""p"":0.00041753189365604,""r"":28}",
       273,         3,         0,   0.028,chromobius,c670e8d9c5c5ae749d838fc2ba09bf6f6a3d9725dc20f7f16d9be770de869b38,"{""d"":7,""p"":0.0009236708571873865,""r"":28}",
      1024,        12,         0,   0.090,chromobius,c670e8d9c5c5ae749d838fc2ba09bf6f6a3d9725dc20f7f16d9be770de869b38,"{""d"":7,""p"":0.0009236708571873865,""r"":28}",
      1024,        15,         0,   0.095,chromobius,c670e8d9c5c5ae749d838fc2ba09bf6f6a3d9725dc20f7f16d9be770de869b38,"{""d"":7,""p"":0.0009236708571873865,""r"":28}",
      1024,        14,         0,   0.093,chromobius,c670e8d9c5c5ae749d838fc2ba09bf6f6a3d9725dc20f7f16d9be770de869b38,"{""d"":7,""p"":0.0009236708571873865,""r"":28}",
      1024,         8,         0,   0.096,chromobius,c670e8d9c5c5ae749d838fc2ba09bf6f6a3d9725dc20f7f16d9be770de869b38,"{""d"":7,""p"":0.0009236708571873865,""r"":28}",
      1024,         9,         0,   0.094,chromobius,c670e8d9c5c5ae749d838fc2ba09bf6f6a3d9725dc20f7f16d9be770de869b38,"{""d"":7,""p"":0.0009236708571873865,""r"":28}",
      1024,        13,         0,   0.090,chromobius,c670e8d9c5c5ae749d838fc2ba09bf6f6a3d9725dc20f7f16d9be770de869b38,"{""d"":7,""p"":0.0009236708571873865,""r"":28}",
      2048,        26,         0,   0.181,chromobius,c670e8d9c5c5ae749d838fc2ba09bf6f6a3d9725dc20f7f16d9be770de869b38,"{""d"":7,""p"":0.0009236708571873865,""r"":28}",
      2048,        28,         0,   0.191,chromobius,c670e8d9c5c5ae749d838fc2ba09bf6f6a3d9725dc20f7f16d9be770de869b38,"{""d"":7,""p"":0.0009236708571873865,""r"":28}",
      3072,        41,         0,   0.274,chromobius,c670e8d9c5c5ae749d838fc2ba09bf6f6a3d9725dc20f7f16d9be770de869b38,"{""d"":7,""p"":0.0009236708571873865,""r"":28}",
      4096,        59,         0,   0.378,chromobius,c670e8d9c5c5ae749d838fc2ba09bf6f6a3d9725dc20f7f16d9be770de869b38,"{""d"":7,""p"":0.0009236708571873865,""r"":28}",
      5120,        73,         0,   0.485,chromobius,c670e8d9c5c5ae749d838fc2ba09bf6f6a3d9725dc20f7f16d9be770de869b38,"{""d"":7,""p"":0.0009236708571873865,""r"":28}",
      6144,        88,         0,   0.577,chromobius,c670e8d9c5c5ae749d838fc2ba09bf6f6a3d9725dc20f7f16d9be770de869b38,"{""d"":7,""p"":0.0009236708571873865,""r"":28}",
      9216,       136,         0,   0.862,chromobius,c670e8d9c5c5ae749d838fc2ba09bf6f6a3d9725dc20f7f16d9be770de869b38,"{""d"":7,""p"":0.0009236708571873865,""r"":28}",
   1265664,      1104,         0,    44.9,chromobius,f3745c3612a571fb124e22c32093e8f23021d42ebcc16259fd58351d430069f4,"{""d"":7,""p"":0.0003562247890262444,""r"":28}",
     12288,       161,         0,    1.13,chromobius,c670e8d9c5c5ae749d838fc2ba09bf6f6a3d9725dc20f7f16d9be770de869b38,"{""d"":7,""p"":0.0009236708571873865,""r"":28}",
     17408,       224,         0,    1.59,chromobius,c670e8d9c5c5ae749d838fc2ba09bf6f6a3d9725dc20f7f16d9be770de869b38,"{""d"":7,""p"":0.0009236708571873865,""r"":28}",
    257024,      1391,         0,    16.4,chromobius,0de5e04e01ee61c7a972e20b6d5d20b4df48c3322272bcc91e782f36da986b06,"{""d"":7,""p"":0.0006723357536499335,""r"":28}",
    146432,      1260,         0,    11.7,chromobius,430796fe00a3d6cf819c2baba9f2703c1d4562a12124f4d864a227641681e96f,"{""d"":7,""p"":0.0007880462815669912,""r"":28}",
     24576,       336,         0,    2.27,chromobius,c670e8d9c5c5ae749d838fc2ba09bf6f6a3d9725dc20f7f16d9be770de869b38,"{""d"":7,""p"":0.0009236708571873865,""r"":28}",
     37888,       187,         0,    2.39,chromobius,0de5e04e01ee61c7a972e20b6d5d20b4df48c3322272bcc91e782f36da986b06,"{""d"":7,""p"":0.0006723357536499335,""r"":28}",
       273,         5,         0,   0.035,chromobius,6c0e32042f848a11864f8a8b5f31d502ed772f3aa7c4b4eddda990c0cb07bf43,"{""d"":7,""p"":0.001082636733874054,""r"":28}",
      1024,        23,         0,   0.113,chromobius,6c0e32042f848a11864f8a8b5f31d502ed772f3aa7c4b4eddda990c0cb07bf43,"{""d"":7,""p"":0.001082636733874054,""r"":28}",
      1024,        21,         0,   0.112,chromobius,6c0e32042f848a11864f8a8b5f31d502ed772f3aa7c4b4eddda990c0cb07bf43,"{""d"":7,""p"":0.001082636733874054,""r"":28}",
      1024,        32,         0,   0.110,chromobius,6c0e32042f848a11864f8a8b5f31d502ed772f3aa7c4b4eddda990c0cb07bf43,"{""d"":7,""p"":0.001082636733874054,""r"":28}",
      1024,        29,         0,   0.106,chromobius,6c0e32042f848a11864f8a8b5f31d502ed772f3aa7c4b4eddda990c0cb07bf43,"{""d"":7,""p"":0.001082636733874054,""r"":28}",
      1024,        16,         0,   0.108,chromobius,6c0e32042f848a11864f8a8b5f31d502ed772f3aa7c4b4eddda990c0cb07bf43,"{""d"":7,""p"":0.001082636733874054,""r"":28}",
      1024,        17,         0,   0.107,chromobius,6c0e32042f848a11864f8a8b5f31d502ed772f3aa7c4b4eddda990c0cb07bf43,"{""d"":7,""p"":0.001082636733874054,""r"":28}",
      1024,        21,         0,   0.108,chromobius,6c0e32042f848a11864f8a8b5f31d502ed772f3aa7c4b4eddda990c0cb07bf43,"{""d"":7,""p"":0.001082636733874054,""r"":28}",
      2048,        46,         0,   0.217,chromobius,6c0e32042f848a11864f8a8b5f31d502ed772f3aa7c4b4eddda990c0cb07bf43,"{""d"":7,""p"":0.001082636733874054,""r"":28}",
      2048,        33,         0,   0.214,chromobius,6c0e32042f848a11864f8a8b5f31d502ed772f3aa7c4b4eddda990c0cb07bf43,"{""d"":7,""p"":0.001082636733874054,""r"":28}",
      3072,        65,         0,   0.322,chromobius,6c0e32042f848a11864f8a8b5f31d502ed772f3aa7c4b4eddda990c0cb07bf43,"{""d"":7,""p"":0.001082636733874054,""r"":28}",
     33792,       460,         0,    3.09,chromobius,c670e8d9c5c5ae749d838fc2ba09bf6f6a3d9725dc20f7f16d9be770de869b38,"{""d"":7,""p"":0.0009236708571873865,""r"":28}",
      4096,        99,         0,   0.437,chromobius,6c0e32042f848a11864f8a8b5f31d502ed772f3aa7c4b4eddda990c0cb07bf43,"{""d"":7,""p"":0.001082636733874054,""r"":28}",
      6144,       144,         0,   0.650,chromobius,6c0e32042f848a11864f8a8b5f31d502ed772f3aa7c4b4eddda990c0cb07bf43,"{""d"":7,""p"":0.001082636733874054,""r"":28}",
      8192,       190,         0,   0.872,chromobius,6c0e32042f848a11864f8a8b5f31d502ed772f3aa7c4b4eddda990c0cb07bf43,"{""d"":7,""p"":0.001082636733874054,""r"":28}",
     72704,       588,         0,    5.91,chromobius,430796fe00a3d6cf819c2baba9f2703c1d4562a12124f4d864a227641681e96f,"{""d"":7,""p"":0.0007880462815669912,""r"":28}",
       273,         4,         0,   0.040,chromobius,19d2fc4be1e65abdac81b16a540399cfb544baef66aa379faff7ff81b57b23a2,"{""d"":7,""p"":0.0012689610031679222,""r"":28}",
      1024,        36,         0,   0.141,chromobius,19d2fc4be1e65abdac81b16a540399cfb544baef66aa379faff7ff81b57b23a2,"{""d"":7,""p"":0.0012689610031679222,""r"":28}",
      1024,        43,         0,   0.145,chromobius,19d2fc4be1e65abdac81b16a540399cfb544baef66aa379faff7ff81b57b23a2,"{""d"":7,""p"":0.0012689610031679222,""r"":28}",
      1024,        27,         0,   0.145,chromobius,19d2fc4be1e65abdac81b16a540399cfb544baef66aa379faff7ff81b57b23a2,"{""d"":7,""p"":0.0012689610031679222,""r"":28}",
      1024,        35,         0,   0.145,chromobius,19d2fc4be1e65abdac81b16a540399cfb544baef66aa379faff7ff81b57b23a2,"{""d"":7,""p"":0.0012689610031679222,""r"":28}",
      1024,        32,         0,   0.143,chromobius,19d2fc4be1e65abdac81b16a540399cfb544baef66aa379faff7ff81b57b23a2,"{""d"":7,""p"":0.0012689610031679222,""r"":28}",
     11264,       227,         0,    1.18,chromobius,6c0e32042f848a11864f8a8b5f31d502ed772f3aa7c4b4eddda990c0cb07bf43,"{""d"":7,""p"":0.001082636733874054,""r"":28}",
      1024,        33,         0,   0.145,chromobius,19d2fc4be1e65abdac81b16a540399cfb544baef66aa379faff7ff81b57b23a2,"{""d"":7,""p"":0.0012689610031679222,""r"":28}",
      1024,        40,         0,   0.138,chromobius,19d2fc4be1e65abdac81b16a540399cfb544baef66aa379faff7ff81b57b23a2,"{""d"":7,""p"":0.0012689610031679222,""r"":28}",
      2048,        66,         0,   0.292,chromobius,19d2fc4be1e65abdac81b16a540399cfb544baef66aa379faff7ff81b57b23a2,"{""d"":7,""p"":0.0012689610031679222,""r"":28}",
      2048,        67,         0,   0.265,chromobius,19d2fc4be1e65abdac81b16a540399cfb544baef66aa379faff7ff81b57b23a2,"{""d"":7,""p"":0.0012689610031679222,""r"":28}",
     47104,       613,         0,    4.33,chromobius,c670e8d9c5c5ae749d838fc2ba09bf6f6a3d9725dc20f7f16d9be770de869b38,"{""d"":7,""p"":0.0009236708571873865,""r"":28}",
      3072,       103,         0,   0.445,chromobius,19d2fc4be1e65abdac81b16a540399cfb544baef66aa379faff7ff81b57b23a2,"{""d"":7,""p"":0.0012689610031679222,""r"":28}",
     15360,       306,         0,    1.60,chromobius,6c0e32042f848a11864f8a8b5f31d502ed772f3aa7c4b4eddda990c0cb07bf43,"{""d"":7,""p"":0.001082636733874054,""r"":28}",
      3072,        98,         0,   0.428,chromobius,19d2fc4be1e65abdac81b16a540399cfb544baef66aa379faff7ff81b57b23a2,"{""d"":7,""p"":0.0012689610031679222,""r"":28}",
      5120,       180,         0,   0.693,chromobius,19d2fc4be1e65abdac81b16a540399cfb544baef66aa379faff7ff81b57b23a2,"{""d"":7,""p"":0.0012689610031679222,""r"":28}",
      6144,       218,         0,   0.844,chromobius,19d2fc4be1e65abdac81b16a540399cfb544baef66aa379faff7ff81b57b23a2,"{""d"":7,""p"":0.0012689610031679222,""r"":28}",
     21504,       461,         0,    2.25,chromobius,6c0e32042f848a11864f8a8b5f31d502ed772f3aa7c4b4eddda990c0cb07bf43,"{""d"":7,""p"":0.001082636733874054,""r"":28}",
      9216,       322,         0,    1.23,chromobius,19d2fc4be1e65abdac81b16a540399cfb544baef66aa379faff7ff81b57b23a2,"{""d"":7,""p"":0.0012689610031679222,""r"":28}",
     12288,       408,         0,    1.62,chromobius,19d2fc4be1e65abdac81b16a540399cfb544baef66aa379faff7ff81b57b23a2,"{""d"":7,""p"":0.0012689610031679222,""r"":28}",
     29696,       672,         0,    3.13,chromobius,6c0e32042f848a11864f8a8b5f31d502ed772f3aa7c4b4eddda990c0cb07bf43,"{""d"":7,""p"":0.001082636733874054,""r"":28}",
     66560,       889,         0,    5.98,chromobius,c670e8d9c5c5ae749d838fc2ba09bf6f6a3d9725dc20f7f16d9be770de869b38,"{""d"":7,""p"":0.0009236708571873865,""r"":28}",
     16384,       563,         0,    2.24,chromobius,19d2fc4be1e65abdac81b16a540399cfb544baef66aa379faff7ff81b57b23a2,"{""d"":7,""p"":0.0012689610031679222,""r"":28}",
     40960,       860,         0,    4.31,chromobius,6c0e32042f848a11864f8a8b5f31d502ed772f3aa7c4b4eddda990c0cb07bf43,"{""d"":7,""p"":0.001082636733874054,""r"":28}",
     22528,       779,         0,    3.10,chromobius,19d2fc4be1e65abdac81b16a540399cfb544baef66aa379faff7ff81b57b23a2,"{""d"":7,""p"":0.0012689610031679222,""r"":28}",
     92160,      1251,         0,    8.38,chromobius,c670e8d9c5c5ae749d838fc2ba09bf6f6a3d9725dc20f7f16d9be770de869b38,"{""d"":7,""p"":0.0009236708571873865,""r"":28}",
     31744,      1073,         0,    4.33,chromobius,19d2fc4be1e65abdac81b16a540399cfb544baef66aa379faff7ff81b57b23a2,"{""d"":7,""p"":0.0012689610031679222,""r"":28}",
     56320,      1221,         0,    6.00,chromobius,6c0e32042f848a11864f8a8b5f31d502ed772f3aa7c4b4eddda990c0cb07bf43,"{""d"":7,""p"":0.001082636733874054,""r"":28}",
     40960,       549,         0,    3.65,chromobius,c670e8d9c5c5ae749d838fc2ba09bf6f6a3d9725dc20f7f16d9be770de869b38,"{""d"":7,""p"":0.0009236708571873865,""r"":28}",
     26624,       889,         0,    3.64,chromobius,19d2fc4be1e65abdac81b16a540399cfb544baef66aa379faff7ff81b57b23a2,"{""d"":7,""p"":0.0012689610031679222,""r"":28}",
       273,        20,         0,   0.049,chromobius,4492dd51ee598e9d24e906ee19ced21f00f017f0b41b4f4b5d8b57b5189d0d68,"{""d"":7,""p"":0.0014873521072935117,""r"":28}",
       273,        25,         0,   0.054,chromobius,a5bd5b6f0533c51f0fa02d5c38e404b14af7c389e1aaf6394f717fe4f8a1d2e3,"{""d"":7,""p"":0.0017433288221999873,""r"":28}",
      1024,        49,         0,   0.160,chromobius,4492dd51ee598e9d24e906ee19ced21f00f017f0b41b4f4b5d8b57b5189d0d68,"{""d"":7,""p"":0.0014873521072935117,""r"":28}",
      1024,        64,         0,   0.190,chromobius,a5bd5b6f0533c51f0fa02d5c38e404b14af7c389e1aaf6394f717fe4f8a1d2e3,"{""d"":7,""p"":0.0017433288221999873,""r"":28}",
      1024,        61,         0,   0.161,chromobius,4492dd51ee598e9d24e906ee19ced21f00f017f0b41b4f4b5d8b57b5189d0d68,"{""d"":7,""p"":0.0014873521072935117,""r"":28}",
      1024,        56,         0,   0.154,chromobius,4492dd51ee598e9d24e906ee19ced21f00f017f0b41b4f4b5d8b57b5189d0d68,"{""d"":7,""p"":0.0014873521072935117,""r"":28}",
     24576,       518,         0,    2.57,chromobius,6c0e32042f848a11864f8a8b5f31d502ed772f3aa7c4b4eddda990c0cb07bf43,"{""d"":7,""p"":0.001082636733874054,""r"":28}",
      1024,        76,         0,   0.190,chromobius,a5bd5b6f0533c51f0fa02d5c38e404b14af7c389e1aaf6394f717fe4f8a1d2e3,"{""d"":7,""p"":0.0017433288221999873,""r"":28}",
      1024,        47,         0,   0.163,chromobius,4492dd51ee598e9d24e906ee19ced21f00f017f0b41b4f4b5d8b57b5189d0d68,"{""d"":7,""p"":0.0014873521072935117,""r"":28}",
       273,        28,         0,   0.064,chromobius,e3c169c9fc0fd2ac9bb8f05cadbdc55e3a9748e31cd2fd1b307c1bcb4d5fcebb,"{""d"":7,""p"":0.0020433597178569417,""r"":28}",
      1024,        91,         0,   0.187,chromobius,a5bd5b6f0533c51f0fa02d5c38e404b14af7c389e1aaf6394f717fe4f8a1d2e3,"{""d"":7,""p"":0.0017433288221999873,""r"":28}",
      1024,        48,         0,   0.162,chromobius,4492dd51ee598e9d24e906ee19ced21f00f017f0b41b4f4b5d8b57b5189d0d68,"{""d"":7,""p"":0.0014873521072935117,""r"":28}",
      1024,        87,         0,   0.184,chromobius,a5bd5b6f0533c51f0fa02d5c38e404b14af7c389e1aaf6394f717fe4f8a1d2e3,"{""d"":7,""p"":0.0017433288221999873,""r"":28}",
      1024,       129,         0,   0.231,chromobius,e3c169c9fc0fd2ac9bb8f05cadbdc55e3a9748e31cd2fd1b307c1bcb4d5fcebb,"{""d"":7,""p"":0.0020433597178569417,""r"":28}",
      1024,        55,         0,   0.155,chromobius,4492dd51ee598e9d24e906ee19ced21f00f017f0b41b4f4b5d8b57b5189d0d68,"{""d"":7,""p"":0.0014873521072935117,""r"":28}",
      1024,        94,         0,   0.191,chromobius,a5bd5b6f0533c51f0fa02d5c38e404b14af7c389e1aaf6394f717fe4f8a1d2e3,"{""d"":7,""p"":0.0017433288221999873,""r"":28}",
      1024,        70,         0,   0.158,chromobius,4492dd51ee598e9d24e906ee19ced21f00f017f0b41b4f4b5d8b57b5189d0d68,"{""d"":7,""p"":0.0014873521072935117,""r"":28}",
      1024,       131,         0,   0.230,chromobius,e3c169c9fc0fd2ac9bb8f05cadbdc55e3a9748e31cd2fd1b307c1bcb4d5fcebb,"{""d"":7,""p"":0.0020433597178569417,""r"":28}",
      1024,        90,         0,   0.184,chromobius,a5bd5b6f0533c51f0fa02d5c38e404b14af7c389e1aaf6394f717fe4f8a1d2e3,"{""d"":7,""p"":0.0017433288221999873,""r"":28}",
      1024,        44,         0,   0.168,chromobius,4492dd51ee598e9d24e906ee19ced21f00f017f0b41b4f4b5d8b57b5189d0d68,"{""d"":7,""p"":0.0014873521072935117,""r"":28}",
      1024,       130,         0,   0.233,chromobius,e3c169c9fc0fd2ac9bb8f05cadbdc55e3a9748e31cd2fd1b307c1bcb4d5fcebb,"{""d"":7,""p"":0.0020433597178569417,""r"":28}",
      1024,        99,         0,   0.191,chromobius,a5bd5b6f0533c51f0fa02d5c38e404b14af7c389e1aaf6394f717fe4f8a1d2e3,"{""d"":7,""p"":0.0017433288221999873,""r"":28}",
      1024,       128,         0,   0.224,chromobius,e3c169c9fc0fd2ac9bb8f05cadbdc55e3a9748e31cd2fd1b307c1bcb4d5fcebb,"{""d"":7,""p"":0.0020433597178569417,""r"":28}",
      2048,       102,         0,   0.318,chromobius,4492dd51ee598e9d24e906ee19ced21f00f017f0b41b4f4b5d8b57b5189d0d68,"{""d"":7,""p"":0.0014873521072935117,""r"":28}",
      1024,        90,         0,   0.193,chromobius,a5bd5b6f0533c51f0fa02d5c38e404b14af7c389e1aaf6394f717fe4f8a1d2e3,"{""d"":7,""p"":0.0017433288221999873,""r"":28}",
      1024,       131,         0,   0.246,chromobius,e3c169c9fc0fd2ac9bb8f05cadbdc55e3a9748e31cd2fd1b307c1bcb4d5fcebb,"{""d"":7,""p"":0.0020433597178569417,""r"":28}",
      2048,       111,         0,   0.308,chromobius,4492dd51ee598e9d24e906ee19ced21f00f017f0b41b4f4b5d8b57b5189d0d68,"{""d"":7,""p"":0.0014873521072935117,""r"":28}",
      2048,       186,         0,   0.377,chromobius,a5bd5b6f0533c51f0fa02d5c38e404b14af7c389e1aaf6394f717fe4f8a1d2e3,"{""d"":7,""p"":0.0017433288221999873,""r"":28}",
      1024,       119,         0,   0.232,chromobius,e3c169c9fc0fd2ac9bb8f05cadbdc55e3a9748e31cd2fd1b307c1bcb4d5fcebb,"{""d"":7,""p"":0.0020433597178569417,""r"":28}",
      1024,       138,         0,   0.232,chromobius,e3c169c9fc0fd2ac9bb8f05cadbdc55e3a9748e31cd2fd1b307c1bcb4d5fcebb,"{""d"":7,""p"":0.0020433597178569417,""r"":28}",
      3072,       155,         0,   0.457,chromobius,4492dd51ee598e9d24e906ee19ced21f00f017f0b41b4f4b5d8b57b5189d0d68,"{""d"":7,""p"":0.0014873521072935117,""r"":28}",
      2048,       169,         0,   0.380,chromobius,a5bd5b6f0533c51f0fa02d5c38e404b14af7c389e1aaf6394f717fe4f8a1d2e3,"{""d"":7,""p"":0.0017433288221999873,""r"":28}",
      1024,       131,         0,   0.233,chromobius,e3c169c9fc0fd2ac9bb8f05cadbdc55e3a9748e31cd2fd1b307c1bcb4d5fcebb,"{""d"":7,""p"":0.0020433597178569417,""r"":28}",
      1024,       147,         0,   0.260,chromobius,e3c169c9fc0fd2ac9bb8f05cadbdc55e3a9748e31cd2fd1b307c1bcb4d5fcebb,"{""d"":7,""p"":0.0020433597178569417,""r"":28}",
      3072,       280,         0,   0.573,chromobius,a5bd5b6f0533c51f0fa02d5c38e404b14af7c389e1aaf6394f717fe4f8a1d2e3,"{""d"":7,""p"":0.0017433288221999873,""r"":28}",
      4096,       239,         0,   0.620,chromobius,4492dd51ee598e9d24e906ee19ced21f00f017f0b41b4f4b5d8b57b5189d0d68,"{""d"":7,""p"":0.0014873521072935117,""r"":28}",
      2048,       285,         0,   0.463,chromobius,e3c169c9fc0fd2ac9bb8f05cadbdc55e3a9748e31cd2fd1b307c1bcb4d5fcebb,"{""d"":7,""p"":0.0020433597178569417,""r"":28}",
      3072,       243,         0,   0.578,chromobius,a5bd5b6f0533c51f0fa02d5c38e404b14af7c389e1aaf6394f717fe4f8a1d2e3,"{""d"":7,""p"":0.0017433288221999873,""r"":28}",
      2048,       260,         0,   0.489,chromobius,e3c169c9fc0fd2ac9bb8f05cadbdc55e3a9748e31cd2fd1b307c1bcb4d5fcebb,"{""d"":7,""p"":0.0020433597178569417,""r"":28}",
      6144,       322,         0,   0.913,chromobius,4492dd51ee598e9d24e906ee19ced21f00f017f0b41b4f4b5d8b57b5189d0d68,"{""d"":7,""p"":0.0014873521072935117,""r"":28}",
      3072,       424,         0,   0.705,chromobius,e3c169c9fc0fd2ac9bb8f05cadbdc55e3a9748e31cd2fd1b307c1bcb4d5fcebb,"{""d"":7,""p"":0.0020433597178569417,""r"":28}",
      5120,       462,         0,   0.973,chromobius,a5bd5b6f0533c51f0fa02d5c38e404b14af7c389e1aaf6394f717fe4f8a1d2e3,"{""d"":7,""p"":0.0017433288221999873,""r"":28}",
      8192,       401,         0,    1.22,chromobius,4492dd51ee598e9d24e906ee19ced21f00f017f0b41b4f4b5d8b57b5189d0d68,"{""d"":7,""p"":0.0014873521072935117,""r"":28}",
      4096,       508,         0,   0.973,chromobius,e3c169c9fc0fd2ac9bb8f05cadbdc55e3a9748e31cd2fd1b307c1bcb4d5fcebb,"{""d"":7,""p"":0.0020433597178569417,""r"":28}",
      6144,       513,         0,    1.17,chromobius,a5bd5b6f0533c51f0fa02d5c38e404b14af7c389e1aaf6394f717fe4f8a1d2e3,"{""d"":7,""p"":0.0017433288221999873,""r"":28}",
      5120,       658,         0,    1.17,chromobius,e3c169c9fc0fd2ac9bb8f05cadbdc55e3a9748e31cd2fd1b307c1bcb4d5fcebb,"{""d"":7,""p"":0.0020433597178569417,""r"":28}",
     10240,       521,         0,    1.58,chromobius,4492dd51ee598e9d24e906ee19ced21f00f017f0b41b4f4b5d8b57b5189d0d68,"{""d"":7,""p"":0.0014873521072935117,""r"":28}",
      9216,       758,         0,    1.73,chromobius,a5bd5b6f0533c51f0fa02d5c38e404b14af7c389e1aaf6394f717fe4f8a1d2e3,"{""d"":7,""p"":0.0017433288221999873,""r"":28}",
   1053696,       974,         0,    37.7,chromobius,f3745c3612a571fb124e22c32093e8f23021d42ebcc16259fd58351d430069f4,"{""d"":7,""p"":0.0003562247890262444,""r"":28}",
       273,        55,         0,   0.077,chromobius,16f6da253078a50ebae2aa0f37db1046cb049fae4506b03ccf42d446c42988e4,"{""d"":7,""p"":0.002395026619987486,""r"":28}",
      1024,       195,         0,   0.291,chromobius,16f6da253078a50ebae2aa0f37db1046cb049fae4506b03ccf42d446c42988e4,"{""d"":7,""p"":0.002395026619987486,""r"":28}",
      7168,       931,         0,    1.69,chromobius,e3c169c9fc0fd2ac9bb8f05cadbdc55e3a9748e31cd2fd1b307c1bcb4d5fcebb,"{""d"":7,""p"":0.0020433597178569417,""r"":28}",
      1024,       179,         0,   0.285,chromobius,16f6da253078a50ebae2aa0f37db1046cb049fae4506b03ccf42d446c42988e4,"{""d"":7,""p"":0.002395026619987486,""r"":28}",
      1024,       185,         0,   0.308,chromobius,16f6da253078a50ebae2aa0f37db1046cb049fae4506b03ccf42d446c42988e4,"{""d"":7,""p"":0.002395026619987486,""r"":28}",
     14336,       808,         0,    2.25,chromobius,4492dd51ee598e9d24e906ee19ced21f00f017f0b41b4f4b5d8b57b5189d0d68,"{""d"":7,""p"":0.0014873521072935117,""r"":28}",
      1024,       193,         0,   0.297,chromobius,16f6da253078a50ebae2aa0f37db1046cb049fae4506b03ccf42d446c42988e4,"{""d"":7,""p"":0.002395026619987486,""r"":28}",
      1024,       202,         0,   0.309,chromobius,16f6da253078a50ebae2aa0f37db1046cb049fae4506b03ccf42d446c42988e4,"{""d"":7,""p"":0.002395026619987486,""r"":28}",
     11264,       957,         0,    2.24,chromobius,a5bd5b6f0533c51f0fa02d5c38e404b14af7c389e1aaf6394f717fe4f8a1d2e3,"{""d"":7,""p"":0.0017433288221999873,""r"":28}",
      6144,       812,         0,    1.45,chromobius,e3c169c9fc0fd2ac9bb8f05cadbdc55e3a9748e31cd2fd1b307c1bcb4d5fcebb,"{""d"":7,""p"":0.0020433597178569417,""r"":28}",
      1024,       190,         0,   0.286,chromobius,16f6da253078a50ebae2aa0f37db1046cb049fae4506b03ccf42d446c42988e4,"{""d"":7,""p"":0.002395026619987486,""r"":28}",
       273,        72,         0,   0.097,chromobius,259eb33a2f08f43789a1937e910d44c8719fd53caf32a11a3b1538f468fa60b3,"{""d"":7,""p"":0.0028072162039411755,""r"":28}",
      1024,       213,         0,   0.288,chromobius,16f6da253078a50ebae2aa0f37db1046cb049fae4506b03ccf42d446c42988e4,"{""d"":7,""p"":0.002395026619987486,""r"":28}",
      1024,       298,         0,   0.387,chromobius,259eb33a2f08f43789a1937e910d44c8719fd53caf32a11a3b1538f468fa60b3,"{""d"":7,""p"":0.0028072162039411755,""r"":28}",
      1024,       209,         0,   0.294,chromobius,16f6da253078a50ebae2aa0f37db1046cb049fae4506b03ccf42d446c42988e4,"{""d"":7,""p"":0.002395026619987486,""r"":28}",
      1024,       194,         0,   0.286,chromobius,16f6da253078a50ebae2aa0f37db1046cb049fae4506b03ccf42d446c42988e4,"{""d"":7,""p"":0.002395026619987486,""r"":28}",
      1024,       258,         0,   0.379,chromobius,259eb33a2f08f43789a1937e910d44c8719fd53caf32a11a3b1538f468fa60b3,"{""d"":7,""p"":0.0028072162039411755,""r"":28}",
      1024,       213,         0,   0.290,chromobius,16f6da253078a50ebae2aa0f37db1046cb049fae4506b03ccf42d446c42988e4,"{""d"":7,""p"":0.002395026619987486,""r"":28}",
      1024,       266,         0,   0.365,chromobius,259eb33a2f08f43789a1937e910d44c8719fd53caf32a11a3b1538f468fa60b3,"{""d"":7,""p"":0.0028072162039411755,""r"":28}",
      8192,       732,         0,    1.54,chromobius,a5bd5b6f0533c51f0fa02d5c38e404b14af7c389e1aaf6394f717fe4f8a1d2e3,"{""d"":7,""p"":0.0017433288221999873,""r"":28}",
        17,         7,         0,   0.010,chromobius,5548ae70b795f7f9bf5e59ac8e1ab2ac02227d73b5aa6e8529f7feef71943bbb,"{""d"":7,""p"":0.0032903445623126675,""r"":28}",
       256,        88,         0,   0.100,chromobius,5548ae70b795f7f9bf5e59ac8e1ab2ac02227d73b5aa6e8529f7feef71943bbb,"{""d"":7,""p"":0.0032903445623126675,""r"":28}",
      1024,       284,         0,   0.364,chromobius,259eb33a2f08f43789a1937e910d44c8719fd53caf32a11a3b1538f468fa60b3,"{""d"":7,""p"":0.0028072162039411755,""r"":28}",
      2048,       376,         0,   0.562,chromobius,16f6da253078a50ebae2aa0f37db1046cb049fae4506b03ccf42d446c42988e4,"{""d"":7,""p"":0.002395026619987486,""r"":28}",
      1024,       261,         0,   0.340,chromobius,259eb33a2f08f43789a1937e910d44c8719fd53caf32a11a3b1538f468fa60b3,"{""d"":7,""p"":0.0028072162039411755,""r"":28}",
      1024,       347,         0,   0.434,chromobius,5548ae70b795f7f9bf5e59ac8e1ab2ac02227d73b5aa6e8529f7feef71943bbb,"{""d"":7,""p"":0.0032903445623126675,""r"":28}",
      2048,       344,         0,   0.573,chromobius,16f6da253078a50ebae2aa0f37db1046cb049fae4506b03ccf42d446c42988e4,"{""d"":7,""p"":0.002395026619987486,""r"":28}",
      1024,       278,         0,   0.340,chromobius,259eb33a2f08f43789a1937e910d44c8719fd53caf32a11a3b1538f468fa60b3,"{""d"":7,""p"":0.0028072162039411755,""r"":28}",
     20480,      1056,         0,    3.16,chromobius,4492dd51ee598e9d24e906ee19ced21f00f017f0b41b4f4b5d8b57b5189d0d68,"{""d"":7,""p"":0.0014873521072935117,""r"":28}",
      1024,       358,         0,   0.421,chromobius,5548ae70b795f7f9bf5e59ac8e1ab2ac02227d73b5aa6e8529f7feef71943bbb,"{""d"":7,""p"":0.0032903445623126675,""r"":28}",
      1024,       270,         0,   0.362,chromobius,259eb33a2f08f43789a1937e910d44c8719fd53caf32a11a3b1538f468fa60b3,"{""d"":7,""p"":0.0028072162039411755,""r"":28}",
      1024,       345,         0,   0.414,chromobius,5548ae70b795f7f9bf5e59ac8e1ab2ac02227d73b5aa6e8529f7feef71943bbb,"{""d"":7,""p"":0.0032903445623126675,""r"":28}",
      1024,       251,         0,   0.372,chromobius,259eb33a2f08f43789a1937e910d44c8719fd53caf32a11a3b1538f468fa60b3,"{""d"":7,""p"":0.0028072162039411755,""r"":28}",
      3072,       555,         0,   0.861,chromobius,16f6da253078a50ebae2aa0f37db1046cb049fae4506b03ccf42d446c42988e4,"{""d"":7,""p"":0.002395026619987486,""r"":28}",
      1024,       344,         0,   0.401,chromobius,5548ae70b795f7f9bf5e59ac8e1ab2ac02227d73b5aa6e8529f7feef71943bbb,"{""d"":7,""p"":0.0032903445623126675,""r"":28}",
      1024,       265,         0,   0.365,chromobius,259eb33a2f08f43789a1937e910d44c8719fd53caf32a11a3b1538f468fa60b3,"{""d"":7,""p"":0.0028072162039411755,""r"":28}",
      1024,       376,         0,   0.396,chromobius,5548ae70b795f7f9bf5e59ac8e1ab2ac02227d73b5aa6e8529f7feef71943bbb,"{""d"":7,""p"":0.0032903445623126675,""r"":28}",
      1024,       292,         0,   0.378,chromobius,259eb33a2f08f43789a1937e910d44c8719fd53caf32a11a3b1538f468fa60b3,"{""d"":7,""p"":0.0028072162039411755,""r"":28}",
      1024,       362,         0,   0.401,chromobius,5548ae70b795f7f9bf5e59ac8e1ab2ac02227d73b5aa6e8529f7feef71943bbb,"{""d"":7,""p"":0.0032903445623126675,""r"":28}",
      4096,       748,         0,    1.13,chromobius,16f6da253078a50ebae2aa0f37db1046cb049fae4506b03ccf42d446c42988e4,"{""d"":7,""p"":0.002395026619987486,""r"":28}",
      1024,       354,         0,   0.403,chromobius,5548ae70b795f7f9bf5e59ac8e1ab2ac02227d73b5aa6e8529f7feef71943bbb,"{""d"":7,""p"":0.0032903445623126675,""r"":28}",
      2048,       547,         0,   0.747,chromobius,259eb33a2f08f43789a1937e910d44c8719fd53caf32a11a3b1538f468fa60b3,"{""d"":7,""p"":0.0028072162039411755,""r"":28}",
     16384,       863,         0,    2.49,chromobius,4492dd51ee598e9d24e906ee19ced21f00f017f0b41b4f4b5d8b57b5189d0d68,"{""d"":7,""p"":0.0014873521072935117,""r"":28}",
      1024,       342,         0,   0.416,chromobius,5548ae70b795f7f9bf5e59ac8e1ab2ac02227d73b5aa6e8529f7feef71943bbb,"{""d"":7,""p"":0.0032903445623126675,""r"":28}",
        17,        10,         0,   0.011,chromobius,c8250936904557f1cb2c264bd729ae63d21d08348dc32acf6879d90fcb13d45b,"{""d"":7,""p"":0.0038566204211634724,""r"":28}",
       256,       111,         0,   0.129,chromobius,c8250936904557f1cb2c264bd729ae63d21d08348dc32acf6879d90fcb13d45b,"{""d"":7,""p"":0.0038566204211634724,""r"":28}",
      2048,       538,         0,   0.737,chromobius,259eb33a2f08f43789a1937e910d44c8719fd53caf32a11a3b1538f468fa60b3,"{""d"":7,""p"":0.0028072162039411755,""r"":28}",
      1024,       378,         0,   0.403,chromobius,5548ae70b795f7f9bf5e59ac8e1ab2ac02227d73b5aa6e8529f7feef71943bbb,"{""d"":7,""p"":0.0032903445623126675,""r"":28}",
      1024,       445,         0,   0.501,chromobius,c8250936904557f1cb2c264bd729ae63d21d08348dc32acf6879d90fcb13d45b,"{""d"":7,""p"":0.0038566204211634724,""r"":28}",
      1024,       339,         0,   0.428,chromobius,5548ae70b795f7f9bf5e59ac8e1ab2ac02227d73b5aa6e8529f7feef71943bbb,"{""d"":7,""p"":0.0032903445623126675,""r"":28}",
      6144,      1113,         0,    1.74,chromobius,16f6da253078a50ebae2aa0f37db1046cb049fae4506b03ccf42d446c42988e4,"{""d"":7,""p"":0.002395026619987486,""r"":28}",
      1024,       403,         0,   0.482,chromobius,c8250936904557f1cb2c264bd729ae63d21d08348dc32acf6879d90fcb13d45b,"{""d"":7,""p"":0.0038566204211634724,""r"":28}",
        17,         6,         0,   0.013,chromobius,501f14f982a37b3e84010e416786ede02504ea5e7ab0a387a0478bd186c5d917,"{""d"":7,""p"":0.004520353656360241,""r"":28}",
       256,       121,         0,   0.153,chromobius,501f14f982a37b3e84010e416786ede02504ea5e7ab0a387a0478bd186c5d917,"{""d"":7,""p"":0.004520353656360241,""r"":28}",
      3072,       825,         0,    1.09,chromobius,259eb33a2f08f43789a1937e910d44c8719fd53caf32a11a3b1538f468fa60b3,"{""d"":7,""p"":0.0028072162039411755,""r"":28}",
      1024,       421,         0,   0.489,chromobius,c8250936904557f1cb2c264bd729ae63d21d08348dc32acf6879d90fcb13d45b,"{""d"":7,""p"":0.0038566204211634724,""r"":28}",
       512,       237,         0,   0.296,chromobius,501f14f982a37b3e84010e416786ede02504ea5e7ab0a387a0478bd186c5d917,"{""d"":7,""p"":0.004520353656360241,""r"":28}",
      2048,       729,         0,   0.845,chromobius,5548ae70b795f7f9bf5e59ac8e1ab2ac02227d73b5aa6e8529f7feef71943bbb,"{""d"":7,""p"":0.0032903445623126675,""r"":28}",
      1024,       418,         0,   0.481,chromobius,c8250936904557f1cb2c264bd729ae63d21d08348dc32acf6879d90fcb13d45b,"{""d"":7,""p"":0.0038566204211634724,""r"":28}",
      2048,       554,         0,   0.746,chromobius,259eb33a2f08f43789a1937e910d44c8719fd53caf32a11a3b1538f468fa60b3,"{""d"":7,""p"":0.0028072162039411755,""r"":28}",
      1024,       473,         0,   0.644,chromobius,501f14f982a37b3e84010e416786ede02504ea5e7ab0a387a0478bd186c5d917,"{""d"":7,""p"":0.004520353656360241,""r"":28}",
        17,         7,         0,   0.014,chromobius,68e4e28090051d8d9b37097d819bf34dc5cf4c18caa71ede68287e6e5541ca9e,"{""d"":7,""p"":0.005298316906283708,""r"":28}",
      2048,       681,         0,   0.833,chromobius,5548ae70b795f7f9bf5e59ac8e1ab2ac02227d73b5aa6e8529f7feef71943bbb,"{""d"":7,""p"":0.0032903445623126675,""r"":28}",
       256,       119,         0,   0.184,chromobius,68e4e28090051d8d9b37097d819bf34dc5cf4c18caa71ede68287e6e5541ca9e,"{""d"":7,""p"":0.005298316906283708,""r"":28}",
      1024,       440,         0,   0.496,chromobius,c8250936904557f1cb2c264bd729ae63d21d08348dc32acf6879d90fcb13d45b,"{""d"":7,""p"":0.0038566204211634724,""r"":28}",
        17,        12,         0,   0.017,chromobius,7aa71d246615e93152696870820d6943f7c90bc1ef378a78c63e24e1f73e1211,"{""d"":7,""p"":0.006210169418915616,""r"":28}",
       256,       130,         0,   0.220,chromobius,7aa71d246615e93152696870820d6943f7c90bc1ef378a78c63e24e1f73e1211,"{""d"":7,""p"":0.006210169418915616,""r"":28}",
       512,       263,         0,   0.367,chromobius,68e4e28090051d8d9b37097d819bf34dc5cf4c18caa71ede68287e6e5541ca9e,"{""d"":7,""p"":0.005298316906283708,""r"":28}",
      1024,       506,         0,   0.660,chromobius,501f14f982a37b3e84010e416786ede02504ea5e7ab0a387a0478bd186c5d917,"{""d"":7,""p"":0.004520353656360241,""r"":28}",
      1024,       441,         0,   0.474,chromobius,c8250936904557f1cb2c264bd729ae63d21d08348dc32acf6879d90fcb13d45b,"{""d"":7,""p"":0.0038566204211634724,""r"":28}",
       512,       258,         0,   0.356,chromobius,68e4e28090051d8d9b37097d819bf34dc5cf4c18caa71ede68287e6e5541ca9e,"{""d"":7,""p"":0.005298316906283708,""r"":28}",
       512,       263,         0,   0.446,chromobius,7aa71d246615e93152696870820d6943f7c90bc1ef378a78c63e24e1f73e1211,"{""d"":7,""p"":0.006210169418915616,""r"":28}",
      1024,       445,         0,   0.503,chromobius,c8250936904557f1cb2c264bd729ae63d21d08348dc32acf6879d90fcb13d45b,"{""d"":7,""p"":0.0038566204211634724,""r"":28}",
       512,       239,         0,   0.372,chromobius,68e4e28090051d8d9b37097d819bf34dc5cf4c18caa71ede68287e6e5541ca9e,"{""d"":7,""p"":0.005298316906283708,""r"":28}",
      1024,       491,         0,   0.678,chromobius,501f14f982a37b3e84010e416786ede02504ea5e7ab0a387a0478bd186c5d917,"{""d"":7,""p"":0.004520353656360241,""r"":28}",
       512,       253,         0,   0.445,chromobius,7aa71d246615e93152696870820d6943f7c90bc1ef378a78c63e24e1f73e1211,"{""d"":7,""p"":0.006210169418915616,""r"":28}",
       512,       265,         0,   0.376,chromobius,68e4e28090051d8d9b37097d819bf34dc5cf4c18caa71ede68287e6e5541ca9e,"{""d"":7,""p"":0.005298316906283708,""r"":28}",
      1024,       453,         0,   0.508,chromobius,c8250936904557f1cb2c264bd729ae63d21d08348dc32acf6879d90fcb13d45b,"{""d"":7,""p"":0.0038566204211634724,""r"":28}",
       512,       276,         0,   0.485,chromobius,7aa71d246615e93152696870820d6943f7c90bc1ef378a78c63e24e1f73e1211,"{""d"":7,""p"":0.006210169418915616,""r"":28}",
      1024,       504,         0,   0.675,chromobius,501f14f982a37b3e84010e416786ede02504ea5e7ab0a387a0478bd186c5d917,"{""d"":7,""p"":0.004520353656360241,""r"":28}",
       512,       256,         0,   0.369,chromobius,68e4e28090051d8d9b37097d819bf34dc5cf4c18caa71ede68287e6e5541ca9e,"{""d"":7,""p"":0.005298316906283708,""r"":28}",
      1024,       409,         0,   0.475,chromobius,c8250936904557f1cb2c264bd729ae63d21d08348dc32acf6879d90fcb13d45b,"{""d"":7,""p"":0.0038566204211634724,""r"":28}",
       512,       274,         0,   0.459,chromobius,7aa71d246615e93152696870820d6943f7c90bc1ef378a78c63e24e1f73e1211,"{""d"":7,""p"":0.006210169418915616,""r"":28}",
       512,       254,         0,   0.367,chromobius,68e4e28090051d8d9b37097d819bf34dc5cf4c18caa71ede68287e6e5541ca9e,"{""d"":7,""p"":0.005298316906283708,""r"":28}",
      1024,       480,         0,   0.684,chromobius,501f14f982a37b3e84010e416786ede02504ea5e7ab0a387a0478bd186c5d917,"{""d"":7,""p"":0.004520353656360241,""r"":28}",
      1024,       436,         0,   0.477,chromobius,c8250936904557f1cb2c264bd729ae63d21d08348dc32acf6879d90fcb13d45b,"{""d"":7,""p"":0.0038566204211634724,""r"":28}",
       512,       266,         0,   0.365,chromobius,68e4e28090051d8d9b37097d819bf34dc5cf4c18caa71ede68287e6e5541ca9e,"{""d"":7,""p"":0.005298316906283708,""r"":28}",
       512,       235,         0,   0.454,chromobius,7aa71d246615e93152696870820d6943f7c90bc1ef378a78c63e24e1f73e1211,"{""d"":7,""p"":0.006210169418915616,""r"":28}",
       512,       243,         0,   0.368,chromobius,68e4e28090051d8d9b37097d819bf34dc5cf4c18caa71ede68287e6e5541ca9e,"{""d"":7,""p"":0.005298316906283708,""r"":28}",
       512,       267,         0,   0.460,chromobius,7aa71d246615e93152696870820d6943f7c90bc1ef378a78c63e24e1f73e1211,"{""d"":7,""p"":0.006210169418915616,""r"":28}",
      1024,       482,         0,   0.665,chromobius,501f14f982a37b3e84010e416786ede02504ea5e7ab0a387a0478bd186c5d917,"{""d"":7,""p"":0.004520353656360241,""r"":28}",
       512,       255,         0,   0.368,chromobius,68e4e28090051d8d9b37097d819bf34dc5cf4c18caa71ede68287e6e5541ca9e,"{""d"":7,""p"":0.005298316906283708,""r"":28}",
      2048,       888,         0,   0.964,chromobius,c8250936904557f1cb2c264bd729ae63d21d08348dc32acf6879d90fcb13d45b,"{""d"":7,""p"":0.0038566204211634724,""r"":28}",
       512,       266,         0,   0.453,chromobius,7aa71d246615e93152696870820d6943f7c90bc1ef378a78c63e24e1f73e1211,"{""d"":7,""p"":0.006210169418915616,""r"":28}",
        17,         8,         0,   0.024,chromobius,25529bcdf5ab1b2e54a90cdef27906333d4b465327e8bbea0ade18a67783a14f,"{""d"":7,""p"":0.007278953843983146,""r"":28}",
      1024,       473,         0,   0.654,chromobius,501f14f982a37b3e84010e416786ede02504ea5e7ab0a387a0478bd186c5d917,"{""d"":7,""p"":0.004520353656360241,""r"":28}",
       256,       139,         0,   0.289,chromobius,25529bcdf5ab1b2e54a90cdef27906333d4b465327e8bbea0ade18a67783a14f,"{""d"":7,""p"":0.007278953843983146,""r"":28}",
       512,       264,         0,   0.452,chromobius,7aa71d246615e93152696870820d6943f7c90bc1ef378a78c63e24e1f73e1211,"{""d"":7,""p"":0.006210169418915616,""r"":28}",
      1024,       503,         0,   0.746,chromobius,68e4e28090051d8d9b37097d819bf34dc5cf4c18caa71ede68287e6e5541ca9e,"{""d"":7,""p"":0.005298316906283708,""r"":28}",
       512,       264,         0,   0.444,chromobius,7aa71d246615e93152696870820d6943f7c90bc1ef378a78c63e24e1f73e1211,"{""d"":7,""p"":0.006210169418915616,""r"":28}",
       512,       260,         0,   0.548,chromobius,25529bcdf5ab1b2e54a90cdef27906333d4b465327e8bbea0ade18a67783a14f,"{""d"":7,""p"":0.007278953843983146,""r"":28}",
      1024,       479,         0,   0.673,chromobius,501f14f982a37b3e84010e416786ede02504ea5e7ab0a387a0478bd186c5d917,"{""d"":7,""p"":0.004520353656360241,""r"":28}",
      1024,       529,         0,   0.738,chromobius,68e4e28090051d8d9b37097d819bf34dc5cf4c18caa71ede68287e6e5541ca9e,"{""d"":7,""p"":0.005298316906283708,""r"":28}",
       512,       265,         0,   0.452,chromobius,7aa71d246615e93152696870820d6943f7c90bc1ef378a78c63e24e1f73e1211,"{""d"":7,""p"":0.006210169418915616,""r"":28}",
       512,       256,         0,   0.561,chromobius,25529bcdf5ab1b2e54a90cdef27906333d4b465327e8bbea0ade18a67783a14f,"{""d"":7,""p"":0.007278953843983146,""r"":28}",
      1024,       486,         0,   0.656,chromobius,501f14f982a37b3e84010e416786ede02504ea5e7ab0a387a0478bd186c5d917,"{""d"":7,""p"":0.004520353656360241,""r"":28}",
       512,       241,         0,   0.550,chromobius,25529bcdf5ab1b2e54a90cdef27906333d4b465327e8bbea0ade18a67783a14f,"{""d"":7,""p"":0.007278953843983146,""r"":28}",
      1024,       509,         0,   0.911,chromobius,7aa71d246615e93152696870820d6943f7c90bc1ef378a78c63e24e1f73e1211,"{""d"":7,""p"":0.006210169418915616,""r"":28}",
      1024,       464,         0,   0.656,chromobius,501f14f982a37b3e84010e416786ede02504ea5e7ab0a387a0478bd186c5d917,"{""d"":7,""p"":0.004520353656360241,""r"":28}",
      1536,       728,         0,    1.09,chromobius,68e4e28090051d8d9b37097d819bf34dc5cf4c18caa71ede68287e6e5541ca9e,"{""d"":7,""p"":0.005298316906283708,""r"":28}",
        17,         6,         0,   0.023,chromobius,04b443c7c4e810219e4973fd357bb9c41752280631abcb004ddd40859594580b,"{""d"":7,""p"":0.008531678524172805,""r"":28}",
   5241856,       178,         0,    62.5,chromobius,e8342f5be1391c306b8465d59ca9b9825cb1b40ebaaf59f55e25c4971cbbee58,"{""d"":7,""p"":0.0001,""r"":28}",
       512,       246,         0,   0.581,chromobius,25529bcdf5ab1b2e54a90cdef27906333d4b465327e8bbea0ade18a67783a14f,"{""d"":7,""p"":0.007278953843983146,""r"":28}",
       256,       119,         0,   0.321,chromobius,04b443c7c4e810219e4973fd357bb9c41752280631abcb004ddd40859594580b,"{""d"":7,""p"":0.008531678524172805,""r"":28}",
       256,       114,         0,   0.335,chromobius,04b443c7c4e810219e4973fd357bb9c41752280631abcb004ddd40859594580b,"{""d"":7,""p"":0.008531678524172805,""r"":28}",
      1024,       514,         0,   0.890,chromobius,7aa71d246615e93152696870820d6943f7c90bc1ef378a78c63e24e1f73e1211,"{""d"":7,""p"":0.006210169418915616,""r"":28}",
       512,       242,         0,   0.594,chromobius,25529bcdf5ab1b2e54a90cdef27906333d4b465327e8bbea0ade18a67783a14f,"{""d"":7,""p"":0.007278953843983146,""r"":28}",
   4235264,       220,         0,    62.6,chromobius,e7574c1340652745773b6f169ee4148e07ec9ca212801a7b671b7b3418062999,"{""d"":7,""p"":0.00011721022975334806,""r"":28}",
       256,       139,         0,   0.316,chromobius,04b443c7c4e810219e4973fd357bb9c41752280631abcb004ddd40859594580b,"{""d"":7,""p"":0.008531678524172805,""r"":28}",
       256,       128,         0,   0.325,chromobius,04b443c7c4e810219e4973fd357bb9c41752280631abcb004ddd40859594580b,"{""d"":7,""p"":0.008531678524172805,""r"":28}",
       512,       250,         0,   0.584,chromobius,25529bcdf5ab1b2e54a90cdef27906333d4b465327e8bbea0ade18a67783a14f,"{""d"":7,""p"":0.007278953843983146,""r"":28}",
      2048,       966,         0,    1.47,chromobius,68e4e28090051d8d9b37097d819bf34dc5cf4c18caa71ede68287e6e5541ca9e,"{""d"":7,""p"":0.005298316906283708,""r"":28}",
   4144128,       350,         0,    62.6,chromobius,b4b89979ae3843eb75e074a6c80ebd4b02366590e9eeeaa25916ac046458c8d0,"{""d"":7,""p"":0.00013738237958832623,""r"":28}",
        17,         8,         0,   0.027,chromobius,668d7927b5302cc4c4f3b550c8471204c610cc4b400cbf8319be7693f2d45520,"{""d"":7,""p"":0.01,""r"":28}",
       256,       122,         0,   0.327,chromobius,04b443c7c4e810219e4973fd357bb9c41752280631abcb004ddd40859594580b,"{""d"":7,""p"":0.008531678524172805,""r"":28}",
   3682304,       411,         0,    62.6,chromobius,c7e57744a557c8c45c323d8203d5443ab612cb960a0ad8e327e4b9e3989d1700,"{""d"":7,""p"":0.00016102620275609394,""r"":28}",
       256,       136,         0,   0.338,chromobius,04b443c7c4e810219e4973fd357bb9c41752280631abcb004ddd40859594580b,"{""d"":7,""p"":0.008531678524172805,""r"":28}",
       256,       129,         0,   0.397,chromobius,668d7927b5302cc4c4f3b550c8471204c610cc4b400cbf8319be7693f2d45520,"{""d"":7,""p"":0.01,""r"":28}",
       512,       248,         0,   0.589,chromobius,25529bcdf5ab1b2e54a90cdef27906333d4b465327e8bbea0ade18a67783a14f,"{""d"":7,""p"":0.007278953843983146,""r"":28}",
      1536,       742,         0,    1.38,chromobius,7aa71d246615e93152696870820d6943f7c90bc1ef378a78c63e24e1f73e1211,"{""d"":7,""p"":0.006210169418915616,""r"":28}",
       256,       124,         0,   0.327,chromobius,04b443c7c4e810219e4973fd357bb9c41752280631abcb004ddd40859594580b,"{""d"":7,""p"":0.008531678524172805,""r"":28}",
       256,       121,         0,   0.384,chromobius,668d7927b5302cc4c4f3b550c8471204c610cc4b400cbf8319be7693f2d45520,"{""d"":7,""p"":0.01,""r"":28}",
   3051520,       542,         0,    62.7,chromobius,fc292fcb2cf2a6fafc2b551652fb5ee8d65c9e7b1e2364e64f5ee3d07c8a3ce7,"{""d"":7,""p"":0.00018873918221350977,""r"":28}",
       512,       252,         0,   0.619,chromobius,25529bcdf5ab1b2e54a90cdef27906333d4b465327e8bbea0ade18a67783a14f,"{""d"":7,""p"":0.007278953843983146,""r"":28}",
       256,       122,         0,   0.347,chromobius,04b443c7c4e810219e4973fd357bb9c41752280631abcb004ddd40859594580b,"{""d"":7,""p"":0.008531678524172805,""r"":28}",
       256,       128,         0,   0.469,chromobius,668d7927b5302cc4c4f3b550c8471204c610cc4b400cbf8319be7693f2d45520,"{""d"":7,""p"":0.01,""r"":28}",
       256,       120,         0,   0.368,chromobius,04b443c7c4e810219e4973fd357bb9c41752280631abcb004ddd40859594580b,"{""d"":7,""p"":0.008531678524172805,""r"":28}",
      1024,       511,         0,   0.974,chromobius,7aa71d246615e93152696870820d6943f7c90bc1ef378a78c63e24e1f73e1211,"{""d"":7,""p"":0.006210169418915616,""r"":28}",
   2565120,       631,         0,    62.7,chromobius,76d7c010c2dee0a8821a68e140a8ff061e923abf9d7528e5d68be9e1fb2c622d,"{""d"":7,""p"":0.000221221629107045,""r"":28}",
       512,       262,         0,   0.621,chromobius,25529bcdf5ab1b2e54a90cdef27906333d4b465327e8bbea0ade18a67783a14f,"{""d"":7,""p"":0.007278953843983146,""r"":28}",
       256,       125,         0,   0.467,chromobius,668d7927b5302cc4c4f3b550c8471204c610cc4b400cbf8319be7693f2d45520,"{""d"":7,""p"":0.01,""r"":28}",
       273,         0,         0,   0.012,chromobius,9869750c9c530c938dd92cd95bdcf2d110dc61862fb757ae6af03baa643ee623,"{""d"":9,""p"":0.0001,""r"":36}",
       256,       128,         0,   0.387,chromobius,04b443c7c4e810219e4973fd357bb9c41752280631abcb004ddd40859594580b,"{""d"":7,""p"":0.008531678524172805,""r"":28}",
      1024,         0,         0,   0.036,chromobius,9869750c9c530c938dd92cd95bdcf2d110dc61862fb757ae6af03baa643ee623,"{""d"":9,""p"":0.0001,""r"":36}",
      1024,         0,         0,   0.032,chromobius,9869750c9c530c938dd92cd95bdcf2d110dc61862fb757ae6af03baa643ee623,"{""d"":9,""p"":0.0001,""r"":36}",
      1024,         0,         0,   0.033,chromobius,9869750c9c530c938dd92cd95bdcf2d110dc61862fb757ae6af03baa643ee623,"{""d"":9,""p"":0.0001,""r"":36}",
      2048,         0,         0,   0.061,chromobius,9869750c9c530c938dd92cd95bdcf2d110dc61862fb757ae6af03baa643ee623,"{""d"":9,""p"":0.0001,""r"":36}",
      2048,         0,         0,   0.065,chromobius,9869750c9c530c938dd92cd95bdcf2d110dc61862fb757ae6af03baa643ee623,"{""d"":9,""p"":0.0001,""r"":36}",
   2396160,       939,         0,    62.8,chromobius,7a55dae28a76f2f426f991f2bc19856c477c652b4093b6d6579a1a8aa4d07666,"{""d"":7,""p"":0.0002592943797404667,""r"":28}",
      2048,         0,         0,   0.078,chromobius,9869750c9c530c938dd92cd95bdcf2d110dc61862fb757ae6af03baa643ee623,"{""d"":9,""p"":0.0001,""r"":36}",
       256,       138,         0,   0.396,chromobius,668d7927b5302cc4c4f3b550c8471204c610cc4b400cbf8319be7693f2d45520,"{""d"":7,""p"":0.01,""r"":28}",
      4096,         0,         0,   0.129,chromobius,9869750c9c530c938dd92cd95bdcf2d110dc61862fb757ae6af03baa643ee623,"{""d"":9,""p"":0.0001,""r"":36}",
       512,       265,         0,   0.612,chromobius,25529bcdf5ab1b2e54a90cdef27906333d4b465327e8bbea0ade18a67783a14f,"{""d"":7,""p"":0.007278953843983146,""r"":28}",
      5120,         0,         0,   0.159,chromobius,9869750c9c530c938dd92cd95bdcf2d110dc61862fb757ae6af03baa643ee623,"{""d"":9,""p"":0.0001,""r"":36}",
       512,       253,         0,   0.703,chromobius,04b443c7c4e810219e4973fd357bb9c41752280631abcb004ddd40859594580b,"{""d"":7,""p"":0.008531678524172805,""r"":28}",
       256,       130,         0,   0.386,chromobius,668d7927b5302cc4c4f3b550c8471204c610cc4b400cbf8319be7693f2d45520,"{""d"":7,""p"":0.01,""r"":28}",
      7168,         0,         0,   0.212,chromobius,9869750c9c530c938dd92cd95bdcf2d110dc61862fb757ae6af03baa643ee623,"{""d"":9,""p"":0.0001,""r"":36}",
     10240,         0,         0,   0.306,chromobius,9869750c9c530c938dd92cd95bdcf2d110dc61862fb757ae6af03baa643ee623,"{""d"":9,""p"":0.0001,""r"":36}",
       512,       258,         0,   0.620,chromobius,25529bcdf5ab1b2e54a90cdef27906333d4b465327e8bbea0ade18a67783a14f,"{""d"":7,""p"":0.007278953843983146,""r"":28}",
       256,       128,         0,   0.387,chromobius,668d7927b5302cc4c4f3b550c8471204c610cc4b400cbf8319be7693f2d45520,"{""d"":7,""p"":0.01,""r"":28}",
       512,       270,         0,   0.684,chromobius,04b443c7c4e810219e4973fd357bb9c41752280631abcb004ddd40859594580b,"{""d"":7,""p"":0.008531678524172805,""r"":28}",
       256,       134,         0,   0.384,chromobius,668d7927b5302cc4c4f3b550c8471204c610cc4b400cbf8319be7693f2d45520,"{""d"":7,""p"":0.01,""r"":28}",
     14336,         0,         0,   0.432,chromobius,9869750c9c530c938dd92cd95bdcf2d110dc61862fb757ae6af03baa643ee623,"{""d"":9,""p"":0.0001,""r"":36}",
   2172928,      1267,         0,    62.8,chromobius,d5107fa34615fce756046cf0dceec53bd693ec303972957c3292de2969751005,"{""d"":7,""p"":0.0003039195382313198,""r"":28}",
       256,       134,         0,   0.381,chromobius,668d7927b5302cc4c4f3b550c8471204c610cc4b400cbf8319be7693f2d45520,"{""d"":7,""p"":0.01,""r"":28}",
     19456,         0,         0,   0.589,chromobius,9869750c9c530c938dd92cd95bdcf2d110dc61862fb757ae6af03baa643ee623,"{""d"":9,""p"":0.0001,""r"":36}",
       256,       134,         0,   0.385,chromobius,668d7927b5302cc4c4f3b550c8471204c610cc4b400cbf8319be7693f2d45520,"{""d"":7,""p"":0.01,""r"":28}",
      1024,       521,         0,    1.17,chromobius,25529bcdf5ab1b2e54a90cdef27906333d4b465327e8bbea0ade18a67783a14f,"{""d"":7,""p"":0.007278953843983146,""r"":28}",
       768,       389,         0,    1.03,chromobius,04b443c7c4e810219e4973fd357bb9c41752280631abcb004ddd40859594580b,"{""d"":7,""p"":0.008531678524172805,""r"":28}",
     26624,         0,         0,   0.797,chromobius,9869750c9c530c938dd92cd95bdcf2d110dc61862fb757ae6af03baa643ee623,"{""d"":9,""p"":0.0001,""r"":36}",
       512,       264,         0,   0.773,chromobius,668d7927b5302cc4c4f3b550c8471204c610cc4b400cbf8319be7693f2d45520,"{""d"":7,""p"":0.01,""r"":28}",
      1024,       485,         0,    1.16,chromobius,25529bcdf5ab1b2e54a90cdef27906333d4b465327e8bbea0ade18a67783a14f,"{""d"":7,""p"":0.007278953843983146,""r"":28}",
       512,       258,         0,   0.777,chromobius,668d7927b5302cc4c4f3b550c8471204c610cc4b400cbf8319be7693f2d45520,"{""d"":7,""p"":0.01,""r"":28}",
      1024,       508,         0,    1.39,chromobius,04b443c7c4e810219e4973fd357bb9c41752280631abcb004ddd40859594580b,"{""d"":7,""p"":0.008531678524172805,""r"":28}",
     36864,         0,         0,    1.12,chromobius,9869750c9c530c938dd92cd95bdcf2d110dc61862fb757ae6af03baa643ee623,"{""d"":9,""p"":0.0001,""r"":36}",
       768,       382,         0,    1.17,chromobius,668d7927b5302cc4c4f3b550c8471204c610cc4b400cbf8319be7693f2d45520,"{""d"":7,""p"":0.01,""r"":28}",
      1536,       776,         0,    1.76,chromobius,25529bcdf5ab1b2e54a90cdef27906333d4b465327e8bbea0ade18a67783a14f,"{""d"":7,""p"":0.007278953843983146,""r"":28}",
      1280,       611,         0,    1.72,chromobius,04b443c7c4e810219e4973fd357bb9c41752280631abcb004ddd40859594580b,"{""d"":7,""p"":0.008531678524172805,""r"":28}",
     52224,         0,         0,    1.56,chromobius,9869750c9c530c938dd92cd95bdcf2d110dc61862fb757ae6af03baa643ee623,"{""d"":9,""p"":0.0001,""r"":36}",
       768,       387,         0,    1.18,chromobius,668d7927b5302cc4c4f3b550c8471204c610cc4b400cbf8319be7693f2d45520,"{""d"":7,""p"":0.01,""r"":28}",
      1024,       505,         0,    1.19,chromobius,25529bcdf5ab1b2e54a90cdef27906333d4b465327e8bbea0ade18a67783a14f,"{""d"":7,""p"":0.007278953843983146,""r"":28}",
       273,         0,         0,   0.014,chromobius,bf88cf396baf33412fe3d8f560528a4920d19948ff7c2648d221569451828d7f,"{""d"":9,""p"":0.00011721022975334806,""r"":36}",
      1024,         0,         0,   0.039,chromobius,bf88cf396baf33412fe3d8f560528a4920d19948ff7c2648d221569451828d7f,"{""d"":9,""p"":0.00011721022975334806,""r"":36}",
      1024,         0,         0,   0.039,chromobius,bf88cf396baf33412fe3d8f560528a4920d19948ff7c2648d221569451828d7f,"{""d"":9,""p"":0.00011721022975334806,""r"":36}",
      1024,         0,         0,   0.035,chromobius,bf88cf396baf33412fe3d8f560528a4920d19948ff7c2648d221569451828d7f,"{""d"":9,""p"":0.00011721022975334806,""r"":36}",
      1024,         0,         0,   0.038,chromobius,bf88cf396baf33412fe3d8f560528a4920d19948ff7c2648d221569451828d7f,"{""d"":9,""p"":0.00011721022975334806,""r"":36}",
      2048,         0,         0,   0.077,chromobius,bf88cf396baf33412fe3d8f560528a4920d19948ff7c2648d221569451828d7f,"{""d"":9,""p"":0.00011721022975334806,""r"":36}",
      3072,         0,         0,   0.111,chromobius,bf88cf396baf33412fe3d8f560528a4920d19948ff7c2648d221569451828d7f,"{""d"":9,""p"":0.00011721022975334806,""r"":36}",
      3072,         0,         0,   0.111,chromobius,bf88cf396baf33412fe3d8f560528a4920d19948ff7c2648d221569451828d7f,"{""d"":9,""p"":0.00011721022975334806,""r"":36}",
      4096,         0,         0,   0.154,chromobius,bf88cf396baf33412fe3d8f560528a4920d19948ff7c2648d221569451828d7f,"{""d"":9,""p"":0.00011721022975334806,""r"":36}",
      6144,         0,         0,   0.225,chromobius,bf88cf396baf33412fe3d8f560528a4920d19948ff7c2648d221569451828d7f,"{""d"":9,""p"":0.00011721022975334806,""r"":36}",
      8192,         0,         0,   0.301,chromobius,bf88cf396baf33412fe3d8f560528a4920d19948ff7c2648d221569451828d7f,"{""d"":9,""p"":0.00011721022975334806,""r"":36}",
      1024,       505,         0,    1.58,chromobius,668d7927b5302cc4c4f3b550c8471204c610cc4b400cbf8319be7693f2d45520,"{""d"":7,""p"":0.01,""r"":28}",
     71680,         0,         0,    2.19,chromobius,9869750c9c530c938dd92cd95bdcf2d110dc61862fb757ae6af03baa643ee623,"{""d"":9,""p"":0.0001,""r"":36}",
      1792,       891,         0,    2.41,chromobius,04b443c7c4e810219e4973fd357bb9c41752280631abcb004ddd40859594580b,"{""d"":7,""p"":0.008531678524172805,""r"":28}",
     11264,         0,         0,   0.429,chromobius,bf88cf396baf33412fe3d8f560528a4920d19948ff7c2648d221569451828d7f,"{""d"":9,""p"":0.00011721022975334806,""r"":36}",
     15360,         0,         0,   0.586,chromobius,bf88cf396baf33412fe3d8f560528a4920d19948ff7c2648d221569451828d7f,"{""d"":9,""p"":0.00011721022975334806,""r"":36}",
     21504,         0,         0,   0.798,chromobius,bf88cf396baf33412fe3d8f560528a4920d19948ff7c2648d221569451828d7f,"{""d"":9,""p"":0.00011721022975334806,""r"":36}",
      1536,       782,         0,    2.40,chromobius,668d7927b5302cc4c4f3b550c8471204c610cc4b400cbf8319be7693f2d45520,"{""d"":7,""p"":0.01,""r"":28}",
      1792,       902,         0,    2.39,chromobius,04b443c7c4e810219e4973fd357bb9c41752280631abcb004ddd40859594580b,"{""d"":7,""p"":0.008531678524172805,""r"":28}",
       273,         0,         0,   0.013,chromobius,5c45b5abcee7e5038ad5b17d284b6490f77a86807990ec195edfaad890b9632f,"{""d"":9,""p"":0.00013738237958832623,""r"":36}",
      1024,         0,         0,   0.041,chromobius,5c45b5abcee7e5038ad5b17d284b6490f77a86807990ec195edfaad890b9632f,"{""d"":9,""p"":0.00013738237958832623,""r"":36}",
      1024,         0,         0,   0.039,chromobius,5c45b5abcee7e5038ad5b17d284b6490f77a86807990ec195edfaad890b9632f,"{""d"":9,""p"":0.00013738237958832623,""r"":36}",
      1024,         0,         0,   0.042,chromobius,5c45b5abcee7e5038ad5b17d284b6490f77a86807990ec195edfaad890b9632f,"{""d"":9,""p"":0.00013738237958832623,""r"":36}",
     30720,         0,         0,    1.13,chromobius,bf88cf396baf33412fe3d8f560528a4920d19948ff7c2648d221569451828d7f,"{""d"":9,""p"":0.00011721022975334806,""r"":36}",
      1024,         0,         0,   0.045,chromobius,5c45b5abcee7e5038ad5b17d284b6490f77a86807990ec195edfaad890b9632f,"{""d"":9,""p"":0.00013738237958832623,""r"":36}",
      2048,         0,         0,   0.093,chromobius,5c45b5abcee7e5038ad5b17d284b6490f77a86807990ec195edfaad890b9632f,"{""d"":9,""p"":0.00013738237958832623,""r"":36}",
     96256,         0,         0,    3.04,chromobius,9869750c9c530c938dd92cd95bdcf2d110dc61862fb757ae6af03baa643ee623,"{""d"":9,""p"":0.0001,""r"":36}",
      2048,         0,         0,   0.087,chromobius,5c45b5abcee7e5038ad5b17d284b6490f77a86807990ec195edfaad890b9632f,"{""d"":9,""p"":0.00013738237958832623,""r"":36}",
      3072,         0,         0,   0.131,chromobius,5c45b5abcee7e5038ad5b17d284b6490f77a86807990ec195edfaad890b9632f,"{""d"":9,""p"":0.00013738237958832623,""r"":36}",
      4096,         0,         0,   0.181,chromobius,5c45b5abcee7e5038ad5b17d284b6490f77a86807990ec195edfaad890b9632f,"{""d"":9,""p"":0.00013738237958832623,""r"":36}",
      5120,         0,         0,   0.227,chromobius,5c45b5abcee7e5038ad5b17d284b6490f77a86807990ec195edfaad890b9632f,"{""d"":9,""p"":0.00013738237958832623,""r"":36}",
      7168,         0,         0,   0.304,chromobius,5c45b5abcee7e5038ad5b17d284b6490f77a86807990ec195edfaad890b9632f,"{""d"":9,""p"":0.00013738237958832623,""r"":36}",
     10240,         0,         0,   0.445,chromobius,5c45b5abcee7e5038ad5b17d284b6490f77a86807990ec195edfaad890b9632f,"{""d"":9,""p"":0.00013738237958832623,""r"":36}",
     41984,         0,         0,    1.56,chromobius,bf88cf396baf33412fe3d8f560528a4920d19948ff7c2648d221569451828d7f,"{""d"":9,""p"":0.00011721022975334806,""r"":36}",
     13312,         0,         0,   0.582,chromobius,5c45b5abcee7e5038ad5b17d284b6490f77a86807990ec195edfaad890b9632f,"{""d"":9,""p"":0.00013738237958832623,""r"":36}",
      2048,      1076,         0,    3.21,chromobius,668d7927b5302cc4c4f3b550c8471204c610cc4b400cbf8319be7693f2d45520,"{""d"":7,""p"":0.01,""r"":28}",
     18432,         0,         0,   0.797,chromobius,5c45b5abcee7e5038ad5b17d284b6490f77a86807990ec195edfaad890b9632f,"{""d"":9,""p"":0.00013738237958832623,""r"":36}",
       256,       133,         0,   0.399,chromobius,668d7927b5302cc4c4f3b550c8471204c610cc4b400cbf8319be7693f2d45520,"{""d"":7,""p"":0.01,""r"":28}",
       273,         0,         0,   0.018,chromobius,30e4bb9352da2fa0928f2aa0fa8e2a0e37ad769b21be523c6f21c0fc81038695,"{""d"":9,""p"":0.00016102620275609394,""r"":36}",
      1024,         0,         0,   0.053,chromobius,30e4bb9352da2fa0928f2aa0fa8e2a0e37ad769b21be523c6f21c0fc81038695,"{""d"":9,""p"":0.00016102620275609394,""r"":36}",
      1024,         0,         0,   0.054,chromobius,30e4bb9352da2fa0928f2aa0fa8e2a0e37ad769b21be523c6f21c0fc81038695,"{""d"":9,""p"":0.00016102620275609394,""r"":36}",
      1024,         0,         0,   0.053,chromobius,30e4bb9352da2fa0928f2aa0fa8e2a0e37ad769b21be523c6f21c0fc81038695,"{""d"":9,""p"":0.00016102620275609394,""r"":36}",
      1024,         0,         0,   0.050,chromobius,30e4bb9352da2fa0928f2aa0fa8e2a0e37ad769b21be523c6f21c0fc81038695,"{""d"":9,""p"":0.00016102620275609394,""r"":36}",
      2048,         0,         0,   0.106,chromobius,30e4bb9352da2fa0928f2aa0fa8e2a0e37ad769b21be523c6f21c0fc81038695,"{""d"":9,""p"":0.00016102620275609394,""r"":36}",
      2048,         0,         0,   0.109,chromobius,30e4bb9352da2fa0928f2aa0fa8e2a0e37ad769b21be523c6f21c0fc81038695,"{""d"":9,""p"":0.00016102620275609394,""r"":36}",
     59392,         0,         0,    2.21,chromobius,bf88cf396baf33412fe3d8f560528a4920d19948ff7c2648d221569451828d7f,"{""d"":9,""p"":0.00011721022975334806,""r"":36}",
      3072,         0,         0,   0.155,chromobius,30e4bb9352da2fa0928f2aa0fa8e2a0e37ad769b21be523c6f21c0fc81038695,"{""d"":9,""p"":0.00016102620275609394,""r"":36}",
      3072,         0,         0,   0.156,chromobius,30e4bb9352da2fa0928f2aa0fa8e2a0e37ad769b21be523c6f21c0fc81038695,"{""d"":9,""p"":0.00016102620275609394,""r"":36}",
     26624,         0,         0,    1.14,chromobius,5c45b5abcee7e5038ad5b17d284b6490f77a86807990ec195edfaad890b9632f,"{""d"":9,""p"":0.00013738237958832623,""r"":36}",
      5120,         0,         0,   0.255,chromobius,30e4bb9352da2fa0928f2aa0fa8e2a0e37ad769b21be523c6f21c0fc81038695,"{""d"":9,""p"":0.00016102620275609394,""r"":36}",
    136192,         0,         0,    4.28,chromobius,9869750c9c530c938dd92cd95bdcf2d110dc61862fb757ae6af03baa643ee623,"{""d"":9,""p"":0.0001,""r"":36}",
      6144,         0,         0,   0.320,chromobius,30e4bb9352da2fa0928f2aa0fa8e2a0e37ad769b21be523c6f21c0fc81038695,"{""d"":9,""p"":0.00016102620275609394,""r"":36}",
      8192,         1,         0,   0.420,chromobius,30e4bb9352da2fa0928f2aa0fa8e2a0e37ad769b21be523c6f21c0fc81038695,"{""d"":9,""p"":0.00016102620275609394,""r"":36}",
     36864,         0,         0,    1.56,chromobius,5c45b5abcee7e5038ad5b17d284b6490f77a86807990ec195edfaad890b9632f,"{""d"":9,""p"":0.00013738237958832623,""r"":36}",
     12288,         1,         0,   0.602,chromobius,30e4bb9352da2fa0928f2aa0fa8e2a0e37ad769b21be523c6f21c0fc81038695,"{""d"":9,""p"":0.00016102620275609394,""r"":36}",
     16384,         0,         0,   0.798,chromobius,30e4bb9352da2fa0928f2aa0fa8e2a0e37ad769b21be523c6f21c0fc81038695,"{""d"":9,""p"":0.00016102620275609394,""r"":36}",
     82944,         0,         0,    3.05,chromobius,bf88cf396baf33412fe3d8f560528a4920d19948ff7c2648d221569451828d7f,"{""d"":9,""p"":0.00011721022975334806,""r"":36}",
     22528,         0,         0,    1.15,chromobius,30e4bb9352da2fa0928f2aa0fa8e2a0e37ad769b21be523c6f21c0fc81038695,"{""d"":9,""p"":0.00016102620275609394,""r"":36}",
     51200,         0,         0,    2.22,chromobius,5c45b5abcee7e5038ad5b17d284b6490f77a86807990ec195edfaad890b9632f,"{""d"":9,""p"":0.00013738237958832623,""r"":36}",
     30720,         0,         0,    1.57,chromobius,30e4bb9352da2fa0928f2aa0fa8e2a0e37ad769b21be523c6f21c0fc81038695,"{""d"":9,""p"":0.00016102620275609394,""r"":36}",
    188416,         1,         0,    5.99,chromobius,9869750c9c530c938dd92cd95bdcf2d110dc61862fb757ae6af03baa643ee623,"{""d"":9,""p"":0.0001,""r"":36}",
     69632,         1,         0,    3.05,chromobius,5c45b5abcee7e5038ad5b17d284b6490f77a86807990ec195edfaad890b9632f,"{""d"":9,""p"":0.00013738237958832623,""r"":36}",
    116736,         0,         0,    4.28,chromobius,bf88cf396baf33412fe3d8f560528a4920d19948ff7c2648d221569451828d7f,"{""d"":9,""p"":0.00011721022975334806,""r"":36}",
     43008,         1,         0,    2.18,chromobius,30e4bb9352da2fa0928f2aa0fa8e2a0e37ad769b21be523c6f21c0fc81038695,"{""d"":9,""p"":0.00016102620275609394,""r"":36}",
     61440,         0,         0,    3.08,chromobius,30e4bb9352da2fa0928f2aa0fa8e2a0e37ad769b21be523c6f21c0fc81038695,"{""d"":9,""p"":0.00016102620275609394,""r"":36}",
     98304,         0,         0,    4.29,chromobius,5c45b5abcee7e5038ad5b17d284b6490f77a86807990ec195edfaad890b9632f,"{""d"":9,""p"":0.00013738237958832623,""r"":36}",
    160768,         2,         0,    5.96,chromobius,bf88cf396baf33412fe3d8f560528a4920d19948ff7c2648d221569451828d7f,"{""d"":9,""p"":0.00011721022975334806,""r"":36}",
    920576,       597,         0,    27.7,chromobius,d5107fa34615fce756046cf0dceec53bd693ec303972957c3292de2969751005,"{""d"":7,""p"":0.0003039195382313198,""r"":28}",
     83968,         1,         0,    4.28,chromobius,30e4bb9352da2fa0928f2aa0fa8e2a0e37ad769b21be523c6f21c0fc81038695,"{""d"":9,""p"":0.00016102620275609394,""r"":36}",
    264192,         2,         0,    8.34,chromobius,9869750c9c530c938dd92cd95bdcf2d110dc61862fb757ae6af03baa643ee623,"{""d"":9,""p"":0.0001,""r"":36}",
       273,         0,         0,   0.020,chromobius,6fd182fa8beb755f3a574c046d14e0a19a388fa3a293d7f3f6d47c26564fe8f3,"{""d"":9,""p"":0.00018873918221350977,""r"":36}",
      1024,         0,         0,   0.061,chromobius,6fd182fa8beb755f3a574c046d14e0a19a388fa3a293d7f3f6d47c26564fe8f3,"{""d"":9,""p"":0.00018873918221350977,""r"":36}",
      1024,         0,         0,   0.077,chromobius,6fd182fa8beb755f3a574c046d14e0a19a388fa3a293d7f3f6d47c26564fe8f3,"{""d"":9,""p"":0.00018873918221350977,""r"":36}",
      1024,         0,         0,   0.074,chromobius,6fd182fa8beb755f3a574c046d14e0a19a388fa3a293d7f3f6d47c26564fe8f3,"{""d"":9,""p"":0.00018873918221350977,""r"":36}",
      1024,         0,         0,   0.080,chromobius,6fd182fa8beb755f3a574c046d14e0a19a388fa3a293d7f3f6d47c26564fe8f3,"{""d"":9,""p"":0.00018873918221350977,""r"":36}",
      1024,         0,         0,   0.086,chromobius,6fd182fa8beb755f3a574c046d14e0a19a388fa3a293d7f3f6d47c26564fe8f3,"{""d"":9,""p"":0.00018873918221350977,""r"":36}",
      2048,         0,         0,   0.128,chromobius,6fd182fa8beb755f3a574c046d14e0a19a388fa3a293d7f3f6d47c26564fe8f3,"{""d"":9,""p"":0.00018873918221350977,""r"":36}",
      2048,         0,         0,   0.152,chromobius,6fd182fa8beb755f3a574c046d14e0a19a388fa3a293d7f3f6d47c26564fe8f3,"{""d"":9,""p"":0.00018873918221350977,""r"":36}",
      3072,         0,         0,   0.223,chromobius,6fd182fa8beb755f3a574c046d14e0a19a388fa3a293d7f3f6d47c26564fe8f3,"{""d"":9,""p"":0.00018873918221350977,""r"":36}",
      3072,         0,         0,   0.228,chromobius,6fd182fa8beb755f3a574c046d14e0a19a388fa3a293d7f3f6d47c26564fe8f3,"{""d"":9,""p"":0.00018873918221350977,""r"":36}",
      5120,         0,         0,   0.346,chromobius,6fd182fa8beb755f3a574c046d14e0a19a388fa3a293d7f3f6d47c26564fe8f3,"{""d"":9,""p"":0.00018873918221350977,""r"":36}",
      6144,         0,         0,   0.435,chromobius,6fd182fa8beb755f3a574c046d14e0a19a388fa3a293d7f3f6d47c26564fe8f3,"{""d"":9,""p"":0.00018873918221350977,""r"":36}",
    129024,         0,         0,    6.00,chromobius,5c45b5abcee7e5038ad5b17d284b6490f77a86807990ec195edfaad890b9632f,"{""d"":9,""p"":0.00013738237958832623,""r"":36}",
      9216,         0,         0,   0.602,chromobius,6fd182fa8beb755f3a574c046d14e0a19a388fa3a293d7f3f6d47c26564fe8f3,"{""d"":9,""p"":0.00018873918221350977,""r"":36}",
     11264,         0,         0,   0.817,chromobius,6fd182fa8beb755f3a574c046d14e0a19a388fa3a293d7f3f6d47c26564fe8f3,"{""d"":9,""p"":0.00018873918221350977,""r"":36}",
     19456,         1,         0,    1.14,chromobius,6fd182fa8beb755f3a574c046d14e0a19a388fa3a293d7f3f6d47c26564fe8f3,"{""d"":9,""p"":0.00018873918221350977,""r"":36}",
    121856,         0,         0,    5.97,chromobius,30e4bb9352da2fa0928f2aa0fa8e2a0e37ad769b21be523c6f21c0fc81038695,"{""d"":9,""p"":0.00016102620275609394,""r"":36}",
     27648,         1,         0,    1.59,chromobius,6fd182fa8beb755f3a574c046d14e0a19a388fa3a293d7f3f6d47c26564fe8f3,"{""d"":9,""p"":0.00018873918221350977,""r"":36}",
    205824,         1,         0,    8.37,chromobius,bf88cf396baf33412fe3d8f560528a4920d19948ff7c2648d221569451828d7f,"{""d"":9,""p"":0.00011721022975334806,""r"":36}",
     37888,         3,         0,    2.23,chromobius,6fd182fa8beb755f3a574c046d14e0a19a388fa3a293d7f3f6d47c26564fe8f3,"{""d"":9,""p"":0.00018873918221350977,""r"":36}",
    196608,         0,         0,    8.37,chromobius,5c45b5abcee7e5038ad5b17d284b6490f77a86807990ec195edfaad890b9632f,"{""d"":9,""p"":0.00013738237958832623,""r"":36}",
     53248,         1,         0,    3.10,chromobius,6fd182fa8beb755f3a574c046d14e0a19a388fa3a293d7f3f6d47c26564fe8f3,"{""d"":9,""p"":0.00018873918221350977,""r"":36}",
    375808,         0,         0,    11.7,chromobius,9869750c9c530c938dd92cd95bdcf2d110dc61862fb757ae6af03baa643ee623,"{""d"":9,""p"":0.0001,""r"":36}",
    166912,         1,         0,    8.36,chromobius,30e4bb9352da2fa0928f2aa0fa8e2a0e37ad769b21be523c6f21c0fc81038695,"{""d"":9,""p"":0.00016102620275609394,""r"":36}",
     72704,         0,         0,    4.28,chromobius,6fd182fa8beb755f3a574c046d14e0a19a388fa3a293d7f3f6d47c26564fe8f3,"{""d"":9,""p"":0.00018873918221350977,""r"":36}",
    304128,         1,         0,    11.7,chromobius,bf88cf396baf33412fe3d8f560528a4920d19948ff7c2648d221569451828d7f,"{""d"":9,""p"":0.00011721022975334806,""r"":36}",
    103424,         1,         0,    6.00,chromobius,6fd182fa8beb755f3a574c046d14e0a19a388fa3a293d7f3f6d47c26564fe8f3,"{""d"":9,""p"":0.00018873918221350977,""r"":36}",
    283648,         1,         0,    11.7,chromobius,5c45b5abcee7e5038ad5b17d284b6490f77a86807990ec195edfaad890b9632f,"{""d"":9,""p"":0.00013738237958832623,""r"":36}",
    231424,         3,         0,    11.7,chromobius,30e4bb9352da2fa0928f2aa0fa8e2a0e37ad769b21be523c6f21c0fc81038695,"{""d"":9,""p"":0.00016102620275609394,""r"":36}",
    522240,         1,         0,    16.3,chromobius,9869750c9c530c938dd92cd95bdcf2d110dc61862fb757ae6af03baa643ee623,"{""d"":9,""p"":0.0001,""r"":36}",
    146432,         3,         0,    8.37,chromobius,6fd182fa8beb755f3a574c046d14e0a19a388fa3a293d7f3f6d47c26564fe8f3,"{""d"":9,""p"":0.00018873918221350977,""r"":36}",
    440320,         1,         0,    16.4,chromobius,bf88cf396baf33412fe3d8f560528a4920d19948ff7c2648d221569451828d7f,"{""d"":9,""p"":0.00011721022975334806,""r"":36}",
    378880,         4,         0,    16.4,chromobius,5c45b5abcee7e5038ad5b17d284b6490f77a86807990ec195edfaad890b9632f,"{""d"":9,""p"":0.00013738237958832623,""r"":36}",
    206848,         4,         0,    11.7,chromobius,6fd182fa8beb755f3a574c046d14e0a19a388fa3a293d7f3f6d47c26564fe8f3,"{""d"":9,""p"":0.00018873918221350977,""r"":36}",
    327680,         2,         0,    16.4,chromobius,30e4bb9352da2fa0928f2aa0fa8e2a0e37ad769b21be523c6f21c0fc81038695,"{""d"":9,""p"":0.00016102620275609394,""r"":36}",
    695296,         3,         0,    22.9,chromobius,9869750c9c530c938dd92cd95bdcf2d110dc61862fb757ae6af03baa643ee623,"{""d"":9,""p"":0.0001,""r"":36}",
   7281664,       273,         0,    87.5,chromobius,e8342f5be1391c306b8465d59ca9b9825cb1b40ebaaf59f55e25c4971cbbee58,"{""d"":7,""p"":0.0001,""r"":28}",
   5943296,       328,         0,    87.6,chromobius,e7574c1340652745773b6f169ee4148e07ec9ca212801a7b671b7b3418062999,"{""d"":7,""p"":0.00011721022975334806,""r"":28}",
   5785600,       468,         0,    87.6,chromobius,b4b89979ae3843eb75e074a6c80ebd4b02366590e9eeeaa25916ac046458c8d0,"{""d"":7,""p"":0.00013738237958832623,""r"":28}",
   4944896,       594,         0,    87.7,chromobius,c7e57744a557c8c45c323d8203d5443ab612cb960a0ad8e327e4b9e3989d1700,"{""d"":7,""p"":0.00016102620275609394,""r"":28}",
   4401152,       763,         0,    87.7,chromobius,fc292fcb2cf2a6fafc2b551652fb5ee8d65c9e7b1e2364e64f5ee3d07c8a3ce7,"{""d"":7,""p"":0.00018873918221350977,""r"":28}",
    613376,         2,         0,    22.9,chromobius,bf88cf396baf33412fe3d8f560528a4920d19948ff7c2648d221569451828d7f,"{""d"":9,""p"":0.00011721022975334806,""r"":36}",
    292864,         5,         0,    16.4,chromobius,6fd182fa8beb755f3a574c046d14e0a19a388fa3a293d7f3f6d47c26564fe8f3,"{""d"":9,""p"":0.00018873918221350977,""r"":36}",
   3524608,       918,         0,    87.8,chromobius,76d7c010c2dee0a8821a68e140a8ff061e923abf9d7528e5d68be9e1fb2c622d,"{""d"":7,""p"":0.000221221629107045,""r"":28}",
   3212288,      1257,         0,    87.9,chromobius,7a55dae28a76f2f426f991f2bc19856c477c652b4093b6d6579a1a8aa4d07666,"{""d"":7,""p"":0.0002592943797404667,""r"":28}",
    542720,         1,         0,    22.9,chromobius,5c45b5abcee7e5038ad5b17d284b6490f77a86807990ec195edfaad890b9632f,"{""d"":9,""p"":0.00013738237958832623,""r"":36}",
    465920,         5,         0,    22.9,chromobius,30e4bb9352da2fa0928f2aa0fa8e2a0e37ad769b21be523c6f21c0fc81038695,"{""d"":9,""p"":0.00016102620275609394,""r"":36}",
    407552,         8,         0,    22.9,chromobius,6fd182fa8beb755f3a574c046d14e0a19a388fa3a293d7f3f6d47c26564fe8f3,"{""d"":9,""p"":0.00018873918221350977,""r"":36}",
    963584,         2,         0,    32.0,chromobius,9869750c9c530c938dd92cd95bdcf2d110dc61862fb757ae6af03baa643ee623,"{""d"":9,""p"":0.0001,""r"":36}",
    857088,         2,         0,    32.1,chromobius,bf88cf396baf33412fe3d8f560528a4920d19948ff7c2648d221569451828d7f,"{""d"":9,""p"":0.00011721022975334806,""r"":36}",
   1210368,       482,         0,    33.8,chromobius,7a55dae28a76f2f426f991f2bc19856c477c652b4093b6d6579a1a8aa4d07666,"{""d"":7,""p"":0.0002592943797404667,""r"":28}",
       273,         0,         0,   0.020,chromobius,5b1c3e45f62beb7d57027883f0b81ab3bddf3446a083a1d10041dd63d27474e5,"{""d"":9,""p"":0.000221221629107045,""r"":36}",
      1024,         0,         0,   0.068,chromobius,5b1c3e45f62beb7d57027883f0b81ab3bddf3446a083a1d10041dd63d27474e5,"{""d"":9,""p"":0.000221221629107045,""r"":36}",
      1024,         0,         0,   0.072,chromobius,5b1c3e45f62beb7d57027883f0b81ab3bddf3446a083a1d10041dd63d27474e5,"{""d"":9,""p"":0.000221221629107045,""r"":36}",
      1024,         0,         0,   0.064,chromobius,5b1c3e45f62beb7d57027883f0b81ab3bddf3446a083a1d10041dd63d27474e5,"{""d"":9,""p"":0.000221221629107045,""r"":36}",
      1024,         0,         0,   0.067,chromobius,5b1c3e45f62beb7d57027883f0b81ab3bddf3446a083a1d10041dd63d27474e5,"{""d"":9,""p"":0.000221221629107045,""r"":36}",
      1024,         0,         0,   0.063,chromobius,5b1c3e45f62beb7d57027883f0b81ab3bddf3446a083a1d10041dd63d27474e5,"{""d"":9,""p"":0.000221221629107045,""r"":36}",
      2048,         0,         0,   0.131,chromobius,5b1c3e45f62beb7d57027883f0b81ab3bddf3446a083a1d10041dd63d27474e5,"{""d"":9,""p"":0.000221221629107045,""r"":36}",
      2048,         0,         0,   0.131,chromobius,5b1c3e45f62beb7d57027883f0b81ab3bddf3446a083a1d10041dd63d27474e5,"{""d"":9,""p"":0.000221221629107045,""r"":36}",
      3072,         0,         0,   0.193,chromobius,5b1c3e45f62beb7d57027883f0b81ab3bddf3446a083a1d10041dd63d27474e5,"{""d"":9,""p"":0.000221221629107045,""r"":36}",
    756736,         6,         0,    32.1,chromobius,5c45b5abcee7e5038ad5b17d284b6490f77a86807990ec195edfaad890b9632f,"{""d"":9,""p"":0.00013738237958832623,""r"":36}",
      4096,         0,         0,   0.273,chromobius,5b1c3e45f62beb7d57027883f0b81ab3bddf3446a083a1d10041dd63d27474e5,"{""d"":9,""p"":0.000221221629107045,""r"":36}",
      5120,         0,         0,   0.326,chromobius,5b1c3e45f62beb7d57027883f0b81ab3bddf3446a083a1d10041dd63d27474e5,"{""d"":9,""p"":0.000221221629107045,""r"":36}",
      7168,         0,         0,   0.458,chromobius,5b1c3e45f62beb7d57027883f0b81ab3bddf3446a083a1d10041dd63d27474e5,"{""d"":9,""p"":0.000221221629107045,""r"":36}",
      9216,         0,         0,   0.606,chromobius,5b1c3e45f62beb7d57027883f0b81ab3bddf3446a083a1d10041dd63d27474e5,"{""d"":9,""p"":0.000221221629107045,""r"":36}",
     13312,         0,         0,   0.850,chromobius,5b1c3e45f62beb7d57027883f0b81ab3bddf3446a083a1d10041dd63d27474e5,"{""d"":9,""p"":0.000221221629107045,""r"":36}",
    650240,         7,         0,    32.1,chromobius,30e4bb9352da2fa0928f2aa0fa8e2a0e37ad769b21be523c6f21c0fc81038695,"{""d"":9,""p"":0.00016102620275609394,""r"":36}",
     18432,         0,         0,    1.13,chromobius,5b1c3e45f62beb7d57027883f0b81ab3bddf3446a083a1d10041dd63d27474e5,"{""d"":9,""p"":0.000221221629107045,""r"":36}",
     25600,         1,         0,    1.58,chromobius,5b1c3e45f62beb7d57027883f0b81ab3bddf3446a083a1d10041dd63d27474e5,"{""d"":9,""p"":0.000221221629107045,""r"":36}",
     35840,         2,         0,    2.21,chromobius,5b1c3e45f62beb7d57027883f0b81ab3bddf3446a083a1d10041dd63d27474e5,"{""d"":9,""p"":0.000221221629107045,""r"":36}",
     49152,         1,         0,    3.05,chromobius,5b1c3e45f62beb7d57027883f0b81ab3bddf3446a083a1d10041dd63d27474e5,"{""d"":9,""p"":0.000221221629107045,""r"":36}",
     67584,         1,         0,    4.26,chromobius,5b1c3e45f62beb7d57027883f0b81ab3bddf3446a083a1d10041dd63d27474e5,"{""d"":9,""p"":0.000221221629107045,""r"":36}",
    562176,        10,         0,    32.1,chromobius,6fd182fa8beb755f3a574c046d14e0a19a388fa3a293d7f3f6d47c26564fe8f3,"{""d"":9,""p"":0.00018873918221350977,""r"":36}",
     97280,         4,         0,    5.97,chromobius,5b1c3e45f62beb7d57027883f0b81ab3bddf3446a083a1d10041dd63d27474e5,"{""d"":9,""p"":0.000221221629107045,""r"":36}",
    137216,         4,         0,    8.38,chromobius,5b1c3e45f62beb7d57027883f0b81ab3bddf3446a083a1d10041dd63d27474e5,"{""d"":9,""p"":0.000221221629107045,""r"":36}",
   1428480,         5,         0,    44.9,chromobius,9869750c9c530c938dd92cd95bdcf2d110dc61862fb757ae6af03baa643ee623,"{""d"":9,""p"":0.0001,""r"":36}",
    185344,         5,         0,    11.7,chromobius,5b1c3e45f62beb7d57027883f0b81ab3bddf3446a083a1d10041dd63d27474e5,"{""d"":9,""p"":0.000221221629107045,""r"":36}",
   1232896,         2,         0,    44.9,chromobius,bf88cf396baf33412fe3d8f560528a4920d19948ff7c2648d221569451828d7f,"{""d"":9,""p"":0.00011721022975334806,""r"":36}",
   1004544,         9,         0,    44.9,chromobius,5c45b5abcee7e5038ad5b17d284b6490f77a86807990ec195edfaad890b9632f,"{""d"":9,""p"":0.00013738237958832623,""r"":36}",
    851968,         6,         0,    44.9,chromobius,30e4bb9352da2fa0928f2aa0fa8e2a0e37ad769b21be523c6f21c0fc81038695,"{""d"":9,""p"":0.00016102620275609394,""r"":36}",
    261120,         9,         0,    16.4,chromobius,5b1c3e45f62beb7d57027883f0b81ab3bddf3446a083a1d10041dd63d27474e5,"{""d"":9,""p"":0.000221221629107045,""r"":36}",
    759808,        16,         0,    44.9,chromobius,6fd182fa8beb755f3a574c046d14e0a19a388fa3a293d7f3f6d47c26564fe8f3,"{""d"":9,""p"":0.00018873918221350977,""r"":36}",
    369664,         9,         0,    23.0,chromobius,5b1c3e45f62beb7d57027883f0b81ab3bddf3446a083a1d10041dd63d27474e5,"{""d"":9,""p"":0.000221221629107045,""r"":36}",
   9816064,       382,         0,   119.0,chromobius,e8342f5be1391c306b8465d59ca9b9825cb1b40ebaaf59f55e25c4971cbbee58,"{""d"":7,""p"":0.0001,""r"":28}",
   7894016,       430,         0,   119.2,chromobius,e7574c1340652745773b6f169ee4148e07ec9ca212801a7b671b7b3418062999,"{""d"":7,""p"":0.00011721022975334806,""r"":28}",
   7920640,       620,         0,   119.2,chromobius,b4b89979ae3843eb75e074a6c80ebd4b02366590e9eeeaa25916ac046458c8d0,"{""d"":7,""p"":0.00013738237958832623,""r"":28}",
   6579200,       799,         0,   119.3,chromobius,c7e57744a557c8c45c323d8203d5443ab612cb960a0ad8e327e4b9e3989d1700,"{""d"":7,""p"":0.00016102620275609394,""r"":28}",
   5751808,      1030,         0,   119.4,chromobius,fc292fcb2cf2a6fafc2b551652fb5ee8d65c9e7b1e2364e64f5ee3d07c8a3ce7,"{""d"":7,""p"":0.00018873918221350977,""r"":28}",
   4727808,      1169,         0,   119.5,chromobius,76d7c010c2dee0a8821a68e140a8ff061e923abf9d7528e5d68be9e1fb2c622d,"{""d"":7,""p"":0.000221221629107045,""r"":28}",
   1996800,         4,         0,    62.8,chromobius,9869750c9c530c938dd92cd95bdcf2d110dc61862fb757ae6af03baa643ee623,"{""d"":9,""p"":0.0001,""r"":36}",
   1727488,         7,         0,    62.8,chromobius,bf88cf396baf33412fe3d8f560528a4920d19948ff7c2648d221569451828d7f,"{""d"":9,""p"":0.00011721022975334806,""r"":36}",
   1405952,         8,         0,    62.8,chromobius,5c45b5abcee7e5038ad5b17d284b6490f77a86807990ec195edfaad890b9632f,"{""d"":9,""p"":0.00013738237958832623,""r"":36}",
   1215488,        15,         0,    62.9,chromobius,30e4bb9352da2fa0928f2aa0fa8e2a0e37ad769b21be523c6f21c0fc81038695,"{""d"":9,""p"":0.00016102620275609394,""r"":36}",
    509952,        15,         0,    32.1,chromobius,5b1c3e45f62beb7d57027883f0b81ab3bddf3446a083a1d10041dd63d27474e5,"{""d"":9,""p"":0.000221221629107045,""r"":36}",
   1096704,        18,         0,    62.9,chromobius,6fd182fa8beb755f3a574c046d14e0a19a388fa3a293d7f3f6d47c26564fe8f3,"{""d"":9,""p"":0.00018873918221350977,""r"":36}",
   2202624,       557,         0,    55.5,chromobius,76d7c010c2dee0a8821a68e140a8ff061e923abf9d7528e5d68be9e1fb2c622d,"{""d"":7,""p"":0.000221221629107045,""r"":28}",
       273,         0,         0,   0.026,chromobius,f05b9f7826c1727b73b7e4b58103906331fb1df4f11bc04e52a8abcaaa0e1518,"{""d"":9,""p"":0.0002592943797404667,""r"":36}",
      1024,         0,         0,   0.090,chromobius,f05b9f7826c1727b73b7e4b58103906331fb1df4f11bc04e52a8abcaaa0e1518,"{""d"":9,""p"":0.0002592943797404667,""r"":36}",
      1024,         0,         0,   0.085,chromobius,f05b9f7826c1727b73b7e4b58103906331fb1df4f11bc04e52a8abcaaa0e1518,"{""d"":9,""p"":0.0002592943797404667,""r"":36}",
      1024,         0,         0,   0.085,chromobius,f05b9f7826c1727b73b7e4b58103906331fb1df4f11bc04e52a8abcaaa0e1518,"{""d"":9,""p"":0.0002592943797404667,""r"":36}",
      1024,         0,         0,   0.086,chromobius,f05b9f7826c1727b73b7e4b58103906331fb1df4f11bc04e52a8abcaaa0e1518,"{""d"":9,""p"":0.0002592943797404667,""r"":36}",
      1024,         0,         0,   0.085,chromobius,f05b9f7826c1727b73b7e4b58103906331fb1df4f11bc04e52a8abcaaa0e1518,"{""d"":9,""p"":0.0002592943797404667,""r"":36}",
      1024,         0,         0,   0.083,chromobius,f05b9f7826c1727b73b7e4b58103906331fb1df4f11bc04e52a8abcaaa0e1518,"{""d"":9,""p"":0.0002592943797404667,""r"":36}",
      2048,         0,         0,   0.170,chromobius,f05b9f7826c1727b73b7e4b58103906331fb1df4f11bc04e52a8abcaaa0e1518,"{""d"":9,""p"":0.0002592943797404667,""r"":36}",
      2048,         0,         0,   0.172,chromobius,f05b9f7826c1727b73b7e4b58103906331fb1df4f11bc04e52a8abcaaa0e1518,"{""d"":9,""p"":0.0002592943797404667,""r"":36}",
      3072,         0,         0,   0.254,chromobius,f05b9f7826c1727b73b7e4b58103906331fb1df4f11bc04e52a8abcaaa0e1518,"{""d"":9,""p"":0.0002592943797404667,""r"":36}",
      4096,         0,         0,   0.348,chromobius,f05b9f7826c1727b73b7e4b58103906331fb1df4f11bc04e52a8abcaaa0e1518,"{""d"":9,""p"":0.0002592943797404667,""r"":36}",
      5120,         0,         0,   0.420,chromobius,f05b9f7826c1727b73b7e4b58103906331fb1df4f11bc04e52a8abcaaa0e1518,"{""d"":9,""p"":0.0002592943797404667,""r"":36}",
      7168,         0,         0,   0.587,chromobius,f05b9f7826c1727b73b7e4b58103906331fb1df4f11bc04e52a8abcaaa0e1518,"{""d"":9,""p"":0.0002592943797404667,""r"":36}",
     10240,         1,         0,   0.836,chromobius,f05b9f7826c1727b73b7e4b58103906331fb1df4f11bc04e52a8abcaaa0e1518,"{""d"":9,""p"":0.0002592943797404667,""r"":36}",
     14336,         0,         0,    1.18,chromobius,f05b9f7826c1727b73b7e4b58103906331fb1df4f11bc04e52a8abcaaa0e1518,"{""d"":9,""p"":0.0002592943797404667,""r"":36}",
     19456,         1,         0,    1.59,chromobius,f05b9f7826c1727b73b7e4b58103906331fb1df4f11bc04e52a8abcaaa0e1518,"{""d"":9,""p"":0.0002592943797404667,""r"":36}",
     26624,         2,         0,    2.22,chromobius,f05b9f7826c1727b73b7e4b58103906331fb1df4f11bc04e52a8abcaaa0e1518,"{""d"":9,""p"":0.0002592943797404667,""r"":36}",
     37888,         1,         0,    3.13,chromobius,f05b9f7826c1727b73b7e4b58103906331fb1df4f11bc04e52a8abcaaa0e1518,"{""d"":9,""p"":0.0002592943797404667,""r"":36}",
     52224,         1,         0,    4.32,chromobius,f05b9f7826c1727b73b7e4b58103906331fb1df4f11bc04e52a8abcaaa0e1518,"{""d"":9,""p"":0.0002592943797404667,""r"":36}",
    717824,        25,         0,    45.0,chromobius,5b1c3e45f62beb7d57027883f0b81ab3bddf3446a083a1d10041dd63d27474e5,"{""d"":9,""p"":0.000221221629107045,""r"":36}",
     74752,         2,         0,    6.01,chromobius,f05b9f7826c1727b73b7e4b58103906331fb1df4f11bc04e52a8abcaaa0e1518,"{""d"":9,""p"":0.0002592943797404667,""r"":36}",
    105472,         3,         0,    8.38,chromobius,f05b9f7826c1727b73b7e4b58103906331fb1df4f11bc04e52a8abcaaa0e1518,"{""d"":9,""p"":0.0002592943797404667,""r"":36}",
    145408,         5,         0,    11.7,chromobius,f05b9f7826c1727b73b7e4b58103906331fb1df4f11bc04e52a8abcaaa0e1518,"{""d"":9,""p"":0.0002592943797404667,""r"":36}",
   2749440,         5,         0,    87.9,chromobius,9869750c9c530c938dd92cd95bdcf2d110dc61862fb757ae6af03baa643ee623,"{""d"":9,""p"":0.0001,""r"":36}",
   2421760,         8,         0,    87.9,chromobius,bf88cf396baf33412fe3d8f560528a4920d19948ff7c2648d221569451828d7f,"{""d"":9,""p"":0.00011721022975334806,""r"":36}",
   1947648,        15,         0,    88.0,chromobius,5c45b5abcee7e5038ad5b17d284b6490f77a86807990ec195edfaad890b9632f,"{""d"":9,""p"":0.00013738237958832623,""r"":36}",
    199680,        10,         0,    16.4,chromobius,f05b9f7826c1727b73b7e4b58103906331fb1df4f11bc04e52a8abcaaa0e1518,"{""d"":9,""p"":0.0002592943797404667,""r"":36}",
   1722368,        21,         0,    88.0,chromobius,30e4bb9352da2fa0928f2aa0fa8e2a0e37ad769b21be523c6f21c0fc81038695,"{""d"":9,""p"":0.00016102620275609394,""r"":36}",
  10073088,       390,         0,   119.0,chromobius,e8342f5be1391c306b8465d59ca9b9825cb1b40ebaaf59f55e25c4971cbbee58,"{""d"":7,""p"":0.0001,""r"":28}",
   7863296,       406,         0,   119.2,chromobius,e7574c1340652745773b6f169ee4148e07ec9ca212801a7b671b7b3418062999,"{""d"":7,""p"":0.00011721022975334806,""r"":28}",
   7980032,       619,         0,   119.2,chromobius,b4b89979ae3843eb75e074a6c80ebd4b02366590e9eeeaa25916ac046458c8d0,"{""d"":7,""p"":0.00013738237958832623,""r"":28}",
   6607872,       756,         0,   119.3,chromobius,c7e57744a557c8c45c323d8203d5443ab612cb960a0ad8e327e4b9e3989d1700,"{""d"":7,""p"":0.00016102620275609394,""r"":28}",
   5753856,      1018,         0,   119.4,chromobius,fc292fcb2cf2a6fafc2b551652fb5ee8d65c9e7b1e2364e64f5ee3d07c8a3ce7,"{""d"":7,""p"":0.00018873918221350977,""r"":28}",
   1541120,        36,         0,    88.1,chromobius,6fd182fa8beb755f3a574c046d14e0a19a388fa3a293d7f3f6d47c26564fe8f3,"{""d"":9,""p"":0.00018873918221350977,""r"":36}",
    993280,        34,         0,    62.9,chromobius,5b1c3e45f62beb7d57027883f0b81ab3bddf3446a083a1d10041dd63d27474e5,"{""d"":9,""p"":0.000221221629107045,""r"":36}",
    279552,        11,         0,    23.0,chromobius,f05b9f7826c1727b73b7e4b58103906331fb1df4f11bc04e52a8abcaaa0e1518,"{""d"":9,""p"":0.0002592943797404667,""r"":36}",
   1255424,       210,         0,    25.5,chromobius,fc292fcb2cf2a6fafc2b551652fb5ee8d65c9e7b1e2364e64f5ee3d07c8a3ce7,"{""d"":7,""p"":0.00018873918221350977,""r"":28}",
       273,         0,         0,   0.032,chromobius,7c0a31ab969d9033ff323c16d89d07812b1a51d7629d57f784a655c8dbffb4fd,"{""d"":9,""p"":0.0003039195382313198,""r"":36}",
      1024,         0,         0,   0.108,chromobius,7c0a31ab969d9033ff323c16d89d07812b1a51d7629d57f784a655c8dbffb4fd,"{""d"":9,""p"":0.0003039195382313198,""r"":36}",
      1024,         0,         0,   0.098,chromobius,7c0a31ab969d9033ff323c16d89d07812b1a51d7629d57f784a655c8dbffb4fd,"{""d"":9,""p"":0.0003039195382313198,""r"":36}",
      1024,         0,         0,   0.094,chromobius,7c0a31ab969d9033ff323c16d89d07812b1a51d7629d57f784a655c8dbffb4fd,"{""d"":9,""p"":0.0003039195382313198,""r"":36}",
      1024,         0,         0,   0.092,chromobius,7c0a31ab969d9033ff323c16d89d07812b1a51d7629d57f784a655c8dbffb4fd,"{""d"":9,""p"":0.0003039195382313198,""r"":36}",
      1024,         0,         0,   0.084,chromobius,7c0a31ab969d9033ff323c16d89d07812b1a51d7629d57f784a655c8dbffb4fd,"{""d"":9,""p"":0.0003039195382313198,""r"":36}",
      1024,         0,         0,   0.085,chromobius,7c0a31ab969d9033ff323c16d89d07812b1a51d7629d57f784a655c8dbffb4fd,"{""d"":9,""p"":0.0003039195382313198,""r"":36}",
      2048,         0,         0,   0.186,chromobius,7c0a31ab969d9033ff323c16d89d07812b1a51d7629d57f784a655c8dbffb4fd,"{""d"":9,""p"":0.0003039195382313198,""r"":36}",
      2048,         0,         0,   0.196,chromobius,7c0a31ab969d9033ff323c16d89d07812b1a51d7629d57f784a655c8dbffb4fd,"{""d"":9,""p"":0.0003039195382313198,""r"":36}",
      3072,         0,         0,   0.277,chromobius,7c0a31ab969d9033ff323c16d89d07812b1a51d7629d57f784a655c8dbffb4fd,"{""d"":9,""p"":0.0003039195382313198,""r"":36}",
      3072,         0,         0,   0.293,chromobius,7c0a31ab969d9033ff323c16d89d07812b1a51d7629d57f784a655c8dbffb4fd,"{""d"":9,""p"":0.0003039195382313198,""r"":36}",
      5120,         0,         0,   0.438,chromobius,7c0a31ab969d9033ff323c16d89d07812b1a51d7629d57f784a655c8dbffb4fd,"{""d"":9,""p"":0.0003039195382313198,""r"":36}",
      6144,         0,         0,   0.621,chromobius,7c0a31ab969d9033ff323c16d89d07812b1a51d7629d57f784a655c8dbffb4fd,"{""d"":9,""p"":0.0003039195382313198,""r"":36}",
      9216,         1,         0,   0.798,chromobius,7c0a31ab969d9033ff323c16d89d07812b1a51d7629d57f784a655c8dbffb4fd,"{""d"":9,""p"":0.0003039195382313198,""r"":36}",
     12288,         3,         0,    1.11,chromobius,7c0a31ab969d9033ff323c16d89d07812b1a51d7629d57f784a655c8dbffb4fd,"{""d"":9,""p"":0.0003039195382313198,""r"":36}",
     17408,         0,         0,    1.60,chromobius,7c0a31ab969d9033ff323c16d89d07812b1a51d7629d57f784a655c8dbffb4fd,"{""d"":9,""p"":0.0003039195382313198,""r"":36}",
     24576,         2,         0,    2.18,chromobius,7c0a31ab969d9033ff323c16d89d07812b1a51d7629d57f784a655c8dbffb4fd,"{""d"":9,""p"":0.0003039195382313198,""r"":36}",
     33792,         3,         0,    3.12,chromobius,7c0a31ab969d9033ff323c16d89d07812b1a51d7629d57f784a655c8dbffb4fd,"{""d"":9,""p"":0.0003039195382313198,""r"":36}",
     47104,         3,         0,    4.29,chromobius,7c0a31ab969d9033ff323c16d89d07812b1a51d7629d57f784a655c8dbffb4fd,"{""d"":9,""p"":0.0003039195382313198,""r"":36}",
   3961711,       141,         0,    44.9,chromobius,e8342f5be1391c306b8465d59ca9b9825cb1b40ebaaf59f55e25c4971cbbee58,"{""d"":7,""p"":0.0001,""r"":28}",
       273,         0,         0,   0.033,chromobius,c01a6a6f1f9520f132c076f04a2dafd9529157046af845a974410f5377208dd7,"{""d"":9,""p"":0.0003562247890262444,""r"":36}",
      1024,         0,         0,   0.125,chromobius,c01a6a6f1f9520f132c076f04a2dafd9529157046af845a974410f5377208dd7,"{""d"":9,""p"":0.0003562247890262444,""r"":36}",
      1024,         2,         0,   0.117,chromobius,c01a6a6f1f9520f132c076f04a2dafd9529157046af845a974410f5377208dd7,"{""d"":9,""p"":0.0003562247890262444,""r"":36}",
      1024,         0,         0,   0.117,chromobius,c01a6a6f1f9520f132c076f04a2dafd9529157046af845a974410f5377208dd7,"{""d"":9,""p"":0.0003562247890262444,""r"":36}",
      1024,         0,         0,   0.117,chromobius,c01a6a6f1f9520f132c076f04a2dafd9529157046af845a974410f5377208dd7,"{""d"":9,""p"":0.0003562247890262444,""r"":36}",
      1024,         0,         0,   0.116,chromobius,c01a6a6f1f9520f132c076f04a2dafd9529157046af845a974410f5377208dd7,"{""d"":9,""p"":0.0003562247890262444,""r"":36}",
      1024,         0,         0,   0.114,chromobius,c01a6a6f1f9520f132c076f04a2dafd9529157046af845a974410f5377208dd7,"{""d"":9,""p"":0.0003562247890262444,""r"":36}",
      1024,         0,         0,   0.121,chromobius,c01a6a6f1f9520f132c076f04a2dafd9529157046af845a974410f5377208dd7,"{""d"":9,""p"":0.0003562247890262444,""r"":36}",
      2048,         0,         0,   0.240,chromobius,c01a6a6f1f9520f132c076f04a2dafd9529157046af845a974410f5377208dd7,"{""d"":9,""p"":0.0003562247890262444,""r"":36}",
      2048,         1,         0,   0.233,chromobius,c01a6a6f1f9520f132c076f04a2dafd9529157046af845a974410f5377208dd7,"{""d"":9,""p"":0.0003562247890262444,""r"":36}",
      3072,         1,         0,   0.350,chromobius,c01a6a6f1f9520f132c076f04a2dafd9529157046af845a974410f5377208dd7,"{""d"":9,""p"":0.0003562247890262444,""r"":36}",
      4096,         0,         0,   0.468,chromobius,c01a6a6f1f9520f132c076f04a2dafd9529157046af845a974410f5377208dd7,"{""d"":9,""p"":0.0003562247890262444,""r"":36}",
      5120,         1,         0,   0.598,chromobius,c01a6a6f1f9520f132c076f04a2dafd9529157046af845a974410f5377208dd7,"{""d"":9,""p"":0.0003562247890262444,""r"":36}",
      7168,         0,         0,   0.834,chromobius,c01a6a6f1f9520f132c076f04a2dafd9529157046af845a974410f5377208dd7,"{""d"":9,""p"":0.0003562247890262444,""r"":36}",
     64512,         9,         0,    6.05,chromobius,7c0a31ab969d9033ff323c16d89d07812b1a51d7629d57f784a655c8dbffb4fd,"{""d"":9,""p"":0.0003039195382313198,""r"":36}",
     10240,         0,         0,    1.15,chromobius,c01a6a6f1f9520f132c076f04a2dafd9529157046af845a974410f5377208dd7,"{""d"":9,""p"":0.0003562247890262444,""r"":36}",
     14336,         0,         0,    1.64,chromobius,c01a6a6f1f9520f132c076f04a2dafd9529157046af845a974410f5377208dd7,"{""d"":9,""p"":0.0003562247890262444,""r"":36}",
    391168,        15,         0,    32.1,chromobius,f05b9f7826c1727b73b7e4b58103906331fb1df4f11bc04e52a8abcaaa0e1518,"{""d"":9,""p"":0.0002592943797404667,""r"":36}",
     19456,         0,         0,    2.24,chromobius,c01a6a6f1f9520f132c076f04a2dafd9529157046af845a974410f5377208dd7,"{""d"":9,""p"":0.0003562247890262444,""r"":36}",
     26624,         5,         0,    3.05,chromobius,c01a6a6f1f9520f132c076f04a2dafd9529157046af845a974410f5377208dd7,"{""d"":9,""p"":0.0003562247890262444,""r"":36}",
     90112,         9,         0,    8.43,chromobius,7c0a31ab969d9033ff323c16d89d07812b1a51d7629d57f784a655c8dbffb4fd,"{""d"":9,""p"":0.0003039195382313198,""r"":36}",
     37888,         9,         0,    4.33,chromobius,c01a6a6f1f9520f132c076f04a2dafd9529157046af845a974410f5377208dd7,"{""d"":9,""p"":0.0003562247890262444,""r"":36}",
     53248,         6,         0,    6.03,chromobius,c01a6a6f1f9520f132c076f04a2dafd9529157046af845a974410f5377208dd7,"{""d"":9,""p"":0.0003562247890262444,""r"":36}",
    122880,        14,         0,    11.8,chromobius,7c0a31ab969d9033ff323c16d89d07812b1a51d7629d57f784a655c8dbffb4fd,"{""d"":9,""p"":0.0003039195382313198,""r"":36}",
     76800,         6,         0,    8.38,chromobius,c01a6a6f1f9520f132c076f04a2dafd9529157046af845a974410f5377208dd7,"{""d"":9,""p"":0.0003562247890262444,""r"":36}",
    194560,        13,         0,    16.4,chromobius,7c0a31ab969d9033ff323c16d89d07812b1a51d7629d57f784a655c8dbffb4fd,"{""d"":9,""p"":0.0003039195382313198,""r"":36}",
    107520,        14,         0,    11.7,chromobius,c01a6a6f1f9520f132c076f04a2dafd9529157046af845a974410f5377208dd7,"{""d"":9,""p"":0.0003562247890262444,""r"":36}",
    530432,        28,         0,    45.0,chromobius,f05b9f7826c1727b73b7e4b58103906331fb1df4f11bc04e52a8abcaaa0e1518,"{""d"":9,""p"":0.0002592943797404667,""r"":36}",
   3692544,        11,         0,   119.6,chromobius,9869750c9c530c938dd92cd95bdcf2d110dc61862fb757ae6af03baa643ee623,"{""d"":9,""p"":0.0001,""r"":36}",
    151552,        22,         0,    16.5,chromobius,c01a6a6f1f9520f132c076f04a2dafd9529157046af845a974410f5377208dd7,"{""d"":9,""p"":0.0003562247890262444,""r"":36}",
   1419264,        39,         0,    88.1,chromobius,5b1c3e45f62beb7d57027883f0b81ab3bddf3446a083a1d10041dd63d27474e5,"{""d"":9,""p"":0.000221221629107045,""r"":36}",
    272384,        23,         0,    23.0,chromobius,7c0a31ab969d9033ff323c16d89d07812b1a51d7629d57f784a655c8dbffb4fd,"{""d"":9,""p"":0.0003039195382313198,""r"":36}",
   3100672,        15,         0,   119.7,chromobius,bf88cf396baf33412fe3d8f560528a4920d19948ff7c2648d221569451828d7f,"{""d"":9,""p"":0.00011721022975334806,""r"":36}",
   2654208,        23,         0,   119.7,chromobius,5c45b5abcee7e5038ad5b17d284b6490f77a86807990ec195edfaad890b9632f,"{""d"":9,""p"":0.00013738237958832623,""r"":36}",
   2257920,        26,         0,   119.8,chromobius,30e4bb9352da2fa0928f2aa0fa8e2a0e37ad769b21be523c6f21c0fc81038695,"{""d"":9,""p"":0.00016102620275609394,""r"":36}",
   7900160,       429,         0,   119.1,chromobius,e7574c1340652745773b6f169ee4148e07ec9ca212801a7b671b7b3418062999,"{""d"":7,""p"":0.00011721022975334806,""r"":28}",
   7781376,       605,         0,   119.2,chromobius,b4b89979ae3843eb75e074a6c80ebd4b02366590e9eeeaa25916ac046458c8d0,"{""d"":7,""p"":0.00013738237958832623,""r"":28}",
   6617088,       754,         0,   119.3,chromobius,c7e57744a557c8c45c323d8203d5443ab612cb960a0ad8e327e4b9e3989d1700,"{""d"":7,""p"":0.00016102620275609394,""r"":28}",
    206848,        32,         0,    23.0,chromobius,c01a6a6f1f9520f132c076f04a2dafd9529157046af845a974410f5377208dd7,"{""d"":9,""p"":0.0003562247890262444,""r"":36}",
   2161664,        47,         0,   119.8,chromobius,6fd182fa8beb755f3a574c046d14e0a19a388fa3a293d7f3f6d47c26564fe8f3,"{""d"":9,""p"":0.00018873918221350977,""r"":36}",
    372736,        40,         0,    32.2,chromobius,7c0a31ab969d9033ff323c16d89d07812b1a51d7629d57f784a655c8dbffb4fd,"{""d"":9,""p"":0.0003039195382313198,""r"":36}",
    287744,        44,         0,    32.1,chromobius,c01a6a6f1f9520f132c076f04a2dafd9529157046af845a974410f5377208dd7,"{""d"":9,""p"":0.0003562247890262444,""r"":36}",
    754688,        35,         0,    63.0,chromobius,f05b9f7826c1727b73b7e4b58103906331fb1df4f11bc04e52a8abcaaa0e1518,"{""d"":9,""p"":0.0002592943797404667,""r"":36}",
    482304,        32,         0,    45.0,chromobius,7c0a31ab969d9033ff323c16d89d07812b1a51d7629d57f784a655c8dbffb4fd,"{""d"":9,""p"":0.0003039195382313198,""r"":36}",
   5023599,       260,         0,    75.6,chromobius,e7574c1340652745773b6f169ee4148e07ec9ca212801a7b671b7b3418062999,"{""d"":7,""p"":0.00011721022975334806,""r"":28}",
       273,         0,         0,   0.039,chromobius,83710c41f8e80c89329c11479ba2d8c1fa9567f42b7bfe4a289d71c01c8fdca9,"{""d"":9,""p"":0.00041753189365604,""r"":36}",
      1024,         0,         0,   0.139,chromobius,83710c41f8e80c89329c11479ba2d8c1fa9567f42b7bfe4a289d71c01c8fdca9,"{""d"":9,""p"":0.00041753189365604,""r"":36}",
      1024,         0,         0,   0.128,chromobius,83710c41f8e80c89329c11479ba2d8c1fa9567f42b7bfe4a289d71c01c8fdca9,"{""d"":9,""p"":0.00041753189365604,""r"":36}",
      1024,         0,         0,   0.127,chromobius,83710c41f8e80c89329c11479ba2d8c1fa9567f42b7bfe4a289d71c01c8fdca9,"{""d"":9,""p"":0.00041753189365604,""r"":36}",
      1024,         0,         0,   0.131,chromobius,83710c41f8e80c89329c11479ba2d8c1fa9567f42b7bfe4a289d71c01c8fdca9,"{""d"":9,""p"":0.00041753189365604,""r"":36}",
      1024,         1,         0,   0.122,chromobius,83710c41f8e80c89329c11479ba2d8c1fa9567f42b7bfe4a289d71c01c8fdca9,"{""d"":9,""p"":0.00041753189365604,""r"":36}",
      1024,         0,         0,   0.127,chromobius,83710c41f8e80c89329c11479ba2d8c1fa9567f42b7bfe4a289d71c01c8fdca9,"{""d"":9,""p"":0.00041753189365604,""r"":36}",
      1024,         0,         0,   0.136,chromobius,83710c41f8e80c89329c11479ba2d8c1fa9567f42b7bfe4a289d71c01c8fdca9,"{""d"":9,""p"":0.00041753189365604,""r"":36}",
      2048,         0,         0,   0.260,chromobius,83710c41f8e80c89329c11479ba2d8c1fa9567f42b7bfe4a289d71c01c8fdca9,"{""d"":9,""p"":0.00041753189365604,""r"":36}",
      2048,         0,         0,   0.255,chromobius,83710c41f8e80c89329c11479ba2d8c1fa9567f42b7bfe4a289d71c01c8fdca9,"{""d"":9,""p"":0.00041753189365604,""r"":36}",
      3072,         0,         0,   0.407,chromobius,83710c41f8e80c89329c11479ba2d8c1fa9567f42b7bfe4a289d71c01c8fdca9,"{""d"":9,""p"":0.00041753189365604,""r"":36}",
      4096,         0,         0,   0.491,chromobius,83710c41f8e80c89329c11479ba2d8c1fa9567f42b7bfe4a289d71c01c8fdca9,"{""d"":9,""p"":0.00041753189365604,""r"":36}",
      5120,         2,         0,   0.618,chromobius,83710c41f8e80c89329c11479ba2d8c1fa9567f42b7bfe4a289d71c01c8fdca9,"{""d"":9,""p"":0.00041753189365604,""r"":36}",
      7168,         2,         0,   0.879,chromobius,83710c41f8e80c89329c11479ba2d8c1fa9567f42b7bfe4a289d71c01c8fdca9,"{""d"":9,""p"":0.00041753189365604,""r"":36}",
      9216,         2,         0,    1.12,chromobius,83710c41f8e80c89329c11479ba2d8c1fa9567f42b7bfe4a289d71c01c8fdca9,"{""d"":9,""p"":0.00041753189365604,""r"":36}",
     13312,         8,         0,    1.65,chromobius,83710c41f8e80c89329c11479ba2d8c1fa9567f42b7bfe4a289d71c01c8fdca9,"{""d"":9,""p"":0.00041753189365604,""r"":36}",
    400384,        58,         0,    45.0,chromobius,c01a6a6f1f9520f132c076f04a2dafd9529157046af845a974410f5377208dd7,"{""d"":9,""p"":0.0003562247890262444,""r"":36}",
     18432,         5,         0,    2.25,chromobius,83710c41f8e80c89329c11479ba2d8c1fa9567f42b7bfe4a289d71c01c8fdca9,"{""d"":9,""p"":0.00041753189365604,""r"":36}",
     25600,         5,         0,    3.10,chromobius,83710c41f8e80c89329c11479ba2d8c1fa9567f42b7bfe4a289d71c01c8fdca9,"{""d"":9,""p"":0.00041753189365604,""r"":36}",
   5859183,       443,         0,    87.9,chromobius,b4b89979ae3843eb75e074a6c80ebd4b02366590e9eeeaa25916ac046458c8d0,"{""d"":7,""p"":0.00013738237958832623,""r"":28}",
       273,         0,         0,   0.044,chromobius,3990a642cba2445480e64b801a351ebaa19711aebd3bac9df969bf34f87d2e48,"{""d"":9,""p"":0.0004893900918477494,""r"":36}",
      1024,         0,         0,   0.154,chromobius,3990a642cba2445480e64b801a351ebaa19711aebd3bac9df969bf34f87d2e48,"{""d"":9,""p"":0.0004893900918477494,""r"":36}",
      1024,         1,         0,   0.164,chromobius,3990a642cba2445480e64b801a351ebaa19711aebd3bac9df969bf34f87d2e48,"{""d"":9,""p"":0.0004893900918477494,""r"":36}",
      1024,         1,         0,   0.158,chromobius,3990a642cba2445480e64b801a351ebaa19711aebd3bac9df969bf34f87d2e48,"{""d"":9,""p"":0.0004893900918477494,""r"":36}",
      1024,         1,         0,   0.158,chromobius,3990a642cba2445480e64b801a351ebaa19711aebd3bac9df969bf34f87d2e48,"{""d"":9,""p"":0.0004893900918477494,""r"":36}",
      1024,         0,         0,   0.156,chromobius,3990a642cba2445480e64b801a351ebaa19711aebd3bac9df969bf34f87d2e48,"{""d"":9,""p"":0.0004893900918477494,""r"":36}",
      1024,         1,         0,   0.159,chromobius,3990a642cba2445480e64b801a351ebaa19711aebd3bac9df969bf34f87d2e48,"{""d"":9,""p"":0.0004893900918477494,""r"":36}",
      1024,         0,         0,   0.155,chromobius,3990a642cba2445480e64b801a351ebaa19711aebd3bac9df969bf34f87d2e48,"{""d"":9,""p"":0.0004893900918477494,""r"":36}",
      1024,         1,         0,   0.155,chromobius,3990a642cba2445480e64b801a351ebaa19711aebd3bac9df969bf34f87d2e48,"{""d"":9,""p"":0.0004893900918477494,""r"":36}",
      2048,         1,         0,   0.314,chromobius,3990a642cba2445480e64b801a351ebaa19711aebd3bac9df969bf34f87d2e48,"{""d"":9,""p"":0.0004893900918477494,""r"":36}",
      2048,         2,         0,   0.320,chromobius,3990a642cba2445480e64b801a351ebaa19711aebd3bac9df969bf34f87d2e48,"{""d"":9,""p"":0.0004893900918477494,""r"":36}",
      3072,         1,         0,   0.482,chromobius,3990a642cba2445480e64b801a351ebaa19711aebd3bac9df969bf34f87d2e48,"{""d"":9,""p"":0.0004893900918477494,""r"":36}",
      4096,         3,         0,   0.617,chromobius,3990a642cba2445480e64b801a351ebaa19711aebd3bac9df969bf34f87d2e48,"{""d"":9,""p"":0.0004893900918477494,""r"":36}",
     36864,         8,         0,    4.37,chromobius,83710c41f8e80c89329c11479ba2d8c1fa9567f42b7bfe4a289d71c01c8fdca9,"{""d"":9,""p"":0.00041753189365604,""r"":36}",
      5120,         7,         0,   0.798,chromobius,3990a642cba2445480e64b801a351ebaa19711aebd3bac9df969bf34f87d2e48,"{""d"":9,""p"":0.0004893900918477494,""r"":36}",
      8192,         6,         0,    1.27,chromobius,3990a642cba2445480e64b801a351ebaa19711aebd3bac9df969bf34f87d2e48,"{""d"":9,""p"":0.0004893900918477494,""r"":36}",
     10240,         6,         0,    1.58,chromobius,3990a642cba2445480e64b801a351ebaa19711aebd3bac9df969bf34f87d2e48,"{""d"":9,""p"":0.0004893900918477494,""r"":36}",
     14336,         6,         0,    2.20,chromobius,3990a642cba2445480e64b801a351ebaa19711aebd3bac9df969bf34f87d2e48,"{""d"":9,""p"":0.0004893900918477494,""r"":36}",
     51200,        18,         0,    6.04,chromobius,83710c41f8e80c89329c11479ba2d8c1fa9567f42b7bfe4a289d71c01c8fdca9,"{""d"":9,""p"":0.00041753189365604,""r"":36}",
   5409792,       617,         0,    97.8,chromobius,c7e57744a557c8c45c323d8203d5443ab612cb960a0ad8e327e4b9e3989d1700,"{""d"":7,""p"":0.00016102620275609394,""r"":28}",
       273,         0,         0,   0.053,chromobius,18055d62848617548d71b0b2554444182de43117283c45adb12b647f0e0c01de,"{""d"":9,""p"":0.0005736152510448681,""r"":36}",
      1024,         1,         0,   0.186,chromobius,18055d62848617548d71b0b2554444182de43117283c45adb12b647f0e0c01de,"{""d"":9,""p"":0.0005736152510448681,""r"":36}",
      1024,         0,         0,   0.185,chromobius,18055d62848617548d71b0b2554444182de43117283c45adb12b647f0e0c01de,"{""d"":9,""p"":0.0005736152510448681,""r"":36}",
      1024,         2,         0,   0.182,chromobius,18055d62848617548d71b0b2554444182de43117283c45adb12b647f0e0c01de,"{""d"":9,""p"":0.0005736152510448681,""r"":36}",
      1024,         0,         0,   0.186,chromobius,18055d62848617548d71b0b2554444182de43117283c45adb12b647f0e0c01de,"{""d"":9,""p"":0.0005736152510448681,""r"":36}",
      1024,         1,         0,   0.177,chromobius,18055d62848617548d71b0b2554444182de43117283c45adb12b647f0e0c01de,"{""d"":9,""p"":0.0005736152510448681,""r"":36}",
      1024,         0,         0,   0.170,chromobius,18055d62848617548d71b0b2554444182de43117283c45adb12b647f0e0c01de,"{""d"":9,""p"":0.0005736152510448681,""r"":36}",
      1024,         1,         0,   0.179,chromobius,18055d62848617548d71b0b2554444182de43117283c45adb12b647f0e0c01de,"{""d"":9,""p"":0.0005736152510448681,""r"":36}",
      1024,         1,         0,   0.186,chromobius,18055d62848617548d71b0b2554444182de43117283c45adb12b647f0e0c01de,"{""d"":9,""p"":0.0005736152510448681,""r"":36}",
     20480,        12,         0,    3.14,chromobius,3990a642cba2445480e64b801a351ebaa19711aebd3bac9df969bf34f87d2e48,"{""d"":9,""p"":0.0004893900918477494,""r"":36}",
      2048,         1,         0,   0.361,chromobius,18055d62848617548d71b0b2554444182de43117283c45adb12b647f0e0c01de,"{""d"":9,""p"":0.0005736152510448681,""r"":36}",
      2048,         0,         0,   0.361,chromobius,18055d62848617548d71b0b2554444182de43117283c45adb12b647f0e0c01de,"{""d"":9,""p"":0.0005736152510448681,""r"":36}",
      3072,         2,         0,   0.542,chromobius,18055d62848617548d71b0b2554444182de43117283c45adb12b647f0e0c01de,"{""d"":9,""p"":0.0005736152510448681,""r"":36}",
      4096,         3,         0,   0.738,chromobius,18055d62848617548d71b0b2554444182de43117283c45adb12b647f0e0c01de,"{""d"":9,""p"":0.0005736152510448681,""r"":36}",
   3815424,         9,         0,   119.6,chromobius,9869750c9c530c938dd92cd95bdcf2d110dc61862fb757ae6af03baa643ee623,"{""d"":9,""p"":0.0001,""r"":36}",
      5120,         3,         0,   0.919,chromobius,18055d62848617548d71b0b2554444182de43117283c45adb12b647f0e0c01de,"{""d"":9,""p"":0.0005736152510448681,""r"":36}",
      6144,         6,         0,    1.12,chromobius,18055d62848617548d71b0b2554444182de43117283c45adb12b647f0e0c01de,"{""d"":9,""p"":0.0005736152510448681,""r"":36}",
     28672,         8,         0,    4.39,chromobius,3990a642cba2445480e64b801a351ebaa19711aebd3bac9df969bf34f87d2e48,"{""d"":9,""p"":0.0004893900918477494,""r"":36}",
   1886208,        62,         0,   119.8,chromobius,5b1c3e45f62beb7d57027883f0b81ab3bddf3446a083a1d10041dd63d27474e5,"{""d"":9,""p"":0.000221221629107045,""r"":36}",
      9216,        12,         0,    1.65,chromobius,18055d62848617548d71b0b2554444182de43117283c45adb12b647f0e0c01de,"{""d"":9,""p"":0.0005736152510448681,""r"":36}",
     70656,        18,         0,    8.38,chromobius,83710c41f8e80c89329c11479ba2d8c1fa9567f42b7bfe4a289d71c01c8fdca9,"{""d"":9,""p"":0.00041753189365604,""r"":36}",
     12288,        10,         0,    2.19,chromobius,18055d62848617548d71b0b2554444182de43117283c45adb12b647f0e0c01de,"{""d"":9,""p"":0.0005736152510448681,""r"":36}",
   2987008,        15,         0,   119.6,chromobius,bf88cf396baf33412fe3d8f560528a4920d19948ff7c2648d221569451828d7f,"{""d"":9,""p"":0.00011721022975334806,""r"":36}",
     38912,        10,         0,    6.01,chromobius,3990a642cba2445480e64b801a351ebaa19711aebd3bac9df969bf34f87d2e48,"{""d"":9,""p"":0.0004893900918477494,""r"":36}",
     17408,        14,         0,    3.06,chromobius,18055d62848617548d71b0b2554444182de43117283c45adb12b647f0e0c01de,"{""d"":9,""p"":0.0005736152510448681,""r"":36}",
   2612224,        23,         0,   119.7,chromobius,5c45b5abcee7e5038ad5b17d284b6490f77a86807990ec195edfaad890b9632f,"{""d"":9,""p"":0.00013738237958832623,""r"":36}",
     24576,        17,         0,    4.38,chromobius,18055d62848617548d71b0b2554444182de43117283c45adb12b647f0e0c01de,"{""d"":9,""p"":0.0005736152510448681,""r"":36}",
   2263040,        24,         0,   119.7,chromobius,30e4bb9352da2fa0928f2aa0fa8e2a0e37ad769b21be523c6f21c0fc81038695,"{""d"":9,""p"":0.00016102620275609394,""r"":36}",
     98304,        23,         0,    11.7,chromobius,83710c41f8e80c89329c11479ba2d8c1fa9567f42b7bfe4a289d71c01c8fdca9,"{""d"":9,""p"":0.00041753189365604,""r"":36}",
     54272,        35,         0,    8.44,chromobius,3990a642cba2445480e64b801a351ebaa19711aebd3bac9df969bf34f87d2e48,"{""d"":9,""p"":0.0004893900918477494,""r"":36}",
     33792,        30,         0,    6.02,chromobius,18055d62848617548d71b0b2554444182de43117283c45adb12b647f0e0c01de,"{""d"":9,""p"":0.0005736152510448681,""r"":36}",
   1054720,        40,         0,    88.1,chromobius,f05b9f7826c1727b73b7e4b58103906331fb1df4f11bc04e52a8abcaaa0e1518,"{""d"":9,""p"":0.0002592943797404667,""r"":36}",
    703488,        56,         0,    63.0,chromobius,7c0a31ab969d9033ff323c16d89d07812b1a51d7629d57f784a655c8dbffb4fd,"{""d"":9,""p"":0.0003039195382313198,""r"":36}",
     46080,        28,         0,    8.38,chromobius,18055d62848617548d71b0b2554444182de43117283c45adb12b647f0e0c01de,"{""d"":9,""p"":0.0005736152510448681,""r"":36}",
     74752,        37,         0,    11.7,chromobius,3990a642cba2445480e64b801a351ebaa19711aebd3bac9df969bf34f87d2e48,"{""d"":9,""p"":0.0004893900918477494,""r"":36}",
   2095104,        34,         0,   119.8,chromobius,6fd182fa8beb755f3a574c046d14e0a19a388fa3a293d7f3f6d47c26564fe8f3,"{""d"":9,""p"":0.00018873918221350977,""r"":36}",
    139264,        40,         0,    16.5,chromobius,83710c41f8e80c89329c11479ba2d8c1fa9567f42b7bfe4a289d71c01c8fdca9,"{""d"":9,""p"":0.00041753189365604,""r"":36}",
     65536,        50,         0,    11.9,chromobius,18055d62848617548d71b0b2554444182de43117283c45adb12b647f0e0c01de,"{""d"":9,""p"":0.0005736152510448681,""r"":36}",
    588800,        97,         0,    63.0,chromobius,c01a6a6f1f9520f132c076f04a2dafd9529157046af845a974410f5377208dd7,"{""d"":9,""p"":0.0003562247890262444,""r"":36}",
    105472,        45,         0,    16.5,chromobius,3990a642cba2445480e64b801a351ebaa19711aebd3bac9df969bf34f87d2e48,"{""d"":9,""p"":0.0004893900918477494,""r"":36}",
    194560,        46,         0,    23.0,chromobius,83710c41f8e80c89329c11479ba2d8c1fa9567f42b7bfe4a289d71c01c8fdca9,"{""d"":9,""p"":0.00041753189365604,""r"":36}",
     91136,        78,         0,    16.4,chromobius,18055d62848617548d71b0b2554444182de43117283c45adb12b647f0e0c01de,"{""d"":9,""p"":0.0005736152510448681,""r"":36}",
    147456,        62,         0,    23.0,chromobius,3990a642cba2445480e64b801a351ebaa19711aebd3bac9df969bf34f87d2e48,"{""d"":9,""p"":0.0004893900918477494,""r"":36}",
    125952,        80,         0,    23.0,chromobius,18055d62848617548d71b0b2554444182de43117283c45adb12b647f0e0c01de,"{""d"":9,""p"":0.0005736152510448681,""r"":36}",
    270336,        75,         0,    32.1,chromobius,83710c41f8e80c89329c11479ba2d8c1fa9567f42b7bfe4a289d71c01c8fdca9,"{""d"":9,""p"":0.00041753189365604,""r"":36}",
    201728,        92,         0,    32.2,chromobius,3990a642cba2445480e64b801a351ebaa19711aebd3bac9df969bf34f87d2e48,"{""d"":9,""p"":0.0004893900918477494,""r"":36}",
    182272,       146,         0,    32.1,chromobius,18055d62848617548d71b0b2554444182de43117283c45adb12b647f0e0c01de,"{""d"":9,""p"":0.0005736152510448681,""r"":36}",
    969728,        81,         0,    88.1,chromobius,7c0a31ab969d9033ff323c16d89d07812b1a51d7629d57f784a655c8dbffb4fd,"{""d"":9,""p"":0.0003039195382313198,""r"":36}",
   3643392,         6,         0,   119.6,chromobius,9869750c9c530c938dd92cd95bdcf2d110dc61862fb757ae6af03baa643ee623,"{""d"":9,""p"":0.0001,""r"":36}",
   1727488,        43,         0,   119.8,chromobius,5b1c3e45f62beb7d57027883f0b81ab3bddf3446a083a1d10041dd63d27474e5,"{""d"":9,""p"":0.000221221629107045,""r"":36}",
   3129344,        19,         0,   119.6,chromobius,bf88cf396baf33412fe3d8f560528a4920d19948ff7c2648d221569451828d7f,"{""d"":9,""p"":0.00011721022975334806,""r"":36}",
   2611200,        19,         0,   119.7,chromobius,5c45b5abcee7e5038ad5b17d284b6490f77a86807990ec195edfaad890b9632f,"{""d"":9,""p"":0.00013738237958832623,""r"":36}",
    790528,       118,         0,    88.2,chromobius,c01a6a6f1f9520f132c076f04a2dafd9529157046af845a974410f5377208dd7,"{""d"":9,""p"":0.0003562247890262444,""r"":36}",
    369664,        90,         0,    45.0,chromobius,83710c41f8e80c89329c11479ba2d8c1fa9567f42b7bfe4a289d71c01c8fdca9,"{""d"":9,""p"":0.00041753189365604,""r"":36}",
   2296832,        24,         0,   119.7,chromobius,30e4bb9352da2fa0928f2aa0fa8e2a0e37ad769b21be523c6f21c0fc81038695,"{""d"":9,""p"":0.00016102620275609394,""r"":36}",
   1448960,        72,         0,   119.9,chromobius,f05b9f7826c1727b73b7e4b58103906331fb1df4f11bc04e52a8abcaaa0e1518,"{""d"":9,""p"":0.0002592943797404667,""r"":36}",
    291840,       127,         0,    45.0,chromobius,3990a642cba2445480e64b801a351ebaa19711aebd3bac9df969bf34f87d2e48,"{""d"":9,""p"":0.0004893900918477494,""r"":36}",
   1991680,        30,         0,   119.8,chromobius,6fd182fa8beb755f3a574c046d14e0a19a388fa3a293d7f3f6d47c26564fe8f3,"{""d"":9,""p"":0.00018873918221350977,""r"":36}",
    261120,       194,         0,    45.0,chromobius,18055d62848617548d71b0b2554444182de43117283c45adb12b647f0e0c01de,"{""d"":9,""p"":0.0005736152510448681,""r"":36}",
    513024,       122,         0,    63.0,chromobius,83710c41f8e80c89329c11479ba2d8c1fa9567f42b7bfe4a289d71c01c8fdca9,"{""d"":9,""p"":0.00041753189365604,""r"":36}",
    414720,       172,         0,    63.1,chromobius,3990a642cba2445480e64b801a351ebaa19711aebd3bac9df969bf34f87d2e48,"{""d"":9,""p"":0.0004893900918477494,""r"":36}",
    352256,       260,         0,    63.0,chromobius,18055d62848617548d71b0b2554444182de43117283c45adb12b647f0e0c01de,"{""d"":9,""p"":0.0005736152510448681,""r"":36}",
   1301504,       104,         0,   119.8,chromobius,7c0a31ab969d9033ff323c16d89d07812b1a51d7629d57f784a655c8dbffb4fd,"{""d"":9,""p"":0.0003039195382313198,""r"":36}",
   3671040,         8,         0,   119.5,chromobius,9869750c9c530c938dd92cd95bdcf2d110dc61862fb757ae6af03baa643ee623,"{""d"":9,""p"":0.0001,""r"":36}",
   1807360,        41,         0,   119.8,chromobius,5b1c3e45f62beb7d57027883f0b81ab3bddf3446a083a1d10041dd63d27474e5,"{""d"":9,""p"":0.000221221629107045,""r"":36}",
   3084288,        10,         0,   119.6,chromobius,bf88cf396baf33412fe3d8f560528a4920d19948ff7c2648d221569451828d7f,"{""d"":9,""p"":0.00011721022975334806,""r"":36}",
   2628608,        18,         0,   119.7,chromobius,5c45b5abcee7e5038ad5b17d284b6490f77a86807990ec195edfaad890b9632f,"{""d"":9,""p"":0.00013738237958832623,""r"":36}",
   1082368,       162,         0,   119.9,chromobius,c01a6a6f1f9520f132c076f04a2dafd9529157046af845a974410f5377208dd7,"{""d"":9,""p"":0.0003562247890262444,""r"":36}",
   2300928,        29,         0,   119.7,chromobius,30e4bb9352da2fa0928f2aa0fa8e2a0e37ad769b21be523c6f21c0fc81038695,"{""d"":9,""p"":0.00016102620275609394,""r"":36}",
   1500160,        78,         0,   119.9,chromobius,f05b9f7826c1727b73b7e4b58103906331fb1df4f11bc04e52a8abcaaa0e1518,"{""d"":9,""p"":0.0002592943797404667,""r"":36}",
   2069504,        40,         0,   119.8,chromobius,6fd182fa8beb755f3a574c046d14e0a19a388fa3a293d7f3f6d47c26564fe8f3,"{""d"":9,""p"":0.00018873918221350977,""r"":36}",
    693248,       181,         0,    88.2,chromobius,83710c41f8e80c89329c11479ba2d8c1fa9567f42b7bfe4a289d71c01c8fdca9,"{""d"":9,""p"":0.00041753189365604,""r"":36}",
    565248,       249,         0,    88.2,chromobius,3990a642cba2445480e64b801a351ebaa19711aebd3bac9df969bf34f87d2e48,"{""d"":9,""p"":0.0004893900918477494,""r"":36}",
    481280,       400,         0,    88.2,chromobius,18055d62848617548d71b0b2554444182de43117283c45adb12b647f0e0c01de,"{""d"":9,""p"":0.0005736152510448681,""r"":36}",
   1262592,       111,         0,   119.9,chromobius,7c0a31ab969d9033ff323c16d89d07812b1a51d7629d57f784a655c8dbffb4fd,"{""d"":9,""p"":0.0003039195382313198,""r"":36}",
   3546112,         3,         0,   119.6,chromobius,9869750c9c530c938dd92cd95bdcf2d110dc61862fb757ae6af03baa643ee623,"{""d"":9,""p"":0.0001,""r"":36}",
   1744896,        57,         0,   119.8,chromobius,5b1c3e45f62beb7d57027883f0b81ab3bddf3446a083a1d10041dd63d27474e5,"{""d"":9,""p"":0.000221221629107045,""r"":36}",
   2953216,        16,         0,   119.6,chromobius,bf88cf396baf33412fe3d8f560528a4920d19948ff7c2648d221569451828d7f,"{""d"":9,""p"":0.00011721022975334806,""r"":36}",
   2552832,        19,         0,   119.7,chromobius,5c45b5abcee7e5038ad5b17d284b6490f77a86807990ec195edfaad890b9632f,"{""d"":9,""p"":0.00013738237958832623,""r"":36}",
   1071104,       155,         0,   119.9,chromobius,c01a6a6f1f9520f132c076f04a2dafd9529157046af845a974410f5377208dd7,"{""d"":9,""p"":0.0003562247890262444,""r"":36}",
   2296832,        27,         0,   119.7,chromobius,30e4bb9352da2fa0928f2aa0fa8e2a0e37ad769b21be523c6f21c0fc81038695,"{""d"":9,""p"":0.00016102620275609394,""r"":36}",
   1411072,        57,         0,   119.9,chromobius,f05b9f7826c1727b73b7e4b58103906331fb1df4f11bc04e52a8abcaaa0e1518,"{""d"":9,""p"":0.0002592943797404667,""r"":36}",
   1996800,        31,         0,   119.8,chromobius,6fd182fa8beb755f3a574c046d14e0a19a388fa3a293d7f3f6d47c26564fe8f3,"{""d"":9,""p"":0.00018873918221350977,""r"":36}",
    975872,       248,         0,   119.9,chromobius,83710c41f8e80c89329c11479ba2d8c1fa9567f42b7bfe4a289d71c01c8fdca9,"{""d"":9,""p"":0.00041753189365604,""r"":36}",
    764928,       325,         0,   120.0,chromobius,3990a642cba2445480e64b801a351ebaa19711aebd3bac9df969bf34f87d2e48,"{""d"":9,""p"":0.0004893900918477494,""r"":36}",
    679936,       541,         0,   120.0,chromobius,18055d62848617548d71b0b2554444182de43117283c45adb12b647f0e0c01de,"{""d"":9,""p"":0.0005736152510448681,""r"":36}",
   1349632,       109,         0,   119.9,chromobius,7c0a31ab969d9033ff323c16d89d07812b1a51d7629d57f784a655c8dbffb4fd,"{""d"":9,""p"":0.0003039195382313198,""r"":36}",
   3694592,        14,         0,   119.6,chromobius,9869750c9c530c938dd92cd95bdcf2d110dc61862fb757ae6af03baa643ee623,"{""d"":9,""p"":0.0001,""r"":36}",
   1774592,        52,         0,   119.8,chromobius,5b1c3e45f62beb7d57027883f0b81ab3bddf3446a083a1d10041dd63d27474e5,"{""d"":9,""p"":0.000221221629107045,""r"":36}",
   2955264,        13,         0,   119.7,chromobius,bf88cf396baf33412fe3d8f560528a4920d19948ff7c2648d221569451828d7f,"{""d"":9,""p"":0.00011721022975334806,""r"":36}",
   2651136,        16,         0,   119.7,chromobius,5c45b5abcee7e5038ad5b17d284b6490f77a86807990ec195edfaad890b9632f,"{""d"":9,""p"":0.00013738237958832623,""r"":36}",
   1130496,       161,         0,   119.9,chromobius,c01a6a6f1f9520f132c076f04a2dafd9529157046af845a974410f5377208dd7,"{""d"":9,""p"":0.0003562247890262444,""r"":36}",
   2332672,        21,         0,   119.7,chromobius,30e4bb9352da2fa0928f2aa0fa8e2a0e37ad769b21be523c6f21c0fc81038695,"{""d"":9,""p"":0.00016102620275609394,""r"":36}",
   1418240,        68,         0,   119.8,chromobius,f05b9f7826c1727b73b7e4b58103906331fb1df4f11bc04e52a8abcaaa0e1518,"{""d"":9,""p"":0.0002592943797404667,""r"":36}",
   1949696,        28,         0,   119.8,chromobius,6fd182fa8beb755f3a574c046d14e0a19a388fa3a293d7f3f6d47c26564fe8f3,"{""d"":9,""p"":0.00018873918221350977,""r"":36}",
    975872,       270,         0,   119.9,chromobius,83710c41f8e80c89329c11479ba2d8c1fa9567f42b7bfe4a289d71c01c8fdca9,"{""d"":9,""p"":0.00041753189365604,""r"":36}",
    768000,       337,         0,   119.9,chromobius,3990a642cba2445480e64b801a351ebaa19711aebd3bac9df969bf34f87d2e48,"{""d"":9,""p"":0.0004893900918477494,""r"":36}",
    679936,       527,         0,   120.0,chromobius,18055d62848617548d71b0b2554444182de43117283c45adb12b647f0e0c01de,"{""d"":9,""p"":0.0005736152510448681,""r"":36}",
   1289216,       104,         0,   119.9,chromobius,7c0a31ab969d9033ff323c16d89d07812b1a51d7629d57f784a655c8dbffb4fd,"{""d"":9,""p"":0.0003039195382313198,""r"":36}",
   3578880,        11,         0,   119.6,chromobius,9869750c9c530c938dd92cd95bdcf2d110dc61862fb757ae6af03baa643ee623,"{""d"":9,""p"":0.0001,""r"":36}",
   1806336,        56,         0,   119.8,chromobius,5b1c3e45f62beb7d57027883f0b81ab3bddf3446a083a1d10041dd63d27474e5,"{""d"":9,""p"":0.000221221629107045,""r"":36}",
   3068928,         8,         0,   119.6,chromobius,bf88cf396baf33412fe3d8f560528a4920d19948ff7c2648d221569451828d7f,"{""d"":9,""p"":0.00011721022975334806,""r"":36}",
   2613248,        17,         0,   119.7,chromobius,5c45b5abcee7e5038ad5b17d284b6490f77a86807990ec195edfaad890b9632f,"{""d"":9,""p"":0.00013738237958832623,""r"":36}",
   1102848,       138,         0,   119.9,chromobius,c01a6a6f1f9520f132c076f04a2dafd9529157046af845a974410f5377208dd7,"{""d"":9,""p"":0.0003562247890262444,""r"":36}",
   2370560,        21,         0,   119.7,chromobius,30e4bb9352da2fa0928f2aa0fa8e2a0e37ad769b21be523c6f21c0fc81038695,"{""d"":9,""p"":0.00016102620275609394,""r"":36}",
   1428480,        81,         0,   119.9,chromobius,f05b9f7826c1727b73b7e4b58103906331fb1df4f11bc04e52a8abcaaa0e1518,"{""d"":9,""p"":0.0002592943797404667,""r"":36}",
   2025472,        30,         0,   119.8,chromobius,6fd182fa8beb755f3a574c046d14e0a19a388fa3a293d7f3f6d47c26564fe8f3,"{""d"":9,""p"":0.00018873918221350977,""r"":36}",
    985088,       252,         0,   120.0,chromobius,83710c41f8e80c89329c11479ba2d8c1fa9567f42b7bfe4a289d71c01c8fdca9,"{""d"":9,""p"":0.00041753189365604,""r"":36}",
    789504,       316,         0,   120.0,chromobius,3990a642cba2445480e64b801a351ebaa19711aebd3bac9df969bf34f87d2e48,"{""d"":9,""p"":0.0004893900918477494,""r"":36}",
    660480,       476,         0,   120.1,chromobius,18055d62848617548d71b0b2554444182de43117283c45adb12b647f0e0c01de,"{""d"":9,""p"":0.0005736152510448681,""r"":36}",
   1272832,        96,         0,   119.8,chromobius,7c0a31ab969d9033ff323c16d89d07812b1a51d7629d57f784a655c8dbffb4fd,"{""d"":9,""p"":0.0003039195382313198,""r"":36}",
   3536896,        15,         0,   119.6,chromobius,9869750c9c530c938dd92cd95bdcf2d110dc61862fb757ae6af03baa643ee623,"{""d"":9,""p"":0.0001,""r"":36}",
   1790976,        53,         0,   119.8,chromobius,5b1c3e45f62beb7d57027883f0b81ab3bddf3446a083a1d10041dd63d27474e5,"{""d"":9,""p"":0.000221221629107045,""r"":36}",
   3049472,        15,         0,   119.6,chromobius,bf88cf396baf33412fe3d8f560528a4920d19948ff7c2648d221569451828d7f,"{""d"":9,""p"":0.00011721022975334806,""r"":36}",
   2685952,        12,         0,   119.7,chromobius,5c45b5abcee7e5038ad5b17d284b6490f77a86807990ec195edfaad890b9632f,"{""d"":9,""p"":0.00013738237958832623,""r"":36}",
   1108992,       175,         0,   120.0,chromobius,c01a6a6f1f9520f132c076f04a2dafd9529157046af845a974410f5377208dd7,"{""d"":9,""p"":0.0003562247890262444,""r"":36}",
   2338816,        28,         0,   119.7,chromobius,30e4bb9352da2fa0928f2aa0fa8e2a0e37ad769b21be523c6f21c0fc81038695,"{""d"":9,""p"":0.00016102620275609394,""r"":36}",
   1453056,        83,         0,   119.9,chromobius,f05b9f7826c1727b73b7e4b58103906331fb1df4f11bc04e52a8abcaaa0e1518,"{""d"":9,""p"":0.0002592943797404667,""r"":36}",
   2043904,        39,         0,   119.8,chromobius,6fd182fa8beb755f3a574c046d14e0a19a388fa3a293d7f3f6d47c26564fe8f3,"{""d"":9,""p"":0.00018873918221350977,""r"":36}",
    971776,       292,         0,   120.0,chromobius,83710c41f8e80c89329c11479ba2d8c1fa9567f42b7bfe4a289d71c01c8fdca9,"{""d"":9,""p"":0.00041753189365604,""r"":36}",
    777216,       354,         0,   120.0,chromobius,3990a642cba2445480e64b801a351ebaa19711aebd3bac9df969bf34f87d2e48,"{""d"":9,""p"":0.0004893900918477494,""r"":36}",
    681984,       551,         0,   119.9,chromobius,18055d62848617548d71b0b2554444182de43117283c45adb12b647f0e0c01de,"{""d"":9,""p"":0.0005736152510448681,""r"":36}",
   1292288,       124,         0,   119.9,chromobius,7c0a31ab969d9033ff323c16d89d07812b1a51d7629d57f784a655c8dbffb4fd,"{""d"":9,""p"":0.0003039195382313198,""r"":36}",
   3623936,         9,         0,   119.6,chromobius,9869750c9c530c938dd92cd95bdcf2d110dc61862fb757ae6af03baa643ee623,"{""d"":9,""p"":0.0001,""r"":36}",
   1807360,        64,         0,   119.8,chromobius,5b1c3e45f62beb7d57027883f0b81ab3bddf3446a083a1d10041dd63d27474e5,"{""d"":9,""p"":0.000221221629107045,""r"":36}",
   3019776,        12,         0,   119.7,chromobius,bf88cf396baf33412fe3d8f560528a4920d19948ff7c2648d221569451828d7f,"{""d"":9,""p"":0.00011721022975334806,""r"":36}",
   2626560,        18,         0,   119.7,chromobius,5c45b5abcee7e5038ad5b17d284b6490f77a86807990ec195edfaad890b9632f,"{""d"":9,""p"":0.00013738237958832623,""r"":36}",
   1093632,       157,         0,   120.0,chromobius,c01a6a6f1f9520f132c076f04a2dafd9529157046af845a974410f5377208dd7,"{""d"":9,""p"":0.0003562247890262444,""r"":36}",
   2354176,        27,         0,   119.7,chromobius,30e4bb9352da2fa0928f2aa0fa8e2a0e37ad769b21be523c6f21c0fc81038695,"{""d"":9,""p"":0.00016102620275609394,""r"":36}",
   1438720,        74,         0,   119.8,chromobius,f05b9f7826c1727b73b7e4b58103906331fb1df4f11bc04e52a8abcaaa0e1518,"{""d"":9,""p"":0.0002592943797404667,""r"":36}",
   1981440,        36,         0,   119.8,chromobius,6fd182fa8beb755f3a574c046d14e0a19a388fa3a293d7f3f6d47c26564fe8f3,"{""d"":9,""p"":0.00018873918221350977,""r"":36}",
    959488,       260,         0,   119.9,chromobius,83710c41f8e80c89329c11479ba2d8c1fa9567f42b7bfe4a289d71c01c8fdca9,"{""d"":9,""p"":0.00041753189365604,""r"":36}",
    765952,       362,         0,   120.0,chromobius,3990a642cba2445480e64b801a351ebaa19711aebd3bac9df969bf34f87d2e48,"{""d"":9,""p"":0.0004893900918477494,""r"":36}",
    689152,       546,         0,   120.1,chromobius,18055d62848617548d71b0b2554444182de43117283c45adb12b647f0e0c01de,"{""d"":9,""p"":0.0005736152510448681,""r"":36}",
   1260544,        94,         0,   119.9,chromobius,7c0a31ab969d9033ff323c16d89d07812b1a51d7629d57f784a655c8dbffb4fd,"{""d"":9,""p"":0.0003039195382313198,""r"":36}",
   3609600,        10,         0,   119.5,chromobius,9869750c9c530c938dd92cd95bdcf2d110dc61862fb757ae6af03baa643ee623,"{""d"":9,""p"":0.0001,""r"":36}",
   1801216,        59,         0,   119.8,chromobius,5b1c3e45f62beb7d57027883f0b81ab3bddf3446a083a1d10041dd63d27474e5,"{""d"":9,""p"":0.000221221629107045,""r"":36}",
   2989056,        14,         0,   119.6,chromobius,bf88cf396baf33412fe3d8f560528a4920d19948ff7c2648d221569451828d7f,"{""d"":9,""p"":0.00011721022975334806,""r"":36}",
   2659328,        21,         0,   119.7,chromobius,5c45b5abcee7e5038ad5b17d284b6490f77a86807990ec195edfaad890b9632f,"{""d"":9,""p"":0.00013738237958832623,""r"":36}",
   1065984,       183,         0,   120.0,chromobius,c01a6a6f1f9520f132c076f04a2dafd9529157046af845a974410f5377208dd7,"{""d"":9,""p"":0.0003562247890262444,""r"":36}",
   2358272,        24,         0,   119.7,chromobius,30e4bb9352da2fa0928f2aa0fa8e2a0e37ad769b21be523c6f21c0fc81038695,"{""d"":9,""p"":0.00016102620275609394,""r"":36}",
   1455104,        60,         0,   119.8,chromobius,f05b9f7826c1727b73b7e4b58103906331fb1df4f11bc04e52a8abcaaa0e1518,"{""d"":9,""p"":0.0002592943797404667,""r"":36}",
   2008064,        32,         0,   119.7,chromobius,6fd182fa8beb755f3a574c046d14e0a19a388fa3a293d7f3f6d47c26564fe8f3,"{""d"":9,""p"":0.00018873918221350977,""r"":36}",
    975872,       245,         0,   119.9,chromobius,83710c41f8e80c89329c11479ba2d8c1fa9567f42b7bfe4a289d71c01c8fdca9,"{""d"":9,""p"":0.00041753189365604,""r"":36}",
    779264,       356,         0,   120.0,chromobius,3990a642cba2445480e64b801a351ebaa19711aebd3bac9df969bf34f87d2e48,"{""d"":9,""p"":0.0004893900918477494,""r"":36}",
    683008,       553,         0,   120.0,chromobius,18055d62848617548d71b0b2554444182de43117283c45adb12b647f0e0c01de,"{""d"":9,""p"":0.0005736152510448681,""r"":36}",
   1254400,       101,         0,   119.8,chromobius,7c0a31ab969d9033ff323c16d89d07812b1a51d7629d57f784a655c8dbffb4fd,"{""d"":9,""p"":0.0003039195382313198,""r"":36}",
   3528704,         8,         0,   119.5,chromobius,9869750c9c530c938dd92cd95bdcf2d110dc61862fb757ae6af03baa643ee623,"{""d"":9,""p"":0.0001,""r"":36}",
   1779712,        46,         0,   119.8,chromobius,5b1c3e45f62beb7d57027883f0b81ab3bddf3446a083a1d10041dd63d27474e5,"{""d"":9,""p"":0.000221221629107045,""r"":36}",
   3031040,        12,         0,   119.6,chromobius,bf88cf396baf33412fe3d8f560528a4920d19948ff7c2648d221569451828d7f,"{""d"":9,""p"":0.00011721022975334806,""r"":36}",
   2605056,        11,         0,   119.7,chromobius,5c45b5abcee7e5038ad5b17d284b6490f77a86807990ec195edfaad890b9632f,"{""d"":9,""p"":0.00013738237958832623,""r"":36}",
   1068032,       155,         0,   119.9,chromobius,c01a6a6f1f9520f132c076f04a2dafd9529157046af845a974410f5377208dd7,"{""d"":9,""p"":0.0003562247890262444,""r"":36}",
    384879,         3,         0,    13.2,chromobius,9869750c9c530c938dd92cd95bdcf2d110dc61862fb757ae6af03baa643ee623,"{""d"":9,""p"":0.0001,""r"":36}",
       273,         0,         0,   0.061,chromobius,3790b5e28193f2dc13c92a2d65ff0824dec205e12f05e9c62198bd7547e8b84a,"{""d"":9,""p"":0.0006723357536499335,""r"":36}",
      1024,         1,         0,   0.223,chromobius,3790b5e28193f2dc13c92a2d65ff0824dec205e12f05e9c62198bd7547e8b84a,"{""d"":9,""p"":0.0006723357536499335,""r"":36}",
      1024,         1,         0,   0.208,chromobius,3790b5e28193f2dc13c92a2d65ff0824dec205e12f05e9c62198bd7547e8b84a,"{""d"":9,""p"":0.0006723357536499335,""r"":36}",
      1024,         1,         0,   0.202,chromobius,3790b5e28193f2dc13c92a2d65ff0824dec205e12f05e9c62198bd7547e8b84a,"{""d"":9,""p"":0.0006723357536499335,""r"":36}",
      1024,         1,         0,   0.214,chromobius,3790b5e28193f2dc13c92a2d65ff0824dec205e12f05e9c62198bd7547e8b84a,"{""d"":9,""p"":0.0006723357536499335,""r"":36}",
   2363392,        27,         0,   119.7,chromobius,30e4bb9352da2fa0928f2aa0fa8e2a0e37ad769b21be523c6f21c0fc81038695,"{""d"":9,""p"":0.00016102620275609394,""r"":36}",
      1024,         2,         0,   0.216,chromobius,3790b5e28193f2dc13c92a2d65ff0824dec205e12f05e9c62198bd7547e8b84a,"{""d"":9,""p"":0.0006723357536499335,""r"":36}",
      1024,         1,         0,   0.215,chromobius,3790b5e28193f2dc13c92a2d65ff0824dec205e12f05e9c62198bd7547e8b84a,"{""d"":9,""p"":0.0006723357536499335,""r"":36}",
      1024,         3,         0,   0.218,chromobius,3790b5e28193f2dc13c92a2d65ff0824dec205e12f05e9c62198bd7547e8b84a,"{""d"":9,""p"":0.0006723357536499335,""r"":36}",
      1024,         2,         0,   0.196,chromobius,3790b5e28193f2dc13c92a2d65ff0824dec205e12f05e9c62198bd7547e8b84a,"{""d"":9,""p"":0.0006723357536499335,""r"":36}",
      1024,         4,         0,   0.210,chromobius,3790b5e28193f2dc13c92a2d65ff0824dec205e12f05e9c62198bd7547e8b84a,"{""d"":9,""p"":0.0006723357536499335,""r"":36}",
      2048,         3,         0,   0.430,chromobius,3790b5e28193f2dc13c92a2d65ff0824dec205e12f05e9c62198bd7547e8b84a,"{""d"":9,""p"":0.0006723357536499335,""r"":36}",
      2048,         1,         0,   0.439,chromobius,3790b5e28193f2dc13c92a2d65ff0824dec205e12f05e9c62198bd7547e8b84a,"{""d"":9,""p"":0.0006723357536499335,""r"":36}",
      3072,         5,         0,   0.640,chromobius,3790b5e28193f2dc13c92a2d65ff0824dec205e12f05e9c62198bd7547e8b84a,"{""d"":9,""p"":0.0006723357536499335,""r"":36}",
      4096,         3,         0,   0.869,chromobius,3790b5e28193f2dc13c92a2d65ff0824dec205e12f05e9c62198bd7547e8b84a,"{""d"":9,""p"":0.0006723357536499335,""r"":36}",
      6144,        12,         0,    1.30,chromobius,3790b5e28193f2dc13c92a2d65ff0824dec205e12f05e9c62198bd7547e8b84a,"{""d"":9,""p"":0.0006723357536499335,""r"":36}",
      8192,        16,         0,    1.73,chromobius,3790b5e28193f2dc13c92a2d65ff0824dec205e12f05e9c62198bd7547e8b84a,"{""d"":9,""p"":0.0006723357536499335,""r"":36}",
     11264,        14,         0,    2.37,chromobius,3790b5e28193f2dc13c92a2d65ff0824dec205e12f05e9c62198bd7547e8b84a,"{""d"":9,""p"":0.0006723357536499335,""r"":36}",
   1488896,        83,         0,   119.8,chromobius,f05b9f7826c1727b73b7e4b58103906331fb1df4f11bc04e52a8abcaaa0e1518,"{""d"":9,""p"":0.0002592943797404667,""r"":36}",
     15360,        20,         0,    3.25,chromobius,3790b5e28193f2dc13c92a2d65ff0824dec205e12f05e9c62198bd7547e8b84a,"{""d"":9,""p"":0.0006723357536499335,""r"":36}",
   2014208,        33,         0,   119.8,chromobius,6fd182fa8beb755f3a574c046d14e0a19a388fa3a293d7f3f6d47c26564fe8f3,"{""d"":9,""p"":0.00018873918221350977,""r"":36}",
     20480,        21,         0,    4.33,chromobius,3790b5e28193f2dc13c92a2d65ff0824dec205e12f05e9c62198bd7547e8b84a,"{""d"":9,""p"":0.0006723357536499335,""r"":36}",
     28672,        29,         0,    6.10,chromobius,3790b5e28193f2dc13c92a2d65ff0824dec205e12f05e9c62198bd7547e8b84a,"{""d"":9,""p"":0.0006723357536499335,""r"":36}",
    978944,       264,         0,   120.0,chromobius,83710c41f8e80c89329c11479ba2d8c1fa9567f42b7bfe4a289d71c01c8fdca9,"{""d"":9,""p"":0.00041753189365604,""r"":36}",
     40960,        55,         0,    8.58,chromobius,3790b5e28193f2dc13c92a2d65ff0824dec205e12f05e9c62198bd7547e8b84a,"{""d"":9,""p"":0.0006723357536499335,""r"":36}",
    787456,       369,         0,   120.0,chromobius,3990a642cba2445480e64b801a351ebaa19711aebd3bac9df969bf34f87d2e48,"{""d"":9,""p"":0.0004893900918477494,""r"":36}",
     56320,        90,         0,    11.9,chromobius,3790b5e28193f2dc13c92a2d65ff0824dec205e12f05e9c62198bd7547e8b84a,"{""d"":9,""p"":0.0006723357536499335,""r"":36}",
    627712,       468,         0,   110.0,chromobius,18055d62848617548d71b0b2554444182de43117283c45adb12b647f0e0c01de,"{""d"":9,""p"":0.0005736152510448681,""r"":36}",
       273,         0,         0,   0.069,chromobius,7cf958c662b6f42a4ad25e9c6d2218e98c2e818aebfabff124030c7480396835,"{""d"":9,""p"":0.0007880462815669912,""r"":36}",
      1024,         0,         0,   0.267,chromobius,7cf958c662b6f42a4ad25e9c6d2218e98c2e818aebfabff124030c7480396835,"{""d"":9,""p"":0.0007880462815669912,""r"":36}",
      1024,         2,         0,   0.262,chromobius,7cf958c662b6f42a4ad25e9c6d2218e98c2e818aebfabff124030c7480396835,"{""d"":9,""p"":0.0007880462815669912,""r"":36}",
      1024,         3,         0,   0.261,chromobius,7cf958c662b6f42a4ad25e9c6d2218e98c2e818aebfabff124030c7480396835,"{""d"":9,""p"":0.0007880462815669912,""r"":36}",
      1024,         0,         0,   0.258,chromobius,7cf958c662b6f42a4ad25e9c6d2218e98c2e818aebfabff124030c7480396835,"{""d"":9,""p"":0.0007880462815669912,""r"":36}",
      1024,         1,         0,   0.275,chromobius,7cf958c662b6f42a4ad25e9c6d2218e98c2e818aebfabff124030c7480396835,"{""d"":9,""p"":0.0007880462815669912,""r"":36}",
      1024,         2,         0,   0.244,chromobius,7cf958c662b6f42a4ad25e9c6d2218e98c2e818aebfabff124030c7480396835,"{""d"":9,""p"":0.0007880462815669912,""r"":36}",
      1024,         3,         0,   0.263,chromobius,7cf958c662b6f42a4ad25e9c6d2218e98c2e818aebfabff124030c7480396835,"{""d"":9,""p"":0.0007880462815669912,""r"":36}",
      1024,         3,         0,   0.264,chromobius,7cf958c662b6f42a4ad25e9c6d2218e98c2e818aebfabff124030c7480396835,"{""d"":9,""p"":0.0007880462815669912,""r"":36}",
      1024,         4,         0,   0.262,chromobius,7cf958c662b6f42a4ad25e9c6d2218e98c2e818aebfabff124030c7480396835,"{""d"":9,""p"":0.0007880462815669912,""r"":36}",
      2048,         2,         0,   0.509,chromobius,7cf958c662b6f42a4ad25e9c6d2218e98c2e818aebfabff124030c7480396835,"{""d"":9,""p"":0.0007880462815669912,""r"":36}",
      2048,         4,         0,   0.505,chromobius,7cf958c662b6f42a4ad25e9c6d2218e98c2e818aebfabff124030c7480396835,"{""d"":9,""p"":0.0007880462815669912,""r"":36}",
      3072,        12,         0,   0.775,chromobius,7cf958c662b6f42a4ad25e9c6d2218e98c2e818aebfabff124030c7480396835,"{""d"":9,""p"":0.0007880462815669912,""r"":36}",
      4096,         5,         0,    1.05,chromobius,7cf958c662b6f42a4ad25e9c6d2218e98c2e818aebfabff124030c7480396835,"{""d"":9,""p"":0.0007880462815669912,""r"":36}",
      5120,        15,         0,    1.30,chromobius,7cf958c662b6f42a4ad25e9c6d2218e98c2e818aebfabff124030c7480396835,"{""d"":9,""p"":0.0007880462815669912,""r"":36}",
      7168,        18,         0,    1.80,chromobius,7cf958c662b6f42a4ad25e9c6d2218e98c2e818aebfabff124030c7480396835,"{""d"":9,""p"":0.0007880462815669912,""r"":36}",
      9216,        15,         0,    2.34,chromobius,7cf958c662b6f42a4ad25e9c6d2218e98c2e818aebfabff124030c7480396835,"{""d"":9,""p"":0.0007880462815669912,""r"":36}",
     12288,        33,         0,    3.13,chromobius,7cf958c662b6f42a4ad25e9c6d2218e98c2e818aebfabff124030c7480396835,"{""d"":9,""p"":0.0007880462815669912,""r"":36}",
     79872,       119,         0,    16.5,chromobius,3790b5e28193f2dc13c92a2d65ff0824dec205e12f05e9c62198bd7547e8b84a,"{""d"":9,""p"":0.0006723357536499335,""r"":36}",
     17408,        35,         0,    4.48,chromobius,7cf958c662b6f42a4ad25e9c6d2218e98c2e818aebfabff124030c7480396835,"{""d"":9,""p"":0.0007880462815669912,""r"":36}",
     23552,        58,         0,    5.98,chromobius,7cf958c662b6f42a4ad25e9c6d2218e98c2e818aebfabff124030c7480396835,"{""d"":9,""p"":0.0007880462815669912,""r"":36}",
     33792,        78,         0,    8.58,chromobius,7cf958c662b6f42a4ad25e9c6d2218e98c2e818aebfabff124030c7480396835,"{""d"":9,""p"":0.0007880462815669912,""r"":36}",
    109568,       135,         0,    23.0,chromobius,3790b5e28193f2dc13c92a2d65ff0824dec205e12f05e9c62198bd7547e8b84a,"{""d"":9,""p"":0.0006723357536499335,""r"":36}",
     47104,       107,         0,    12.0,chromobius,7cf958c662b6f42a4ad25e9c6d2218e98c2e818aebfabff124030c7480396835,"{""d"":9,""p"":0.0007880462815669912,""r"":36}",
   1293312,       103,         0,   119.9,chromobius,7c0a31ab969d9033ff323c16d89d07812b1a51d7629d57f784a655c8dbffb4fd,"{""d"":9,""p"":0.0003039195382313198,""r"":36}",
     64512,       153,         0,    16.4,chromobius,7cf958c662b6f42a4ad25e9c6d2218e98c2e818aebfabff124030c7480396835,"{""d"":9,""p"":0.0007880462815669912,""r"":36}",
   1729536,        55,         0,   119.8,chromobius,5b1c3e45f62beb7d57027883f0b81ab3bddf3446a083a1d10041dd63d27474e5,"{""d"":9,""p"":0.000221221629107045,""r"":36}",
   2994176,        11,         0,   119.6,chromobius,bf88cf396baf33412fe3d8f560528a4920d19948ff7c2648d221569451828d7f,"{""d"":9,""p"":0.00011721022975334806,""r"":36}",
    154624,       214,         0,    32.3,chromobius,3790b5e28193f2dc13c92a2d65ff0824dec205e12f05e9c62198bd7547e8b84a,"{""d"":9,""p"":0.0006723357536499335,""r"":36}",
   2656256,        14,         0,   119.7,chromobius,5c45b5abcee7e5038ad5b17d284b6490f77a86807990ec195edfaad890b9632f,"{""d"":9,""p"":0.00013738237958832623,""r"":36}",
   1093632,       174,         0,   120.0,chromobius,c01a6a6f1f9520f132c076f04a2dafd9529157046af845a974410f5377208dd7,"{""d"":9,""p"":0.0003562247890262444,""r"":36}",
   2308096,        19,         0,   119.7,chromobius,30e4bb9352da2fa0928f2aa0fa8e2a0e37ad769b21be523c6f21c0fc81038695,"{""d"":9,""p"":0.00016102620275609394,""r"":36}",
     89088,       220,         0,    23.1,chromobius,7cf958c662b6f42a4ad25e9c6d2218e98c2e818aebfabff124030c7480396835,"{""d"":9,""p"":0.0007880462815669912,""r"":36}",
   1443840,        69,         0,   119.9,chromobius,f05b9f7826c1727b73b7e4b58103906331fb1df4f11bc04e52a8abcaaa0e1518,"{""d"":9,""p"":0.0002592943797404667,""r"":36}",
   2039808,        34,         0,   119.8,chromobius,6fd182fa8beb755f3a574c046d14e0a19a388fa3a293d7f3f6d47c26564fe8f3,"{""d"":9,""p"":0.00018873918221350977,""r"":36}",
    990208,       253,         0,   120.0,chromobius,83710c41f8e80c89329c11479ba2d8c1fa9567f42b7bfe4a289d71c01c8fdca9,"{""d"":9,""p"":0.00041753189365604,""r"":36}",
    226304,       318,         0,    45.0,chromobius,3790b5e28193f2dc13c92a2d65ff0824dec205e12f05e9c62198bd7547e8b84a,"{""d"":9,""p"":0.0006723357536499335,""r"":36}",
    121856,       331,         0,    32.3,chromobius,7cf958c662b6f42a4ad25e9c6d2218e98c2e818aebfabff124030c7480396835,"{""d"":9,""p"":0.0007880462815669912,""r"":36}",
    793600,       363,         0,   119.9,chromobius,3990a642cba2445480e64b801a351ebaa19711aebd3bac9df969bf34f87d2e48,"{""d"":9,""p"":0.0004893900918477494,""r"":36}",
    176128,       428,         0,    45.1,chromobius,7cf958c662b6f42a4ad25e9c6d2218e98c2e818aebfabff124030c7480396835,"{""d"":9,""p"":0.0007880462815669912,""r"":36}",
   1286144,       133,         0,   119.9,chromobius,7c0a31ab969d9033ff323c16d89d07812b1a51d7629d57f784a655c8dbffb4fd,"{""d"":9,""p"":0.0003039195382313198,""r"":36}",
    299008,       413,         0,    63.0,chromobius,3790b5e28193f2dc13c92a2d65ff0824dec205e12f05e9c62198bd7547e8b84a,"{""d"":9,""p"":0.0006723357536499335,""r"":36}",
   1776640,        60,         0,   119.8,chromobius,5b1c3e45f62beb7d57027883f0b81ab3bddf3446a083a1d10041dd63d27474e5,"{""d"":9,""p"":0.000221221629107045,""r"":36}",
   2955264,        11,         0,   119.6,chromobius,bf88cf396baf33412fe3d8f560528a4920d19948ff7c2648d221569451828d7f,"{""d"":9,""p"":0.00011721022975334806,""r"":36}",
   2725888,        15,         0,   119.7,chromobius,5c45b5abcee7e5038ad5b17d284b6490f77a86807990ec195edfaad890b9632f,"{""d"":9,""p"":0.00013738237958832623,""r"":36}",
   1106944,       158,         0,   119.9,chromobius,c01a6a6f1f9520f132c076f04a2dafd9529157046af845a974410f5377208dd7,"{""d"":9,""p"":0.0003562247890262444,""r"":36}",
   2242560,        18,         0,   119.7,chromobius,30e4bb9352da2fa0928f2aa0fa8e2a0e37ad769b21be523c6f21c0fc81038695,"{""d"":9,""p"":0.00016102620275609394,""r"":36}",
   1436672,        63,         0,   119.9,chromobius,f05b9f7826c1727b73b7e4b58103906331fb1df4f11bc04e52a8abcaaa0e1518,"{""d"":9,""p"":0.0002592943797404667,""r"":36}",
   2044928,        35,         0,   119.8,chromobius,6fd182fa8beb755f3a574c046d14e0a19a388fa3a293d7f3f6d47c26564fe8f3,"{""d"":9,""p"":0.00018873918221350977,""r"":36}",
    245760,       624,         0,    63.0,chromobius,7cf958c662b6f42a4ad25e9c6d2218e98c2e818aebfabff124030c7480396835,"{""d"":9,""p"":0.0007880462815669912,""r"":36}",
    971776,       247,         0,   119.9,chromobius,83710c41f8e80c89329c11479ba2d8c1fa9567f42b7bfe4a289d71c01c8fdca9,"{""d"":9,""p"":0.00041753189365604,""r"":36}",
    785408,       357,         0,   120.0,chromobius,3990a642cba2445480e64b801a351ebaa19711aebd3bac9df969bf34f87d2e48,"{""d"":9,""p"":0.0004893900918477494,""r"":36}",
    415744,       565,         0,    88.2,chromobius,3790b5e28193f2dc13c92a2d65ff0824dec205e12f05e9c62198bd7547e8b84a,"{""d"":9,""p"":0.0006723357536499335,""r"":36}",
   2307951,         8,         0,    92.5,chromobius,bf88cf396baf33412fe3d8f560528a4920d19948ff7c2648d221569451828d7f,"{""d"":9,""p"":0.00011721022975334806,""r"":36}",
       273,         4,         0,   0.078,chromobius,d82822e192282bef9c5d5da24a3ea285774c27c6a564dbf43a075eae1f3af8d8,"{""d"":9,""p"":0.0009236708571873865,""r"":36}",
      1024,         3,         0,   0.295,chromobius,d82822e192282bef9c5d5da24a3ea285774c27c6a564dbf43a075eae1f3af8d8,"{""d"":9,""p"":0.0009236708571873865,""r"":36}",
      1024,         2,         0,   0.290,chromobius,d82822e192282bef9c5d5da24a3ea285774c27c6a564dbf43a075eae1f3af8d8,"{""d"":9,""p"":0.0009236708571873865,""r"":36}",
      1024,         6,         0,   0.302,chromobius,d82822e192282bef9c5d5da24a3ea285774c27c6a564dbf43a075eae1f3af8d8,"{""d"":9,""p"":0.0009236708571873865,""r"":36}",
      1024,         6,         0,   0.286,chromobius,d82822e192282bef9c5d5da24a3ea285774c27c6a564dbf43a075eae1f3af8d8,"{""d"":9,""p"":0.0009236708571873865,""r"":36}",
      1024,         2,         0,   0.289,chromobius,d82822e192282bef9c5d5da24a3ea285774c27c6a564dbf43a075eae1f3af8d8,"{""d"":9,""p"":0.0009236708571873865,""r"":36}",
      1024,         3,         0,   0.286,chromobius,d82822e192282bef9c5d5da24a3ea285774c27c6a564dbf43a075eae1f3af8d8,"{""d"":9,""p"":0.0009236708571873865,""r"":36}",
      1024,         4,         0,   0.288,chromobius,d82822e192282bef9c5d5da24a3ea285774c27c6a564dbf43a075eae1f3af8d8,"{""d"":9,""p"":0.0009236708571873865,""r"":36}",
      1024,         7,         0,   0.305,chromobius,d82822e192282bef9c5d5da24a3ea285774c27c6a564dbf43a075eae1f3af8d8,"{""d"":9,""p"":0.0009236708571873865,""r"":36}",
      1024,         6,         0,   0.291,chromobius,d82822e192282bef9c5d5da24a3ea285774c27c6a564dbf43a075eae1f3af8d8,"{""d"":9,""p"":0.0009236708571873865,""r"":36}",
      1024,         4,         0,   0.294,chromobius,d82822e192282bef9c5d5da24a3ea285774c27c6a564dbf43a075eae1f3af8d8,"{""d"":9,""p"":0.0009236708571873865,""r"":36}",
      2048,        13,         0,   0.596,chromobius,d82822e192282bef9c5d5da24a3ea285774c27c6a564dbf43a075eae1f3af8d8,"{""d"":9,""p"":0.0009236708571873865,""r"":36}",
      2048,        11,         0,   0.615,chromobius,d82822e192282bef9c5d5da24a3ea285774c27c6a564dbf43a075eae1f3af8d8,"{""d"":9,""p"":0.0009236708571873865,""r"":36}",
      3072,        13,         0,   0.890,chromobius,d82822e192282bef9c5d5da24a3ea285774c27c6a564dbf43a075eae1f3af8d8,"{""d"":9,""p"":0.0009236708571873865,""r"":36}",
      4096,        17,         0,    1.17,chromobius,d82822e192282bef9c5d5da24a3ea285774c27c6a564dbf43a075eae1f3af8d8,"{""d"":9,""p"":0.0009236708571873865,""r"":36}",
      6144,        32,         0,    1.78,chromobius,d82822e192282bef9c5d5da24a3ea285774c27c6a564dbf43a075eae1f3af8d8,"{""d"":9,""p"":0.0009236708571873865,""r"":36}",
      8192,        33,         0,    2.35,chromobius,d82822e192282bef9c5d5da24a3ea285774c27c6a564dbf43a075eae1f3af8d8,"{""d"":9,""p"":0.0009236708571873865,""r"":36}",
     11264,        59,         0,    3.27,chromobius,d82822e192282bef9c5d5da24a3ea285774c27c6a564dbf43a075eae1f3af8d8,"{""d"":9,""p"":0.0009236708571873865,""r"":36}",
   1270784,       114,         0,   119.9,chromobius,7c0a31ab969d9033ff323c16d89d07812b1a51d7629d57f784a655c8dbffb4fd,"{""d"":9,""p"":0.0003039195382313198,""r"":36}",
     15360,        77,         0,    4.40,chromobius,d82822e192282bef9c5d5da24a3ea285774c27c6a564dbf43a075eae1f3af8d8,"{""d"":9,""p"":0.0009236708571873865,""r"":36}",
   1746944,        55,         0,   119.8,chromobius,5b1c3e45f62beb7d57027883f0b81ab3bddf3446a083a1d10041dd63d27474e5,"{""d"":9,""p"":0.000221221629107045,""r"":36}",
     21504,        96,         0,    6.22,chromobius,d82822e192282bef9c5d5da24a3ea285774c27c6a564dbf43a075eae1f3af8d8,"{""d"":9,""p"":0.0009236708571873865,""r"":36}",
   2688000,        23,         0,   119.7,chromobius,5c45b5abcee7e5038ad5b17d284b6490f77a86807990ec195edfaad890b9632f,"{""d"":9,""p"":0.00013738237958832623,""r"":36}",
    352256,       892,         0,    88.2,chromobius,7cf958c662b6f42a4ad25e9c6d2218e98c2e818aebfabff124030c7480396835,"{""d"":9,""p"":0.0007880462815669912,""r"":36}",
   1111040,       182,         0,   119.9,chromobius,c01a6a6f1f9520f132c076f04a2dafd9529157046af845a974410f5377208dd7,"{""d"":9,""p"":0.0003562247890262444,""r"":36}",
     30720,       147,         0,    8.45,chromobius,d82822e192282bef9c5d5da24a3ea285774c27c6a564dbf43a075eae1f3af8d8,"{""d"":9,""p"":0.0009236708571873865,""r"":36}",
   2306048,        31,         0,   119.7,chromobius,30e4bb9352da2fa0928f2aa0fa8e2a0e37ad769b21be523c6f21c0fc81038695,"{""d"":9,""p"":0.00016102620275609394,""r"":36}",
     41984,       182,         0,    11.9,chromobius,d82822e192282bef9c5d5da24a3ea285774c27c6a564dbf43a075eae1f3af8d8,"{""d"":9,""p"":0.0009236708571873865,""r"":36}",
   1458176,        66,         0,   119.9,chromobius,f05b9f7826c1727b73b7e4b58103906331fb1df4f11bc04e52a8abcaaa0e1518,"{""d"":9,""p"":0.0002592943797404667,""r"":36}",
   2045952,        37,         0,   119.8,chromobius,6fd182fa8beb755f3a574c046d14e0a19a388fa3a293d7f3f6d47c26564fe8f3,"{""d"":9,""p"":0.00018873918221350977,""r"":36}",
     58368,       315,         0,    16.5,chromobius,d82822e192282bef9c5d5da24a3ea285774c27c6a564dbf43a075eae1f3af8d8,"{""d"":9,""p"":0.0009236708571873865,""r"":36}",
    953344,       206,         0,   120.0,chromobius,83710c41f8e80c89329c11479ba2d8c1fa9567f42b7bfe4a289d71c01c8fdca9,"{""d"":9,""p"":0.00041753189365604,""r"":36}",
    773120,       337,         0,   120.0,chromobius,3990a642cba2445480e64b801a351ebaa19711aebd3bac9df969bf34f87d2e48,"{""d"":9,""p"":0.0004893900918477494,""r"":36}",
     79872,       353,         0,    23.1,chromobius,d82822e192282bef9c5d5da24a3ea285774c27c6a564dbf43a075eae1f3af8d8,"{""d"":9,""p"":0.0009236708571873865,""r"":36}",
    573440,       785,         0,   120.0,chromobius,3790b5e28193f2dc13c92a2d65ff0824dec205e12f05e9c62198bd7547e8b84a,"{""d"":9,""p"":0.0006723357536499335,""r"":36}",
    113664,       552,         0,    32.3,chromobius,d82822e192282bef9c5d5da24a3ea285774c27c6a564dbf43a075eae1f3af8d8,"{""d"":9,""p"":0.0009236708571873865,""r"":36}",
   1274880,        96,         0,   119.9,chromobius,7c0a31ab969d9033ff323c16d89d07812b1a51d7629d57f784a655c8dbffb4fd,"{""d"":9,""p"":0.0003039195382313198,""r"":36}",
   1777664,        54,         0,   119.8,chromobius,5b1c3e45f62beb7d57027883f0b81ab3bddf3446a083a1d10041dd63d27474e5,"{""d"":9,""p"":0.000221221629107045,""r"":36}",
   2641920,        21,         0,   119.7,chromobius,5c45b5abcee7e5038ad5b17d284b6490f77a86807990ec195edfaad890b9632f,"{""d"":9,""p"":0.00013738237958832623,""r"":36}",
    461824,      1143,         0,   120.2,chromobius,7cf958c662b6f42a4ad25e9c6d2218e98c2e818aebfabff124030c7480396835,"{""d"":9,""p"":0.0007880462815669912,""r"":36}",
   1059840,       158,         0,   119.9,chromobius,c01a6a6f1f9520f132c076f04a2dafd9529157046af845a974410f5377208dd7,"{""d"":9,""p"":0.0003562247890262444,""r"":36}",
   2348032,        20,         0,   119.7,chromobius,30e4bb9352da2fa0928f2aa0fa8e2a0e37ad769b21be523c6f21c0fc81038695,"{""d"":9,""p"":0.00016102620275609394,""r"":36}",
    160768,       742,         0,    45.2,chromobius,d82822e192282bef9c5d5da24a3ea285774c27c6a564dbf43a075eae1f3af8d8,"{""d"":9,""p"":0.0009236708571873865,""r"":36}",
   1426432,        66,         0,   119.8,chromobius,f05b9f7826c1727b73b7e4b58103906331fb1df4f11bc04e52a8abcaaa0e1518,"{""d"":9,""p"":0.0002592943797404667,""r"":36}",
   2018304,        34,         0,   119.8,chromobius,6fd182fa8beb755f3a574c046d14e0a19a388fa3a293d7f3f6d47c26564fe8f3,"{""d"":9,""p"":0.00018873918221350977,""r"":36}",
    953344,       271,         0,   119.9,chromobius,83710c41f8e80c89329c11479ba2d8c1fa9567f42b7bfe4a289d71c01c8fdca9,"{""d"":9,""p"":0.00041753189365604,""r"":36}",
    750592,       355,         0,   120.0,chromobius,3990a642cba2445480e64b801a351ebaa19711aebd3bac9df969bf34f87d2e48,"{""d"":9,""p"":0.0004893900918477494,""r"":36}",
    230400,      1067,         0,    63.0,chromobius,d82822e192282bef9c5d5da24a3ea285774c27c6a564dbf43a075eae1f3af8d8,"{""d"":9,""p"":0.0009236708571873865,""r"":36}",
    593920,       834,         0,   119.9,chromobius,3790b5e28193f2dc13c92a2d65ff0824dec205e12f05e9c62198bd7547e8b84a,"{""d"":9,""p"":0.0006723357536499335,""r"":36}",
    310272,       810,         0,    79.6,chromobius,7cf958c662b6f42a4ad25e9c6d2218e98c2e818aebfabff124030c7480396835,"{""d"":9,""p"":0.0007880462815669912,""r"":36}",
       273,         2,         0,   0.095,chromobius,1de2e7cdf1a1d6058a440a7db3edd37095360ac6225edc34fc1c28a49b6f43eb,"{""d"":9,""p"":0.001082636733874054,""r"":36}",
      1024,        12,         0,   0.344,chromobius,1de2e7cdf1a1d6058a440a7db3edd37095360ac6225edc34fc1c28a49b6f43eb,"{""d"":9,""p"":0.001082636733874054,""r"":36}",
      1024,        13,         0,   0.359,chromobius,1de2e7cdf1a1d6058a440a7db3edd37095360ac6225edc34fc1c28a49b6f43eb,"{""d"":9,""p"":0.001082636733874054,""r"":36}",
      1024,         4,         0,   0.344,chromobius,1de2e7cdf1a1d6058a440a7db3edd37095360ac6225edc34fc1c28a49b6f43eb,"{""d"":9,""p"":0.001082636733874054,""r"":36}",
      1024,         9,         0,   0.348,chromobius,1de2e7cdf1a1d6058a440a7db3edd37095360ac6225edc34fc1c28a49b6f43eb,"{""d"":9,""p"":0.001082636733874054,""r"":36}",
      1024,        10,         0,   0.355,chromobius,1de2e7cdf1a1d6058a440a7db3edd37095360ac6225edc34fc1c28a49b6f43eb,"{""d"":9,""p"":0.001082636733874054,""r"":36}",
      1024,         3,         0,   0.340,chromobius,1de2e7cdf1a1d6058a440a7db3edd37095360ac6225edc34fc1c28a49b6f43eb,"{""d"":9,""p"":0.001082636733874054,""r"":36}",
      1024,         8,         0,   0.351,chromobius,1de2e7cdf1a1d6058a440a7db3edd37095360ac6225edc34fc1c28a49b6f43eb,"{""d"":9,""p"":0.001082636733874054,""r"":36}",
      1024,         6,         0,   0.370,chromobius,1de2e7cdf1a1d6058a440a7db3edd37095360ac6225edc34fc1c28a49b6f43eb,"{""d"":9,""p"":0.001082636733874054,""r"":36}",
      1024,         9,         0,   0.349,chromobius,1de2e7cdf1a1d6058a440a7db3edd37095360ac6225edc34fc1c28a49b6f43eb,"{""d"":9,""p"":0.001082636733874054,""r"":36}",
      1024,         9,         0,   0.346,chromobius,1de2e7cdf1a1d6058a440a7db3edd37095360ac6225edc34fc1c28a49b6f43eb,"{""d"":9,""p"":0.001082636733874054,""r"":36}",
      2048,        15,         0,   0.698,chromobius,1de2e7cdf1a1d6058a440a7db3edd37095360ac6225edc34fc1c28a49b6f43eb,"{""d"":9,""p"":0.001082636733874054,""r"":36}",
      2048,        16,         0,   0.693,chromobius,1de2e7cdf1a1d6058a440a7db3edd37095360ac6225edc34fc1c28a49b6f43eb,"{""d"":9,""p"":0.001082636733874054,""r"":36}",
      3072,        32,         0,    1.06,chromobius,1de2e7cdf1a1d6058a440a7db3edd37095360ac6225edc34fc1c28a49b6f43eb,"{""d"":9,""p"":0.001082636733874054,""r"":36}",
      4096,        37,         0,    1.38,chromobius,1de2e7cdf1a1d6058a440a7db3edd37095360ac6225edc34fc1c28a49b6f43eb,"{""d"":9,""p"":0.001082636733874054,""r"":36}",
      5120,        44,         0,    1.76,chromobius,1de2e7cdf1a1d6058a440a7db3edd37095360ac6225edc34fc1c28a49b6f43eb,"{""d"":9,""p"":0.001082636733874054,""r"":36}",
      7168,        63,         0,    2.42,chromobius,1de2e7cdf1a1d6058a440a7db3edd37095360ac6225edc34fc1c28a49b6f43eb,"{""d"":9,""p"":0.001082636733874054,""r"":36}",
      9216,        64,         0,    3.16,chromobius,1de2e7cdf1a1d6058a440a7db3edd37095360ac6225edc34fc1c28a49b6f43eb,"{""d"":9,""p"":0.001082636733874054,""r"":36}",
     13312,       104,         0,    4.54,chromobius,1de2e7cdf1a1d6058a440a7db3edd37095360ac6225edc34fc1c28a49b6f43eb,"{""d"":9,""p"":0.001082636733874054,""r"":36}",
   1289216,       110,         0,   119.8,chromobius,7c0a31ab969d9033ff323c16d89d07812b1a51d7629d57f784a655c8dbffb4fd,"{""d"":9,""p"":0.0003039195382313198,""r"":36}",
     18432,       164,         0,    6.20,chromobius,1de2e7cdf1a1d6058a440a7db3edd37095360ac6225edc34fc1c28a49b6f43eb,"{""d"":9,""p"":0.001082636733874054,""r"":36}",
   1714176,        62,         0,   119.8,chromobius,5b1c3e45f62beb7d57027883f0b81ab3bddf3446a083a1d10041dd63d27474e5,"{""d"":9,""p"":0.000221221629107045,""r"":36}",
     24576,       211,         0,    8.44,chromobius,1de2e7cdf1a1d6058a440a7db3edd37095360ac6225edc34fc1c28a49b6f43eb,"{""d"":9,""p"":0.001082636733874054,""r"":36}",
   2633728,        13,         0,   119.6,chromobius,5c45b5abcee7e5038ad5b17d284b6490f77a86807990ec195edfaad890b9632f,"{""d"":9,""p"":0.00013738237958832623,""r"":36}",
   1081344,       151,         0,   119.9,chromobius,c01a6a6f1f9520f132c076f04a2dafd9529157046af845a974410f5377208dd7,"{""d"":9,""p"":0.0003562247890262444,""r"":36}",
   2374656,        22,         0,   119.7,chromobius,30e4bb9352da2fa0928f2aa0fa8e2a0e37ad769b21be523c6f21c0fc81038695,"{""d"":9,""p"":0.00016102620275609394,""r"":36}",
     34816,       308,         0,    11.9,chromobius,1de2e7cdf1a1d6058a440a7db3edd37095360ac6225edc34fc1c28a49b6f43eb,"{""d"":9,""p"":0.001082636733874054,""r"":36}",
   1436672,        68,         0,   119.9,chromobius,f05b9f7826c1727b73b7e4b58103906331fb1df4f11bc04e52a8abcaaa0e1518,"{""d"":9,""p"":0.0002592943797404667,""r"":36}",
   1982464,        34,         0,   119.8,chromobius,6fd182fa8beb755f3a574c046d14e0a19a388fa3a293d7f3f6d47c26564fe8f3,"{""d"":9,""p"":0.00018873918221350977,""r"":36}",
     50176,       398,         0,    16.6,chromobius,1de2e7cdf1a1d6058a440a7db3edd37095360ac6225edc34fc1c28a49b6f43eb,"{""d"":9,""p"":0.001082636733874054,""r"":36}",
    258048,      1244,         0,    72.5,chromobius,d82822e192282bef9c5d5da24a3ea285774c27c6a564dbf43a075eae1f3af8d8,"{""d"":9,""p"":0.0009236708571873865,""r"":36}",
       273,        11,         0,   0.119,chromobius,c9b9b60ac4c309d86fe0e230a71d37c7369a7a909efaa3e834cb3ecd696b9a25,"{""d"":9,""p"":0.0012689610031679222,""r"":36}",
      1024,        20,         0,   0.436,chromobius,c9b9b60ac4c309d86fe0e230a71d37c7369a7a909efaa3e834cb3ecd696b9a25,"{""d"":9,""p"":0.0012689610031679222,""r"":36}",
      1024,        18,         0,   0.438,chromobius,c9b9b60ac4c309d86fe0e230a71d37c7369a7a909efaa3e834cb3ecd696b9a25,"{""d"":9,""p"":0.0012689610031679222,""r"":36}",
      1024,        19,         0,   0.417,chromobius,c9b9b60ac4c309d86fe0e230a71d37c7369a7a909efaa3e834cb3ecd696b9a25,"{""d"":9,""p"":0.0012689610031679222,""r"":36}",
      1024,        14,         0,   0.439,chromobius,c9b9b60ac4c309d86fe0e230a71d37c7369a7a909efaa3e834cb3ecd696b9a25,"{""d"":9,""p"":0.0012689610031679222,""r"":36}",
      1024,        19,         0,   0.439,chromobius,c9b9b60ac4c309d86fe0e230a71d37c7369a7a909efaa3e834cb3ecd696b9a25,"{""d"":9,""p"":0.0012689610031679222,""r"":36}",
      1024,        13,         0,   0.429,chromobius,c9b9b60ac4c309d86fe0e230a71d37c7369a7a909efaa3e834cb3ecd696b9a25,"{""d"":9,""p"":0.0012689610031679222,""r"":36}",
      1024,        22,         0,   0.432,chromobius,c9b9b60ac4c309d86fe0e230a71d37c7369a7a909efaa3e834cb3ecd696b9a25,"{""d"":9,""p"":0.0012689610031679222,""r"":36}",
      1024,        20,         0,   0.452,chromobius,c9b9b60ac4c309d86fe0e230a71d37c7369a7a909efaa3e834cb3ecd696b9a25,"{""d"":9,""p"":0.0012689610031679222,""r"":36}",
    650240,       284,         0,   103.7,chromobius,3990a642cba2445480e64b801a351ebaa19711aebd3bac9df969bf34f87d2e48,"{""d"":9,""p"":0.0004893900918477494,""r"":36}",
      1024,        16,         0,   0.422,chromobius,c9b9b60ac4c309d86fe0e230a71d37c7369a7a909efaa3e834cb3ecd696b9a25,"{""d"":9,""p"":0.0012689610031679222,""r"":36}",
        17,         1,         0,   0.012,chromobius,dbf1077bc7db90cf0130e8788cfbb1c87f9522a4bedac91c7b664ac570c6b710,"{""d"":9,""p"":0.0014873521072935117,""r"":36}",
       256,         5,         0,   0.136,chromobius,dbf1077bc7db90cf0130e8788cfbb1c87f9522a4bedac91c7b664ac570c6b710,"{""d"":9,""p"":0.0014873521072935117,""r"":36}",
      1024,        16,         0,   0.441,chromobius,c9b9b60ac4c309d86fe0e230a71d37c7369a7a909efaa3e834cb3ecd696b9a25,"{""d"":9,""p"":0.0012689610031679222,""r"":36}",
      1024,        33,         0,   0.534,chromobius,dbf1077bc7db90cf0130e8788cfbb1c87f9522a4bedac91c7b664ac570c6b710,"{""d"":9,""p"":0.0014873521072935117,""r"":36}",
      1024,        16,         0,   0.447,chromobius,c9b9b60ac4c309d86fe0e230a71d37c7369a7a909efaa3e834cb3ecd696b9a25,"{""d"":9,""p"":0.0012689610031679222,""r"":36}",
      1024,        27,         0,   0.524,chromobius,dbf1077bc7db90cf0130e8788cfbb1c87f9522a4bedac91c7b664ac570c6b710,"{""d"":9,""p"":0.0014873521072935117,""r"":36}",
      2048,        37,         0,   0.894,chromobius,c9b9b60ac4c309d86fe0e230a71d37c7369a7a909efaa3e834cb3ecd696b9a25,"{""d"":9,""p"":0.0012689610031679222,""r"":36}",
      1024,        29,         0,   0.526,chromobius,dbf1077bc7db90cf0130e8788cfbb1c87f9522a4bedac91c7b664ac570c6b710,"{""d"":9,""p"":0.0014873521072935117,""r"":36}",
      1024,        29,         0,   0.513,chromobius,dbf1077bc7db90cf0130e8788cfbb1c87f9522a4bedac91c7b664ac570c6b710,"{""d"":9,""p"":0.0014873521072935117,""r"":36}",
      2048,        42,         0,   0.841,chromobius,c9b9b60ac4c309d86fe0e230a71d37c7369a7a909efaa3e834cb3ecd696b9a25,"{""d"":9,""p"":0.0012689610031679222,""r"":36}",
      1024,        37,         0,   0.499,chromobius,dbf1077bc7db90cf0130e8788cfbb1c87f9522a4bedac91c7b664ac570c6b710,"{""d"":9,""p"":0.0014873521072935117,""r"":36}",
    932864,       254,         0,   120.0,chromobius,83710c41f8e80c89329c11479ba2d8c1fa9567f42b7bfe4a289d71c01c8fdca9,"{""d"":9,""p"":0.00041753189365604,""r"":36}",
      1024,        30,         0,   0.498,chromobius,dbf1077bc7db90cf0130e8788cfbb1c87f9522a4bedac91c7b664ac570c6b710,"{""d"":9,""p"":0.0014873521072935117,""r"":36}",
      3072,        56,         0,    1.32,chromobius,c9b9b60ac4c309d86fe0e230a71d37c7369a7a909efaa3e834cb3ecd696b9a25,"{""d"":9,""p"":0.0012689610031679222,""r"":36}",
      1024,        24,         0,   0.544,chromobius,dbf1077bc7db90cf0130e8788cfbb1c87f9522a4bedac91c7b664ac570c6b710,"{""d"":9,""p"":0.0014873521072935117,""r"":36}",
    755567,         5,         0,    34.6,chromobius,5c45b5abcee7e5038ad5b17d284b6490f77a86807990ec195edfaad890b9632f,"{""d"":9,""p"":0.00013738237958832623,""r"":36}",
        17,         0,         0,   0.011,chromobius,89ab9ef3c8699815aedb0bfe70398bc29f2c4b91083a345b16029e4825e605ab,"{""d"":9,""p"":0.0017433288221999873,""r"":36}",
      1024,        35,         0,   0.511,chromobius,dbf1077bc7db90cf0130e8788cfbb1c87f9522a4bedac91c7b664ac570c6b710,"{""d"":9,""p"":0.0014873521072935117,""r"":36}",
       256,        10,         0,   0.161,chromobius,89ab9ef3c8699815aedb0bfe70398bc29f2c4b91083a345b16029e4825e605ab,"{""d"":9,""p"":0.0017433288221999873,""r"":36}",
       512,        19,         0,   0.300,chromobius,89ab9ef3c8699815aedb0bfe70398bc29f2c4b91083a345b16029e4825e605ab,"{""d"":9,""p"":0.0017433288221999873,""r"":36}",
      1024,        38,         0,   0.510,chromobius,dbf1077bc7db90cf0130e8788cfbb1c87f9522a4bedac91c7b664ac570c6b710,"{""d"":9,""p"":0.0014873521072935117,""r"":36}",
       512,        30,         0,   0.310,chromobius,89ab9ef3c8699815aedb0bfe70398bc29f2c4b91083a345b16029e4825e605ab,"{""d"":9,""p"":0.0017433288221999873,""r"":36}",
      1024,        33,         0,   0.494,chromobius,dbf1077bc7db90cf0130e8788cfbb1c87f9522a4bedac91c7b664ac570c6b710,"{""d"":9,""p"":0.0014873521072935117,""r"":36}",
       512,        26,         0,   0.314,chromobius,89ab9ef3c8699815aedb0bfe70398bc29f2c4b91083a345b16029e4825e605ab,"{""d"":9,""p"":0.0017433288221999873,""r"":36}",
      4096,        42,         0,    1.66,chromobius,c9b9b60ac4c309d86fe0e230a71d37c7369a7a909efaa3e834cb3ecd696b9a25,"{""d"":9,""p"":0.0012689610031679222,""r"":36}",
       512,        23,         0,   0.318,chromobius,89ab9ef3c8699815aedb0bfe70398bc29f2c4b91083a345b16029e4825e605ab,"{""d"":9,""p"":0.0017433288221999873,""r"":36}",
       512,        36,         0,   0.326,chromobius,89ab9ef3c8699815aedb0bfe70398bc29f2c4b91083a345b16029e4825e605ab,"{""d"":9,""p"":0.0017433288221999873,""r"":36}",
       512,        29,         0,   0.303,chromobius,89ab9ef3c8699815aedb0bfe70398bc29f2c4b91083a345b16029e4825e605ab,"{""d"":9,""p"":0.0017433288221999873,""r"":36}",
      2048,        69,         0,    1.03,chromobius,dbf1077bc7db90cf0130e8788cfbb1c87f9522a4bedac91c7b664ac570c6b710,"{""d"":9,""p"":0.0014873521072935117,""r"":36}",
       512,        26,         0,   0.301,chromobius,89ab9ef3c8699815aedb0bfe70398bc29f2c4b91083a345b16029e4825e605ab,"{""d"":9,""p"":0.0017433288221999873,""r"":36}",
       512,        26,         0,   0.310,chromobius,89ab9ef3c8699815aedb0bfe70398bc29f2c4b91083a345b16029e4825e605ab,"{""d"":9,""p"":0.0017433288221999873,""r"":36}",
       512,        23,         0,   0.324,chromobius,89ab9ef3c8699815aedb0bfe70398bc29f2c4b91083a345b16029e4825e605ab,"{""d"":9,""p"":0.0017433288221999873,""r"":36}",
      2048,        58,         0,    1.02,chromobius,dbf1077bc7db90cf0130e8788cfbb1c87f9522a4bedac91c7b664ac570c6b710,"{""d"":9,""p"":0.0014873521072935117,""r"":36}",
      1024,        50,         0,   0.642,chromobius,89ab9ef3c8699815aedb0bfe70398bc29f2c4b91083a345b16029e4825e605ab,"{""d"":9,""p"":0.0017433288221999873,""r"":36}",
      6144,       100,         0,    2.51,chromobius,c9b9b60ac4c309d86fe0e230a71d37c7369a7a909efaa3e834cb3ecd696b9a25,"{""d"":9,""p"":0.0012689610031679222,""r"":36}",
      1536,        92,         0,   0.948,chromobius,89ab9ef3c8699815aedb0bfe70398bc29f2c4b91083a345b16029e4825e605ab,"{""d"":9,""p"":0.0017433288221999873,""r"":36}",
      3072,        89,         0,    1.54,chromobius,dbf1077bc7db90cf0130e8788cfbb1c87f9522a4bedac91c7b664ac570c6b710,"{""d"":9,""p"":0.0014873521072935117,""r"":36}",
      2048,       100,         0,    1.22,chromobius,89ab9ef3c8699815aedb0bfe70398bc29f2c4b91083a345b16029e4825e605ab,"{""d"":9,""p"":0.0017433288221999873,""r"":36}",
      3072,        95,         0,    1.58,chromobius,dbf1077bc7db90cf0130e8788cfbb1c87f9522a4bedac91c7b664ac570c6b710,"{""d"":9,""p"":0.0014873521072935117,""r"":36}",
      8192,       129,         0,    3.30,chromobius,c9b9b60ac4c309d86fe0e230a71d37c7369a7a909efaa3e834cb3ecd696b9a25,"{""d"":9,""p"":0.0012689610031679222,""r"":36}",
      2048,       109,         0,    1.27,chromobius,89ab9ef3c8699815aedb0bfe70398bc29f2c4b91083a345b16029e4825e605ab,"{""d"":9,""p"":0.0017433288221999873,""r"":36}",
      5120,       141,         0,    2.63,chromobius,dbf1077bc7db90cf0130e8788cfbb1c87f9522a4bedac91c7b664ac570c6b710,"{""d"":9,""p"":0.0014873521072935117,""r"":36}",
      3072,       138,         0,    1.83,chromobius,89ab9ef3c8699815aedb0bfe70398bc29f2c4b91083a345b16029e4825e605ab,"{""d"":9,""p"":0.0017433288221999873,""r"":36}",
     70656,       570,         0,    23.0,chromobius,1de2e7cdf1a1d6058a440a7db3edd37095360ac6225edc34fc1c28a49b6f43eb,"{""d"":9,""p"":0.001082636733874054,""r"":36}",
      4096,       234,         0,    2.51,chromobius,89ab9ef3c8699815aedb0bfe70398bc29f2c4b91083a345b16029e4825e605ab,"{""d"":9,""p"":0.0017433288221999873,""r"":36}",
     11264,       179,         0,    4.54,chromobius,c9b9b60ac4c309d86fe0e230a71d37c7369a7a909efaa3e834cb3ecd696b9a25,"{""d"":9,""p"":0.0012689610031679222,""r"":36}",
      6144,       160,         0,    3.09,chromobius,dbf1077bc7db90cf0130e8788cfbb1c87f9522a4bedac91c7b664ac570c6b710,"{""d"":9,""p"":0.0014873521072935117,""r"":36}",
      5120,       281,         0,    3.21,chromobius,89ab9ef3c8699815aedb0bfe70398bc29f2c4b91083a345b16029e4825e605ab,"{""d"":9,""p"":0.0017433288221999873,""r"":36}",
      9216,       281,         0,    4.69,chromobius,dbf1077bc7db90cf0130e8788cfbb1c87f9522a4bedac91c7b664ac570c6b710,"{""d"":9,""p"":0.0014873521072935117,""r"":36}",
     15360,       234,         0,    6.22,chromobius,c9b9b60ac4c309d86fe0e230a71d37c7369a7a909efaa3e834cb3ecd696b9a25,"{""d"":9,""p"":0.0012689610031679222,""r"":36}",
      7168,       375,         0,    4.40,chromobius,89ab9ef3c8699815aedb0bfe70398bc29f2c4b91083a345b16029e4825e605ab,"{""d"":9,""p"":0.0017433288221999873,""r"":36}",
     12288,       370,         0,    6.22,chromobius,dbf1077bc7db90cf0130e8788cfbb1c87f9522a4bedac91c7b664ac570c6b710,"{""d"":9,""p"":0.0014873521072935117,""r"":36}",
     10240,       519,         0,    6.24,chromobius,89ab9ef3c8699815aedb0bfe70398bc29f2c4b91083a345b16029e4825e605ab,"{""d"":9,""p"":0.0017433288221999873,""r"":36}",
     21504,       341,         0,    8.69,chromobius,c9b9b60ac4c309d86fe0e230a71d37c7369a7a909efaa3e834cb3ecd696b9a25,"{""d"":9,""p"":0.0012689610031679222,""r"":36}",
     17408,       485,         0,    8.74,chromobius,dbf1077bc7db90cf0130e8788cfbb1c87f9522a4bedac91c7b664ac570c6b710,"{""d"":9,""p"":0.0014873521072935117,""r"":36}",
     14336,       781,         0,    8.42,chromobius,89ab9ef3c8699815aedb0bfe70398bc29f2c4b91083a345b16029e4825e605ab,"{""d"":9,""p"":0.0017433288221999873,""r"":36}",
     29696,       461,         0,    12.0,chromobius,c9b9b60ac4c309d86fe0e230a71d37c7369a7a909efaa3e834cb3ecd696b9a25,"{""d"":9,""p"":0.0012689610031679222,""r"":36}",
    574464,       838,         0,   119.9,chromobius,3790b5e28193f2dc13c92a2d65ff0824dec205e12f05e9c62198bd7547e8b84a,"{""d"":9,""p"":0.0006723357536499335,""r"":36}",
     23552,       695,         0,    11.7,chromobius,dbf1077bc7db90cf0130e8788cfbb1c87f9522a4bedac91c7b664ac570c6b710,"{""d"":9,""p"":0.0014873521072935117,""r"":36}",
     98304,       855,         0,    32.4,chromobius,1de2e7cdf1a1d6058a440a7db3edd37095360ac6225edc34fc1c28a49b6f43eb,"{""d"":9,""p"":0.001082636733874054,""r"":36}",
     20480,      1102,         0,    11.8,chromobius,89ab9ef3c8699815aedb0bfe70398bc29f2c4b91083a345b16029e4825e605ab,"{""d"":9,""p"":0.0017433288221999873,""r"":36}",
     40960,       630,         0,    16.8,chromobius,c9b9b60ac4c309d86fe0e230a71d37c7369a7a909efaa3e834cb3ecd696b9a25,"{""d"":9,""p"":0.0012689610031679222,""r"":36}",
     19456,      1010,         0,    11.2,chromobius,89ab9ef3c8699815aedb0bfe70398bc29f2c4b91083a345b16029e4825e605ab,"{""d"":9,""p"":0.0017433288221999873,""r"":36}",
        17,         2,         0,   0.015,chromobius,5c603262c4f6a960118b7e1c392f78bb3967fca6b0038cfaf723b75ec0e61143,"{""d"":9,""p"":0.0020433597178569417,""r"":36}",
       256,        21,         0,   0.182,chromobius,5c603262c4f6a960118b7e1c392f78bb3967fca6b0038cfaf723b75ec0e61143,"{""d"":9,""p"":0.0020433597178569417,""r"":36}",
       512,        47,         0,   0.356,chromobius,5c603262c4f6a960118b7e1c392f78bb3967fca6b0038cfaf723b75ec0e61143,"{""d"":9,""p"":0.0020433597178569417,""r"":36}",
       512,        41,         0,   0.380,chromobius,5c603262c4f6a960118b7e1c392f78bb3967fca6b0038cfaf723b75ec0e61143,"{""d"":9,""p"":0.0020433597178569417,""r"":36}",
       512,        48,         0,   0.361,chromobius,5c603262c4f6a960118b7e1c392f78bb3967fca6b0038cfaf723b75ec0e61143,"{""d"":9,""p"":0.0020433597178569417,""r"":36}",
       512,        53,         0,   0.370,chromobius,5c603262c4f6a960118b7e1c392f78bb3967fca6b0038cfaf723b75ec0e61143,"{""d"":9,""p"":0.0020433597178569417,""r"":36}",
       512,        50,         0,   0.388,chromobius,5c603262c4f6a960118b7e1c392f78bb3967fca6b0038cfaf723b75ec0e61143,"{""d"":9,""p"":0.0020433597178569417,""r"":36}",
       512,        53,         0,   0.403,chromobius,5c603262c4f6a960118b7e1c392f78bb3967fca6b0038cfaf723b75ec0e61143,"{""d"":9,""p"":0.0020433597178569417,""r"":36}",
       512,        52,         0,   0.379,chromobius,5c603262c4f6a960118b7e1c392f78bb3967fca6b0038cfaf723b75ec0e61143,"{""d"":9,""p"":0.0020433597178569417,""r"":36}",
     32768,       886,         0,    16.5,chromobius,dbf1077bc7db90cf0130e8788cfbb1c87f9522a4bedac91c7b664ac570c6b710,"{""d"":9,""p"":0.0014873521072935117,""r"":36}",
       512,        53,         0,   0.357,chromobius,5c603262c4f6a960118b7e1c392f78bb3967fca6b0038cfaf723b75ec0e61143,"{""d"":9,""p"":0.0020433597178569417,""r"":36}",
       512,        50,         0,   0.361,chromobius,5c603262c4f6a960118b7e1c392f78bb3967fca6b0038cfaf723b75ec0e61143,"{""d"":9,""p"":0.0020433597178569417,""r"":36}",
      1024,        95,         0,   0.756,chromobius,5c603262c4f6a960118b7e1c392f78bb3967fca6b0038cfaf723b75ec0e61143,"{""d"":9,""p"":0.0020433597178569417,""r"":36}",
      1024,       110,         0,   0.748,chromobius,5c603262c4f6a960118b7e1c392f78bb3967fca6b0038cfaf723b75ec0e61143,"{""d"":9,""p"":0.0020433597178569417,""r"":36}",
      1536,       164,         0,    1.12,chromobius,5c603262c4f6a960118b7e1c392f78bb3967fca6b0038cfaf723b75ec0e61143,"{""d"":9,""p"":0.0020433597178569417,""r"":36}",
      1536,       124,         0,    1.12,chromobius,5c603262c4f6a960118b7e1c392f78bb3967fca6b0038cfaf723b75ec0e61143,"{""d"":9,""p"":0.0020433597178569417,""r"":36}",
      2048,       193,         0,    1.56,chromobius,5c603262c4f6a960118b7e1c392f78bb3967fca6b0038cfaf723b75ec0e61143,"{""d"":9,""p"":0.0020433597178569417,""r"":36}",
      3072,       298,         0,    2.22,chromobius,5c603262c4f6a960118b7e1c392f78bb3967fca6b0038cfaf723b75ec0e61143,"{""d"":9,""p"":0.0020433597178569417,""r"":36}",
   1297408,       103,         0,   119.9,chromobius,7c0a31ab969d9033ff323c16d89d07812b1a51d7629d57f784a655c8dbffb4fd,"{""d"":9,""p"":0.0003039195382313198,""r"":36}",
      4608,       443,         0,    3.31,chromobius,5c603262c4f6a960118b7e1c392f78bb3967fca6b0038cfaf723b75ec0e61143,"{""d"":9,""p"":0.0020433597178569417,""r"":36}",
      6144,       613,         0,    4.45,chromobius,5c603262c4f6a960118b7e1c392f78bb3967fca6b0038cfaf723b75ec0e61143,"{""d"":9,""p"":0.0020433597178569417,""r"":36}",
   1735680,        49,         0,   119.8,chromobius,5b1c3e45f62beb7d57027883f0b81ab3bddf3446a083a1d10041dd63d27474e5,"{""d"":9,""p"":0.000221221629107045,""r"":36}",
     57344,       924,         0,    23.2,chromobius,c9b9b60ac4c309d86fe0e230a71d37c7369a7a909efaa3e834cb3ecd696b9a25,"{""d"":9,""p"":0.0012689610031679222,""r"":36}",
      8192,       732,         0,    5.99,chromobius,5c603262c4f6a960118b7e1c392f78bb3967fca6b0038cfaf723b75ec0e61143,"{""d"":9,""p"":0.0020433597178569417,""r"":36}",
     45056,      1351,         0,    22.2,chromobius,dbf1077bc7db90cf0130e8788cfbb1c87f9522a4bedac91c7b664ac570c6b710,"{""d"":9,""p"":0.0014873521072935117,""r"":36}",
        17,         2,         0,   0.017,chromobius,07661e05f751bec8c09562286fb3b98c9884326f9ea504898466cbc10024789f,"{""d"":9,""p"":0.002395026619987486,""r"":36}",
       256,        38,         0,   0.214,chromobius,07661e05f751bec8c09562286fb3b98c9884326f9ea504898466cbc10024789f,"{""d"":9,""p"":0.002395026619987486,""r"":36}",
       512,        72,         0,   0.446,chromobius,07661e05f751bec8c09562286fb3b98c9884326f9ea504898466cbc10024789f,"{""d"":9,""p"":0.002395026619987486,""r"":36}",
       512,        83,         0,   0.426,chromobius,07661e05f751bec8c09562286fb3b98c9884326f9ea504898466cbc10024789f,"{""d"":9,""p"":0.002395026619987486,""r"":36}",
       512,        86,         0,   0.437,chromobius,07661e05f751bec8c09562286fb3b98c9884326f9ea504898466cbc10024789f,"{""d"":9,""p"":0.002395026619987486,""r"":36}",
       512,        81,         0,   0.444,chromobius,07661e05f751bec8c09562286fb3b98c9884326f9ea504898466cbc10024789f,"{""d"":9,""p"":0.002395026619987486,""r"":36}",
       512,        84,         0,   0.429,chromobius,07661e05f751bec8c09562286fb3b98c9884326f9ea504898466cbc10024789f,"{""d"":9,""p"":0.002395026619987486,""r"":36}",
       512,        79,         0,   0.431,chromobius,07661e05f751bec8c09562286fb3b98c9884326f9ea504898466cbc10024789f,"{""d"":9,""p"":0.002395026619987486,""r"":36}",
       512,        83,         0,   0.426,chromobius,07661e05f751bec8c09562286fb3b98c9884326f9ea504898466cbc10024789f,"{""d"":9,""p"":0.002395026619987486,""r"":36}",
       512,        87,         0,   0.409,chromobius,07661e05f751bec8c09562286fb3b98c9884326f9ea504898466cbc10024789f,"{""d"":9,""p"":0.002395026619987486,""r"":36}",
       512,        81,         0,   0.454,chromobius,07661e05f751bec8c09562286fb3b98c9884326f9ea504898466cbc10024789f,"{""d"":9,""p"":0.002395026619987486,""r"":36}",
   1081344,       141,         0,   120.0,chromobius,c01a6a6f1f9520f132c076f04a2dafd9529157046af845a974410f5377208dd7,"{""d"":9,""p"":0.0003562247890262444,""r"":36}",
       512,        81,         0,   0.422,chromobius,07661e05f751bec8c09562286fb3b98c9884326f9ea504898466cbc10024789f,"{""d"":9,""p"":0.002395026619987486,""r"":36}",
      1024,       152,         0,   0.861,chromobius,07661e05f751bec8c09562286fb3b98c9884326f9ea504898466cbc10024789f,"{""d"":9,""p"":0.002395026619987486,""r"":36}",
    135168,      1060,         0,    45.0,chromobius,1de2e7cdf1a1d6058a440a7db3edd37095360ac6225edc34fc1c28a49b6f43eb,"{""d"":9,""p"":0.001082636733874054,""r"":36}",
      1024,       134,         0,   0.900,chromobius,07661e05f751bec8c09562286fb3b98c9884326f9ea504898466cbc10024789f,"{""d"":9,""p"":0.002395026619987486,""r"":36}",
   2340864,        33,         0,   119.7,chromobius,30e4bb9352da2fa0928f2aa0fa8e2a0e37ad769b21be523c6f21c0fc81038695,"{""d"":9,""p"":0.00016102620275609394,""r"":36}",
      1536,       282,         0,    1.30,chromobius,07661e05f751bec8c09562286fb3b98c9884326f9ea504898466cbc10024789f,"{""d"":9,""p"":0.002395026619987486,""r"":36}",
     11264,      1063,         0,    8.60,chromobius,5c603262c4f6a960118b7e1c392f78bb3967fca6b0038cfaf723b75ec0e61143,"{""d"":9,""p"":0.0020433597178569417,""r"":36}",
      2048,       319,         0,    1.77,chromobius,07661e05f751bec8c09562286fb3b98c9884326f9ea504898466cbc10024789f,"{""d"":9,""p"":0.002395026619987486,""r"":36}",
      2560,       390,         0,    2.21,chromobius,07661e05f751bec8c09562286fb3b98c9884326f9ea504898466cbc10024789f,"{""d"":9,""p"":0.002395026619987486,""r"":36}",
      7680,       706,         0,    5.75,chromobius,5c603262c4f6a960118b7e1c392f78bb3967fca6b0038cfaf723b75ec0e61143,"{""d"":9,""p"":0.0020433597178569417,""r"":36}",
        17,         4,         0,   0.019,chromobius,5ebeaa76fa71db8d46242108dca434e5a45f7b6dcf1abeacecf7b90d208c6432,"{""d"":9,""p"":0.0028072162039411755,""r"":36}",
       256,        67,         0,   0.273,chromobius,5ebeaa76fa71db8d46242108dca434e5a45f7b6dcf1abeacecf7b90d208c6432,"{""d"":9,""p"":0.0028072162039411755,""r"":36}",
      3584,       574,         0,    3.09,chromobius,07661e05f751bec8c09562286fb3b98c9884326f9ea504898466cbc10024789f,"{""d"":9,""p"":0.002395026619987486,""r"":36}",
       512,       140,         0,   0.553,chromobius,5ebeaa76fa71db8d46242108dca434e5a45f7b6dcf1abeacecf7b90d208c6432,"{""d"":9,""p"":0.0028072162039411755,""r"":36}",
       512,       120,         0,   0.531,chromobius,5ebeaa76fa71db8d46242108dca434e5a45f7b6dcf1abeacecf7b90d208c6432,"{""d"":9,""p"":0.0028072162039411755,""r"":36}",
       512,       133,         0,   0.542,chromobius,5ebeaa76fa71db8d46242108dca434e5a45f7b6dcf1abeacecf7b90d208c6432,"{""d"":9,""p"":0.0028072162039411755,""r"":36}",
       512,       133,         0,   0.539,chromobius,5ebeaa76fa71db8d46242108dca434e5a45f7b6dcf1abeacecf7b90d208c6432,"{""d"":9,""p"":0.0028072162039411755,""r"":36}",
       512,       127,         0,   0.533,chromobius,5ebeaa76fa71db8d46242108dca434e5a45f7b6dcf1abeacecf7b90d208c6432,"{""d"":9,""p"":0.0028072162039411755,""r"":36}",
   1443840,        73,         0,   119.9,chromobius,f05b9f7826c1727b73b7e4b58103906331fb1df4f11bc04e52a8abcaaa0e1518,"{""d"":9,""p"":0.0002592943797404667,""r"":36}",
       512,       126,         0,   0.536,chromobius,5ebeaa76fa71db8d46242108dca434e5a45f7b6dcf1abeacecf7b90d208c6432,"{""d"":9,""p"":0.0028072162039411755,""r"":36}",
       512,       110,         0,   0.531,chromobius,5ebeaa76fa71db8d46242108dca434e5a45f7b6dcf1abeacecf7b90d208c6432,"{""d"":9,""p"":0.0028072162039411755,""r"":36}",
       512,       138,         0,   0.534,chromobius,5ebeaa76fa71db8d46242108dca434e5a45f7b6dcf1abeacecf7b90d208c6432,"{""d"":9,""p"":0.0028072162039411755,""r"":36}",
      5120,       781,         0,    4.43,chromobius,07661e05f751bec8c09562286fb3b98c9884326f9ea504898466cbc10024789f,"{""d"":9,""p"":0.002395026619987486,""r"":36}",
       512,       111,         0,   0.527,chromobius,5ebeaa76fa71db8d46242108dca434e5a45f7b6dcf1abeacecf7b90d208c6432,"{""d"":9,""p"":0.0028072162039411755,""r"":36}",
       512,       129,         0,   0.556,chromobius,5ebeaa76fa71db8d46242108dca434e5a45f7b6dcf1abeacecf7b90d208c6432,"{""d"":9,""p"":0.0028072162039411755,""r"":36}",
       512,       125,         0,   0.578,chromobius,5ebeaa76fa71db8d46242108dca434e5a45f7b6dcf1abeacecf7b90d208c6432,"{""d"":9,""p"":0.0028072162039411755,""r"":36}",
      1024,       248,         0,    1.12,chromobius,5ebeaa76fa71db8d46242108dca434e5a45f7b6dcf1abeacecf7b90d208c6432,"{""d"":9,""p"":0.0028072162039411755,""r"":36}",
   2002944,        36,         0,   119.7,chromobius,6fd182fa8beb755f3a574c046d14e0a19a388fa3a293d7f3f6d47c26564fe8f3,"{""d"":9,""p"":0.00018873918221350977,""r"":36}",
      1536,       387,         0,    1.64,chromobius,5ebeaa76fa71db8d46242108dca434e5a45f7b6dcf1abeacecf7b90d208c6432,"{""d"":9,""p"":0.0028072162039411755,""r"":36}",
      1536,       338,         0,    1.61,chromobius,5ebeaa76fa71db8d46242108dca434e5a45f7b6dcf1abeacecf7b90d208c6432,"{""d"":9,""p"":0.0028072162039411755,""r"":36}",
      7168,      1118,         0,    6.25,chromobius,07661e05f751bec8c09562286fb3b98c9884326f9ea504898466cbc10024789f,"{""d"":9,""p"":0.002395026619987486,""r"":36}",
      2560,       618,         0,    2.70,chromobius,5ebeaa76fa71db8d46242108dca434e5a45f7b6dcf1abeacecf7b90d208c6432,"{""d"":9,""p"":0.0028072162039411755,""r"":36}",
      3072,       471,         0,    2.63,chromobius,07661e05f751bec8c09562286fb3b98c9884326f9ea504898466cbc10024789f,"{""d"":9,""p"":0.002395026619987486,""r"":36}",
        17,         6,         0,   0.023,chromobius,bd92d4b463d25960e4d554021628fd0f7f3cadbff8ada63a013d045f6764148b,"{""d"":9,""p"":0.0032903445623126675,""r"":36}",
       256,        87,         0,   0.332,chromobius,bd92d4b463d25960e4d554021628fd0f7f3cadbff8ada63a013d045f6764148b,"{""d"":9,""p"":0.0032903445623126675,""r"":36}",
     79872,      1303,         0,    32.5,chromobius,c9b9b60ac4c309d86fe0e230a71d37c7369a7a909efaa3e834cb3ecd696b9a25,"{""d"":9,""p"":0.0012689610031679222,""r"":36}",
       256,        85,         0,   0.336,chromobius,bd92d4b463d25960e4d554021628fd0f7f3cadbff8ada63a013d045f6764148b,"{""d"":9,""p"":0.0032903445623126675,""r"":36}",
       256,        92,         0,   0.331,chromobius,bd92d4b463d25960e4d554021628fd0f7f3cadbff8ada63a013d045f6764148b,"{""d"":9,""p"":0.0032903445623126675,""r"":36}",
       256,        95,         0,   0.332,chromobius,bd92d4b463d25960e4d554021628fd0f7f3cadbff8ada63a013d045f6764148b,"{""d"":9,""p"":0.0032903445623126675,""r"":36}",
       256,        92,         0,   0.334,chromobius,bd92d4b463d25960e4d554021628fd0f7f3cadbff8ada63a013d045f6764148b,"{""d"":9,""p"":0.0032903445623126675,""r"":36}",
       256,        92,         0,   0.329,chromobius,bd92d4b463d25960e4d554021628fd0f7f3cadbff8ada63a013d045f6764148b,"{""d"":9,""p"":0.0032903445623126675,""r"":36}",
       256,        78,         0,   0.326,chromobius,bd92d4b463d25960e4d554021628fd0f7f3cadbff8ada63a013d045f6764148b,"{""d"":9,""p"":0.0032903445623126675,""r"":36}",
      3072,       778,         0,    3.24,chromobius,5ebeaa76fa71db8d46242108dca434e5a45f7b6dcf1abeacecf7b90d208c6432,"{""d"":9,""p"":0.0028072162039411755,""r"":36}",
       256,        93,         0,   0.329,chromobius,bd92d4b463d25960e4d554021628fd0f7f3cadbff8ada63a013d045f6764148b,"{""d"":9,""p"":0.0032903445623126675,""r"":36}",
       256,        83,         0,   0.332,chromobius,bd92d4b463d25960e4d554021628fd0f7f3cadbff8ada63a013d045f6764148b,"{""d"":9,""p"":0.0032903445623126675,""r"":36}",
       256,        86,         0,   0.331,chromobius,bd92d4b463d25960e4d554021628fd0f7f3cadbff8ada63a013d045f6764148b,"{""d"":9,""p"":0.0032903445623126675,""r"":36}",
       512,       160,         0,   0.658,chromobius,bd92d4b463d25960e4d554021628fd0f7f3cadbff8ada63a013d045f6764148b,"{""d"":9,""p"":0.0032903445623126675,""r"":36}",
       512,       186,         0,   0.666,chromobius,bd92d4b463d25960e4d554021628fd0f7f3cadbff8ada63a013d045f6764148b,"{""d"":9,""p"":0.0032903445623126675,""r"":36}",
       768,       268,         0,    1.02,chromobius,bd92d4b463d25960e4d554021628fd0f7f3cadbff8ada63a013d045f6764148b,"{""d"":9,""p"":0.0032903445623126675,""r"":36}",
      4096,      1005,         0,    4.31,chromobius,5ebeaa76fa71db8d46242108dca434e5a45f7b6dcf1abeacecf7b90d208c6432,"{""d"":9,""p"":0.0028072162039411755,""r"":36}",
      1024,       375,         0,    1.34,chromobius,bd92d4b463d25960e4d554021628fd0f7f3cadbff8ada63a013d045f6764148b,"{""d"":9,""p"":0.0032903445623126675,""r"":36}",
      1024,       258,         0,    1.08,chromobius,5ebeaa76fa71db8d46242108dca434e5a45f7b6dcf1abeacecf7b90d208c6432,"{""d"":9,""p"":0.0028072162039411755,""r"":36}",
        17,        10,         0,   0.030,chromobius,15b1c924802eb312214a0db934c87e31297efe7e8989018b11963ff1ac56464d,"{""d"":9,""p"":0.0038566204211634724,""r"":36}",
    943104,       242,         0,   119.9,chromobius,83710c41f8e80c89329c11479ba2d8c1fa9567f42b7bfe4a289d71c01c8fdca9,"{""d"":9,""p"":0.00041753189365604,""r"":36}",
       256,       117,         0,   0.443,chromobius,15b1c924802eb312214a0db934c87e31297efe7e8989018b11963ff1ac56464d,"{""d"":9,""p"":0.0038566204211634724,""r"":36}",
      1280,       470,         0,    1.72,chromobius,bd92d4b463d25960e4d554021628fd0f7f3cadbff8ada63a013d045f6764148b,"{""d"":9,""p"":0.0032903445623126675,""r"":36}",
       256,       113,         0,   0.433,chromobius,15b1c924802eb312214a0db934c87e31297efe7e8989018b11963ff1ac56464d,"{""d"":9,""p"":0.0038566204211634724,""r"":36}",
     21504,       339,         0,    8.78,chromobius,c9b9b60ac4c309d86fe0e230a71d37c7369a7a909efaa3e834cb3ecd696b9a25,"{""d"":9,""p"":0.0012689610031679222,""r"":36}",
       256,       104,         0,   0.415,chromobius,15b1c924802eb312214a0db934c87e31297efe7e8989018b11963ff1ac56464d,"{""d"":9,""p"":0.0038566204211634724,""r"":36}",
        17,         8,         0,   0.035,chromobius,23213b603aa33a66e54306827ee6c2f4baa200dbb01f73695f3bd0d5ec9b0494,"{""d"":9,""p"":0.004520353656360241,""r"":36}",
    384000,       494,         0,    80.2,chromobius,3790b5e28193f2dc13c92a2d65ff0824dec205e12f05e9c62198bd7547e8b84a,"{""d"":9,""p"":0.0006723357536499335,""r"":36}",
       256,       108,         0,   0.433,chromobius,15b1c924802eb312214a0db934c87e31297efe7e8989018b11963ff1ac56464d,"{""d"":9,""p"":0.0038566204211634724,""r"":36}",
        17,         8,         0,   0.049,chromobius,cea36e8574838ba8a4f373b3ef6c5292accdc5708725278c917cd686eeb8a040,"{""d"":9,""p"":0.005298316906283708,""r"":36}",
       256,       112,         0,   0.499,chromobius,23213b603aa33a66e54306827ee6c2f4baa200dbb01f73695f3bd0d5ec9b0494,"{""d"":9,""p"":0.004520353656360241,""r"":36}",
       256,        97,         0,   0.427,chromobius,15b1c924802eb312214a0db934c87e31297efe7e8989018b11963ff1ac56464d,"{""d"":9,""p"":0.0038566204211634724,""r"":36}",
       128,        63,         0,   0.356,chromobius,cea36e8574838ba8a4f373b3ef6c5292accdc5708725278c917cd686eeb8a040,"{""d"":9,""p"":0.005298316906283708,""r"":36}",
       256,       116,         0,   0.509,chromobius,23213b603aa33a66e54306827ee6c2f4baa200dbb01f73695f3bd0d5ec9b0494,"{""d"":9,""p"":0.004520353656360241,""r"":36}",
       256,       117,         0,   0.432,chromobius,15b1c924802eb312214a0db934c87e31297efe7e8989018b11963ff1ac56464d,"{""d"":9,""p"":0.0038566204211634724,""r"":36}",
       128,        77,         0,   0.348,chromobius,cea36e8574838ba8a4f373b3ef6c5292accdc5708725278c917cd686eeb8a040,"{""d"":9,""p"":0.005298316906283708,""r"":36}",
       128,        62,         0,   0.357,chromobius,cea36e8574838ba8a4f373b3ef6c5292accdc5708725278c917cd686eeb8a040,"{""d"":9,""p"":0.005298316906283708,""r"":36}",
       256,       108,         0,   0.447,chromobius,15b1c924802eb312214a0db934c87e31297efe7e8989018b11963ff1ac56464d,"{""d"":9,""p"":0.0038566204211634724,""r"":36}",
      1792,       642,         0,    2.33,chromobius,bd92d4b463d25960e4d554021628fd0f7f3cadbff8ada63a013d045f6764148b,"{""d"":9,""p"":0.0032903445623126675,""r"":36}",
       256,       111,         0,   0.560,chromobius,23213b603aa33a66e54306827ee6c2f4baa200dbb01f73695f3bd0d5ec9b0494,"{""d"":9,""p"":0.004520353656360241,""r"":36}",
       128,        74,         0,   0.355,chromobius,cea36e8574838ba8a4f373b3ef6c5292accdc5708725278c917cd686eeb8a040,"{""d"":9,""p"":0.005298316906283708,""r"":36}",
       256,       121,         0,   0.422,chromobius,15b1c924802eb312214a0db934c87e31297efe7e8989018b11963ff1ac56464d,"{""d"":9,""p"":0.0038566204211634724,""r"":36}",
       256,       127,         0,   0.537,chromobius,23213b603aa33a66e54306827ee6c2f4baa200dbb01f73695f3bd0d5ec9b0494,"{""d"":9,""p"":0.004520353656360241,""r"":36}",
       128,        67,         0,   0.355,chromobius,cea36e8574838ba8a4f373b3ef6c5292accdc5708725278c917cd686eeb8a040,"{""d"":9,""p"":0.005298316906283708,""r"":36}",
       256,       109,         0,   0.443,chromobius,15b1c924802eb312214a0db934c87e31297efe7e8989018b11963ff1ac56464d,"{""d"":9,""p"":0.0038566204211634724,""r"":36}",
       128,        58,         0,   0.335,chromobius,cea36e8574838ba8a4f373b3ef6c5292accdc5708725278c917cd686eeb8a040,"{""d"":9,""p"":0.005298316906283708,""r"":36}",
       256,       132,         0,   0.528,chromobius,23213b603aa33a66e54306827ee6c2f4baa200dbb01f73695f3bd0d5ec9b0494,"{""d"":9,""p"":0.004520353656360241,""r"":36}",
       256,       115,         0,   0.448,chromobius,15b1c924802eb312214a0db934c87e31297efe7e8989018b11963ff1ac56464d,"{""d"":9,""p"":0.0038566204211634724,""r"":36}",
       128,        68,         0,   0.352,chromobius,cea36e8574838ba8a4f373b3ef6c5292accdc5708725278c917cd686eeb8a040,"{""d"":9,""p"":0.005298316906283708,""r"":36}",
       256,       119,         0,   0.536,chromobius,23213b603aa33a66e54306827ee6c2f4baa200dbb01f73695f3bd0d5ec9b0494,"{""d"":9,""p"":0.004520353656360241,""r"":36}",
       128,        62,         0,   0.329,chromobius,cea36e8574838ba8a4f373b3ef6c5292accdc5708725278c917cd686eeb8a040,"{""d"":9,""p"":0.005298316906283708,""r"":36}",
       256,       110,         0,   0.442,chromobius,15b1c924802eb312214a0db934c87e31297efe7e8989018b11963ff1ac56464d,"{""d"":9,""p"":0.0038566204211634724,""r"":36}",
       128,        62,         0,   0.332,chromobius,cea36e8574838ba8a4f373b3ef6c5292accdc5708725278c917cd686eeb8a040,"{""d"":9,""p"":0.005298316906283708,""r"":36}",
       256,       123,         0,   0.533,chromobius,23213b603aa33a66e54306827ee6c2f4baa200dbb01f73695f3bd0d5ec9b0494,"{""d"":9,""p"":0.004520353656360241,""r"":36}",
       128,        68,         0,   0.343,chromobius,cea36e8574838ba8a4f373b3ef6c5292accdc5708725278c917cd686eeb8a040,"{""d"":9,""p"":0.005298316906283708,""r"":36}",
       512,       234,         0,   0.878,chromobius,15b1c924802eb312214a0db934c87e31297efe7e8989018b11963ff1ac56464d,"{""d"":9,""p"":0.0038566204211634724,""r"":36}",
       256,       113,         0,   0.524,chromobius,23213b603aa33a66e54306827ee6c2f4baa200dbb01f73695f3bd0d5ec9b0494,"{""d"":9,""p"":0.004520353656360241,""r"":36}",
       256,       140,         0,   0.696,chromobius,cea36e8574838ba8a4f373b3ef6c5292accdc5708725278c917cd686eeb8a040,"{""d"":9,""p"":0.005298316906283708,""r"":36}",
       256,       116,         0,   0.527,chromobius,23213b603aa33a66e54306827ee6c2f4baa200dbb01f73695f3bd0d5ec9b0494,"{""d"":9,""p"":0.004520353656360241,""r"":36}",
      2560,       884,         0,    3.34,chromobius,bd92d4b463d25960e4d554021628fd0f7f3cadbff8ada63a013d045f6764148b,"{""d"":9,""p"":0.0032903445623126675,""r"":36}",
       512,       224,         0,   0.876,chromobius,15b1c924802eb312214a0db934c87e31297efe7e8989018b11963ff1ac56464d,"{""d"":9,""p"":0.0038566204211634724,""r"":36}",
       256,       133,         0,   0.686,chromobius,cea36e8574838ba8a4f373b3ef6c5292accdc5708725278c917cd686eeb8a040,"{""d"":9,""p"":0.005298316906283708,""r"":36}",
       256,       124,         0,   0.524,chromobius,23213b603aa33a66e54306827ee6c2f4baa200dbb01f73695f3bd0d5ec9b0494,"{""d"":9,""p"":0.004520353656360241,""r"":36}",
       256,       127,         0,   0.518,chromobius,23213b603aa33a66e54306827ee6c2f4baa200dbb01f73695f3bd0d5ec9b0494,"{""d"":9,""p"":0.004520353656360241,""r"":36}",
       384,       187,         0,    1.04,chromobius,cea36e8574838ba8a4f373b3ef6c5292accdc5708725278c917cd686eeb8a040,"{""d"":9,""p"":0.005298316906283708,""r"":36}",
       768,       324,         0,    1.29,chromobius,15b1c924802eb312214a0db934c87e31297efe7e8989018b11963ff1ac56464d,"{""d"":9,""p"":0.0038566204211634724,""r"":36}",
       512,       257,         0,    1.05,chromobius,23213b603aa33a66e54306827ee6c2f4baa200dbb01f73695f3bd0d5ec9b0494,"{""d"":9,""p"":0.004520353656360241,""r"":36}",
       512,       248,         0,    1.41,chromobius,cea36e8574838ba8a4f373b3ef6c5292accdc5708725278c917cd686eeb8a040,"{""d"":9,""p"":0.005298316906283708,""r"":36}",
       512,       252,         0,    1.03,chromobius,23213b603aa33a66e54306827ee6c2f4baa200dbb01f73695f3bd0d5ec9b0494,"{""d"":9,""p"":0.004520353656360241,""r"":36}",
      1024,       429,         0,    1.73,chromobius,15b1c924802eb312214a0db934c87e31297efe7e8989018b11963ff1ac56464d,"{""d"":9,""p"":0.0038566204211634724,""r"":36}",
    118784,       980,         0,    39.7,chromobius,1de2e7cdf1a1d6058a440a7db3edd37095360ac6225edc34fc1c28a49b6f43eb,"{""d"":9,""p"":0.001082636733874054,""r"":36}",
        17,         7,         0,   0.058,chromobius,30f3b8173a11d0201121285c5b09bf8fe8c9135ac48b0bc23933f451755b7b35,"{""d"":9,""p"":0.006210169418915616,""r"":36}",
       128,        71,         0,   0.432,chromobius,30f3b8173a11d0201121285c5b09bf8fe8c9135ac48b0bc23933f451755b7b35,"{""d"":9,""p"":0.006210169418915616,""r"":36}",
       128,        57,         0,   0.430,chromobius,30f3b8173a11d0201121285c5b09bf8fe8c9135ac48b0bc23933f451755b7b35,"{""d"":9,""p"":0.006210169418915616,""r"":36}",
      3328,      1147,         0,    4.39,chromobius,bd92d4b463d25960e4d554021628fd0f7f3cadbff8ada63a013d045f6764148b,"{""d"":9,""p"":0.0032903445623126675,""r"":36}",
       640,       316,         0,    1.71,chromobius,cea36e8574838ba8a4f373b3ef6c5292accdc5708725278c917cd686eeb8a040,"{""d"":9,""p"":0.005298316906283708,""r"":36}",
       768,       376,         0,    1.56,chromobius,23213b603aa33a66e54306827ee6c2f4baa200dbb01f73695f3bd0d5ec9b0494,"{""d"":9,""p"":0.004520353656360241,""r"":36}",
        17,         9,         0,   0.072,chromobius,b3f0312073a409bd51ec405a7482d87517765901accf9f946af6fae797b558b6,"{""d"":9,""p"":0.007278953843983146,""r"":36}",
       128,        69,         0,   0.427,chromobius,30f3b8173a11d0201121285c5b09bf8fe8c9135ac48b0bc23933f451755b7b35,"{""d"":9,""p"":0.006210169418915616,""r"":36}",
       128,        70,         0,   0.424,chromobius,30f3b8173a11d0201121285c5b09bf8fe8c9135ac48b0bc23933f451755b7b35,"{""d"":9,""p"":0.006210169418915616,""r"":36}",
       128,        60,         0,   0.543,chromobius,b3f0312073a409bd51ec405a7482d87517765901accf9f946af6fae797b558b6,"{""d"":9,""p"":0.007278953843983146,""r"":36}",
       128,        68,         0,   0.415,chromobius,30f3b8173a11d0201121285c5b09bf8fe8c9135ac48b0bc23933f451755b7b35,"{""d"":9,""p"":0.006210169418915616,""r"":36}",
      1536,       696,         0,    2.55,chromobius,15b1c924802eb312214a0db934c87e31297efe7e8989018b11963ff1ac56464d,"{""d"":9,""p"":0.0038566204211634724,""r"":36}",
       128,        65,         0,   0.510,chromobius,b3f0312073a409bd51ec405a7482d87517765901accf9f946af6fae797b558b6,"{""d"":9,""p"":0.007278953843983146,""r"":36}",
       128,        70,         0,   0.419,chromobius,30f3b8173a11d0201121285c5b09bf8fe8c9135ac48b0bc23933f451755b7b35,"{""d"":9,""p"":0.006210169418915616,""r"":36}",
       128,        68,         0,   0.576,chromobius,b3f0312073a409bd51ec405a7482d87517765901accf9f946af6fae797b558b6,"{""d"":9,""p"":0.007278953843983146,""r"":36}",
       128,        66,         0,   0.499,chromobius,30f3b8173a11d0201121285c5b09bf8fe8c9135ac48b0bc23933f451755b7b35,"{""d"":9,""p"":0.006210169418915616,""r"":36}",
      1024,       493,         0,    2.01,chromobius,23213b603aa33a66e54306827ee6c2f4baa200dbb01f73695f3bd0d5ec9b0494,"{""d"":9,""p"":0.004520353656360241,""r"":36}",
       128,        72,         0,   0.668,chromobius,b3f0312073a409bd51ec405a7482d87517765901accf9f946af6fae797b558b6,"{""d"":9,""p"":0.007278953843983146,""r"":36}",
       128,        60,         0,   0.535,chromobius,30f3b8173a11d0201121285c5b09bf8fe8c9135ac48b0bc23933f451755b7b35,"{""d"":9,""p"":0.006210169418915616,""r"":36}",
       896,       436,         0,    2.59,chromobius,cea36e8574838ba8a4f373b3ef6c5292accdc5708725278c917cd686eeb8a040,"{""d"":9,""p"":0.005298316906283708,""r"":36}",
       128,        76,         0,   0.551,chromobius,30f3b8173a11d0201121285c5b09bf8fe8c9135ac48b0bc23933f451755b7b35,"{""d"":9,""p"":0.006210169418915616,""r"":36}",
       128,        67,         0,   0.648,chromobius,b3f0312073a409bd51ec405a7482d87517765901accf9f946af6fae797b558b6,"{""d"":9,""p"":0.007278953843983146,""r"":36}",
       128,        64,         0,   0.538,chromobius,30f3b8173a11d0201121285c5b09bf8fe8c9135ac48b0bc23933f451755b7b35,"{""d"":9,""p"":0.006210169418915616,""r"":36}",
       128,        70,         0,   0.673,chromobius,b3f0312073a409bd51ec405a7482d87517765901accf9f946af6fae797b558b6,"{""d"":9,""p"":0.007278953843983146,""r"":36}",
       128,        59,         0,   0.571,chromobius,30f3b8173a11d0201121285c5b09bf8fe8c9135ac48b0bc23933f451755b7b35,"{""d"":9,""p"":0.006210169418915616,""r"":36}",
       128,        65,         0,   0.650,chromobius,b3f0312073a409bd51ec405a7482d87517765901accf9f946af6fae797b558b6,"{""d"":9,""p"":0.007278953843983146,""r"":36}",
      2048,       910,         0,    3.25,chromobius,15b1c924802eb312214a0db934c87e31297efe7e8989018b11963ff1ac56464d,"{""d"":9,""p"":0.0038566204211634724,""r"":36}",
      1024,       508,         0,    2.64,chromobius,23213b603aa33a66e54306827ee6c2f4baa200dbb01f73695f3bd0d5ec9b0494,"{""d"":9,""p"":0.004520353656360241,""r"":36}",
       128,        67,         0,   0.526,chromobius,b3f0312073a409bd51ec405a7482d87517765901accf9f946af6fae797b558b6,"{""d"":9,""p"":0.007278953843983146,""r"":36}",
       256,       140,         0,   0.834,chromobius,30f3b8173a11d0201121285c5b09bf8fe8c9135ac48b0bc23933f451755b7b35,"{""d"":9,""p"":0.006210169418915616,""r"":36}",
       128,        69,         0,   0.523,chromobius,b3f0312073a409bd51ec405a7482d87517765901accf9f946af6fae797b558b6,"{""d"":9,""p"":0.007278953843983146,""r"":36}",
      1024,       508,         0,    3.06,chromobius,cea36e8574838ba8a4f373b3ef6c5292accdc5708725278c917cd686eeb8a040,"{""d"":9,""p"":0.005298316906283708,""r"":36}",
       256,       128,         0,   0.863,chromobius,30f3b8173a11d0201121285c5b09bf8fe8c9135ac48b0bc23933f451755b7b35,"{""d"":9,""p"":0.006210169418915616,""r"":36}",
       128,        69,         0,   0.544,chromobius,b3f0312073a409bd51ec405a7482d87517765901accf9f946af6fae797b558b6,"{""d"":9,""p"":0.007278953843983146,""r"":36}",
       128,        68,         0,   0.542,chromobius,b3f0312073a409bd51ec405a7482d87517765901accf9f946af6fae797b558b6,"{""d"":9,""p"":0.007278953843983146,""r"":36}",
       384,       204,         0,    1.29,chromobius,30f3b8173a11d0201121285c5b09bf8fe8c9135ac48b0bc23933f451755b7b35,"{""d"":9,""p"":0.006210169418915616,""r"":36}",
       256,       118,         0,    1.06,chromobius,b3f0312073a409bd51ec405a7482d87517765901accf9f946af6fae797b558b6,"{""d"":9,""p"":0.007278953843983146,""r"":36}",
      1536,       727,         0,    3.17,chromobius,23213b603aa33a66e54306827ee6c2f4baa200dbb01f73695f3bd0d5ec9b0494,"{""d"":9,""p"":0.004520353656360241,""r"":36}",
      2304,       996,         0,    3.86,chromobius,15b1c924802eb312214a0db934c87e31297efe7e8989018b11963ff1ac56464d,"{""d"":9,""p"":0.0038566204211634724,""r"":36}",
         1,         0,         0,   0.014,chromobius,72dc672558f2bcdf5d71d4f4155e620f864cd4f00f8a42f605d9c850d7cc8b58,"{""d"":9,""p"":0.008531678524172805,""r"":36}",
        16,         9,         0,   0.106,chromobius,72dc672558f2bcdf5d71d4f4155e620f864cd4f00f8a42f605d9c850d7cc8b58,"{""d"":9,""p"":0.008531678524172805,""r"":36}",
       256,       137,         0,    1.16,chromobius,b3f0312073a409bd51ec405a7482d87517765901accf9f946af6fae797b558b6,"{""d"":9,""p"":0.007278953843983146,""r"":36}",
       512,       261,         0,    1.82,chromobius,30f3b8173a11d0201121285c5b09bf8fe8c9135ac48b0bc23933f451755b7b35,"{""d"":9,""p"":0.006210169418915616,""r"":36}",
        64,        31,         0,   0.376,chromobius,72dc672558f2bcdf5d71d4f4155e620f864cd4f00f8a42f605d9c850d7cc8b58,"{""d"":9,""p"":0.008531678524172805,""r"":36}",
        64,        29,         0,   0.420,chromobius,72dc672558f2bcdf5d71d4f4155e620f864cd4f00f8a42f605d9c850d7cc8b58,"{""d"":9,""p"":0.008531678524172805,""r"":36}",
        64,        36,         0,   0.418,chromobius,72dc672558f2bcdf5d71d4f4155e620f864cd4f00f8a42f605d9c850d7cc8b58,"{""d"":9,""p"":0.008531678524172805,""r"":36}",
      1664,       839,         0,    4.27,chromobius,cea36e8574838ba8a4f373b3ef6c5292accdc5708725278c917cd686eeb8a040,"{""d"":9,""p"":0.005298316906283708,""r"":36}",
       256,       118,         0,    1.37,chromobius,b3f0312073a409bd51ec405a7482d87517765901accf9f946af6fae797b558b6,"{""d"":9,""p"":0.007278953843983146,""r"":36}",
        64,        32,         0,   0.427,chromobius,72dc672558f2bcdf5d71d4f4155e620f864cd4f00f8a42f605d9c850d7cc8b58,"{""d"":9,""p"":0.008531678524172805,""r"":36}",
        64,        32,         0,   0.376,chromobius,72dc672558f2bcdf5d71d4f4155e620f864cd4f00f8a42f605d9c850d7cc8b58,"{""d"":9,""p"":0.008531678524172805,""r"":36}",
        64,        42,         0,   0.305,chromobius,72dc672558f2bcdf5d71d4f4155e620f864cd4f00f8a42f605d9c850d7cc8b58,"{""d"":9,""p"":0.008531678524172805,""r"":36}",
        64,        35,         0,   0.333,chromobius,72dc672558f2bcdf5d71d4f4155e620f864cd4f00f8a42f605d9c850d7cc8b58,"{""d"":9,""p"":0.008531678524172805,""r"":36}",
       640,       314,         0,    2.42,chromobius,30f3b8173a11d0201121285c5b09bf8fe8c9135ac48b0bc23933f451755b7b35,"{""d"":9,""p"":0.006210169418915616,""r"":36}",
        64,        34,         0,   0.318,chromobius,72dc672558f2bcdf5d71d4f4155e620f864cd4f00f8a42f605d9c850d7cc8b58,"{""d"":9,""p"":0.008531678524172805,""r"":36}",
       384,       197,         0,    1.70,chromobius,b3f0312073a409bd51ec405a7482d87517765901accf9f946af6fae797b558b6,"{""d"":9,""p"":0.007278953843983146,""r"":36}",
        64,        35,         0,   0.329,chromobius,72dc672558f2bcdf5d71d4f4155e620f864cd4f00f8a42f605d9c850d7cc8b58,"{""d"":9,""p"":0.008531678524172805,""r"":36}",
      2048,       979,         0,    4.65,chromobius,23213b603aa33a66e54306827ee6c2f4baa200dbb01f73695f3bd0d5ec9b0494,"{""d"":9,""p"":0.004520353656360241,""r"":36}",
       128,        70,         0,   0.657,chromobius,72dc672558f2bcdf5d71d4f4155e620f864cd4f00f8a42f605d9c850d7cc8b58,"{""d"":9,""p"":0.008531678524172805,""r"":36}",
       256,       129,         0,   0.531,chromobius,23213b603aa33a66e54306827ee6c2f4baa200dbb01f73695f3bd0d5ec9b0494,"{""d"":9,""p"":0.004520353656360241,""r"":36}",
       128,        65,         0,   0.644,chromobius,72dc672558f2bcdf5d71d4f4155e620f864cd4f00f8a42f605d9c850d7cc8b58,"{""d"":9,""p"":0.008531678524172805,""r"":36}",
        17,        10,         0,   0.101,chromobius,04f89aa5c12544025b8dff4a813e1b64248e93d94c8330b29f050eb4ecf4ac0d,"{""d"":9,""p"":0.01,""r"":36}",
        64,        21,         0,   0.378,chromobius,04f89aa5c12544025b8dff4a813e1b64248e93d94c8330b29f050eb4ecf4ac0d,"{""d"":9,""p"":0.01,""r"":36}",
        64,        32,         0,   0.378,chromobius,04f89aa5c12544025b8dff4a813e1b64248e93d94c8330b29f050eb4ecf4ac0d,"{""d"":9,""p"":0.01,""r"":36}",
       192,        92,         0,   0.972,chromobius,72dc672558f2bcdf5d71d4f4155e620f864cd4f00f8a42f605d9c850d7cc8b58,"{""d"":9,""p"":0.008531678524172805,""r"":36}",
        64,        30,         0,   0.355,chromobius,04f89aa5c12544025b8dff4a813e1b64248e93d94c8330b29f050eb4ecf4ac0d,"{""d"":9,""p"":0.01,""r"":36}",
       640,       305,         0,    2.64,chromobius,b3f0312073a409bd51ec405a7482d87517765901accf9f946af6fae797b558b6,"{""d"":9,""p"":0.007278953843983146,""r"":36}",
      1024,       533,         0,    3.38,chromobius,30f3b8173a11d0201121285c5b09bf8fe8c9135ac48b0bc23933f451755b7b35,"{""d"":9,""p"":0.006210169418915616,""r"":36}",
        64,        37,         0,   0.372,chromobius,04f89aa5c12544025b8dff4a813e1b64248e93d94c8330b29f050eb4ecf4ac0d,"{""d"":9,""p"":0.01,""r"":36}",
        64,        25,         0,   0.365,chromobius,04f89aa5c12544025b8dff4a813e1b64248e93d94c8330b29f050eb4ecf4ac0d,"{""d"":9,""p"":0.01,""r"":36}",
       256,       127,         0,    1.24,chromobius,72dc672558f2bcdf5d71d4f4155e620f864cd4f00f8a42f605d9c850d7cc8b58,"{""d"":9,""p"":0.008531678524172805,""r"":36}",
        64,        35,         0,   0.365,chromobius,04f89aa5c12544025b8dff4a813e1b64248e93d94c8330b29f050eb4ecf4ac0d,"{""d"":9,""p"":0.01,""r"":36}",
        64,        37,         0,   0.367,chromobius,04f89aa5c12544025b8dff4a813e1b64248e93d94c8330b29f050eb4ecf4ac0d,"{""d"":9,""p"":0.01,""r"":36}",
      2304,      1137,         0,    6.12,chromobius,cea36e8574838ba8a4f373b3ef6c5292accdc5708725278c917cd686eeb8a040,"{""d"":9,""p"":0.005298316906283708,""r"":36}",
        64,        38,         0,   0.380,chromobius,04f89aa5c12544025b8dff4a813e1b64248e93d94c8330b29f050eb4ecf4ac0d,"{""d"":9,""p"":0.01,""r"":36}",
        64,        32,         0,   0.420,chromobius,04f89aa5c12544025b8dff4a813e1b64248e93d94c8330b29f050eb4ecf4ac0d,"{""d"":9,""p"":0.01,""r"":36}",
        64,        28,         0,   0.352,chromobius,04f89aa5c12544025b8dff4a813e1b64248e93d94c8330b29f050eb4ecf4ac0d,"{""d"":9,""p"":0.01,""r"":36}",
       384,       197,         0,    2.01,chromobius,72dc672558f2bcdf5d71d4f4155e620f864cd4f00f8a42f605d9c850d7cc8b58,"{""d"":9,""p"":0.008531678524172805,""r"":36}",
       768,       392,         0,    3.20,chromobius,b3f0312073a409bd51ec405a7482d87517765901accf9f946af6fae797b558b6,"{""d"":9,""p"":0.007278953843983146,""r"":36}",
       128,        64,         0,   0.806,chromobius,04f89aa5c12544025b8dff4a813e1b64248e93d94c8330b29f050eb4ecf4ac0d,"{""d"":9,""p"":0.01,""r"":36}",
       768,       394,         0,    2.07,chromobius,cea36e8574838ba8a4f373b3ef6c5292accdc5708725278c917cd686eeb8a040,"{""d"":9,""p"":0.005298316906283708,""r"":36}",
       273,         0,         0,   0.017,chromobius,30e4bb9352da2fa0928f2aa0fa8e2a0e37ad769b21be523c6f21c0fc81038695,"{""d"":9,""p"":0.00016102620275609394,""r"":36}",
      1024,         0,         0,   0.049,chromobius,30e4bb9352da2fa0928f2aa0fa8e2a0e37ad769b21be523c6f21c0fc81038695,"{""d"":9,""p"":0.00016102620275609394,""r"":36}",
      1024,         0,         0,   0.051,chromobius,30e4bb9352da2fa0928f2aa0fa8e2a0e37ad769b21be523c6f21c0fc81038695,"{""d"":9,""p"":0.00016102620275609394,""r"":36}",
      1024,         0,         0,   0.050,chromobius,30e4bb9352da2fa0928f2aa0fa8e2a0e37ad769b21be523c6f21c0fc81038695,"{""d"":9,""p"":0.00016102620275609394,""r"":36}",
      1024,         0,         0,   0.052,chromobius,30e4bb9352da2fa0928f2aa0fa8e2a0e37ad769b21be523c6f21c0fc81038695,"{""d"":9,""p"":0.00016102620275609394,""r"":36}",
      2048,         0,         0,   0.098,chromobius,30e4bb9352da2fa0928f2aa0fa8e2a0e37ad769b21be523c6f21c0fc81038695,"{""d"":9,""p"":0.00016102620275609394,""r"":36}",
       128,        66,         0,   0.777,chromobius,04f89aa5c12544025b8dff4a813e1b64248e93d94c8330b29f050eb4ecf4ac0d,"{""d"":9,""p"":0.01,""r"":36}",
      2048,         0,         0,   0.104,chromobius,30e4bb9352da2fa0928f2aa0fa8e2a0e37ad769b21be523c6f21c0fc81038695,"{""d"":9,""p"":0.00016102620275609394,""r"":36}",
      2048,         0,         0,   0.107,chromobius,30e4bb9352da2fa0928f2aa0fa8e2a0e37ad769b21be523c6f21c0fc81038695,"{""d"":9,""p"":0.00016102620275609394,""r"":36}",
      3072,         0,         0,   0.149,chromobius,30e4bb9352da2fa0928f2aa0fa8e2a0e37ad769b21be523c6f21c0fc81038695,"{""d"":9,""p"":0.00016102620275609394,""r"":36}",
      5120,         0,         0,   0.253,chromobius,30e4bb9352da2fa0928f2aa0fa8e2a0e37ad769b21be523c6f21c0fc81038695,"{""d"":9,""p"":0.00016102620275609394,""r"":36}",
      1408,       677,         0,    4.58,chromobius,30f3b8173a11d0201121285c5b09bf8fe8c9135ac48b0bc23933f451755b7b35,"{""d"":9,""p"":0.006210169418915616,""r"":36}",
      6144,         0,         0,   0.317,chromobius,30e4bb9352da2fa0928f2aa0fa8e2a0e37ad769b21be523c6f21c0fc81038695,"{""d"":9,""p"":0.00016102620275609394,""r"":36}",
       192,       103,         0,    1.11,chromobius,04f89aa5c12544025b8dff4a813e1b64248e93d94c8330b29f050eb4ecf4ac0d,"{""d"":9,""p"":0.01,""r"":36}",
      8192,         0,         0,   0.419,chromobius,30e4bb9352da2fa0928f2aa0fa8e2a0e37ad769b21be523c6f21c0fc81038695,"{""d"":9,""p"":0.00016102620275609394,""r"":36}",
       512,       249,         0,    2.62,chromobius,72dc672558f2bcdf5d71d4f4155e620f864cd4f00f8a42f605d9c850d7cc8b58,"{""d"":9,""p"":0.008531678524172805,""r"":36}",
     11264,         0,         0,   0.577,chromobius,30e4bb9352da2fa0928f2aa0fa8e2a0e37ad769b21be523c6f21c0fc81038695,"{""d"":9,""p"":0.00016102620275609394,""r"":36}",
       256,       134,         0,    1.44,chromobius,04f89aa5c12544025b8dff4a813e1b64248e93d94c8330b29f050eb4ecf4ac0d,"{""d"":9,""p"":0.01,""r"":36}",
     16384,         0,         0,   0.808,chromobius,30e4bb9352da2fa0928f2aa0fa8e2a0e37ad769b21be523c6f21c0fc81038695,"{""d"":9,""p"":0.00016102620275609394,""r"":36}",
      1024,       500,         0,    4.28,chromobius,b3f0312073a409bd51ec405a7482d87517765901accf9f946af6fae797b558b6,"{""d"":9,""p"":0.007278953843983146,""r"":36}",
     22528,         0,         0,    1.13,chromobius,30e4bb9352da2fa0928f2aa0fa8e2a0e37ad769b21be523c6f21c0fc81038695,"{""d"":9,""p"":0.00016102620275609394,""r"":36}",
       320,       155,         0,    1.92,chromobius,04f89aa5c12544025b8dff4a813e1b64248e93d94c8330b29f050eb4ecf4ac0d,"{""d"":9,""p"":0.01,""r"":36}",
       640,       316,         0,    3.31,chromobius,72dc672558f2bcdf5d71d4f4155e620f864cd4f00f8a42f605d9c850d7cc8b58,"{""d"":9,""p"":0.008531678524172805,""r"":36}",
     31744,         3,         0,    1.56,chromobius,30e4bb9352da2fa0928f2aa0fa8e2a0e37ad769b21be523c6f21c0fc81038695,"{""d"":9,""p"":0.00016102620275609394,""r"":36}",
       384,       185,         0,    2.29,chromobius,04f89aa5c12544025b8dff4a813e1b64248e93d94c8330b29f050eb4ecf4ac0d,"{""d"":9,""p"":0.01,""r"":36}",
      1920,       972,         0,    6.29,chromobius,30f3b8173a11d0201121285c5b09bf8fe8c9135ac48b0bc23933f451755b7b35,"{""d"":9,""p"":0.006210169418915616,""r"":36}",
     43008,         0,         0,    2.17,chromobius,30e4bb9352da2fa0928f2aa0fa8e2a0e37ad769b21be523c6f21c0fc81038695,"{""d"":9,""p"":0.00016102620275609394,""r"":36}",
       896,       420,         0,    4.56,chromobius,72dc672558f2bcdf5d71d4f4155e620f864cd4f00f8a42f605d9c850d7cc8b58,"{""d"":9,""p"":0.008531678524172805,""r"":36}",
      1536,       770,         0,    6.36,chromobius,b3f0312073a409bd51ec405a7482d87517765901accf9f946af6fae797b558b6,"{""d"":9,""p"":0.007278953843983146,""r"":36}",
       576,       315,         0,    3.35,chromobius,04f89aa5c12544025b8dff4a813e1b64248e93d94c8330b29f050eb4ecf4ac0d,"{""d"":9,""p"":0.01,""r"":36}",
     61440,         0,         0,    3.08,chromobius,30e4bb9352da2fa0928f2aa0fa8e2a0e37ad769b21be523c6f21c0fc81038695,"{""d"":9,""p"":0.00016102620275609394,""r"":36}",
      2176,      1077,         0,    7.22,chromobius,30f3b8173a11d0201121285c5b09bf8fe8c9135ac48b0bc23933f451755b7b35,"{""d"":9,""p"":0.006210169418915616,""r"":36}",
       273,         0,         0,   0.034,chromobius,6fd182fa8beb755f3a574c046d14e0a19a388fa3a293d7f3f6d47c26564fe8f3,"{""d"":9,""p"":0.00018873918221350977,""r"":36}",
      1024,         0,         0,   0.079,chromobius,6fd182fa8beb755f3a574c046d14e0a19a388fa3a293d7f3f6d47c26564fe8f3,"{""d"":9,""p"":0.00018873918221350977,""r"":36}",
      1024,         0,         0,   0.066,chromobius,6fd182fa8beb755f3a574c046d14e0a19a388fa3a293d7f3f6d47c26564fe8f3,"{""d"":9,""p"":0.00018873918221350977,""r"":36}",
       768,       390,         0,    4.64,chromobius,04f89aa5c12544025b8dff4a813e1b64248e93d94c8330b29f050eb4ecf4ac0d,"{""d"":9,""p"":0.01,""r"":36}",
      1024,         0,         0,   0.091,chromobius,6fd182fa8beb755f3a574c046d14e0a19a388fa3a293d7f3f6d47c26564fe8f3,"{""d"":9,""p"":0.00018873918221350977,""r"":36}",
      1024,         0,         0,   0.056,chromobius,6fd182fa8beb755f3a574c046d14e0a19a388fa3a293d7f3f6d47c26564fe8f3,"{""d"":9,""p"":0.00018873918221350977,""r"":36}",
      1024,         0,         0,   0.060,chromobius,6fd182fa8beb755f3a574c046d14e0a19a388fa3a293d7f3f6d47c26564fe8f3,"{""d"":9,""p"":0.00018873918221350977,""r"":36}",
     81920,         2,         0,    4.31,chromobius,30e4bb9352da2fa0928f2aa0fa8e2a0e37ad769b21be523c6f21c0fc81038695,"{""d"":9,""p"":0.00016102620275609394,""r"":36}",
      2048,         0,         0,   0.117,chromobius,6fd182fa8beb755f3a574c046d14e0a19a388fa3a293d7f3f6d47c26564fe8f3,"{""d"":9,""p"":0.00018873918221350977,""r"":36}",
      2048,         0,         0,   0.122,chromobius,6fd182fa8beb755f3a574c046d14e0a19a388fa3a293d7f3f6d47c26564fe8f3,"{""d"":9,""p"":0.00018873918221350977,""r"":36}",
      3072,         0,         0,   0.173,chromobius,6fd182fa8beb755f3a574c046d14e0a19a388fa3a293d7f3f6d47c26564fe8f3,"{""d"":9,""p"":0.00018873918221350977,""r"":36}",
      4096,         0,         0,   0.251,chromobius,6fd182fa8beb755f3a574c046d14e0a19a388fa3a293d7f3f6d47c26564fe8f3,"{""d"":9,""p"":0.00018873918221350977,""r"":36}",
      1280,       642,         0,    6.45,chromobius,72dc672558f2bcdf5d71d4f4155e620f864cd4f00f8a42f605d9c850d7cc8b58,"{""d"":9,""p"":0.008531678524172805,""r"":36}",
      5120,         0,         0,   0.294,chromobius,6fd182fa8beb755f3a574c046d14e0a19a388fa3a293d7f3f6d47c26564fe8f3,"{""d"":9,""p"":0.00018873918221350977,""r"":36}",
      7168,         0,         0,   0.420,chromobius,6fd182fa8beb755f3a574c046d14e0a19a388fa3a293d7f3f6d47c26564fe8f3,"{""d"":9,""p"":0.00018873918221350977,""r"":36}",
     10240,         0,         0,   0.605,chromobius,6fd182fa8beb755f3a574c046d14e0a19a388fa3a293d7f3f6d47c26564fe8f3,"{""d"":9,""p"":0.00018873918221350977,""r"":36}",
     14336,         0,         0,   0.836,chromobius,6fd182fa8beb755f3a574c046d14e0a19a388fa3a293d7f3f6d47c26564fe8f3,"{""d"":9,""p"":0.00018873918221350977,""r"":36}",
      2048,      1007,         0,    8.63,chromobius,b3f0312073a409bd51ec405a7482d87517765901accf9f946af6fae797b558b6,"{""d"":9,""p"":0.007278953843983146,""r"":36}",
     18432,         0,         0,    1.14,chromobius,6fd182fa8beb755f3a574c046d14e0a19a388fa3a293d7f3f6d47c26564fe8f3,"{""d"":9,""p"":0.00018873918221350977,""r"":36}",
     26624,         3,         0,    1.61,chromobius,6fd182fa8beb755f3a574c046d14e0a19a388fa3a293d7f3f6d47c26564fe8f3,"{""d"":9,""p"":0.00018873918221350977,""r"":36}",
      1024,       506,         0,    5.97,chromobius,04f89aa5c12544025b8dff4a813e1b64248e93d94c8330b29f050eb4ecf4ac0d,"{""d"":9,""p"":0.01,""r"":36}",
    108544,         2,         0,    5.96,chromobius,30e4bb9352da2fa0928f2aa0fa8e2a0e37ad769b21be523c6f21c0fc81038695,"{""d"":9,""p"":0.00016102620275609394,""r"":36}",
     37888,         0,         0,    2.22,chromobius,6fd182fa8beb755f3a574c046d14e0a19a388fa3a293d7f3f6d47c26564fe8f3,"{""d"":9,""p"":0.00018873918221350977,""r"":36}",
      1792,       889,         0,    8.75,chromobius,72dc672558f2bcdf5d71d4f4155e620f864cd4f00f8a42f605d9c850d7cc8b58,"{""d"":9,""p"":0.008531678524172805,""r"":36}",
      1536,       750,         0,    6.45,chromobius,b3f0312073a409bd51ec405a7482d87517765901accf9f946af6fae797b558b6,"{""d"":9,""p"":0.007278953843983146,""r"":36}",
       273,         0,         0,   0.020,chromobius,5b1c3e45f62beb7d57027883f0b81ab3bddf3446a083a1d10041dd63d27474e5,"{""d"":9,""p"":0.000221221629107045,""r"":36}",
      1024,         0,         0,   0.076,chromobius,5b1c3e45f62beb7d57027883f0b81ab3bddf3446a083a1d10041dd63d27474e5,"{""d"":9,""p"":0.000221221629107045,""r"":36}",
      1024,         0,         0,   0.067,chromobius,5b1c3e45f62beb7d57027883f0b81ab3bddf3446a083a1d10041dd63d27474e5,"{""d"":9,""p"":0.000221221629107045,""r"":36}",
      1024,         0,         0,   0.067,chromobius,5b1c3e45f62beb7d57027883f0b81ab3bddf3446a083a1d10041dd63d27474e5,"{""d"":9,""p"":0.000221221629107045,""r"":36}",
      1024,         0,         0,   0.068,chromobius,5b1c3e45f62beb7d57027883f0b81ab3bddf3446a083a1d10041dd63d27474e5,"{""d"":9,""p"":0.000221221629107045,""r"":36}",
      1024,         0,         0,   0.067,chromobius,5b1c3e45f62beb7d57027883f0b81ab3bddf3446a083a1d10041dd63d27474e5,"{""d"":9,""p"":0.000221221629107045,""r"":36}",
      2048,         0,         0,   0.147,chromobius,5b1c3e45f62beb7d57027883f0b81ab3bddf3446a083a1d10041dd63d27474e5,"{""d"":9,""p"":0.000221221629107045,""r"":36}",
      2048,         0,         0,   0.143,chromobius,5b1c3e45f62beb7d57027883f0b81ab3bddf3446a083a1d10041dd63d27474e5,"{""d"":9,""p"":0.000221221629107045,""r"":36}",
     51200,         0,         0,    3.05,chromobius,6fd182fa8beb755f3a574c046d14e0a19a388fa3a293d7f3f6d47c26564fe8f3,"{""d"":9,""p"":0.00018873918221350977,""r"":36}",
      2048,         0,         0,   0.152,chromobius,5b1c3e45f62beb7d57027883f0b81ab3bddf3446a083a1d10041dd63d27474e5,"{""d"":9,""p"":0.000221221629107045,""r"":36}",
      3072,         1,         0,   0.220,chromobius,5b1c3e45f62beb7d57027883f0b81ab3bddf3446a083a1d10041dd63d27474e5,"{""d"":9,""p"":0.000221221629107045,""r"":36}",
      5120,         1,         0,   0.362,chromobius,5b1c3e45f62beb7d57027883f0b81ab3bddf3446a083a1d10041dd63d27474e5,"{""d"":9,""p"":0.000221221629107045,""r"":36}",
      6144,         0,         0,   0.413,chromobius,5b1c3e45f62beb7d57027883f0b81ab3bddf3446a083a1d10041dd63d27474e5,"{""d"":9,""p"":0.000221221629107045,""r"":36}",
      9216,         0,         0,   0.631,chromobius,5b1c3e45f62beb7d57027883f0b81ab3bddf3446a083a1d10041dd63d27474e5,"{""d"":9,""p"":0.000221221629107045,""r"":36}",
     11264,         0,         0,   0.808,chromobius,5b1c3e45f62beb7d57027883f0b81ab3bddf3446a083a1d10041dd63d27474e5,"{""d"":9,""p"":0.000221221629107045,""r"":36}",
      1472,       743,         0,    8.46,chromobius,04f89aa5c12544025b8dff4a813e1b64248e93d94c8330b29f050eb4ecf4ac0d,"{""d"":9,""p"":0.01,""r"":36}",
     16384,         0,         0,    1.12,chromobius,5b1c3e45f62beb7d57027883f0b81ab3bddf3446a083a1d10041dd63d27474e5,"{""d"":9,""p"":0.000221221629107045,""r"":36}",
    155648,         0,         0,    8.39,chromobius,30e4bb9352da2fa0928f2aa0fa8e2a0e37ad769b21be523c6f21c0fc81038695,"{""d"":9,""p"":0.00016102620275609394,""r"":36}",
     71680,         2,         0,    4.32,chromobius,6fd182fa8beb755f3a574c046d14e0a19a388fa3a293d7f3f6d47c26564fe8f3,"{""d"":9,""p"":0.00018873918221350977,""r"":36}",
     22528,         1,         0,    1.56,chromobius,5b1c3e45f62beb7d57027883f0b81ab3bddf3446a083a1d10041dd63d27474e5,"{""d"":9,""p"":0.000221221629107045,""r"":36}",
     31744,         1,         0,    2.22,chromobius,5b1c3e45f62beb7d57027883f0b81ab3bddf3446a083a1d10041dd63d27474e5,"{""d"":9,""p"":0.000221221629107045,""r"":36}",
    101376,         6,         0,    5.98,chromobius,6fd182fa8beb755f3a574c046d14e0a19a388fa3a293d7f3f6d47c26564fe8f3,"{""d"":9,""p"":0.00018873918221350977,""r"":36}",
     44032,         0,         0,    3.09,chromobius,5b1c3e45f62beb7d57027883f0b81ab3bddf3446a083a1d10041dd63d27474e5,"{""d"":9,""p"":0.000221221629107045,""r"":36}",
      2432,      1244,         0,    12.1,chromobius,72dc672558f2bcdf5d71d4f4155e620f864cd4f00f8a42f605d9c850d7cc8b58,"{""d"":9,""p"":0.008531678524172805,""r"":36}",
       768,       381,         0,    3.78,chromobius,72dc672558f2bcdf5d71d4f4155e620f864cd4f00f8a42f605d9c850d7cc8b58,"{""d"":9,""p"":0.008531678524172805,""r"":36}",
     61440,         0,         0,    4.28,chromobius,5b1c3e45f62beb7d57027883f0b81ab3bddf3446a083a1d10041dd63d27474e5,"{""d"":9,""p"":0.000221221629107045,""r"":36}",
       273,         0,         0,   0.023,chromobius,f05b9f7826c1727b73b7e4b58103906331fb1df4f11bc04e52a8abcaaa0e1518,"{""d"":9,""p"":0.0002592943797404667,""r"":36}",
   1284096,        81,         0,   119.9,chromobius,7c0a31ab969d9033ff323c16d89d07812b1a51d7629d57f784a655c8dbffb4fd,"{""d"":9,""p"":0.0003039195382313198,""r"":36}",
      1024,         0,         0,   0.078,chromobius,f05b9f7826c1727b73b7e4b58103906331fb1df4f11bc04e52a8abcaaa0e1518,"{""d"":9,""p"":0.0002592943797404667,""r"":36}",
      1024,         0,         0,   0.079,chromobius,f05b9f7826c1727b73b7e4b58103906331fb1df4f11bc04e52a8abcaaa0e1518,"{""d"":9,""p"":0.0002592943797404667,""r"":36}",
      1024,         0,         0,   0.081,chromobius,f05b9f7826c1727b73b7e4b58103906331fb1df4f11bc04e52a8abcaaa0e1518,"{""d"":9,""p"":0.0002592943797404667,""r"":36}",
      1024,         0,         0,   0.080,chromobius,f05b9f7826c1727b73b7e4b58103906331fb1df4f11bc04e52a8abcaaa0e1518,"{""d"":9,""p"":0.0002592943797404667,""r"":36}",
      1024,         0,         0,   0.080,chromobius,f05b9f7826c1727b73b7e4b58103906331fb1df4f11bc04e52a8abcaaa0e1518,"{""d"":9,""p"":0.0002592943797404667,""r"":36}",
    217088,         3,         0,    11.7,chromobius,30e4bb9352da2fa0928f2aa0fa8e2a0e37ad769b21be523c6f21c0fc81038695,"{""d"":9,""p"":0.00016102620275609394,""r"":36}",
      1024,         1,         0,   0.079,chromobius,f05b9f7826c1727b73b7e4b58103906331fb1df4f11bc04e52a8abcaaa0e1518,"{""d"":9,""p"":0.0002592943797404667,""r"":36}",
      2112,      1023,         0,    12.0,chromobius,04f89aa5c12544025b8dff4a813e1b64248e93d94c8330b29f050eb4ecf4ac0d,"{""d"":9,""p"":0.01,""r"":36}",
      2048,         0,         0,   0.161,chromobius,f05b9f7826c1727b73b7e4b58103906331fb1df4f11bc04e52a8abcaaa0e1518,"{""d"":9,""p"":0.0002592943797404667,""r"":36}",
      2048,         0,         0,   0.161,chromobius,f05b9f7826c1727b73b7e4b58103906331fb1df4f11bc04e52a8abcaaa0e1518,"{""d"":9,""p"":0.0002592943797404667,""r"":36}",
      3072,         0,         0,   0.235,chromobius,f05b9f7826c1727b73b7e4b58103906331fb1df4f11bc04e52a8abcaaa0e1518,"{""d"":9,""p"":0.0002592943797404667,""r"":36}",
      4096,         0,         0,   0.319,chromobius,f05b9f7826c1727b73b7e4b58103906331fb1df4f11bc04e52a8abcaaa0e1518,"{""d"":9,""p"":0.0002592943797404667,""r"":36}",
      6144,         0,         0,   0.468,chromobius,f05b9f7826c1727b73b7e4b58103906331fb1df4f11bc04e52a8abcaaa0e1518,"{""d"":9,""p"":0.0002592943797404667,""r"":36}",
      8192,         0,         0,   0.630,chromobius,f05b9f7826c1727b73b7e4b58103906331fb1df4f11bc04e52a8abcaaa0e1518,"{""d"":9,""p"":0.0002592943797404667,""r"":36}",
     11264,         0,         0,   0.869,chromobius,f05b9f7826c1727b73b7e4b58103906331fb1df4f11bc04e52a8abcaaa0e1518,"{""d"":9,""p"":0.0002592943797404667,""r"":36}",
    138240,         2,         0,    8.38,chromobius,6fd182fa8beb755f3a574c046d14e0a19a388fa3a293d7f3f6d47c26564fe8f3,"{""d"":9,""p"":0.00018873918221350977,""r"":36}",
     14336,         1,         0,    1.13,chromobius,f05b9f7826c1727b73b7e4b58103906331fb1df4f11bc04e52a8abcaaa0e1518,"{""d"":9,""p"":0.0002592943797404667,""r"":36}",
     90112,         4,         0,    5.97,chromobius,5b1c3e45f62beb7d57027883f0b81ab3bddf3446a083a1d10041dd63d27474e5,"{""d"":9,""p"":0.000221221629107045,""r"":36}",
     20480,         1,         0,    1.57,chromobius,f05b9f7826c1727b73b7e4b58103906331fb1df4f11bc04e52a8abcaaa0e1518,"{""d"":9,""p"":0.0002592943797404667,""r"":36}",
     27648,         3,         0,    2.18,chromobius,f05b9f7826c1727b73b7e4b58103906331fb1df4f11bc04e52a8abcaaa0e1518,"{""d"":9,""p"":0.0002592943797404667,""r"":36}",
   1781760,        46,         0,   119.8,chromobius,5b1c3e45f62beb7d57027883f0b81ab3bddf3446a083a1d10041dd63d27474e5,"{""d"":9,""p"":0.000221221629107045,""r"":36}",
     38912,         1,         0,    3.08,chromobius,f05b9f7826c1727b73b7e4b58103906331fb1df4f11bc04e52a8abcaaa0e1518,"{""d"":9,""p"":0.0002592943797404667,""r"":36}",
      2048,      1014,         0,    11.9,chromobius,04f89aa5c12544025b8dff4a813e1b64248e93d94c8330b29f050eb4ecf4ac0d,"{""d"":9,""p"":0.01,""r"":36}",
       273,         0,         0,   0.028,chromobius,7c0a31ab969d9033ff323c16d89d07812b1a51d7629d57f784a655c8dbffb4fd,"{""d"":9,""p"":0.0003039195382313198,""r"":36}",
      1024,         0,         0,   0.101,chromobius,7c0a31ab969d9033ff323c16d89d07812b1a51d7629d57f784a655c8dbffb4fd,"{""d"":9,""p"":0.0003039195382313198,""r"":36}",
      1024,         0,         0,   0.098,chromobius,7c0a31ab969d9033ff323c16d89d07812b1a51d7629d57f784a655c8dbffb4fd,"{""d"":9,""p"":0.0003039195382313198,""r"":36}",
      1024,         0,         0,   0.096,chromobius,7c0a31ab969d9033ff323c16d89d07812b1a51d7629d57f784a655c8dbffb4fd,"{""d"":9,""p"":0.0003039195382313198,""r"":36}",
      1024,         0,         0,   0.099,chromobius,7c0a31ab969d9033ff323c16d89d07812b1a51d7629d57f784a655c8dbffb4fd,"{""d"":9,""p"":0.0003039195382313198,""r"":36}",
      1024,         1,         0,   0.103,chromobius,7c0a31ab969d9033ff323c16d89d07812b1a51d7629d57f784a655c8dbffb4fd,"{""d"":9,""p"":0.0003039195382313198,""r"":36}",
      1024,         0,         0,   0.092,chromobius,7c0a31ab969d9033ff323c16d89d07812b1a51d7629d57f784a655c8dbffb4fd,"{""d"":9,""p"":0.0003039195382313198,""r"":36}",
      2048,         0,         0,   0.198,chromobius,7c0a31ab969d9033ff323c16d89d07812b1a51d7629d57f784a655c8dbffb4fd,"{""d"":9,""p"":0.0003039195382313198,""r"":36}",
      2048,         1,         0,   0.221,chromobius,7c0a31ab969d9033ff323c16d89d07812b1a51d7629d57f784a655c8dbffb4fd,"{""d"":9,""p"":0.0003039195382313198,""r"":36}",
      3072,         0,         0,   0.296,chromobius,7c0a31ab969d9033ff323c16d89d07812b1a51d7629d57f784a655c8dbffb4fd,"{""d"":9,""p"":0.0003039195382313198,""r"":36}",
    125952,         4,         0,    8.40,chromobius,5b1c3e45f62beb7d57027883f0b81ab3bddf3446a083a1d10041dd63d27474e5,"{""d"":9,""p"":0.000221221629107045,""r"":36}",
      3072,         0,         0,   0.291,chromobius,7c0a31ab969d9033ff323c16d89d07812b1a51d7629d57f784a655c8dbffb4fd,"{""d"":9,""p"":0.0003039195382313198,""r"":36}",
   2244024,        13,         0,   114.1,chromobius,30e4bb9352da2fa0928f2aa0fa8e2a0e37ad769b21be523c6f21c0fc81038695,"{""d"":9,""p"":0.00016102620275609394,""r"":36}",
      5120,         0,         0,   0.506,chromobius,7c0a31ab969d9033ff323c16d89d07812b1a51d7629d57f784a655c8dbffb4fd,"{""d"":9,""p"":0.0003039195382313198,""r"":36}",
      6144,         0,         0,   0.610,chromobius,7c0a31ab969d9033ff323c16d89d07812b1a51d7629d57f784a655c8dbffb4fd,"{""d"":9,""p"":0.0003039195382313198,""r"":36}",
    198656,         3,         0,    11.7,chromobius,6fd182fa8beb755f3a574c046d14e0a19a388fa3a293d7f3f6d47c26564fe8f3,"{""d"":9,""p"":0.00018873918221350977,""r"":36}",
     54272,         2,         0,    4.29,chromobius,f05b9f7826c1727b73b7e4b58103906331fb1df4f11bc04e52a8abcaaa0e1518,"{""d"":9,""p"":0.0002592943797404667,""r"":36}",
      8192,         0,         0,   0.794,chromobius,7c0a31ab969d9033ff323c16d89d07812b1a51d7629d57f784a655c8dbffb4fd,"{""d"":9,""p"":0.0003039195382313198,""r"":36}",
    307200,         5,         0,    16.4,chromobius,30e4bb9352da2fa0928f2aa0fa8e2a0e37ad769b21be523c6f21c0fc81038695,"{""d"":9,""p"":0.00016102620275609394,""r"":36}",
     12288,         2,         0,    1.19,chromobius,7c0a31ab969d9033ff323c16d89d07812b1a51d7629d57f784a655c8dbffb4fd,"{""d"":9,""p"":0.0003039195382313198,""r"":36}",
   1112064,       177,         0,   119.9,chromobius,c01a6a6f1f9520f132c076f04a2dafd9529157046af845a974410f5377208dd7,"{""d"":9,""p"":0.0003562247890262444,""r"":36}",
     16384,         2,         0,    1.60,chromobius,7c0a31ab969d9033ff323c16d89d07812b1a51d7629d57f784a655c8dbffb4fd,"{""d"":9,""p"":0.0003039195382313198,""r"":36}",
     22528,         3,         0,    2.20,chromobius,7c0a31ab969d9033ff323c16d89d07812b1a51d7629d57f784a655c8dbffb4fd,"{""d"":9,""p"":0.0003039195382313198,""r"":36}",
     75776,         4,         0,    5.99,chromobius,f05b9f7826c1727b73b7e4b58103906331fb1df4f11bc04e52a8abcaaa0e1518,"{""d"":9,""p"":0.0002592943797404667,""r"":36}",
     31744,         2,         0,    3.12,chromobius,7c0a31ab969d9033ff323c16d89d07812b1a51d7629d57f784a655c8dbffb4fd,"{""d"":9,""p"":0.0003039195382313198,""r"":36}",
    177152,         4,         0,    11.7,chromobius,5b1c3e45f62beb7d57027883f0b81ab3bddf3446a083a1d10041dd63d27474e5,"{""d"":9,""p"":0.000221221629107045,""r"":36}",
     44032,         7,         0,    4.30,chromobius,7c0a31ab969d9033ff323c16d89d07812b1a51d7629d57f784a655c8dbffb4fd,"{""d"":9,""p"":0.0003039195382313198,""r"":36}",
    106496,         7,         0,    8.39,chromobius,f05b9f7826c1727b73b7e4b58103906331fb1df4f11bc04e52a8abcaaa0e1518,"{""d"":9,""p"":0.0002592943797404667,""r"":36}",
   1466368,        67,         0,   119.8,chromobius,f05b9f7826c1727b73b7e4b58103906331fb1df4f11bc04e52a8abcaaa0e1518,"{""d"":9,""p"":0.0002592943797404667,""r"":36}",
    285696,         6,         0,    16.4,chromobius,6fd182fa8beb755f3a574c046d14e0a19a388fa3a293d7f3f6d47c26564fe8f3,"{""d"":9,""p"":0.00018873918221350977,""r"":36}",
     61440,         5,         0,    5.98,chromobius,7c0a31ab969d9033ff323c16d89d07812b1a51d7629d57f784a655c8dbffb4fd,"{""d"":9,""p"":0.0003039195382313198,""r"":36}",
   2049024,        36,         0,   119.7,chromobius,6fd182fa8beb755f3a574c046d14e0a19a388fa3a293d7f3f6d47c26564fe8f3,"{""d"":9,""p"":0.00018873918221350977,""r"":36}",
    423507,         3,         0,    22.7,chromobius,30e4bb9352da2fa0928f2aa0fa8e2a0e37ad769b21be523c6f21c0fc81038695,"{""d"":9,""p"":0.00016102620275609394,""r"":36}",
    486400,         4,         0,    25.1,chromobius,30e4bb9352da2fa0928f2aa0fa8e2a0e37ad769b21be523c6f21c0fc81038695,"{""d"":9,""p"":0.00016102620275609394,""r"":36}",
    152576,         9,         0,    11.7,chromobius,f05b9f7826c1727b73b7e4b58103906331fb1df4f11bc04e52a8abcaaa0e1518,"{""d"":9,""p"":0.0002592943797404667,""r"":36}",
    246784,         7,         0,    16.4,chromobius,5b1c3e45f62beb7d57027883f0b81ab3bddf3446a083a1d10041dd63d27474e5,"{""d"":9,""p"":0.000221221629107045,""r"":36}",
     87040,         3,         0,    8.44,chromobius,7c0a31ab969d9033ff323c16d89d07812b1a51d7629d57f784a655c8dbffb4fd,"{""d"":9,""p"":0.0003039195382313198,""r"":36}",
    122154,         1,         0,    6.28,chromobius,30e4bb9352da2fa0928f2aa0fa8e2a0e37ad769b21be523c6f21c0fc81038695,"{""d"":9,""p"":0.00016102620275609394,""r"":36}",
    116736,         1,         0,    6.32,chromobius,30e4bb9352da2fa0928f2aa0fa8e2a0e37ad769b21be523c6f21c0fc81038695,"{""d"":9,""p"":0.00016102620275609394,""r"":36}",
      2709,         0,         0,   0.146,chromobius,30e4bb9352da2fa0928f2aa0fa8e2a0e37ad769b21be523c6f21c0fc81038695,"{""d"":9,""p"":0.00016102620275609394,""r"":36}",
      2708,         0,         0,   0.153,chromobius,30e4bb9352da2fa0928f2aa0fa8e2a0e37ad769b21be523c6f21c0fc81038695,"{""d"":9,""p"":0.00016102620275609394,""r"":36}",
       273,         0,         0,   0.035,chromobius,c01a6a6f1f9520f132c076f04a2dafd9529157046af845a974410f5377208dd7,"{""d"":9,""p"":0.0003562247890262444,""r"":36}",
       273,         0,         0,   0.039,chromobius,83710c41f8e80c89329c11479ba2d8c1fa9567f42b7bfe4a289d71c01c8fdca9,"{""d"":9,""p"":0.00041753189365604,""r"":36}",
      1024,         0,         0,   0.120,chromobius,c01a6a6f1f9520f132c076f04a2dafd9529157046af845a974410f5377208dd7,"{""d"":9,""p"":0.0003562247890262444,""r"":36}",
      1024,         1,         0,   0.134,chromobius,83710c41f8e80c89329c11479ba2d8c1fa9567f42b7bfe4a289d71c01c8fdca9,"{""d"":9,""p"":0.00041753189365604,""r"":36}",
      1024,         0,         0,   0.123,chromobius,c01a6a6f1f9520f132c076f04a2dafd9529157046af845a974410f5377208dd7,"{""d"":9,""p"":0.0003562247890262444,""r"":36}",
      1024,         0,         0,   0.136,chromobius,83710c41f8e80c89329c11479ba2d8c1fa9567f42b7bfe4a289d71c01c8fdca9,"{""d"":9,""p"":0.00041753189365604,""r"":36}",
      1024,         1,         0,   0.123,chromobius,c01a6a6f1f9520f132c076f04a2dafd9529157046af845a974410f5377208dd7,"{""d"":9,""p"":0.0003562247890262444,""r"":36}",
      1024,         0,         0,   0.134,chromobius,83710c41f8e80c89329c11479ba2d8c1fa9567f42b7bfe4a289d71c01c8fdca9,"{""d"":9,""p"":0.00041753189365604,""r"":36}",
      1024,         0,         0,   0.120,chromobius,c01a6a6f1f9520f132c076f04a2dafd9529157046af845a974410f5377208dd7,"{""d"":9,""p"":0.0003562247890262444,""r"":36}",
      1024,         0,         0,   0.133,chromobius,83710c41f8e80c89329c11479ba2d8c1fa9567f42b7bfe4a289d71c01c8fdca9,"{""d"":9,""p"":0.00041753189365604,""r"":36}",
      1024,         0,         0,   0.121,chromobius,c01a6a6f1f9520f132c076f04a2dafd9529157046af845a974410f5377208dd7,"{""d"":9,""p"":0.0003562247890262444,""r"":36}",
      1024,         0,         0,   0.130,chromobius,83710c41f8e80c89329c11479ba2d8c1fa9567f42b7bfe4a289d71c01c8fdca9,"{""d"":9,""p"":0.00041753189365604,""r"":36}",
      1024,         0,         0,   0.121,chromobius,c01a6a6f1f9520f132c076f04a2dafd9529157046af845a974410f5377208dd7,"{""d"":9,""p"":0.0003562247890262444,""r"":36}",
      1024,         0,         0,   0.131,chromobius,83710c41f8e80c89329c11479ba2d8c1fa9567f42b7bfe4a289d71c01c8fdca9,"{""d"":9,""p"":0.00041753189365604,""r"":36}",
      1024,         0,         0,   0.120,chromobius,c01a6a6f1f9520f132c076f04a2dafd9529157046af845a974410f5377208dd7,"{""d"":9,""p"":0.0003562247890262444,""r"":36}",
      1024,         0,         0,   0.133,chromobius,83710c41f8e80c89329c11479ba2d8c1fa9567f42b7bfe4a289d71c01c8fdca9,"{""d"":9,""p"":0.00041753189365604,""r"":36}",
      2048,         1,         0,   0.238,chromobius,c01a6a6f1f9520f132c076f04a2dafd9529157046af845a974410f5377208dd7,"{""d"":9,""p"":0.0003562247890262444,""r"":36}",
      2048,         1,         0,   0.264,chromobius,83710c41f8e80c89329c11479ba2d8c1fa9567f42b7bfe4a289d71c01c8fdca9,"{""d"":9,""p"":0.00041753189365604,""r"":36}",
      2048,         0,         0,   0.242,chromobius,c01a6a6f1f9520f132c076f04a2dafd9529157046af845a974410f5377208dd7,"{""d"":9,""p"":0.0003562247890262444,""r"":36}",
      2048,         0,         0,   0.267,chromobius,83710c41f8e80c89329c11479ba2d8c1fa9567f42b7bfe4a289d71c01c8fdca9,"{""d"":9,""p"":0.00041753189365604,""r"":36}",
      3072,         0,         0,   0.363,chromobius,c01a6a6f1f9520f132c076f04a2dafd9529157046af845a974410f5377208dd7,"{""d"":9,""p"":0.0003562247890262444,""r"":36}",
      3072,         1,         0,   0.398,chromobius,83710c41f8e80c89329c11479ba2d8c1fa9567f42b7bfe4a289d71c01c8fdca9,"{""d"":9,""p"":0.00041753189365604,""r"":36}",
      4096,         2,         0,   0.479,chromobius,c01a6a6f1f9520f132c076f04a2dafd9529157046af845a974410f5377208dd7,"{""d"":9,""p"":0.0003562247890262444,""r"":36}",
      4096,         0,         0,   0.527,chromobius,83710c41f8e80c89329c11479ba2d8c1fa9567f42b7bfe4a289d71c01c8fdca9,"{""d"":9,""p"":0.00041753189365604,""r"":36}",
      5120,         1,         0,   0.614,chromobius,c01a6a6f1f9520f132c076f04a2dafd9529157046af845a974410f5377208dd7,"{""d"":9,""p"":0.0003562247890262444,""r"":36}",
      5120,         0,         0,   0.658,chromobius,83710c41f8e80c89329c11479ba2d8c1fa9567f42b7bfe4a289d71c01c8fdca9,"{""d"":9,""p"":0.00041753189365604,""r"":36}",
    965632,       255,         0,   120.0,chromobius,83710c41f8e80c89329c11479ba2d8c1fa9567f42b7bfe4a289d71c01c8fdca9,"{""d"":9,""p"":0.00041753189365604,""r"":36}",
      7168,         0,         0,   0.830,chromobius,c01a6a6f1f9520f132c076f04a2dafd9529157046af845a974410f5377208dd7,"{""d"":9,""p"":0.0003562247890262444,""r"":36}",
      7168,         6,         0,   0.914,chromobius,83710c41f8e80c89329c11479ba2d8c1fa9567f42b7bfe4a289d71c01c8fdca9,"{""d"":9,""p"":0.00041753189365604,""r"":36}",
     10240,         1,         0,    1.14,chromobius,c01a6a6f1f9520f132c076f04a2dafd9529157046af845a974410f5377208dd7,"{""d"":9,""p"":0.0003562247890262444,""r"":36}",
      7168,         2,         0,    1.14,chromobius,83710c41f8e80c89329c11479ba2d8c1fa9567f42b7bfe4a289d71c01c8fdca9,"{""d"":9,""p"":0.00041753189365604,""r"":36}",
     14336,         1,         0,    1.62,chromobius,c01a6a6f1f9520f132c076f04a2dafd9529157046af845a974410f5377208dd7,"{""d"":9,""p"":0.0003562247890262444,""r"":36}",
     10240,         4,         0,    1.67,chromobius,83710c41f8e80c89329c11479ba2d8c1fa9567f42b7bfe4a289d71c01c8fdca9,"{""d"":9,""p"":0.00041753189365604,""r"":36}",
    113664,        12,         0,    11.7,chromobius,7c0a31ab969d9033ff323c16d89d07812b1a51d7629d57f784a655c8dbffb4fd,"{""d"":9,""p"":0.0003039195382313198,""r"":36}",
     19456,         0,         0,    2.18,chromobius,c01a6a6f1f9520f132c076f04a2dafd9529157046af845a974410f5377208dd7,"{""d"":9,""p"":0.0003562247890262444,""r"":36}",
    398336,         8,         0,    22.9,chromobius,6fd182fa8beb755f3a574c046d14e0a19a388fa3a293d7f3f6d47c26564fe8f3,"{""d"":9,""p"":0.00018873918221350977,""r"":36}",
     14336,         3,         0,    2.32,chromobius,83710c41f8e80c89329c11479ba2d8c1fa9567f42b7bfe4a289d71c01c8fdca9,"{""d"":9,""p"":0.00041753189365604,""r"":36}",
     26624,         3,         0,    3.08,chromobius,c01a6a6f1f9520f132c076f04a2dafd9529157046af845a974410f5377208dd7,"{""d"":9,""p"":0.0003562247890262444,""r"":36}",
    211968,         6,         0,    16.5,chromobius,f05b9f7826c1727b73b7e4b58103906331fb1df4f11bc04e52a8abcaaa0e1518,"{""d"":9,""p"":0.0002592943797404667,""r"":36}",
     23552,         5,         0,    3.06,chromobius,83710c41f8e80c89329c11479ba2d8c1fa9567f42b7bfe4a289d71c01c8fdca9,"{""d"":9,""p"":0.00041753189365604,""r"":36}",
     36864,         6,         0,    4.31,chromobius,c01a6a6f1f9520f132c076f04a2dafd9529157046af845a974410f5377208dd7,"{""d"":9,""p"":0.0003562247890262444,""r"":36}",
     32768,         6,         0,    4.27,chromobius,83710c41f8e80c89329c11479ba2d8c1fa9567f42b7bfe4a289d71c01c8fdca9,"{""d"":9,""p"":0.00041753189365604,""r"":36}",
    324608,         8,         0,    22.9,chromobius,5b1c3e45f62beb7d57027883f0b81ab3bddf3446a083a1d10041dd63d27474e5,"{""d"":9,""p"":0.000221221629107045,""r"":36}",
     52224,         7,         0,    5.98,chromobius,c01a6a6f1f9520f132c076f04a2dafd9529157046af845a974410f5377208dd7,"{""d"":9,""p"":0.0003562247890262444,""r"":36}",
     46080,        11,         0,    6.02,chromobius,83710c41f8e80c89329c11479ba2d8c1fa9567f42b7bfe4a289d71c01c8fdca9,"{""d"":9,""p"":0.00041753189365604,""r"":36}",
    169984,        16,         0,    16.4,chromobius,7c0a31ab969d9033ff323c16d89d07812b1a51d7629d57f784a655c8dbffb4fd,"{""d"":9,""p"":0.0003039195382313198,""r"":36}",
     71680,        12,         0,    8.39,chromobius,c01a6a6f1f9520f132c076f04a2dafd9529157046af845a974410f5377208dd7,"{""d"":9,""p"":0.0003562247890262444,""r"":36}",
     65536,        14,         0,    8.48,chromobius,83710c41f8e80c89329c11479ba2d8c1fa9567f42b7bfe4a289d71c01c8fdca9,"{""d"":9,""p"":0.00041753189365604,""r"":36}",
    291840,        10,         0,    23.0,chromobius,f05b9f7826c1727b73b7e4b58103906331fb1df4f11bc04e52a8abcaaa0e1518,"{""d"":9,""p"":0.0002592943797404667,""r"":36}",
    562176,         8,         0,    32.1,chromobius,6fd182fa8beb755f3a574c046d14e0a19a388fa3a293d7f3f6d47c26564fe8f3,"{""d"":9,""p"":0.00018873918221350977,""r"":36}",
    100352,        12,         0,    11.7,chromobius,c01a6a6f1f9520f132c076f04a2dafd9529157046af845a974410f5377208dd7,"{""d"":9,""p"":0.0003562247890262444,""r"":36}",
     91136,        26,         0,    11.8,chromobius,83710c41f8e80c89329c11479ba2d8c1fa9567f42b7bfe4a289d71c01c8fdca9,"{""d"":9,""p"":0.00041753189365604,""r"":36}",
    240640,        17,         0,    23.0,chromobius,7c0a31ab969d9033ff323c16d89d07812b1a51d7629d57f784a655c8dbffb4fd,"{""d"":9,""p"":0.0003039195382313198,""r"":36}",
    486400,        23,         0,    32.1,chromobius,5b1c3e45f62beb7d57027883f0b81ab3bddf3446a083a1d10041dd63d27474e5,"{""d"":9,""p"":0.000221221629107045,""r"":36}",
    139264,        22,         0,    16.4,chromobius,c01a6a6f1f9520f132c076f04a2dafd9529157046af845a974410f5377208dd7,"{""d"":9,""p"":0.0003562247890262444,""r"":36}",
    126976,        33,         0,    16.4,chromobius,83710c41f8e80c89329c11479ba2d8c1fa9567f42b7bfe4a289d71c01c8fdca9,"{""d"":9,""p"":0.00041753189365604,""r"":36}",
    394240,        11,         0,    32.2,chromobius,f05b9f7826c1727b73b7e4b58103906331fb1df4f11bc04e52a8abcaaa0e1518,"{""d"":9,""p"":0.0002592943797404667,""r"":36}",
   1325056,       113,         0,   119.9,chromobius,7c0a31ab969d9033ff323c16d89d07812b1a51d7629d57f784a655c8dbffb4fd,"{""d"":9,""p"":0.0003039195382313198,""r"":36}",
    328704,        24,         0,    32.1,chromobius,7c0a31ab969d9033ff323c16d89d07812b1a51d7629d57f784a655c8dbffb4fd,"{""d"":9,""p"":0.0003039195382313198,""r"":36}",
    196608,        37,         0,    23.0,chromobius,c01a6a6f1f9520f132c076f04a2dafd9529157046af845a974410f5377208dd7,"{""d"":9,""p"":0.0003562247890262444,""r"":36}",
    184320,        52,         0,    23.1,chromobius,83710c41f8e80c89329c11479ba2d8c1fa9567f42b7bfe4a289d71c01c8fdca9,"{""d"":9,""p"":0.00041753189365604,""r"":36}",
   1759232,        49,         0,   119.8,chromobius,5b1c3e45f62beb7d57027883f0b81ab3bddf3446a083a1d10041dd63d27474e5,"{""d"":9,""p"":0.000221221629107045,""r"":36}",
    801792,        11,         0,    44.9,chromobius,6fd182fa8beb755f3a574c046d14e0a19a388fa3a293d7f3f6d47c26564fe8f3,"{""d"":9,""p"":0.00018873918221350977,""r"":36}",
   1111040,       169,         0,   119.9,chromobius,c01a6a6f1f9520f132c076f04a2dafd9529157046af845a974410f5377208dd7,"{""d"":9,""p"":0.0003562247890262444,""r"":36}",
    685056,        24,         0,    44.9,chromobius,5b1c3e45f62beb7d57027883f0b81ab3bddf3446a083a1d10041dd63d27474e5,"{""d"":9,""p"":0.000221221629107045,""r"":36}",
   1473536,        79,         0,   119.9,chromobius,f05b9f7826c1727b73b7e4b58103906331fb1df4f11bc04e52a8abcaaa0e1518,"{""d"":9,""p"":0.0002592943797404667,""r"":36}",
   2007040,        49,         0,   119.8,chromobius,6fd182fa8beb755f3a574c046d14e0a19a388fa3a293d7f3f6d47c26564fe8f3,"{""d"":9,""p"":0.00018873918221350977,""r"":36}",
    546816,        24,         0,    44.9,chromobius,f05b9f7826c1727b73b7e4b58103906331fb1df4f11bc04e52a8abcaaa0e1518,"{""d"":9,""p"":0.0002592943797404667,""r"":36}",
    281600,        35,         0,    32.2,chromobius,c01a6a6f1f9520f132c076f04a2dafd9529157046af845a974410f5377208dd7,"{""d"":9,""p"":0.0003562247890262444,""r"":36}",
    256000,        60,         0,    32.2,chromobius,83710c41f8e80c89329c11479ba2d8c1fa9567f42b7bfe4a289d71c01c8fdca9,"{""d"":9,""p"":0.00041753189365604,""r"":36}",
   1007616,       276,         0,   120.0,chromobius,83710c41f8e80c89329c11479ba2d8c1fa9567f42b7bfe4a289d71c01c8fdca9,"{""d"":9,""p"":0.00041753189365604,""r"":36}",
    464896,        46,         0,    45.0,chromobius,7c0a31ab969d9033ff323c16d89d07812b1a51d7629d57f784a655c8dbffb4fd,"{""d"":9,""p"":0.0003039195382313198,""r"":36}",
   1065984,        11,         0,    62.9,chromobius,6fd182fa8beb755f3a574c046d14e0a19a388fa3a293d7f3f6d47c26564fe8f3,"{""d"":9,""p"":0.00018873918221350977,""r"":36}",
    390144,        54,         0,    44.9,chromobius,c01a6a6f1f9520f132c076f04a2dafd9529157046af845a974410f5377208dd7,"{""d"":9,""p"":0.0003562247890262444,""r"":36}",
    948224,        30,         0,    62.9,chromobius,5b1c3e45f62beb7d57027883f0b81ab3bddf3446a083a1d10041dd63d27474e5,"{""d"":9,""p"":0.000221221629107045,""r"":36}",
    352256,       110,         0,    45.0,chromobius,83710c41f8e80c89329c11479ba2d8c1fa9567f42b7bfe4a289d71c01c8fdca9,"{""d"":9,""p"":0.00041753189365604,""r"":36}",
   1020344,        20,         0,    61.7,chromobius,6fd182fa8beb755f3a574c046d14e0a19a388fa3a293d7f3f6d47c26564fe8f3,"{""d"":9,""p"":0.00018873918221350977,""r"":36}",
    799744,        44,         0,    62.9,chromobius,f05b9f7826c1727b73b7e4b58103906331fb1df4f11bc04e52a8abcaaa0e1518,"{""d"":9,""p"":0.0002592943797404667,""r"":36}",
    632403,        10,         0,    38.3,chromobius,6fd182fa8beb755f3a574c046d14e0a19a388fa3a293d7f3f6d47c26564fe8f3,"{""d"":9,""p"":0.00018873918221350977,""r"":36}",
    650240,        54,         0,    63.0,chromobius,7c0a31ab969d9033ff323c16d89d07812b1a51d7629d57f784a655c8dbffb4fd,"{""d"":9,""p"":0.0003039195382313198,""r"":36}",
    316202,         5,         0,    19.0,chromobius,6fd182fa8beb755f3a574c046d14e0a19a388fa3a293d7f3f6d47c26564fe8f3,"{""d"":9,""p"":0.00018873918221350977,""r"":36}",
   1318912,       127,         0,   119.9,chromobius,7c0a31ab969d9033ff323c16d89d07812b1a51d7629d57f784a655c8dbffb4fd,"{""d"":9,""p"":0.0003039195382313198,""r"":36}",
    158101,         5,         0,    9.26,chromobius,6fd182fa8beb755f3a574c046d14e0a19a388fa3a293d7f3f6d47c26564fe8f3,"{""d"":9,""p"":0.00018873918221350977,""r"":36}",
     98304,         3,         0,    5.92,chromobius,6fd182fa8beb755f3a574c046d14e0a19a388fa3a293d7f3f6d47c26564fe8f3,"{""d"":9,""p"":0.00018873918221350977,""r"":36}",
     29898,         0,         0,    1.76,chromobius,6fd182fa8beb755f3a574c046d14e0a19a388fa3a293d7f3f6d47c26564fe8f3,"{""d"":9,""p"":0.00018873918221350977,""r"":36}",
     29696,         0,         0,    1.76,chromobius,6fd182fa8beb755f3a574c046d14e0a19a388fa3a293d7f3f6d47c26564fe8f3,"{""d"":9,""p"":0.00018873918221350977,""r"":36}",
       101,         0,         0,   0.008,chromobius,6fd182fa8beb755f3a574c046d14e0a19a388fa3a293d7f3f6d47c26564fe8f3,"{""d"":9,""p"":0.00018873918221350977,""r"":36}",
       101,         0,         0,   0.008,chromobius,6fd182fa8beb755f3a574c046d14e0a19a388fa3a293d7f3f6d47c26564fe8f3,"{""d"":9,""p"":0.00018873918221350977,""r"":36}",
       273,         0,         0,   0.023,chromobius,5b1c3e45f62beb7d57027883f0b81ab3bddf3446a083a1d10041dd63d27474e5,"{""d"":9,""p"":0.000221221629107045,""r"":36}",
       273,         0,         0,   0.027,chromobius,f05b9f7826c1727b73b7e4b58103906331fb1df4f11bc04e52a8abcaaa0e1518,"{""d"":9,""p"":0.0002592943797404667,""r"":36}",
      1024,         0,         0,   0.070,chromobius,5b1c3e45f62beb7d57027883f0b81ab3bddf3446a083a1d10041dd63d27474e5,"{""d"":9,""p"":0.000221221629107045,""r"":36}",
      1024,         0,         0,   0.090,chromobius,f05b9f7826c1727b73b7e4b58103906331fb1df4f11bc04e52a8abcaaa0e1518,"{""d"":9,""p"":0.0002592943797404667,""r"":36}",
      1024,         0,         0,   0.073,chromobius,5b1c3e45f62beb7d57027883f0b81ab3bddf3446a083a1d10041dd63d27474e5,"{""d"":9,""p"":0.000221221629107045,""r"":36}",
      1024,         0,         0,   0.082,chromobius,f05b9f7826c1727b73b7e4b58103906331fb1df4f11bc04e52a8abcaaa0e1518,"{""d"":9,""p"":0.0002592943797404667,""r"":36}",
      1024,         0,         0,   0.071,chromobius,5b1c3e45f62beb7d57027883f0b81ab3bddf3446a083a1d10041dd63d27474e5,"{""d"":9,""p"":0.000221221629107045,""r"":36}",
      1024,         0,         0,   0.082,chromobius,f05b9f7826c1727b73b7e4b58103906331fb1df4f11bc04e52a8abcaaa0e1518,"{""d"":9,""p"":0.0002592943797404667,""r"":36}",
      1024,         0,         0,   0.075,chromobius,5b1c3e45f62beb7d57027883f0b81ab3bddf3446a083a1d10041dd63d27474e5,"{""d"":9,""p"":0.000221221629107045,""r"":36}",
      1024,         0,         0,   0.086,chromobius,f05b9f7826c1727b73b7e4b58103906331fb1df4f11bc04e52a8abcaaa0e1518,"{""d"":9,""p"":0.0002592943797404667,""r"":36}",
      1024,         0,         0,   0.067,chromobius,5b1c3e45f62beb7d57027883f0b81ab3bddf3446a083a1d10041dd63d27474e5,"{""d"":9,""p"":0.000221221629107045,""r"":36}",
      1024,         0,         0,   0.086,chromobius,f05b9f7826c1727b73b7e4b58103906331fb1df4f11bc04e52a8abcaaa0e1518,"{""d"":9,""p"":0.0002592943797404667,""r"":36}",
      2048,         0,         0,   0.138,chromobius,5b1c3e45f62beb7d57027883f0b81ab3bddf3446a083a1d10041dd63d27474e5,"{""d"":9,""p"":0.000221221629107045,""r"":36}",
      1024,         0,         0,   0.086,chromobius,f05b9f7826c1727b73b7e4b58103906331fb1df4f11bc04e52a8abcaaa0e1518,"{""d"":9,""p"":0.0002592943797404667,""r"":36}",
      2048,         0,         0,   0.148,chromobius,5b1c3e45f62beb7d57027883f0b81ab3bddf3446a083a1d10041dd63d27474e5,"{""d"":9,""p"":0.000221221629107045,""r"":36}",
      2048,         0,         0,   0.173,chromobius,f05b9f7826c1727b73b7e4b58103906331fb1df4f11bc04e52a8abcaaa0e1518,"{""d"":9,""p"":0.0002592943797404667,""r"":36}",
      2048,         0,         0,   0.149,chromobius,5b1c3e45f62beb7d57027883f0b81ab3bddf3446a083a1d10041dd63d27474e5,"{""d"":9,""p"":0.000221221629107045,""r"":36}",
      2048,         0,         0,   0.174,chromobius,f05b9f7826c1727b73b7e4b58103906331fb1df4f11bc04e52a8abcaaa0e1518,"{""d"":9,""p"":0.0002592943797404667,""r"":36}",
      3072,         0,         0,   0.220,chromobius,5b1c3e45f62beb7d57027883f0b81ab3bddf3446a083a1d10041dd63d27474e5,"{""d"":9,""p"":0.000221221629107045,""r"":36}",
      3072,         0,         0,   0.258,chromobius,f05b9f7826c1727b73b7e4b58103906331fb1df4f11bc04e52a8abcaaa0e1518,"{""d"":9,""p"":0.0002592943797404667,""r"":36}",
      4096,         0,         0,   0.290,chromobius,5b1c3e45f62beb7d57027883f0b81ab3bddf3446a083a1d10041dd63d27474e5,"{""d"":9,""p"":0.000221221629107045,""r"":36}",
      4096,         0,         0,   0.340,chromobius,f05b9f7826c1727b73b7e4b58103906331fb1df4f11bc04e52a8abcaaa0e1518,"{""d"":9,""p"":0.0002592943797404667,""r"":36}",
      6144,         1,         0,   0.451,chromobius,5b1c3e45f62beb7d57027883f0b81ab3bddf3446a083a1d10041dd63d27474e5,"{""d"":9,""p"":0.000221221629107045,""r"":36}",
      5120,         0,         0,   0.410,chromobius,f05b9f7826c1727b73b7e4b58103906331fb1df4f11bc04e52a8abcaaa0e1518,"{""d"":9,""p"":0.0002592943797404667,""r"":36}",
      8192,         0,         0,   0.576,chromobius,5b1c3e45f62beb7d57027883f0b81ab3bddf3446a083a1d10041dd63d27474e5,"{""d"":9,""p"":0.000221221629107045,""r"":36}",
      7168,         0,         0,   0.602,chromobius,f05b9f7826c1727b73b7e4b58103906331fb1df4f11bc04e52a8abcaaa0e1518,"{""d"":9,""p"":0.0002592943797404667,""r"":36}",
     12288,         0,         0,   0.837,chromobius,5b1c3e45f62beb7d57027883f0b81ab3bddf3446a083a1d10041dd63d27474e5,"{""d"":9,""p"":0.000221221629107045,""r"":36}",
     10240,         1,         0,   0.843,chromobius,f05b9f7826c1727b73b7e4b58103906331fb1df4f11bc04e52a8abcaaa0e1518,"{""d"":9,""p"":0.0002592943797404667,""r"":36}",
   1769472,        53,         0,   119.8,chromobius,5b1c3e45f62beb7d57027883f0b81ab3bddf3446a083a1d10041dd63d27474e5,"{""d"":9,""p"":0.000221221629107045,""r"":36}",
     16384,         1,         0,    1.14,chromobius,5b1c3e45f62beb7d57027883f0b81ab3bddf3446a083a1d10041dd63d27474e5,"{""d"":9,""p"":0.000221221629107045,""r"":36}",
     14336,         0,         0,    1.18,chromobius,f05b9f7826c1727b73b7e4b58103906331fb1df4f11bc04e52a8abcaaa0e1518,"{""d"":9,""p"":0.0002592943797404667,""r"":36}",
     22528,         0,         0,    1.57,chromobius,5b1c3e45f62beb7d57027883f0b81ab3bddf3446a083a1d10041dd63d27474e5,"{""d"":9,""p"":0.000221221629107045,""r"":36}",
     19456,         0,         0,    1.62,chromobius,f05b9f7826c1727b73b7e4b58103906331fb1df4f11bc04e52a8abcaaa0e1518,"{""d"":9,""p"":0.0002592943797404667,""r"":36}",
     30720,         0,         0,    2.19,chromobius,5b1c3e45f62beb7d57027883f0b81ab3bddf3446a083a1d10041dd63d27474e5,"{""d"":9,""p"":0.000221221629107045,""r"":36}",
     26624,         1,         0,    2.23,chromobius,f05b9f7826c1727b73b7e4b58103906331fb1df4f11bc04e52a8abcaaa0e1518,"{""d"":9,""p"":0.0002592943797404667,""r"":36}",
     43008,         0,         0,    3.08,chromobius,5b1c3e45f62beb7d57027883f0b81ab3bddf3446a083a1d10041dd63d27474e5,"{""d"":9,""p"":0.000221221629107045,""r"":36}",
     36864,         0,         0,    3.08,chromobius,f05b9f7826c1727b73b7e4b58103906331fb1df4f11bc04e52a8abcaaa0e1518,"{""d"":9,""p"":0.0002592943797404667,""r"":36}",
   1122304,       161,         0,   119.9,chromobius,c01a6a6f1f9520f132c076f04a2dafd9529157046af845a974410f5377208dd7,"{""d"":9,""p"":0.0003562247890262444,""r"":36}",
     62464,         2,         0,    4.27,chromobius,5b1c3e45f62beb7d57027883f0b81ab3bddf3446a083a1d10041dd63d27474e5,"{""d"":9,""p"":0.000221221629107045,""r"":36}",
     52224,         4,         0,    4.29,chromobius,f05b9f7826c1727b73b7e4b58103906331fb1df4f11bc04e52a8abcaaa0e1518,"{""d"":9,""p"":0.0002592943797404667,""r"":36}",
     88064,         4,         0,    5.98,chromobius,5b1c3e45f62beb7d57027883f0b81ab3bddf3446a083a1d10041dd63d27474e5,"{""d"":9,""p"":0.000221221629107045,""r"":36}",
     74752,         4,         0,    6.02,chromobius,f05b9f7826c1727b73b7e4b58103906331fb1df4f11bc04e52a8abcaaa0e1518,"{""d"":9,""p"":0.0002592943797404667,""r"":36}",
    545792,        72,         0,    63.0,chromobius,c01a6a6f1f9520f132c076f04a2dafd9529157046af845a974410f5377208dd7,"{""d"":9,""p"":0.0003562247890262444,""r"":36}",
    498688,       125,         0,    63.0,chromobius,83710c41f8e80c89329c11479ba2d8c1fa9567f42b7bfe4a289d71c01c8fdca9,"{""d"":9,""p"":0.00041753189365604,""r"":36}",
   1516544,        84,         0,   119.8,chromobius,f05b9f7826c1727b73b7e4b58103906331fb1df4f11bc04e52a8abcaaa0e1518,"{""d"":9,""p"":0.0002592943797404667,""r"":36}",
    122880,         7,         0,    8.38,chromobius,5b1c3e45f62beb7d57027883f0b81ab3bddf3446a083a1d10041dd63d27474e5,"{""d"":9,""p"":0.000221221629107045,""r"":36}",
    103424,         6,         0,    8.36,chromobius,f05b9f7826c1727b73b7e4b58103906331fb1df4f11bc04e52a8abcaaa0e1518,"{""d"":9,""p"":0.0002592943797404667,""r"":36}",
    172032,         7,         0,    11.7,chromobius,5b1c3e45f62beb7d57027883f0b81ab3bddf3446a083a1d10041dd63d27474e5,"{""d"":9,""p"":0.000221221629107045,""r"":36}",
    146432,         9,         0,    11.7,chromobius,f05b9f7826c1727b73b7e4b58103906331fb1df4f11bc04e52a8abcaaa0e1518,"{""d"":9,""p"":0.0002592943797404667,""r"":36}",
    986112,       234,         0,   120.0,chromobius,83710c41f8e80c89329c11479ba2d8c1fa9567f42b7bfe4a289d71c01c8fdca9,"{""d"":9,""p"":0.00041753189365604,""r"":36}",
    166912,        39,         0,    21.1,chromobius,83710c41f8e80c89329c11479ba2d8c1fa9567f42b7bfe4a289d71c01c8fdca9,"{""d"":9,""p"":0.00041753189365604,""r"":36}",
      1024,         0,         0,   0.125,chromobius,83710c41f8e80c89329c11479ba2d8c1fa9567f42b7bfe4a289d71c01c8fdca9,"{""d"":9,""p"":0.00041753189365604,""r"":36}",
       273,         0,         0,   0.031,chromobius,7c0a31ab969d9033ff323c16d89d07812b1a51d7629d57f784a655c8dbffb4fd,"{""d"":9,""p"":0.0003039195382313198,""r"":36}",
       273,         0,         0,   0.031,chromobius,c01a6a6f1f9520f132c076f04a2dafd9529157046af845a974410f5377208dd7,"{""d"":9,""p"":0.0003562247890262444,""r"":36}",
      1024,         1,         0,   0.099,chromobius,7c0a31ab969d9033ff323c16d89d07812b1a51d7629d57f784a655c8dbffb4fd,"{""d"":9,""p"":0.0003039195382313198,""r"":36}",
      1024,         0,         0,   0.117,chromobius,c01a6a6f1f9520f132c076f04a2dafd9529157046af845a974410f5377208dd7,"{""d"":9,""p"":0.0003562247890262444,""r"":36}",
      1024,         0,         0,   0.104,chromobius,7c0a31ab969d9033ff323c16d89d07812b1a51d7629d57f784a655c8dbffb4fd,"{""d"":9,""p"":0.0003039195382313198,""r"":36}",
      1024,         0,         0,   0.121,chromobius,c01a6a6f1f9520f132c076f04a2dafd9529157046af845a974410f5377208dd7,"{""d"":9,""p"":0.0003562247890262444,""r"":36}",
      1024,         0,         0,   0.104,chromobius,7c0a31ab969d9033ff323c16d89d07812b1a51d7629d57f784a655c8dbffb4fd,"{""d"":9,""p"":0.0003039195382313198,""r"":36}",
      1024,         0,         0,   0.122,chromobius,c01a6a6f1f9520f132c076f04a2dafd9529157046af845a974410f5377208dd7,"{""d"":9,""p"":0.0003562247890262444,""r"":36}",
      1024,         0,         0,   0.101,chromobius,7c0a31ab969d9033ff323c16d89d07812b1a51d7629d57f784a655c8dbffb4fd,"{""d"":9,""p"":0.0003039195382313198,""r"":36}",
      1024,         0,         0,   0.116,chromobius,c01a6a6f1f9520f132c076f04a2dafd9529157046af845a974410f5377208dd7,"{""d"":9,""p"":0.0003562247890262444,""r"":36}",
      1024,         0,         0,   0.100,chromobius,7c0a31ab969d9033ff323c16d89d07812b1a51d7629d57f784a655c8dbffb4fd,"{""d"":9,""p"":0.0003039195382313198,""r"":36}",
      1024,         0,         0,   0.113,chromobius,c01a6a6f1f9520f132c076f04a2dafd9529157046af845a974410f5377208dd7,"{""d"":9,""p"":0.0003562247890262444,""r"":36}",
      1024,         0,         0,   0.094,chromobius,7c0a31ab969d9033ff323c16d89d07812b1a51d7629d57f784a655c8dbffb4fd,"{""d"":9,""p"":0.0003039195382313198,""r"":36}",
      1024,         2,         0,   0.112,chromobius,c01a6a6f1f9520f132c076f04a2dafd9529157046af845a974410f5377208dd7,"{""d"":9,""p"":0.0003562247890262444,""r"":36}",
      2048,         0,         0,   0.191,chromobius,7c0a31ab969d9033ff323c16d89d07812b1a51d7629d57f784a655c8dbffb4fd,"{""d"":9,""p"":0.0003039195382313198,""r"":36}",
      1024,         0,         0,   0.117,chromobius,c01a6a6f1f9520f132c076f04a2dafd9529157046af845a974410f5377208dd7,"{""d"":9,""p"":0.0003562247890262444,""r"":36}",
      2048,         0,         0,   0.203,chromobius,7c0a31ab969d9033ff323c16d89d07812b1a51d7629d57f784a655c8dbffb4fd,"{""d"":9,""p"":0.0003039195382313198,""r"":36}",
      2048,         1,         0,   0.228,chromobius,c01a6a6f1f9520f132c076f04a2dafd9529157046af845a974410f5377208dd7,"{""d"":9,""p"":0.0003562247890262444,""r"":36}",
      2048,         0,         0,   0.208,chromobius,7c0a31ab969d9033ff323c16d89d07812b1a51d7629d57f784a655c8dbffb4fd,"{""d"":9,""p"":0.0003039195382313198,""r"":36}",
      2048,         1,         0,   0.231,chromobius,c01a6a6f1f9520f132c076f04a2dafd9529157046af845a974410f5377208dd7,"{""d"":9,""p"":0.0003562247890262444,""r"":36}",
      4096,         1,         0,   0.378,chromobius,7c0a31ab969d9033ff323c16d89d07812b1a51d7629d57f784a655c8dbffb4fd,"{""d"":9,""p"":0.0003039195382313198,""r"":36}",
      3072,         0,         0,   0.361,chromobius,c01a6a6f1f9520f132c076f04a2dafd9529157046af845a974410f5377208dd7,"{""d"":9,""p"":0.0003562247890262444,""r"":36}",
      5120,         0,         0,   0.480,chromobius,7c0a31ab969d9033ff323c16d89d07812b1a51d7629d57f784a655c8dbffb4fd,"{""d"":9,""p"":0.0003039195382313198,""r"":36}",
      4096,         0,         0,   0.465,chromobius,c01a6a6f1f9520f132c076f04a2dafd9529157046af845a974410f5377208dd7,"{""d"":9,""p"":0.0003562247890262444,""r"":36}",
      6144,         0,         0,   0.593,chromobius,7c0a31ab969d9033ff323c16d89d07812b1a51d7629d57f784a655c8dbffb4fd,"{""d"":9,""p"":0.0003039195382313198,""r"":36}",
      5120,         1,         0,   0.584,chromobius,c01a6a6f1f9520f132c076f04a2dafd9529157046af845a974410f5377208dd7,"{""d"":9,""p"":0.0003562247890262444,""r"":36}",
   1300480,        51,         0,    88.1,chromobius,5b1c3e45f62beb7d57027883f0b81ab3bddf3446a083a1d10041dd63d27474e5,"{""d"":9,""p"":0.000221221629107045,""r"":36}",
      9216,         0,         0,   0.886,chromobius,7c0a31ab969d9033ff323c16d89d07812b1a51d7629d57f784a655c8dbffb4fd,"{""d"":9,""p"":0.0003039195382313198,""r"":36}",
      8192,         0,         0,   0.906,chromobius,c01a6a6f1f9520f132c076f04a2dafd9529157046af845a974410f5377208dd7,"{""d"":9,""p"":0.0003562247890262444,""r"":36}",
     12288,         2,         0,    1.17,chromobius,7c0a31ab969d9033ff323c16d89d07812b1a51d7629d57f784a655c8dbffb4fd,"{""d"":9,""p"":0.0003039195382313198,""r"":36}",
     11264,         1,         0,    1.22,chromobius,c01a6a6f1f9520f132c076f04a2dafd9529157046af845a974410f5377208dd7,"{""d"":9,""p"":0.0003562247890262444,""r"":36}",
     16384,         1,         0,    1.57,chromobius,7c0a31ab969d9033ff323c16d89d07812b1a51d7629d57f784a655c8dbffb4fd,"{""d"":9,""p"":0.0003039195382313198,""r"":36}",
     15360,         2,         0,    1.65,chromobius,c01a6a6f1f9520f132c076f04a2dafd9529157046af845a974410f5377208dd7,"{""d"":9,""p"":0.0003562247890262444,""r"":36}",
     23552,         0,         0,    2.24,chromobius,7c0a31ab969d9033ff323c16d89d07812b1a51d7629d57f784a655c8dbffb4fd,"{""d"":9,""p"":0.0003039195382313198,""r"":36}",
     19456,         3,         0,    2.21,chromobius,c01a6a6f1f9520f132c076f04a2dafd9529157046af845a974410f5377208dd7,"{""d"":9,""p"":0.0003562247890262444,""r"":36}",
     32768,         0,         0,    3.13,chromobius,7c0a31ab969d9033ff323c16d89d07812b1a51d7629d57f784a655c8dbffb4fd,"{""d"":9,""p"":0.0003039195382313198,""r"":36}",
     27648,         6,         0,    3.07,chromobius,c01a6a6f1f9520f132c076f04a2dafd9529157046af845a974410f5377208dd7,"{""d"":9,""p"":0.0003562247890262444,""r"":36}",
    250880,        10,         0,    16.4,chromobius,5b1c3e45f62beb7d57027883f0b81ab3bddf3446a083a1d10041dd63d27474e5,"{""d"":9,""p"":0.000221221629107045,""r"":36}",
    204800,        10,         0,    16.4,chromobius,f05b9f7826c1727b73b7e4b58103906331fb1df4f11bc04e52a8abcaaa0e1518,"{""d"":9,""p"":0.0002592943797404667,""r"":36}",
     45056,         4,         0,    4.33,chromobius,7c0a31ab969d9033ff323c16d89d07812b1a51d7629d57f784a655c8dbffb4fd,"{""d"":9,""p"":0.0003039195382313198,""r"":36}",
     38912,         6,         0,    4.37,chromobius,c01a6a6f1f9520f132c076f04a2dafd9529157046af845a974410f5377208dd7,"{""d"":9,""p"":0.0003562247890262444,""r"":36}",
   1121280,        62,         0,    88.1,chromobius,f05b9f7826c1727b73b7e4b58103906331fb1df4f11bc04e52a8abcaaa0e1518,"{""d"":9,""p"":0.0002592943797404667,""r"":36}",
     64512,         8,         0,    5.98,chromobius,7c0a31ab969d9033ff323c16d89d07812b1a51d7629d57f784a655c8dbffb4fd,"{""d"":9,""p"":0.0003039195382313198,""r"":36}",
     54272,         6,         0,    6.03,chromobius,c01a6a6f1f9520f132c076f04a2dafd9529157046af845a974410f5377208dd7,"{""d"":9,""p"":0.0003562247890262444,""r"":36}",
     92160,         3,         0,    8.42,chromobius,7c0a31ab969d9033ff323c16d89d07812b1a51d7629d57f784a655c8dbffb4fd,"{""d"":9,""p"":0.0003039195382313198,""r"":36}",
     75776,         7,         0,    8.41,chromobius,c01a6a6f1f9520f132c076f04a2dafd9529157046af845a974410f5377208dd7,"{""d"":9,""p"":0.0003562247890262444,""r"":36}",
    928768,        97,         0,    88.2,chromobius,7c0a31ab969d9033ff323c16d89d07812b1a51d7629d57f784a655c8dbffb4fd,"{""d"":9,""p"":0.0003039195382313198,""r"":36}",
    349184,        15,         0,    22.9,chromobius,5b1c3e45f62beb7d57027883f0b81ab3bddf3446a083a1d10041dd63d27474e5,"{""d"":9,""p"":0.000221221629107045,""r"":36}",
    286720,        19,         0,    23.0,chromobius,f05b9f7826c1727b73b7e4b58103906331fb1df4f11bc04e52a8abcaaa0e1518,"{""d"":9,""p"":0.0002592943797404667,""r"":36}",
    128000,        14,         0,    11.8,chromobius,7c0a31ab969d9033ff323c16d89d07812b1a51d7629d57f784a655c8dbffb4fd,"{""d"":9,""p"":0.0003039195382313198,""r"":36}",
    106496,        21,         0,    11.8,chromobius,c01a6a6f1f9520f132c076f04a2dafd9529157046af845a974410f5377208dd7,"{""d"":9,""p"":0.0003562247890262444,""r"":36}",
   1499338,        46,         0,    98.9,chromobius,5b1c3e45f62beb7d57027883f0b81ab3bddf3446a083a1d10041dd63d27474e5,"{""d"":9,""p"":0.000221221629107045,""r"":36}",
    180224,        12,         0,    16.4,chromobius,7c0a31ab969d9033ff323c16d89d07812b1a51d7629d57f784a655c8dbffb4fd,"{""d"":9,""p"":0.0003039195382313198,""r"":36}",
    148480,        19,         0,    16.4,chromobius,c01a6a6f1f9520f132c076f04a2dafd9529157046af845a974410f5377208dd7,"{""d"":9,""p"":0.0003562247890262444,""r"":36}",
    769024,       145,         0,    88.2,chromobius,c01a6a6f1f9520f132c076f04a2dafd9529157046af845a974410f5377208dd7,"{""d"":9,""p"":0.0003562247890262444,""r"":36}",
    485376,        10,         0,    32.1,chromobius,5b1c3e45f62beb7d57027883f0b81ab3bddf3446a083a1d10041dd63d27474e5,"{""d"":9,""p"":0.000221221629107045,""r"":36}",
    399360,        17,         0,    32.1,chromobius,f05b9f7826c1727b73b7e4b58103906331fb1df4f11bc04e52a8abcaaa0e1518,"{""d"":9,""p"":0.0002592943797404667,""r"":36}",
   1316864,       106,         0,   119.8,chromobius,7c0a31ab969d9033ff323c16d89d07812b1a51d7629d57f784a655c8dbffb4fd,"{""d"":9,""p"":0.0003039195382313198,""r"":36}",
    232448,        27,         0,    22.9,chromobius,7c0a31ab969d9033ff323c16d89d07812b1a51d7629d57f784a655c8dbffb4fd,"{""d"":9,""p"":0.0003039195382313198,""r"":36}",
    205824,        24,         0,    23.0,chromobius,c01a6a6f1f9520f132c076f04a2dafd9529157046af845a974410f5377208dd7,"{""d"":9,""p"":0.0003562247890262444,""r"":36}",
   1123328,       166,         0,   119.9,chromobius,c01a6a6f1f9520f132c076f04a2dafd9529157046af845a974410f5377208dd7,"{""d"":9,""p"":0.0003562247890262444,""r"":36}",
   1344556,        42,         0,    93.1,chromobius,5b1c3e45f62beb7d57027883f0b81ab3bddf3446a083a1d10041dd63d27474e5,"{""d"":9,""p"":0.000221221629107045,""r"":36}",
   1468416,        77,         0,   119.9,chromobius,f05b9f7826c1727b73b7e4b58103906331fb1df4f11bc04e52a8abcaaa0e1518,"{""d"":9,""p"":0.0002592943797404667,""r"":36}",
    734579,        23,         0,    50.1,chromobius,5b1c3e45f62beb7d57027883f0b81ab3bddf3446a083a1d10041dd63d27474e5,"{""d"":9,""p"":0.000221221629107045,""r"":36}",
    591872,        14,         0,    40.3,chromobius,5b1c3e45f62beb7d57027883f0b81ab3bddf3446a083a1d10041dd63d27474e5,"{""d"":9,""p"":0.000221221629107045,""r"":36}",
    539648,        30,         0,    44.9,chromobius,f05b9f7826c1727b73b7e4b58103906331fb1df4f11bc04e52a8abcaaa0e1518,"{""d"":9,""p"":0.0002592943797404667,""r"":36}",
    335872,        37,         0,    32.2,chromobius,7c0a31ab969d9033ff323c16d89d07812b1a51d7629d57f784a655c8dbffb4fd,"{""d"":9,""p"":0.0003039195382313198,""r"":36}",
    283648,        52,         0,    32.1,chromobius,c01a6a6f1f9520f132c076f04a2dafd9529157046af845a974410f5377208dd7,"{""d"":9,""p"":0.0003562247890262444,""r"":36}",
    142707,         1,         0,    9.83,chromobius,5b1c3e45f62beb7d57027883f0b81ab3bddf3446a083a1d10041dd63d27474e5,"{""d"":9,""p"":0.000221221629107045,""r"":36}",
    323584,         9,         0,    21.2,chromobius,5b1c3e45f62beb7d57027883f0b81ab3bddf3446a083a1d10041dd63d27474e5,"{""d"":9,""p"":0.000221221629107045,""r"":36}",
    150528,         4,         0,    9.91,chromobius,5b1c3e45f62beb7d57027883f0b81ab3bddf3446a083a1d10041dd63d27474e5,"{""d"":9,""p"":0.000221221629107045,""r"":36}",
     36645,         2,         0,    2.34,chromobius,5b1c3e45f62beb7d57027883f0b81ab3bddf3446a083a1d10041dd63d27474e5,"{""d"":9,""p"":0.000221221629107045,""r"":36}",
     74607,         3,         0,    4.80,chromobius,5b1c3e45f62beb7d57027883f0b81ab3bddf3446a083a1d10041dd63d27474e5,"{""d"":9,""p"":0.000221221629107045,""r"":36}",
     73728,         6,         0,    4.80,chromobius,5b1c3e45f62beb7d57027883f0b81ab3bddf3446a083a1d10041dd63d27474e5,"{""d"":9,""p"":0.000221221629107045,""r"":36}",
       879,         0,         0,   0.059,chromobius,5b1c3e45f62beb7d57027883f0b81ab3bddf3446a083a1d10041dd63d27474e5,"{""d"":9,""p"":0.000221221629107045,""r"":36}",
     38912,         1,         0,    2.55,chromobius,5b1c3e45f62beb7d57027883f0b81ab3bddf3446a083a1d10041dd63d27474e5,"{""d"":9,""p"":0.000221221629107045,""r"":36}",
     11898,         0,         0,   0.861,chromobius,5b1c3e45f62beb7d57027883f0b81ab3bddf3446a083a1d10041dd63d27474e5,"{""d"":9,""p"":0.000221221629107045,""r"":36}",
     11898,         0,         0,   0.794,chromobius,5b1c3e45f62beb7d57027883f0b81ab3bddf3446a083a1d10041dd63d27474e5,"{""d"":9,""p"":0.000221221629107045,""r"":36}",
     11898,         2,         0,   0.828,chromobius,5b1c3e45f62beb7d57027883f0b81ab3bddf3446a083a1d10041dd63d27474e5,"{""d"":9,""p"":0.000221221629107045,""r"":36}",
       273,         0,         0,   0.027,chromobius,7c0a31ab969d9033ff323c16d89d07812b1a51d7629d57f784a655c8dbffb4fd,"{""d"":9,""p"":0.0003039195382313198,""r"":36}",
       273,         0,         0,   0.024,chromobius,f05b9f7826c1727b73b7e4b58103906331fb1df4f11bc04e52a8abcaaa0e1518,"{""d"":9,""p"":0.0002592943797404667,""r"":36}",
       273,         0,         0,   0.032,chromobius,c01a6a6f1f9520f132c076f04a2dafd9529157046af845a974410f5377208dd7,"{""d"":9,""p"":0.0003562247890262444,""r"":36}",
      1024,         0,         0,   0.081,chromobius,f05b9f7826c1727b73b7e4b58103906331fb1df4f11bc04e52a8abcaaa0e1518,"{""d"":9,""p"":0.0002592943797404667,""r"":36}",
      1024,         0,         0,   0.095,chromobius,7c0a31ab969d9033ff323c16d89d07812b1a51d7629d57f784a655c8dbffb4fd,"{""d"":9,""p"":0.0003039195382313198,""r"":36}",
      1024,         0,         0,   0.113,chromobius,c01a6a6f1f9520f132c076f04a2dafd9529157046af845a974410f5377208dd7,"{""d"":9,""p"":0.0003562247890262444,""r"":36}",
      1024,         0,         0,   0.082,chromobius,f05b9f7826c1727b73b7e4b58103906331fb1df4f11bc04e52a8abcaaa0e1518,"{""d"":9,""p"":0.0002592943797404667,""r"":36}",
      1024,         0,         0,   0.094,chromobius,7c0a31ab969d9033ff323c16d89d07812b1a51d7629d57f784a655c8dbffb4fd,"{""d"":9,""p"":0.0003039195382313198,""r"":36}",
      1024,         0,         0,   0.111,chromobius,c01a6a6f1f9520f132c076f04a2dafd9529157046af845a974410f5377208dd7,"{""d"":9,""p"":0.0003562247890262444,""r"":36}",
      1024,         0,         0,   0.083,chromobius,f05b9f7826c1727b73b7e4b58103906331fb1df4f11bc04e52a8abcaaa0e1518,"{""d"":9,""p"":0.0002592943797404667,""r"":36}",
      1024,         0,         0,   0.096,chromobius,7c0a31ab969d9033ff323c16d89d07812b1a51d7629d57f784a655c8dbffb4fd,"{""d"":9,""p"":0.0003039195382313198,""r"":36}",
      1024,         0,         0,   0.085,chromobius,f05b9f7826c1727b73b7e4b58103906331fb1df4f11bc04e52a8abcaaa0e1518,"{""d"":9,""p"":0.0002592943797404667,""r"":36}",
      1024,         0,         0,   0.110,chromobius,c01a6a6f1f9520f132c076f04a2dafd9529157046af845a974410f5377208dd7,"{""d"":9,""p"":0.0003562247890262444,""r"":36}",
      1024,         0,         0,   0.095,chromobius,7c0a31ab969d9033ff323c16d89d07812b1a51d7629d57f784a655c8dbffb4fd,"{""d"":9,""p"":0.0003039195382313198,""r"":36}",
      1024,         0,         0,   0.085,chromobius,f05b9f7826c1727b73b7e4b58103906331fb1df4f11bc04e52a8abcaaa0e1518,"{""d"":9,""p"":0.0002592943797404667,""r"":36}",
      1024,         1,         0,   0.116,chromobius,c01a6a6f1f9520f132c076f04a2dafd9529157046af845a974410f5377208dd7,"{""d"":9,""p"":0.0003562247890262444,""r"":36}",
      1024,         0,         0,   0.097,chromobius,7c0a31ab969d9033ff323c16d89d07812b1a51d7629d57f784a655c8dbffb4fd,"{""d"":9,""p"":0.0003039195382313198,""r"":36}",
      1024,         0,         0,   0.083,chromobius,f05b9f7826c1727b73b7e4b58103906331fb1df4f11bc04e52a8abcaaa0e1518,"{""d"":9,""p"":0.0002592943797404667,""r"":36}",
      1024,         0,         0,   0.094,chromobius,7c0a31ab969d9033ff323c16d89d07812b1a51d7629d57f784a655c8dbffb4fd,"{""d"":9,""p"":0.0003039195382313198,""r"":36}",
      1024,         0,         0,   0.113,chromobius,c01a6a6f1f9520f132c076f04a2dafd9529157046af845a974410f5377208dd7,"{""d"":9,""p"":0.0003562247890262444,""r"":36}",
      2048,         0,         0,   0.168,chromobius,f05b9f7826c1727b73b7e4b58103906331fb1df4f11bc04e52a8abcaaa0e1518,"{""d"":9,""p"":0.0002592943797404667,""r"":36}",
      1024,         0,         0,   0.110,chromobius,c01a6a6f1f9520f132c076f04a2dafd9529157046af845a974410f5377208dd7,"{""d"":9,""p"":0.0003562247890262444,""r"":36}",
      2048,         0,         0,   0.190,chromobius,7c0a31ab969d9033ff323c16d89d07812b1a51d7629d57f784a655c8dbffb4fd,"{""d"":9,""p"":0.0003039195382313198,""r"":36}",
      1024,         0,         0,   0.112,chromobius,c01a6a6f1f9520f132c076f04a2dafd9529157046af845a974410f5377208dd7,"{""d"":9,""p"":0.0003562247890262444,""r"":36}",
      2048,         0,         0,   0.187,chromobius,f05b9f7826c1727b73b7e4b58103906331fb1df4f11bc04e52a8abcaaa0e1518,"{""d"":9,""p"":0.0002592943797404667,""r"":36}",
      2048,         0,         0,   0.190,chromobius,7c0a31ab969d9033ff323c16d89d07812b1a51d7629d57f784a655c8dbffb4fd,"{""d"":9,""p"":0.0003039195382313198,""r"":36}",
      2048,         1,         0,   0.236,chromobius,c01a6a6f1f9520f132c076f04a2dafd9529157046af845a974410f5377208dd7,"{""d"":9,""p"":0.0003562247890262444,""r"":36}",
      3072,         0,         0,   0.262,chromobius,f05b9f7826c1727b73b7e4b58103906331fb1df4f11bc04e52a8abcaaa0e1518,"{""d"":9,""p"":0.0002592943797404667,""r"":36}",
      3072,         0,         0,   0.286,chromobius,7c0a31ab969d9033ff323c16d89d07812b1a51d7629d57f784a655c8dbffb4fd,"{""d"":9,""p"":0.0003039195382313198,""r"":36}",
      2048,         0,         0,   0.216,chromobius,c01a6a6f1f9520f132c076f04a2dafd9529157046af845a974410f5377208dd7,"{""d"":9,""p"":0.0003562247890262444,""r"":36}",
      4096,         0,         0,   0.344,chromobius,f05b9f7826c1727b73b7e4b58103906331fb1df4f11bc04e52a8abcaaa0e1518,"{""d"":9,""p"":0.0002592943797404667,""r"":36}",
      3072,         1,         0,   0.331,chromobius,c01a6a6f1f9520f132c076f04a2dafd9529157046af845a974410f5377208dd7,"{""d"":9,""p"":0.0003562247890262444,""r"":36}",
      4096,         1,         0,   0.380,chromobius,7c0a31ab969d9033ff323c16d89d07812b1a51d7629d57f784a655c8dbffb4fd,"{""d"":9,""p"":0.0003039195382313198,""r"":36}",
      5120,         0,         0,   0.421,chromobius,f05b9f7826c1727b73b7e4b58103906331fb1df4f11bc04e52a8abcaaa0e1518,"{""d"":9,""p"":0.0002592943797404667,""r"":36}",
      4096,         1,         0,   0.444,chromobius,c01a6a6f1f9520f132c076f04a2dafd9529157046af845a974410f5377208dd7,"{""d"":9,""p"":0.0003562247890262444,""r"":36}",
      5120,         1,         0,   0.470,chromobius,7c0a31ab969d9033ff323c16d89d07812b1a51d7629d57f784a655c8dbffb4fd,"{""d"":9,""p"":0.0003039195382313198,""r"":36}",
      7168,         0,         0,   0.610,chromobius,f05b9f7826c1727b73b7e4b58103906331fb1df4f11bc04e52a8abcaaa0e1518,"{""d"":9,""p"":0.0002592943797404667,""r"":36}",
      6144,         1,         0,   0.572,chromobius,7c0a31ab969d9033ff323c16d89d07812b1a51d7629d57f784a655c8dbffb4fd,"{""d"":9,""p"":0.0003039195382313198,""r"":36}",
      6144,         2,         0,   0.665,chromobius,c01a6a6f1f9520f132c076f04a2dafd9529157046af845a974410f5377208dd7,"{""d"":9,""p"":0.0003562247890262444,""r"":36}",
     10240,         0,         0,   0.838,chromobius,f05b9f7826c1727b73b7e4b58103906331fb1df4f11bc04e52a8abcaaa0e1518,"{""d"":9,""p"":0.0002592943797404667,""r"":36}",
      9216,         0,         0,   0.853,chromobius,7c0a31ab969d9033ff323c16d89d07812b1a51d7629d57f784a655c8dbffb4fd,"{""d"":9,""p"":0.0003039195382313198,""r"":36}",
      8192,         0,         0,   0.881,chromobius,c01a6a6f1f9520f132c076f04a2dafd9529157046af845a974410f5377208dd7,"{""d"":9,""p"":0.0003562247890262444,""r"":36}",
     13312,         0,         0,    1.12,chromobius,f05b9f7826c1727b73b7e4b58103906331fb1df4f11bc04e52a8abcaaa0e1518,"{""d"":9,""p"":0.0002592943797404667,""r"":36}",
     12288,         3,         0,    1.14,chromobius,7c0a31ab969d9033ff323c16d89d07812b1a51d7629d57f784a655c8dbffb4fd,"{""d"":9,""p"":0.0003039195382313198,""r"":36}",
     11264,         3,         0,    1.22,chromobius,c01a6a6f1f9520f132c076f04a2dafd9529157046af845a974410f5377208dd7,"{""d"":9,""p"":0.0003562247890262444,""r"":36}",
     19456,         0,         0,    1.61,chromobius,f05b9f7826c1727b73b7e4b58103906331fb1df4f11bc04e52a8abcaaa0e1518,"{""d"":9,""p"":0.0002592943797404667,""r"":36}",
     17408,         1,         0,    1.62,chromobius,7c0a31ab969d9033ff323c16d89d07812b1a51d7629d57f784a655c8dbffb4fd,"{""d"":9,""p"":0.0003039195382313198,""r"":36}",
     15360,         6,         0,    1.66,chromobius,c01a6a6f1f9520f132c076f04a2dafd9529157046af845a974410f5377208dd7,"{""d"":9,""p"":0.0003562247890262444,""r"":36}",
     26624,         0,         0,    2.19,chromobius,f05b9f7826c1727b73b7e4b58103906331fb1df4f11bc04e52a8abcaaa0e1518,"{""d"":9,""p"":0.0002592943797404667,""r"":36}",
     24576,         3,         0,    2.27,chromobius,7c0a31ab969d9033ff323c16d89d07812b1a51d7629d57f784a655c8dbffb4fd,"{""d"":9,""p"":0.0003039195382313198,""r"":36}",
     20480,         3,         0,    2.21,chromobius,c01a6a6f1f9520f132c076f04a2dafd9529157046af845a974410f5377208dd7,"{""d"":9,""p"":0.0003562247890262444,""r"":36}",
     36864,         3,         0,    3.05,chromobius,f05b9f7826c1727b73b7e4b58103906331fb1df4f11bc04e52a8abcaaa0e1518,"{""d"":9,""p"":0.0002592943797404667,""r"":36}",
     32768,         4,         0,    3.09,chromobius,7c0a31ab969d9033ff323c16d89d07812b1a51d7629d57f784a655c8dbffb4fd,"{""d"":9,""p"":0.0003039195382313198,""r"":36}",
     28672,         1,         0,    3.12,chromobius,c01a6a6f1f9520f132c076f04a2dafd9529157046af845a974410f5377208dd7,"{""d"":9,""p"":0.0003562247890262444,""r"":36}",
   1521664,        85,         0,   119.8,chromobius,f05b9f7826c1727b73b7e4b58103906331fb1df4f11bc04e52a8abcaaa0e1518,"{""d"":9,""p"":0.0002592943797404667,""r"":36}",
     52224,         2,         0,    4.32,chromobius,f05b9f7826c1727b73b7e4b58103906331fb1df4f11bc04e52a8abcaaa0e1518,"{""d"":9,""p"":0.0002592943797404667,""r"":36}",
     46080,         2,         0,    4.29,chromobius,7c0a31ab969d9033ff323c16d89d07812b1a51d7629d57f784a655c8dbffb4fd,"{""d"":9,""p"":0.0003039195382313198,""r"":36}",
     39936,         7,         0,    4.31,chromobius,c01a6a6f1f9520f132c076f04a2dafd9529157046af845a974410f5377208dd7,"{""d"":9,""p"":0.0003562247890262444,""r"":36}",
     72704,         2,         0,    6.04,chromobius,f05b9f7826c1727b73b7e4b58103906331fb1df4f11bc04e52a8abcaaa0e1518,"{""d"":9,""p"":0.0002592943797404667,""r"":36}",
     64512,         5,         0,    6.01,chromobius,7c0a31ab969d9033ff323c16d89d07812b1a51d7629d57f784a655c8dbffb4fd,"{""d"":9,""p"":0.0003039195382313198,""r"":36}",
     55296,         5,         0,    6.05,chromobius,c01a6a6f1f9520f132c076f04a2dafd9529157046af845a974410f5377208dd7,"{""d"":9,""p"":0.0003562247890262444,""r"":36}",
   1228800,        99,         0,   119.9,chromobius,7c0a31ab969d9033ff323c16d89d07812b1a51d7629d57f784a655c8dbffb4fd,"{""d"":9,""p"":0.0003039195382313198,""r"":36}",
    102400,         5,         0,    8.40,chromobius,f05b9f7826c1727b73b7e4b58103906331fb1df4f11bc04e52a8abcaaa0e1518,"{""d"":9,""p"":0.0002592943797404667,""r"":36}",
     90112,         7,         0,    8.38,chromobius,7c0a31ab969d9033ff323c16d89d07812b1a51d7629d57f784a655c8dbffb4fd,"{""d"":9,""p"":0.0003039195382313198,""r"":36}",
     77824,        11,         0,    8.42,chromobius,c01a6a6f1f9520f132c076f04a2dafd9529157046af845a974410f5377208dd7,"{""d"":9,""p"":0.0003562247890262444,""r"":36}",
    477184,        33,         0,    45.0,chromobius,7c0a31ab969d9033ff323c16d89d07812b1a51d7629d57f784a655c8dbffb4fd,"{""d"":9,""p"":0.0003039195382313198,""r"":36}",
    404480,        63,         0,    45.0,chromobius,c01a6a6f1f9520f132c076f04a2dafd9529157046af845a974410f5377208dd7,"{""d"":9,""p"":0.0003562247890262444,""r"":36}",
    145408,         6,         0,    11.8,chromobius,f05b9f7826c1727b73b7e4b58103906331fb1df4f11bc04e52a8abcaaa0e1518,"{""d"":9,""p"":0.0002592943797404667,""r"":36}",
    125952,        14,         0,    11.7,chromobius,7c0a31ab969d9033ff323c16d89d07812b1a51d7629d57f784a655c8dbffb4fd,"{""d"":9,""p"":0.0003039195382313198,""r"":36}",
    107520,        12,         0,    11.7,chromobius,c01a6a6f1f9520f132c076f04a2dafd9529157046af845a974410f5377208dd7,"{""d"":9,""p"":0.0003562247890262444,""r"":36}",
    779264,        44,         0,    62.9,chromobius,f05b9f7826c1727b73b7e4b58103906331fb1df4f11bc04e52a8abcaaa0e1518,"{""d"":9,""p"":0.0002592943797404667,""r"":36}",
    203776,        11,         0,    16.4,chromobius,f05b9f7826c1727b73b7e4b58103906331fb1df4f11bc04e52a8abcaaa0e1518,"{""d"":9,""p"":0.0002592943797404667,""r"":36}",
    176128,        17,         0,    16.5,chromobius,7c0a31ab969d9033ff323c16d89d07812b1a51d7629d57f784a655c8dbffb4fd,"{""d"":9,""p"":0.0003039195382313198,""r"":36}",
    150528,        20,         0,    16.5,chromobius,c01a6a6f1f9520f132c076f04a2dafd9529157046af845a974410f5377208dd7,"{""d"":9,""p"":0.0003562247890262444,""r"":36}",
   1056768,       175,         0,   119.9,chromobius,c01a6a6f1f9520f132c076f04a2dafd9529157046af845a974410f5377208dd7,"{""d"":9,""p"":0.0003562247890262444,""r"":36}",
   1298432,       120,         0,   119.8,chromobius,7c0a31ab969d9033ff323c16d89d07812b1a51d7629d57f784a655c8dbffb4fd,"{""d"":9,""p"":0.0003039195382313198,""r"":36}",
    285696,        12,         0,    22.9,chromobius,f05b9f7826c1727b73b7e4b58103906331fb1df4f11bc04e52a8abcaaa0e1518,"{""d"":9,""p"":0.0002592943797404667,""r"":36}",
    244736,        25,         0,    22.9,chromobius,7c0a31ab969d9033ff323c16d89d07812b1a51d7629d57f784a655c8dbffb4fd,"{""d"":9,""p"":0.0003039195382313198,""r"":36}",
    211968,        36,         0,    23.0,chromobius,c01a6a6f1f9520f132c076f04a2dafd9529157046af845a974410f5377208dd7,"{""d"":9,""p"":0.0003562247890262444,""r"":36}",
   1132544,       148,         0,   119.9,chromobius,c01a6a6f1f9520f132c076f04a2dafd9529157046af845a974410f5377208dd7,"{""d"":9,""p"":0.0003562247890262444,""r"":36}",
   1479680,        91,         0,   119.9,chromobius,f05b9f7826c1727b73b7e4b58103906331fb1df4f11bc04e52a8abcaaa0e1518,"{""d"":9,""p"":0.0002592943797404667,""r"":36}",
    643072,        60,         0,    63.0,chromobius,7c0a31ab969d9033ff323c16d89d07812b1a51d7629d57f784a655c8dbffb4fd,"{""d"":9,""p"":0.0003039195382313198,""r"":36}",
    553984,        79,         0,    63.0,chromobius,c01a6a6f1f9520f132c076f04a2dafd9529157046af845a974410f5377208dd7,"{""d"":9,""p"":0.0003562247890262444,""r"":36}",
    395264,        11,         0,    32.2,chromobius,f05b9f7826c1727b73b7e4b58103906331fb1df4f11bc04e52a8abcaaa0e1518,"{""d"":9,""p"":0.0002592943797404667,""r"":36}",
    345088,        28,         0,    32.2,chromobius,7c0a31ab969d9033ff323c16d89d07812b1a51d7629d57f784a655c8dbffb4fd,"{""d"":9,""p"":0.0003039195382313198,""r"":36}",
    300032,        40,         0,    32.1,chromobius,c01a6a6f1f9520f132c076f04a2dafd9529157046af845a974410f5377208dd7,"{""d"":9,""p"":0.0003562247890262444,""r"":36}",
   1522688,        73,         0,   119.8,chromobius,f05b9f7826c1727b73b7e4b58103906331fb1df4f11bc04e52a8abcaaa0e1518,"{""d"":9,""p"":0.0002592943797404667,""r"":36}",
   1114112,        42,         0,    88.1,chromobius,f05b9f7826c1727b73b7e4b58103906331fb1df4f11bc04e52a8abcaaa0e1518,"{""d"":9,""p"":0.0002592943797404667,""r"":36}",
    159572,         2,         0,    12.7,chromobius,f05b9f7826c1727b73b7e4b58103906331fb1df4f11bc04e52a8abcaaa0e1518,"{""d"":9,""p"":0.0002592943797404667,""r"":36}",
   1264640,       110,         0,   119.8,chromobius,7c0a31ab969d9033ff323c16d89d07812b1a51d7629d57f784a655c8dbffb4fd,"{""d"":9,""p"":0.0003039195382313198,""r"":36}",
    550912,        29,         0,    45.0,chromobius,f05b9f7826c1727b73b7e4b58103906331fb1df4f11bc04e52a8abcaaa0e1518,"{""d"":9,""p"":0.0002592943797404667,""r"":36}",
    479232,        40,         0,    45.0,chromobius,7c0a31ab969d9033ff323c16d89d07812b1a51d7629d57f784a655c8dbffb4fd,"{""d"":9,""p"":0.0003039195382313198,""r"":36}",
    415744,        66,         0,    45.1,chromobius,c01a6a6f1f9520f132c076f04a2dafd9529157046af845a974410f5377208dd7,"{""d"":9,""p"":0.0003562247890262444,""r"":36}",
   1075200,       137,         0,   119.9,chromobius,c01a6a6f1f9520f132c076f04a2dafd9529157046af845a974410f5377208dd7,"{""d"":9,""p"":0.0003562247890262444,""r"":36}",
   1303552,       107,         0,   119.8,chromobius,7c0a31ab969d9033ff323c16d89d07812b1a51d7629d57f784a655c8dbffb4fd,"{""d"":9,""p"":0.0003039195382313198,""r"":36}",
    914432,        77,         0,    88.1,chromobius,7c0a31ab969d9033ff323c16d89d07812b1a51d7629d57f784a655c8dbffb4fd,"{""d"":9,""p"":0.0003039195382313198,""r"":36}",
    778240,        97,         0,    88.1,chromobius,c01a6a6f1f9520f132c076f04a2dafd9529157046af845a974410f5377208dd7,"{""d"":9,""p"":0.0003562247890262444,""r"":36}",
   1211194,        75,         0,    98.1,chromobius,f05b9f7826c1727b73b7e4b58103906331fb1df4f11bc04e52a8abcaaa0e1518,"{""d"":9,""p"":0.0002592943797404667,""r"":36}",
    770668,        43,         0,    61.1,chromobius,f05b9f7826c1727b73b7e4b58103906331fb1df4f11bc04e52a8abcaaa0e1518,"{""d"":9,""p"":0.0002592943797404667,""r"":36}",
    674816,        30,         0,    53.3,chromobius,f05b9f7826c1727b73b7e4b58103906331fb1df4f11bc04e52a8abcaaa0e1518,"{""d"":9,""p"":0.0002592943797404667,""r"":36}",
   1128448,       152,         0,   119.9,chromobius,c01a6a6f1f9520f132c076f04a2dafd9529157046af845a974410f5377208dd7,"{""d"":9,""p"":0.0003562247890262444,""r"":36}",
    578001,        23,         0,    47.4,chromobius,f05b9f7826c1727b73b7e4b58103906331fb1df4f11bc04e52a8abcaaa0e1518,"{""d"":9,""p"":0.0002592943797404667,""r"":36}",
    264797,        15,         0,    21.4,chromobius,f05b9f7826c1727b73b7e4b58103906331fb1df4f11bc04e52a8abcaaa0e1518,"{""d"":9,""p"":0.0002592943797404667,""r"":36}",
    198597,        13,         0,    15.7,chromobius,f05b9f7826c1727b73b7e4b58103906331fb1df4f11bc04e52a8abcaaa0e1518,"{""d"":9,""p"":0.0002592943797404667,""r"":36}",
    194560,         8,         0,    15.8,chromobius,f05b9f7826c1727b73b7e4b58103906331fb1df4f11bc04e52a8abcaaa0e1518,"{""d"":9,""p"":0.0002592943797404667,""r"":36}",
    148948,        13,         0,    12.4,chromobius,f05b9f7826c1727b73b7e4b58103906331fb1df4f11bc04e52a8abcaaa0e1518,"{""d"":9,""p"":0.0002592943797404667,""r"":36}",
     63071,         4,         0,    5.03,chromobius,f05b9f7826c1727b73b7e4b58103906331fb1df4f11bc04e52a8abcaaa0e1518,"{""d"":9,""p"":0.0002592943797404667,""r"":36}",
     50176,         1,         0,    4.02,chromobius,f05b9f7826c1727b73b7e4b58103906331fb1df4f11bc04e52a8abcaaa0e1518,"{""d"":9,""p"":0.0002592943797404667,""r"":36}",
     51200,         2,         0,    3.99,chromobius,f05b9f7826c1727b73b7e4b58103906331fb1df4f11bc04e52a8abcaaa0e1518,"{""d"":9,""p"":0.0002592943797404667,""r"":36}",
    668672,        58,         0,    63.0,chromobius,7c0a31ab969d9033ff323c16d89d07812b1a51d7629d57f784a655c8dbffb4fd,"{""d"":9,""p"":0.0003039195382313198,""r"":36}",
    576512,       104,         0,    63.0,chromobius,c01a6a6f1f9520f132c076f04a2dafd9529157046af845a974410f5377208dd7,"{""d"":9,""p"":0.0003562247890262444,""r"":36}",
    167936,        24,         0,    18.6,chromobius,c01a6a6f1f9520f132c076f04a2dafd9529157046af845a974410f5377208dd7,"{""d"":9,""p"":0.0003562247890262444,""r"":36}",
    315392,        50,         0,    35.9,chromobius,c01a6a6f1f9520f132c076f04a2dafd9529157046af845a974410f5377208dd7,"{""d"":9,""p"":0.0003562247890262444,""r"":36}",
    360448,        56,         0,    40.1,chromobius,c01a6a6f1f9520f132c076f04a2dafd9529157046af845a974410f5377208dd7,"{""d"":9,""p"":0.0003562247890262444,""r"":36}",
      1024,         0,         0,   0.114,chromobius,c01a6a6f1f9520f132c076f04a2dafd9529157046af845a974410f5377208dd7,"{""d"":9,""p"":0.0003562247890262444,""r"":36}",
     47104,         3,         0,    3.86,chromobius,f05b9f7826c1727b73b7e4b58103906331fb1df4f11bc04e52a8abcaaa0e1518,"{""d"":9,""p"":0.0002592943797404667,""r"":36}",
     11871,         0,         0,   0.930,chromobius,f05b9f7826c1727b73b7e4b58103906331fb1df4f11bc04e52a8abcaaa0e1518,"{""d"":9,""p"":0.0002592943797404667,""r"":36}",
       199,         0,         0,   0.017,chromobius,f05b9f7826c1727b73b7e4b58103906331fb1df4f11bc04e52a8abcaaa0e1518,"{""d"":9,""p"":0.0002592943797404667,""r"":36}",
     12288,         1,         0,   0.962,chromobius,f05b9f7826c1727b73b7e4b58103906331fb1df4f11bc04e52a8abcaaa0e1518,"{""d"":9,""p"":0.0002592943797404667,""r"":36}",
       606,         0,         0,   0.046,chromobius,f05b9f7826c1727b73b7e4b58103906331fb1df4f11bc04e52a8abcaaa0e1518,"{""d"":9,""p"":0.0002592943797404667,""r"":36}",
     13312,         1,         0,    1.07,chromobius,f05b9f7826c1727b73b7e4b58103906331fb1df4f11bc04e52a8abcaaa0e1518,"{""d"":9,""p"":0.0002592943797404667,""r"":36}",
      1024,         0,         0,   0.088,chromobius,f05b9f7826c1727b73b7e4b58103906331fb1df4f11bc04e52a8abcaaa0e1518,"{""d"":9,""p"":0.0002592943797404667,""r"":36}",
       410,         0,         0,   0.035,chromobius,f05b9f7826c1727b73b7e4b58103906331fb1df4f11bc04e52a8abcaaa0e1518,"{""d"":9,""p"":0.0002592943797404667,""r"":36}",
       104,         0,         0,   0.010,chromobius,f05b9f7826c1727b73b7e4b58103906331fb1df4f11bc04e52a8abcaaa0e1518,"{""d"":9,""p"":0.0002592943797404667,""r"":36}",
       410,         0,         0,   0.030,chromobius,f05b9f7826c1727b73b7e4b58103906331fb1df4f11bc04e52a8abcaaa0e1518,"{""d"":9,""p"":0.0002592943797404667,""r"":36}",
       410,         0,         0,   0.046,chromobius,f05b9f7826c1727b73b7e4b58103906331fb1df4f11bc04e52a8abcaaa0e1518,"{""d"":9,""p"":0.0002592943797404667,""r"":36}",
        13,         0,         0,   0.002,chromobius,f05b9f7826c1727b73b7e4b58103906331fb1df4f11bc04e52a8abcaaa0e1518,"{""d"":9,""p"":0.0002592943797404667,""r"":36}",
        85,         0,         0,   0.010,chromobius,f05b9f7826c1727b73b7e4b58103906331fb1df4f11bc04e52a8abcaaa0e1518,"{""d"":9,""p"":0.0002592943797404667,""r"":36}",
       273,         0,         0,   0.028,chromobius,7c0a31ab969d9033ff323c16d89d07812b1a51d7629d57f784a655c8dbffb4fd,"{""d"":9,""p"":0.0003039195382313198,""r"":36}",
       273,         0,         0,   0.030,chromobius,7c0a31ab969d9033ff323c16d89d07812b1a51d7629d57f784a655c8dbffb4fd,"{""d"":9,""p"":0.0003039195382313198,""r"":36}",
      1024,         0,         0,   0.079,chromobius,7c0a31ab969d9033ff323c16d89d07812b1a51d7629d57f784a655c8dbffb4fd,"{""d"":9,""p"":0.0003039195382313198,""r"":36}",
      1024,         0,         0,   0.097,chromobius,7c0a31ab969d9033ff323c16d89d07812b1a51d7629d57f784a655c8dbffb4fd,"{""d"":9,""p"":0.0003039195382313198,""r"":36}",
      1024,         0,         0,   0.084,chromobius,7c0a31ab969d9033ff323c16d89d07812b1a51d7629d57f784a655c8dbffb4fd,"{""d"":9,""p"":0.0003039195382313198,""r"":36}",
      1024,         0,         0,   0.087,chromobius,7c0a31ab969d9033ff323c16d89d07812b1a51d7629d57f784a655c8dbffb4fd,"{""d"":9,""p"":0.0003039195382313198,""r"":36}",
       273,         0,         0,   0.027,chromobius,7c0a31ab969d9033ff323c16d89d07812b1a51d7629d57f784a655c8dbffb4fd,"{""d"":9,""p"":0.0003039195382313198,""r"":36}",
       273,         0,         0,   0.029,chromobius,7c0a31ab969d9033ff323c16d89d07812b1a51d7629d57f784a655c8dbffb4fd,"{""d"":9,""p"":0.0003039195382313198,""r"":36}",
       273,         0,         0,   0.030,chromobius,7c0a31ab969d9033ff323c16d89d07812b1a51d7629d57f784a655c8dbffb4fd,"{""d"":9,""p"":0.0003039195382313198,""r"":36}",
       273,         0,         0,   0.030,chromobius,7c0a31ab969d9033ff323c16d89d07812b1a51d7629d57f784a655c8dbffb4fd,"{""d"":9,""p"":0.0003039195382313198,""r"":36}",
       273,         0,         0,   0.027,chromobius,7c0a31ab969d9033ff323c16d89d07812b1a51d7629d57f784a655c8dbffb4fd,"{""d"":9,""p"":0.0003039195382313198,""r"":36}",
       273,         0,         0,   0.027,chromobius,7c0a31ab969d9033ff323c16d89d07812b1a51d7629d57f784a655c8dbffb4fd,"{""d"":9,""p"":0.0003039195382313198,""r"":36}",
      1024,         0,         0,   0.094,chromobius,7c0a31ab969d9033ff323c16d89d07812b1a51d7629d57f784a655c8dbffb4fd,"{""d"":9,""p"":0.0003039195382313198,""r"":36}",
      1024,         0,         0,   0.091,chromobius,7c0a31ab969d9033ff323c16d89d07812b1a51d7629d57f784a655c8dbffb4fd,"{""d"":9,""p"":0.0003039195382313198,""r"":36}",
      1024,         0,         0,   0.092,chromobius,7c0a31ab969d9033ff323c16d89d07812b1a51d7629d57f784a655c8dbffb4fd,"{""d"":9,""p"":0.0003039195382313198,""r"":36}",
      1024,         0,         0,   0.088,chromobius,7c0a31ab969d9033ff323c16d89d07812b1a51d7629d57f784a655c8dbffb4fd,"{""d"":9,""p"":0.0003039195382313198,""r"":36}",
      1024,         0,         0,   0.104,chromobius,7c0a31ab969d9033ff323c16d89d07812b1a51d7629d57f784a655c8dbffb4fd,"{""d"":9,""p"":0.0003039195382313198,""r"":36}",
      1024,         0,         0,   0.099,chromobius,7c0a31ab969d9033ff323c16d89d07812b1a51d7629d57f784a655c8dbffb4fd,"{""d"":9,""p"":0.0003039195382313198,""r"":36}",
      1024,         0,         0,   0.087,chromobius,7c0a31ab969d9033ff323c16d89d07812b1a51d7629d57f784a655c8dbffb4fd,"{""d"":9,""p"":0.0003039195382313198,""r"":36}",
      1024,         0,         0,   0.098,chromobius,7c0a31ab969d9033ff323c16d89d07812b1a51d7629d57f784a655c8dbffb4fd,"{""d"":9,""p"":0.0003039195382313198,""r"":36}",
      1024,         0,         0,   0.098,chromobius,7c0a31ab969d9033ff323c16d89d07812b1a51d7629d57f784a655c8dbffb4fd,"{""d"":9,""p"":0.0003039195382313198,""r"":36}",
      1024,         0,         0,   0.099,chromobius,7c0a31ab969d9033ff323c16d89d07812b1a51d7629d57f784a655c8dbffb4fd,"{""d"":9,""p"":0.0003039195382313198,""r"":36}",
      1024,         0,         0,   0.094,chromobius,7c0a31ab969d9033ff323c16d89d07812b1a51d7629d57f784a655c8dbffb4fd,"{""d"":9,""p"":0.0003039195382313198,""r"":36}",
      1024,         0,         0,   0.089,chromobius,7c0a31ab969d9033ff323c16d89d07812b1a51d7629d57f784a655c8dbffb4fd,"{""d"":9,""p"":0.0003039195382313198,""r"":36}",
      1024,         0,         0,   0.098,chromobius,7c0a31ab969d9033ff323c16d89d07812b1a51d7629d57f784a655c8dbffb4fd,"{""d"":9,""p"":0.0003039195382313198,""r"":36}",
      1024,         0,         0,   0.102,chromobius,7c0a31ab969d9033ff323c16d89d07812b1a51d7629d57f784a655c8dbffb4fd,"{""d"":9,""p"":0.0003039195382313198,""r"":36}",
      1024,         1,         0,   0.093,chromobius,7c0a31ab969d9033ff323c16d89d07812b1a51d7629d57f784a655c8dbffb4fd,"{""d"":9,""p"":0.0003039195382313198,""r"":36}",
      1024,         0,         0,   0.095,chromobius,7c0a31ab969d9033ff323c16d89d07812b1a51d7629d57f784a655c8dbffb4fd,"{""d"":9,""p"":0.0003039195382313198,""r"":36}",
      1024,         0,         0,   0.097,chromobius,7c0a31ab969d9033ff323c16d89d07812b1a51d7629d57f784a655c8dbffb4fd,"{""d"":9,""p"":0.0003039195382313198,""r"":36}",
      1024,         1,         0,   0.094,chromobius,7c0a31ab969d9033ff323c16d89d07812b1a51d7629d57f784a655c8dbffb4fd,"{""d"":9,""p"":0.0003039195382313198,""r"":36}",
      1024,         0,         0,   0.094,chromobius,7c0a31ab969d9033ff323c16d89d07812b1a51d7629d57f784a655c8dbffb4fd,"{""d"":9,""p"":0.0003039195382313198,""r"":36}",
      1024,         0,         0,   0.098,chromobius,7c0a31ab969d9033ff323c16d89d07812b1a51d7629d57f784a655c8dbffb4fd,"{""d"":9,""p"":0.0003039195382313198,""r"":36}",
      1024,         0,         0,   0.096,chromobius,7c0a31ab969d9033ff323c16d89d07812b1a51d7629d57f784a655c8dbffb4fd,"{""d"":9,""p"":0.0003039195382313198,""r"":36}",
      1024,         0,         0,   0.094,chromobius,7c0a31ab969d9033ff323c16d89d07812b1a51d7629d57f784a655c8dbffb4fd,"{""d"":9,""p"":0.0003039195382313198,""r"":36}",
      1024,         0,         0,   0.099,chromobius,7c0a31ab969d9033ff323c16d89d07812b1a51d7629d57f784a655c8dbffb4fd,"{""d"":9,""p"":0.0003039195382313198,""r"":36}",
      1024,         0,         0,   0.101,chromobius,7c0a31ab969d9033ff323c16d89d07812b1a51d7629d57f784a655c8dbffb4fd,"{""d"":9,""p"":0.0003039195382313198,""r"":36}",
      1024,         0,         0,   0.094,chromobius,7c0a31ab969d9033ff323c16d89d07812b1a51d7629d57f784a655c8dbffb4fd,"{""d"":9,""p"":0.0003039195382313198,""r"":36}",
      1024,         0,         0,   0.103,chromobius,7c0a31ab969d9033ff323c16d89d07812b1a51d7629d57f784a655c8dbffb4fd,"{""d"":9,""p"":0.0003039195382313198,""r"":36}",
      1024,         0,         0,   0.091,chromobius,7c0a31ab969d9033ff323c16d89d07812b1a51d7629d57f784a655c8dbffb4fd,"{""d"":9,""p"":0.0003039195382313198,""r"":36}",
      1024,         0,         0,   0.092,chromobius,7c0a31ab969d9033ff323c16d89d07812b1a51d7629d57f784a655c8dbffb4fd,"{""d"":9,""p"":0.0003039195382313198,""r"":36}",
      1024,         0,         0,   0.085,chromobius,7c0a31ab969d9033ff323c16d89d07812b1a51d7629d57f784a655c8dbffb4fd,"{""d"":9,""p"":0.0003039195382313198,""r"":36}",
      1024,         0,         0,   0.101,chromobius,7c0a31ab969d9033ff323c16d89d07812b1a51d7629d57f784a655c8dbffb4fd,"{""d"":9,""p"":0.0003039195382313198,""r"":36}",
      1024,         1,         0,   0.098,chromobius,7c0a31ab969d9033ff323c16d89d07812b1a51d7629d57f784a655c8dbffb4fd,"{""d"":9,""p"":0.0003039195382313198,""r"":36}",
      1024,         0,         0,   0.099,chromobius,7c0a31ab969d9033ff323c16d89d07812b1a51d7629d57f784a655c8dbffb4fd,"{""d"":9,""p"":0.0003039195382313198,""r"":36}",
      1024,         0,         0,   0.093,chromobius,7c0a31ab969d9033ff323c16d89d07812b1a51d7629d57f784a655c8dbffb4fd,"{""d"":9,""p"":0.0003039195382313198,""r"":36}",
      1024,         0,         0,   0.087,chromobius,7c0a31ab969d9033ff323c16d89d07812b1a51d7629d57f784a655c8dbffb4fd,"{""d"":9,""p"":0.0003039195382313198,""r"":36}",
      1024,         0,         0,   0.102,chromobius,7c0a31ab969d9033ff323c16d89d07812b1a51d7629d57f784a655c8dbffb4fd,"{""d"":9,""p"":0.0003039195382313198,""r"":36}",
      1024,         0,         0,   0.093,chromobius,7c0a31ab969d9033ff323c16d89d07812b1a51d7629d57f784a655c8dbffb4fd,"{""d"":9,""p"":0.0003039195382313198,""r"":36}",
      1024,         0,         0,   0.099,chromobius,7c0a31ab969d9033ff323c16d89d07812b1a51d7629d57f784a655c8dbffb4fd,"{""d"":9,""p"":0.0003039195382313198,""r"":36}",
      2048,         1,         0,   0.193,chromobius,7c0a31ab969d9033ff323c16d89d07812b1a51d7629d57f784a655c8dbffb4fd,"{""d"":9,""p"":0.0003039195382313198,""r"":36}",
      1024,         0,         0,   0.098,chromobius,7c0a31ab969d9033ff323c16d89d07812b1a51d7629d57f784a655c8dbffb4fd,"{""d"":9,""p"":0.0003039195382313198,""r"":36}",
      2048,         1,         0,   0.194,chromobius,7c0a31ab969d9033ff323c16d89d07812b1a51d7629d57f784a655c8dbffb4fd,"{""d"":9,""p"":0.0003039195382313198,""r"":36}",
      1024,         0,         0,   0.090,chromobius,7c0a31ab969d9033ff323c16d89d07812b1a51d7629d57f784a655c8dbffb4fd,"{""d"":9,""p"":0.0003039195382313198,""r"":36}",
      1024,         0,         0,   0.100,chromobius,7c0a31ab969d9033ff323c16d89d07812b1a51d7629d57f784a655c8dbffb4fd,"{""d"":9,""p"":0.0003039195382313198,""r"":36}",
      1024,         0,         0,   0.106,chromobius,7c0a31ab969d9033ff323c16d89d07812b1a51d7629d57f784a655c8dbffb4fd,"{""d"":9,""p"":0.0003039195382313198,""r"":36}",
      1024,         0,         0,   0.095,chromobius,7c0a31ab969d9033ff323c16d89d07812b1a51d7629d57f784a655c8dbffb4fd,"{""d"":9,""p"":0.0003039195382313198,""r"":36}",
      1024,         0,         0,   0.096,chromobius,7c0a31ab969d9033ff323c16d89d07812b1a51d7629d57f784a655c8dbffb4fd,"{""d"":9,""p"":0.0003039195382313198,""r"":36}",
      1024,         0,         0,   0.098,chromobius,7c0a31ab969d9033ff323c16d89d07812b1a51d7629d57f784a655c8dbffb4fd,"{""d"":9,""p"":0.0003039195382313198,""r"":36}",
      2048,         1,         0,   0.194,chromobius,7c0a31ab969d9033ff323c16d89d07812b1a51d7629d57f784a655c8dbffb4fd,"{""d"":9,""p"":0.0003039195382313198,""r"":36}",
      2048,         0,         0,   0.187,chromobius,7c0a31ab969d9033ff323c16d89d07812b1a51d7629d57f784a655c8dbffb4fd,"{""d"":9,""p"":0.0003039195382313198,""r"":36}",
      2048,         0,         0,   0.191,chromobius,7c0a31ab969d9033ff323c16d89d07812b1a51d7629d57f784a655c8dbffb4fd,"{""d"":9,""p"":0.0003039195382313198,""r"":36}",
      2048,         0,         0,   0.193,chromobius,7c0a31ab969d9033ff323c16d89d07812b1a51d7629d57f784a655c8dbffb4fd,"{""d"":9,""p"":0.0003039195382313198,""r"":36}",
      2048,         0,         0,   0.187,chromobius,7c0a31ab969d9033ff323c16d89d07812b1a51d7629d57f784a655c8dbffb4fd,"{""d"":9,""p"":0.0003039195382313198,""r"":36}",
      2048,         0,         0,   0.185,chromobius,7c0a31ab969d9033ff323c16d89d07812b1a51d7629d57f784a655c8dbffb4fd,"{""d"":9,""p"":0.0003039195382313198,""r"":36}",
      2048,         0,         0,   0.188,chromobius,7c0a31ab969d9033ff323c16d89d07812b1a51d7629d57f784a655c8dbffb4fd,"{""d"":9,""p"":0.0003039195382313198,""r"":36}",
      2048,         0,         0,   0.195,chromobius,7c0a31ab969d9033ff323c16d89d07812b1a51d7629d57f784a655c8dbffb4fd,"{""d"":9,""p"":0.0003039195382313198,""r"":36}",
      2048,         0,         0,   0.186,chromobius,7c0a31ab969d9033ff323c16d89d07812b1a51d7629d57f784a655c8dbffb4fd,"{""d"":9,""p"":0.0003039195382313198,""r"":36}",
      2048,         0,         0,   0.194,chromobius,7c0a31ab969d9033ff323c16d89d07812b1a51d7629d57f784a655c8dbffb4fd,"{""d"":9,""p"":0.0003039195382313198,""r"":36}",
      2048,         0,         0,   0.191,chromobius,7c0a31ab969d9033ff323c16d89d07812b1a51d7629d57f784a655c8dbffb4fd,"{""d"":9,""p"":0.0003039195382313198,""r"":36}",
      2048,         0,         0,   0.183,chromobius,7c0a31ab969d9033ff323c16d89d07812b1a51d7629d57f784a655c8dbffb4fd,"{""d"":9,""p"":0.0003039195382313198,""r"":36}",
      2048,         0,         0,   0.196,chromobius,7c0a31ab969d9033ff323c16d89d07812b1a51d7629d57f784a655c8dbffb4fd,"{""d"":9,""p"":0.0003039195382313198,""r"":36}",
      3072,         0,         0,   0.294,chromobius,7c0a31ab969d9033ff323c16d89d07812b1a51d7629d57f784a655c8dbffb4fd,"{""d"":9,""p"":0.0003039195382313198,""r"":36}",
      2048,         0,         0,   0.190,chromobius,7c0a31ab969d9033ff323c16d89d07812b1a51d7629d57f784a655c8dbffb4fd,"{""d"":9,""p"":0.0003039195382313198,""r"":36}",
      3072,         0,         0,   0.290,chromobius,7c0a31ab969d9033ff323c16d89d07812b1a51d7629d57f784a655c8dbffb4fd,"{""d"":9,""p"":0.0003039195382313198,""r"":36}",
    784219,        74,         0,    75.3,chromobius,7c0a31ab969d9033ff323c16d89d07812b1a51d7629d57f784a655c8dbffb4fd,"{""d"":9,""p"":0.0003039195382313198,""r"":36}",
      2048,         0,         0,   0.216,chromobius,7c0a31ab969d9033ff323c16d89d07812b1a51d7629d57f784a655c8dbffb4fd,"{""d"":9,""p"":0.0003039195382313198,""r"":36}",
      3072,         1,         0,   0.294,chromobius,7c0a31ab969d9033ff323c16d89d07812b1a51d7629d57f784a655c8dbffb4fd,"{""d"":9,""p"":0.0003039195382313198,""r"":36}",
      3072,         0,         0,   0.257,chromobius,7c0a31ab969d9033ff323c16d89d07812b1a51d7629d57f784a655c8dbffb4fd,"{""d"":9,""p"":0.0003039195382313198,""r"":36}",
      2048,         0,         0,   0.223,chromobius,7c0a31ab969d9033ff323c16d89d07812b1a51d7629d57f784a655c8dbffb4fd,"{""d"":9,""p"":0.0003039195382313198,""r"":36}",
      2048,         0,         0,   0.245,chromobius,7c0a31ab969d9033ff323c16d89d07812b1a51d7629d57f784a655c8dbffb4fd,"{""d"":9,""p"":0.0003039195382313198,""r"":36}",
      3072,         0,         0,   0.283,chromobius,7c0a31ab969d9033ff323c16d89d07812b1a51d7629d57f784a655c8dbffb4fd,"{""d"":9,""p"":0.0003039195382313198,""r"":36}",
      4096,         0,         0,   0.371,chromobius,7c0a31ab969d9033ff323c16d89d07812b1a51d7629d57f784a655c8dbffb4fd,"{""d"":9,""p"":0.0003039195382313198,""r"":36}",
      3072,         1,         0,   0.347,chromobius,7c0a31ab969d9033ff323c16d89d07812b1a51d7629d57f784a655c8dbffb4fd,"{""d"":9,""p"":0.0003039195382313198,""r"":36}",
      3072,         0,         0,   0.323,chromobius,7c0a31ab969d9033ff323c16d89d07812b1a51d7629d57f784a655c8dbffb4fd,"{""d"":9,""p"":0.0003039195382313198,""r"":36}",
      3072,         0,         0,   0.317,chromobius,7c0a31ab969d9033ff323c16d89d07812b1a51d7629d57f784a655c8dbffb4fd,"{""d"":9,""p"":0.0003039195382313198,""r"":36}",
      3072,         0,         0,   0.318,chromobius,7c0a31ab969d9033ff323c16d89d07812b1a51d7629d57f784a655c8dbffb4fd,"{""d"":9,""p"":0.0003039195382313198,""r"":36}",
      4096,         1,         0,   0.345,chromobius,7c0a31ab969d9033ff323c16d89d07812b1a51d7629d57f784a655c8dbffb4fd,"{""d"":9,""p"":0.0003039195382313198,""r"":36}",
      4096,         0,         0,   0.370,chromobius,7c0a31ab969d9033ff323c16d89d07812b1a51d7629d57f784a655c8dbffb4fd,"{""d"":9,""p"":0.0003039195382313198,""r"":36}",
      4096,         1,         0,   0.388,chromobius,7c0a31ab969d9033ff323c16d89d07812b1a51d7629d57f784a655c8dbffb4fd,"{""d"":9,""p"":0.0003039195382313198,""r"":36}",
      5120,         0,         0,   0.477,chromobius,7c0a31ab969d9033ff323c16d89d07812b1a51d7629d57f784a655c8dbffb4fd,"{""d"":9,""p"":0.0003039195382313198,""r"":36}",
      5120,         0,         0,   0.482,chromobius,7c0a31ab969d9033ff323c16d89d07812b1a51d7629d57f784a655c8dbffb4fd,"{""d"":9,""p"":0.0003039195382313198,""r"":36}",
      5120,         1,         0,   0.480,chromobius,7c0a31ab969d9033ff323c16d89d07812b1a51d7629d57f784a655c8dbffb4fd,"{""d"":9,""p"":0.0003039195382313198,""r"":36}",
      5120,         0,         0,   0.484,chromobius,7c0a31ab969d9033ff323c16d89d07812b1a51d7629d57f784a655c8dbffb4fd,"{""d"":9,""p"":0.0003039195382313198,""r"":36}",
      5120,         1,         0,   0.465,chromobius,7c0a31ab969d9033ff323c16d89d07812b1a51d7629d57f784a655c8dbffb4fd,"{""d"":9,""p"":0.0003039195382313198,""r"":36}",
      5120,         0,         0,   0.496,chromobius,7c0a31ab969d9033ff323c16d89d07812b1a51d7629d57f784a655c8dbffb4fd,"{""d"":9,""p"":0.0003039195382313198,""r"":36}",
      5120,         1,         0,   0.490,chromobius,7c0a31ab969d9033ff323c16d89d07812b1a51d7629d57f784a655c8dbffb4fd,"{""d"":9,""p"":0.0003039195382313198,""r"":36}",
      5120,         0,         0,   0.468,chromobius,7c0a31ab969d9033ff323c16d89d07812b1a51d7629d57f784a655c8dbffb4fd,"{""d"":9,""p"":0.0003039195382313198,""r"":36}",
      7168,         0,         0,   0.626,chromobius,7c0a31ab969d9033ff323c16d89d07812b1a51d7629d57f784a655c8dbffb4fd,"{""d"":9,""p"":0.0003039195382313198,""r"":36}",
      7168,         0,         0,   0.657,chromobius,7c0a31ab969d9033ff323c16d89d07812b1a51d7629d57f784a655c8dbffb4fd,"{""d"":9,""p"":0.0003039195382313198,""r"":36}",
      6144,         2,         0,   0.579,chromobius,7c0a31ab969d9033ff323c16d89d07812b1a51d7629d57f784a655c8dbffb4fd,"{""d"":9,""p"":0.0003039195382313198,""r"":36}",
      6144,         0,         0,   0.586,chromobius,7c0a31ab969d9033ff323c16d89d07812b1a51d7629d57f784a655c8dbffb4fd,"{""d"":9,""p"":0.0003039195382313198,""r"":36}",
      6144,         1,         0,   0.566,chromobius,7c0a31ab969d9033ff323c16d89d07812b1a51d7629d57f784a655c8dbffb4fd,"{""d"":9,""p"":0.0003039195382313198,""r"":36}",
      6144,         0,         0,   0.581,chromobius,7c0a31ab969d9033ff323c16d89d07812b1a51d7629d57f784a655c8dbffb4fd,"{""d"":9,""p"":0.0003039195382313198,""r"":36}",
      6144,         0,         0,   0.586,chromobius,7c0a31ab969d9033ff323c16d89d07812b1a51d7629d57f784a655c8dbffb4fd,"{""d"":9,""p"":0.0003039195382313198,""r"":36}",
      7168,         0,         0,   0.646,chromobius,7c0a31ab969d9033ff323c16d89d07812b1a51d7629d57f784a655c8dbffb4fd,"{""d"":9,""p"":0.0003039195382313198,""r"":36}",
      9216,         3,         0,   0.821,chromobius,7c0a31ab969d9033ff323c16d89d07812b1a51d7629d57f784a655c8dbffb4fd,"{""d"":9,""p"":0.0003039195382313198,""r"":36}",
      9216,         0,         0,   0.883,chromobius,7c0a31ab969d9033ff323c16d89d07812b1a51d7629d57f784a655c8dbffb4fd,"{""d"":9,""p"":0.0003039195382313198,""r"":36}",
      9216,         0,         0,   0.875,chromobius,7c0a31ab969d9033ff323c16d89d07812b1a51d7629d57f784a655c8dbffb4fd,"{""d"":9,""p"":0.0003039195382313198,""r"":36}",
      9216,         1,         0,   0.812,chromobius,7c0a31ab969d9033ff323c16d89d07812b1a51d7629d57f784a655c8dbffb4fd,"{""d"":9,""p"":0.0003039195382313198,""r"":36}",
      9216,         3,         0,   0.859,chromobius,7c0a31ab969d9033ff323c16d89d07812b1a51d7629d57f784a655c8dbffb4fd,"{""d"":9,""p"":0.0003039195382313198,""r"":36}",
      9216,         2,         0,   0.889,chromobius,7c0a31ab969d9033ff323c16d89d07812b1a51d7629d57f784a655c8dbffb4fd,"{""d"":9,""p"":0.0003039195382313198,""r"":36}",
      9216,         0,         0,   0.877,chromobius,7c0a31ab969d9033ff323c16d89d07812b1a51d7629d57f784a655c8dbffb4fd,"{""d"":9,""p"":0.0003039195382313198,""r"":36}",
      9216,         3,         0,   0.840,chromobius,7c0a31ab969d9033ff323c16d89d07812b1a51d7629d57f784a655c8dbffb4fd,"{""d"":9,""p"":0.0003039195382313198,""r"":36}",
     12288,         0,         0,    1.11,chromobius,7c0a31ab969d9033ff323c16d89d07812b1a51d7629d57f784a655c8dbffb4fd,"{""d"":9,""p"":0.0003039195382313198,""r"":36}",
     12288,         1,         0,    1.12,chromobius,7c0a31ab969d9033ff323c16d89d07812b1a51d7629d57f784a655c8dbffb4fd,"{""d"":9,""p"":0.0003039195382313198,""r"":36}",
     12288,         0,         0,    1.15,chromobius,7c0a31ab969d9033ff323c16d89d07812b1a51d7629d57f784a655c8dbffb4fd,"{""d"":9,""p"":0.0003039195382313198,""r"":36}",
     12288,         1,         0,    1.14,chromobius,7c0a31ab969d9033ff323c16d89d07812b1a51d7629d57f784a655c8dbffb4fd,"{""d"":9,""p"":0.0003039195382313198,""r"":36}",
     13312,         1,         0,    1.20,chromobius,7c0a31ab969d9033ff323c16d89d07812b1a51d7629d57f784a655c8dbffb4fd,"{""d"":9,""p"":0.0003039195382313198,""r"":36}",
     12288,         2,         0,    1.17,chromobius,7c0a31ab969d9033ff323c16d89d07812b1a51d7629d57f784a655c8dbffb4fd,"{""d"":9,""p"":0.0003039195382313198,""r"":36}",
     12288,         0,         0,    1.20,chromobius,7c0a31ab969d9033ff323c16d89d07812b1a51d7629d57f784a655c8dbffb4fd,"{""d"":9,""p"":0.0003039195382313198,""r"":36}",
     12288,         1,         0,    1.13,chromobius,7c0a31ab969d9033ff323c16d89d07812b1a51d7629d57f784a655c8dbffb4fd,"{""d"":9,""p"":0.0003039195382313198,""r"":36}",
     18432,         2,         0,    1.62,chromobius,7c0a31ab969d9033ff323c16d89d07812b1a51d7629d57f784a655c8dbffb4fd,"{""d"":9,""p"":0.0003039195382313198,""r"":36}",
     17408,         1,         0,    1.60,chromobius,7c0a31ab969d9033ff323c16d89d07812b1a51d7629d57f784a655c8dbffb4fd,"{""d"":9,""p"":0.0003039195382313198,""r"":36}",
     17408,         1,         0,    1.59,chromobius,7c0a31ab969d9033ff323c16d89d07812b1a51d7629d57f784a655c8dbffb4fd,"{""d"":9,""p"":0.0003039195382313198,""r"":36}",
     17408,         1,         0,    1.64,chromobius,7c0a31ab969d9033ff323c16d89d07812b1a51d7629d57f784a655c8dbffb4fd,"{""d"":9,""p"":0.0003039195382313198,""r"":36}",
     17408,         1,         0,    1.58,chromobius,7c0a31ab969d9033ff323c16d89d07812b1a51d7629d57f784a655c8dbffb4fd,"{""d"":9,""p"":0.0003039195382313198,""r"":36}",
     16384,         1,         0,    1.57,chromobius,7c0a31ab969d9033ff323c16d89d07812b1a51d7629d57f784a655c8dbffb4fd,"{""d"":9,""p"":0.0003039195382313198,""r"":36}",
     17408,         4,         0,    1.64,chromobius,7c0a31ab969d9033ff323c16d89d07812b1a51d7629d57f784a655c8dbffb4fd,"{""d"":9,""p"":0.0003039195382313198,""r"":36}",
     17408,         1,         0,    1.64,chromobius,7c0a31ab969d9033ff323c16d89d07812b1a51d7629d57f784a655c8dbffb4fd,"{""d"":9,""p"":0.0003039195382313198,""r"":36}",
     23552,         3,         0,    2.18,chromobius,7c0a31ab969d9033ff323c16d89d07812b1a51d7629d57f784a655c8dbffb4fd,"{""d"":9,""p"":0.0003039195382313198,""r"":36}",
     23552,         2,         0,    2.22,chromobius,7c0a31ab969d9033ff323c16d89d07812b1a51d7629d57f784a655c8dbffb4fd,"{""d"":9,""p"":0.0003039195382313198,""r"":36}",
     23552,         3,         0,    2.17,chromobius,7c0a31ab969d9033ff323c16d89d07812b1a51d7629d57f784a655c8dbffb4fd,"{""d"":9,""p"":0.0003039195382313198,""r"":36}",
     23552,         3,         0,    2.18,chromobius,7c0a31ab969d9033ff323c16d89d07812b1a51d7629d57f784a655c8dbffb4fd,"{""d"":9,""p"":0.0003039195382313198,""r"":36}",
     24576,         2,         0,    2.24,chromobius,7c0a31ab969d9033ff323c16d89d07812b1a51d7629d57f784a655c8dbffb4fd,"{""d"":9,""p"":0.0003039195382313198,""r"":36}",
     23552,         2,         0,    2.27,chromobius,7c0a31ab969d9033ff323c16d89d07812b1a51d7629d57f784a655c8dbffb4fd,"{""d"":9,""p"":0.0003039195382313198,""r"":36}",
     23552,         0,         0,    2.24,chromobius,7c0a31ab969d9033ff323c16d89d07812b1a51d7629d57f784a655c8dbffb4fd,"{""d"":9,""p"":0.0003039195382313198,""r"":36}",
     24576,         2,         0,    2.25,chromobius,7c0a31ab969d9033ff323c16d89d07812b1a51d7629d57f784a655c8dbffb4fd,"{""d"":9,""p"":0.0003039195382313198,""r"":36}",
     34816,         3,         0,    3.08,chromobius,7c0a31ab969d9033ff323c16d89d07812b1a51d7629d57f784a655c8dbffb4fd,"{""d"":9,""p"":0.0003039195382313198,""r"":36}",
     32768,         3,         0,    3.05,chromobius,7c0a31ab969d9033ff323c16d89d07812b1a51d7629d57f784a655c8dbffb4fd,"{""d"":9,""p"":0.0003039195382313198,""r"":36}",
     33792,         3,         0,    3.12,chromobius,7c0a31ab969d9033ff323c16d89d07812b1a51d7629d57f784a655c8dbffb4fd,"{""d"":9,""p"":0.0003039195382313198,""r"":36}",
     32768,         3,         0,    3.10,chromobius,7c0a31ab969d9033ff323c16d89d07812b1a51d7629d57f784a655c8dbffb4fd,"{""d"":9,""p"":0.0003039195382313198,""r"":36}",
     33792,         2,         0,    3.09,chromobius,7c0a31ab969d9033ff323c16d89d07812b1a51d7629d57f784a655c8dbffb4fd,"{""d"":9,""p"":0.0003039195382313198,""r"":36}",
     32768,         1,         0,    3.05,chromobius,7c0a31ab969d9033ff323c16d89d07812b1a51d7629d57f784a655c8dbffb4fd,"{""d"":9,""p"":0.0003039195382313198,""r"":36}",
     32768,         1,         0,    3.14,chromobius,7c0a31ab969d9033ff323c16d89d07812b1a51d7629d57f784a655c8dbffb4fd,"{""d"":9,""p"":0.0003039195382313198,""r"":36}",
     32768,         2,         0,    3.13,chromobius,7c0a31ab969d9033ff323c16d89d07812b1a51d7629d57f784a655c8dbffb4fd,"{""d"":9,""p"":0.0003039195382313198,""r"":36}",
     48128,         2,         0,    4.29,chromobius,7c0a31ab969d9033ff323c16d89d07812b1a51d7629d57f784a655c8dbffb4fd,"{""d"":9,""p"":0.0003039195382313198,""r"":36}",
     46080,         4,         0,    4.31,chromobius,7c0a31ab969d9033ff323c16d89d07812b1a51d7629d57f784a655c8dbffb4fd,"{""d"":9,""p"":0.0003039195382313198,""r"":36}",
     46080,         6,         0,    4.28,chromobius,7c0a31ab969d9033ff323c16d89d07812b1a51d7629d57f784a655c8dbffb4fd,"{""d"":9,""p"":0.0003039195382313198,""r"":36}",
     46080,         2,         0,    4.36,chromobius,7c0a31ab969d9033ff323c16d89d07812b1a51d7629d57f784a655c8dbffb4fd,"{""d"":9,""p"":0.0003039195382313198,""r"":36}",
     47104,         2,         0,    4.32,chromobius,7c0a31ab969d9033ff323c16d89d07812b1a51d7629d57f784a655c8dbffb4fd,"{""d"":9,""p"":0.0003039195382313198,""r"":36}",
     44032,         4,         0,    4.27,chromobius,7c0a31ab969d9033ff323c16d89d07812b1a51d7629d57f784a655c8dbffb4fd,"{""d"":9,""p"":0.0003039195382313198,""r"":36}",
     47104,         6,         0,    4.28,chromobius,7c0a31ab969d9033ff323c16d89d07812b1a51d7629d57f784a655c8dbffb4fd,"{""d"":9,""p"":0.0003039195382313198,""r"":36}",
     45056,         2,         0,    4.30,chromobius,7c0a31ab969d9033ff323c16d89d07812b1a51d7629d57f784a655c8dbffb4fd,"{""d"":9,""p"":0.0003039195382313198,""r"":36}",
     66560,         9,         0,    6.05,chromobius,7c0a31ab969d9033ff323c16d89d07812b1a51d7629d57f784a655c8dbffb4fd,"{""d"":9,""p"":0.0003039195382313198,""r"":36}",
     64512,         7,         0,    6.05,chromobius,7c0a31ab969d9033ff323c16d89d07812b1a51d7629d57f784a655c8dbffb4fd,"{""d"":9,""p"":0.0003039195382313198,""r"":36}",
     65536,         8,         0,    6.05,chromobius,7c0a31ab969d9033ff323c16d89d07812b1a51d7629d57f784a655c8dbffb4fd,"{""d"":9,""p"":0.0003039195382313198,""r"":36}",
     66560,         3,         0,    5.99,chromobius,7c0a31ab969d9033ff323c16d89d07812b1a51d7629d57f784a655c8dbffb4fd,"{""d"":9,""p"":0.0003039195382313198,""r"":36}",
     64512,         2,         0,    6.04,chromobius,7c0a31ab969d9033ff323c16d89d07812b1a51d7629d57f784a655c8dbffb4fd,"{""d"":9,""p"":0.0003039195382313198,""r"":36}",
     64512,         5,         0,    5.99,chromobius,7c0a31ab969d9033ff323c16d89d07812b1a51d7629d57f784a655c8dbffb4fd,"{""d"":9,""p"":0.0003039195382313198,""r"":36}",
     62464,         6,         0,    5.97,chromobius,7c0a31ab969d9033ff323c16d89d07812b1a51d7629d57f784a655c8dbffb4fd,"{""d"":9,""p"":0.0003039195382313198,""r"":36}",
     62464,         5,         0,    6.03,chromobius,7c0a31ab969d9033ff323c16d89d07812b1a51d7629d57f784a655c8dbffb4fd,"{""d"":9,""p"":0.0003039195382313198,""r"":36}",
    711347,        71,         0,    66.1,chromobius,7c0a31ab969d9033ff323c16d89d07812b1a51d7629d57f784a655c8dbffb4fd,"{""d"":9,""p"":0.0003039195382313198,""r"":36}",
    685056,        63,         0,    65.7,chromobius,7c0a31ab969d9033ff323c16d89d07812b1a51d7629d57f784a655c8dbffb4fd,"{""d"":9,""p"":0.0003039195382313198,""r"":36}",
     91136,         7,         0,    8.37,chromobius,7c0a31ab969d9033ff323c16d89d07812b1a51d7629d57f784a655c8dbffb4fd,"{""d"":9,""p"":0.0003039195382313198,""r"":36}",
     90112,         6,         0,    8.42,chromobius,7c0a31ab969d9033ff323c16d89d07812b1a51d7629d57f784a655c8dbffb4fd,"{""d"":9,""p"":0.0003039195382313198,""r"":36}",
     89088,         9,         0,    8.41,chromobius,7c0a31ab969d9033ff323c16d89d07812b1a51d7629d57f784a655c8dbffb4fd,"{""d"":9,""p"":0.0003039195382313198,""r"":36}",
     91136,         9,         0,    8.37,chromobius,7c0a31ab969d9033ff323c16d89d07812b1a51d7629d57f784a655c8dbffb4fd,"{""d"":9,""p"":0.0003039195382313198,""r"":36}",
     89088,        16,         0,    8.36,chromobius,7c0a31ab969d9033ff323c16d89d07812b1a51d7629d57f784a655c8dbffb4fd,"{""d"":9,""p"":0.0003039195382313198,""r"":36}",
     87040,         2,         0,    8.37,chromobius,7c0a31ab969d9033ff323c16d89d07812b1a51d7629d57f784a655c8dbffb4fd,"{""d"":9,""p"":0.0003039195382313198,""r"":36}",
     87040,         8,         0,    8.37,chromobius,7c0a31ab969d9033ff323c16d89d07812b1a51d7629d57f784a655c8dbffb4fd,"{""d"":9,""p"":0.0003039195382313198,""r"":36}",
     91136,        10,         0,    8.43,chromobius,7c0a31ab969d9033ff323c16d89d07812b1a51d7629d57f784a655c8dbffb4fd,"{""d"":9,""p"":0.0003039195382313198,""r"":36}",
     26291,         1,         0,    2.56,chromobius,7c0a31ab969d9033ff323c16d89d07812b1a51d7629d57f784a655c8dbffb4fd,"{""d"":9,""p"":0.0003039195382313198,""r"":36}",
    383722,        29,         0,    37.3,chromobius,7c0a31ab969d9033ff323c16d89d07812b1a51d7629d57f784a655c8dbffb4fd,"{""d"":9,""p"":0.0003039195382313198,""r"":36}",
    365568,        38,         0,    35.4,chromobius,7c0a31ab969d9033ff323c16d89d07812b1a51d7629d57f784a655c8dbffb4fd,"{""d"":9,""p"":0.0003039195382313198,""r"":36}",
     18154,         2,         0,    1.78,chromobius,7c0a31ab969d9033ff323c16d89d07812b1a51d7629d57f784a655c8dbffb4fd,"{""d"":9,""p"":0.0003039195382313198,""r"":36}",
    135168,        11,         0,    11.8,chromobius,7c0a31ab969d9033ff323c16d89d07812b1a51d7629d57f784a655c8dbffb4fd,"{""d"":9,""p"":0.0003039195382313198,""r"":36}",
    129024,         8,         0,    11.8,chromobius,7c0a31ab969d9033ff323c16d89d07812b1a51d7629d57f784a655c8dbffb4fd,"{""d"":9,""p"":0.0003039195382313198,""r"":36}",
    130048,         8,         0,    11.7,chromobius,7c0a31ab969d9033ff323c16d89d07812b1a51d7629d57f784a655c8dbffb4fd,"{""d"":9,""p"":0.0003039195382313198,""r"":36}",
    125952,        12,         0,    11.7,chromobius,7c0a31ab969d9033ff323c16d89d07812b1a51d7629d57f784a655c8dbffb4fd,"{""d"":9,""p"":0.0003039195382313198,""r"":36}",
    133120,         8,         0,    11.8,chromobius,7c0a31ab969d9033ff323c16d89d07812b1a51d7629d57f784a655c8dbffb4fd,"{""d"":9,""p"":0.0003039195382313198,""r"":36}",
    120832,        12,         0,    11.8,chromobius,7c0a31ab969d9033ff323c16d89d07812b1a51d7629d57f784a655c8dbffb4fd,"{""d"":9,""p"":0.0003039195382313198,""r"":36}",
    121856,        13,         0,    11.8,chromobius,7c0a31ab969d9033ff323c16d89d07812b1a51d7629d57f784a655c8dbffb4fd,"{""d"":9,""p"":0.0003039195382313198,""r"":36}",
    125952,        12,         0,    11.8,chromobius,7c0a31ab969d9033ff323c16d89d07812b1a51d7629d57f784a655c8dbffb4fd,"{""d"":9,""p"":0.0003039195382313198,""r"":36}",
    184600,        11,         0,    16.3,chromobius,7c0a31ab969d9033ff323c16d89d07812b1a51d7629d57f784a655c8dbffb4fd,"{""d"":9,""p"":0.0003039195382313198,""r"":36}",
    268288,        23,         0,    26.4,chromobius,7c0a31ab969d9033ff323c16d89d07812b1a51d7629d57f784a655c8dbffb4fd,"{""d"":9,""p"":0.0003039195382313198,""r"":36}",
    309248,        28,         0,    29.0,chromobius,7c0a31ab969d9033ff323c16d89d07812b1a51d7629d57f784a655c8dbffb4fd,"{""d"":9,""p"":0.0003039195382313198,""r"":36}",
    221184,        13,         0,    21.8,chromobius,7c0a31ab969d9033ff323c16d89d07812b1a51d7629d57f784a655c8dbffb4fd,"{""d"":9,""p"":0.0003039195382313198,""r"":36}",
    182272,        17,         0,    16.4,chromobius,7c0a31ab969d9033ff323c16d89d07812b1a51d7629d57f784a655c8dbffb4fd,"{""d"":9,""p"":0.0003039195382313198,""r"":36}",
    178176,        15,         0,    16.5,chromobius,7c0a31ab969d9033ff323c16d89d07812b1a51d7629d57f784a655c8dbffb4fd,"{""d"":9,""p"":0.0003039195382313198,""r"":36}",
    175104,        13,         0,    16.4,chromobius,7c0a31ab969d9033ff323c16d89d07812b1a51d7629d57f784a655c8dbffb4fd,"{""d"":9,""p"":0.0003039195382313198,""r"":36}",
    185344,        10,         0,    16.4,chromobius,7c0a31ab969d9033ff323c16d89d07812b1a51d7629d57f784a655c8dbffb4fd,"{""d"":9,""p"":0.0003039195382313198,""r"":36}",
    169984,        16,         0,    16.4,chromobius,7c0a31ab969d9033ff323c16d89d07812b1a51d7629d57f784a655c8dbffb4fd,"{""d"":9,""p"":0.0003039195382313198,""r"":36}",
    174080,        18,         0,    16.4,chromobius,7c0a31ab969d9033ff323c16d89d07812b1a51d7629d57f784a655c8dbffb4fd,"{""d"":9,""p"":0.0003039195382313198,""r"":36}",
      1304,         0,         0,   0.112,chromobius,7c0a31ab969d9033ff323c16d89d07812b1a51d7629d57f784a655c8dbffb4fd,"{""d"":9,""p"":0.0003039195382313198,""r"":36}",
    167936,        12,         0,    16.5,chromobius,7c0a31ab969d9033ff323c16d89d07812b1a51d7629d57f784a655c8dbffb4fd,"{""d"":9,""p"":0.0003039195382313198,""r"":36}",
    206848,        15,         0,    20.3,chromobius,7c0a31ab969d9033ff323c16d89d07812b1a51d7629d57f784a655c8dbffb4fd,"{""d"":9,""p"":0.0003039195382313198,""r"":36}",
     10520,         2,         0,    1.29,chromobius,7c0a31ab969d9033ff323c16d89d07812b1a51d7629d57f784a655c8dbffb4fd,"{""d"":9,""p"":0.0003039195382313198,""r"":36}",
     12568,         2,         0,    1.12,chromobius,7c0a31ab969d9033ff323c16d89d07812b1a51d7629d57f784a655c8dbffb4fd,"{""d"":9,""p"":0.0003039195382313198,""r"":36}",
     31698,         2,         0,    2.74,chromobius,7c0a31ab969d9033ff323c16d89d07812b1a51d7629d57f784a655c8dbffb4fd,"{""d"":9,""p"":0.0003039195382313198,""r"":36}",
     28672,         6,         0,    2.54,chromobius,7c0a31ab969d9033ff323c16d89d07812b1a51d7629d57f784a655c8dbffb4fd,"{""d"":9,""p"":0.0003039195382313198,""r"":36}",
     28010,         2,         0,    2.55,chromobius,7c0a31ab969d9033ff323c16d89d07812b1a51d7629d57f784a655c8dbffb4fd,"{""d"":9,""p"":0.0003039195382313198,""r"":36}",
     27648,         2,         0,    2.40,chromobius,7c0a31ab969d9033ff323c16d89d07812b1a51d7629d57f784a655c8dbffb4fd,"{""d"":9,""p"":0.0003039195382313198,""r"":36}",
     27648,         1,         0,    2.43,chromobius,7c0a31ab969d9033ff323c16d89d07812b1a51d7629d57f784a655c8dbffb4fd,"{""d"":9,""p"":0.0003039195382313198,""r"":36}",
     23552,         4,         0,    2.85,chromobius,7c0a31ab969d9033ff323c16d89d07812b1a51d7629d57f784a655c8dbffb4fd,"{""d"":9,""p"":0.0003039195382313198,""r"":36}",
     26624,         3,         0,    2.48,chromobius,7c0a31ab969d9033ff323c16d89d07812b1a51d7629d57f784a655c8dbffb4fd,"{""d"":9,""p"":0.0003039195382313198,""r"":36}",
     24576,         1,         0,    2.45,chromobius,7c0a31ab969d9033ff323c16d89d07812b1a51d7629d57f784a655c8dbffb4fd,"{""d"":9,""p"":0.0003039195382313198,""r"":36}",
      1386,         0,         0,   0.155,chromobius,7c0a31ab969d9033ff323c16d89d07812b1a51d7629d57f784a655c8dbffb4fd,"{""d"":9,""p"":0.0003039195382313198,""r"":36}",
     14336,         2,         0,    1.70,chromobius,7c0a31ab969d9033ff323c16d89d07812b1a51d7629d57f784a655c8dbffb4fd,"{""d"":9,""p"":0.0003039195382313198,""r"":36}",
     22528,         1,         0,    2.64,chromobius,7c0a31ab969d9033ff323c16d89d07812b1a51d7629d57f784a655c8dbffb4fd,"{""d"":9,""p"":0.0003039195382313198,""r"":36}",
     25600,         3,         0,    3.07,chromobius,7c0a31ab969d9033ff323c16d89d07812b1a51d7629d57f784a655c8dbffb4fd,"{""d"":9,""p"":0.0003039195382313198,""r"":36}",
     15360,         2,         0,    1.78,chromobius,7c0a31ab969d9033ff323c16d89d07812b1a51d7629d57f784a655c8dbffb4fd,"{""d"":9,""p"":0.0003039195382313198,""r"":36}",
       758,         0,         0,   0.071,chromobius,7c0a31ab969d9033ff323c16d89d07812b1a51d7629d57f784a655c8dbffb4fd,"{""d"":9,""p"":0.0003039195382313198,""r"":36}",
      3434,         0,         0,   0.362,chromobius,7c0a31ab969d9033ff323c16d89d07812b1a51d7629d57f784a655c8dbffb4fd,"{""d"":9,""p"":0.0003039195382313198,""r"":36}",
      4458,         2,         0,   0.425,chromobius,7c0a31ab969d9033ff323c16d89d07812b1a51d7629d57f784a655c8dbffb4fd,"{""d"":9,""p"":0.0003039195382313198,""r"":36}",
      6144,         2,         0,   0.576,chromobius,7c0a31ab969d9033ff323c16d89d07812b1a51d7629d57f784a655c8dbffb4fd,"{""d"":9,""p"":0.0003039195382313198,""r"":36}",
      5499,         0,         0,   0.492,chromobius,7c0a31ab969d9033ff323c16d89d07812b1a51d7629d57f784a655c8dbffb4fd,"{""d"":9,""p"":0.0003039195382313198,""r"":36}",
      5086,         0,         0,   0.480,chromobius,7c0a31ab969d9033ff323c16d89d07812b1a51d7629d57f784a655c8dbffb4fd,"{""d"":9,""p"":0.0003039195382313198,""r"":36}",
      6144,         0,         0,   0.572,chromobius,7c0a31ab969d9033ff323c16d89d07812b1a51d7629d57f784a655c8dbffb4fd,"{""d"":9,""p"":0.0003039195382313198,""r"":36}",
      5086,         0,         0,   0.520,chromobius,7c0a31ab969d9033ff323c16d89d07812b1a51d7629d57f784a655c8dbffb4fd,"{""d"":9,""p"":0.0003039195382313198,""r"":36}",
      2445,         0,         0,   0.234,chromobius,7c0a31ab969d9033ff323c16d89d07812b1a51d7629d57f784a655c8dbffb4fd,"{""d"":9,""p"":0.0003039195382313198,""r"":36}",
       473,         0,         0,   0.067,chromobius,7c0a31ab969d9033ff323c16d89d07812b1a51d7629d57f784a655c8dbffb4fd,"{""d"":9,""p"":0.0003039195382313198,""r"":36}",
      3072,         0,         0,   0.316,chromobius,7c0a31ab969d9033ff323c16d89d07812b1a51d7629d57f784a655c8dbffb4fd,"{""d"":9,""p"":0.0003039195382313198,""r"":36}",
       372,         0,         0,   0.052,chromobius,7c0a31ab969d9033ff323c16d89d07812b1a51d7629d57f784a655c8dbffb4fd,"{""d"":9,""p"":0.0003039195382313198,""r"":36}",
      4096,         2,         0,   0.392,chromobius,7c0a31ab969d9033ff323c16d89d07812b1a51d7629d57f784a655c8dbffb4fd,"{""d"":9,""p"":0.0003039195382313198,""r"":36}",
       171,         0,         0,   0.026,chromobius,7c0a31ab969d9033ff323c16d89d07812b1a51d7629d57f784a655c8dbffb4fd,"{""d"":9,""p"":0.0003039195382313198,""r"":36}",
      3072,         0,         0,   0.353,chromobius,7c0a31ab969d9033ff323c16d89d07812b1a51d7629d57f784a655c8dbffb4fd,"{""d"":9,""p"":0.0003039195382313198,""r"":36}",
       320,         0,         0,   0.033,chromobius,7c0a31ab969d9033ff323c16d89d07812b1a51d7629d57f784a655c8dbffb4fd,"{""d"":9,""p"":0.0003039195382313198,""r"":36}",
         7,         0,         0,   0.002,chromobius,7c0a31ab969d9033ff323c16d89d07812b1a51d7629d57f784a655c8dbffb4fd,"{""d"":9,""p"":0.0003039195382313198,""r"":36}",
       149,         0,         0,   0.020,chromobius,7c0a31ab969d9033ff323c16d89d07812b1a51d7629d57f784a655c8dbffb4fd,"{""d"":9,""p"":0.0003039195382313198,""r"":36}",
      1978,         0,         0,   0.192,chromobius,7c0a31ab969d9033ff323c16d89d07812b1a51d7629d57f784a655c8dbffb4fd,"{""d"":9,""p"":0.0003039195382313198,""r"":36}",
       149,         0,         0,   0.015,chromobius,7c0a31ab969d9033ff323c16d89d07812b1a51d7629d57f784a655c8dbffb4fd,"{""d"":9,""p"":0.0003039195382313198,""r"":36}",
       424,         0,         0,   0.045,chromobius,7c0a31ab969d9033ff323c16d89d07812b1a51d7629d57f784a655c8dbffb4fd,"{""d"":9,""p"":0.0003039195382313198,""r"":36}",
      3072,         0,         0,   0.375,chromobius,7c0a31ab969d9033ff323c16d89d07812b1a51d7629d57f784a655c8dbffb4fd,"{""d"":9,""p"":0.0003039195382313198,""r"":36}",
      2048,         0,         0,   0.205,chromobius,7c0a31ab969d9033ff323c16d89d07812b1a51d7629d57f784a655c8dbffb4fd,"{""d"":9,""p"":0.0003039195382313198,""r"":36}",
       204,         0,         0,   0.024,chromobius,7c0a31ab969d9033ff323c16d89d07812b1a51d7629d57f784a655c8dbffb4fd,"{""d"":9,""p"":0.0003039195382313198,""r"":36}",
      1911,         0,         0,   0.204,chromobius,7c0a31ab969d9033ff323c16d89d07812b1a51d7629d57f784a655c8dbffb4fd,"{""d"":9,""p"":0.0003039195382313198,""r"":36}",
       171,         0,         0,   0.026,chromobius,7c0a31ab969d9033ff323c16d89d07812b1a51d7629d57f784a655c8dbffb4fd,"{""d"":9,""p"":0.0003039195382313198,""r"":36}",
      2593,         0,         0,   0.252,chromobius,7c0a31ab969d9033ff323c16d89d07812b1a51d7629d57f784a655c8dbffb4fd,"{""d"":9,""p"":0.0003039195382313198,""r"":36}",
       243,         0,         0,   0.031,chromobius,7c0a31ab969d9033ff323c16d89d07812b1a51d7629d57f784a655c8dbffb4fd,"{""d"":9,""p"":0.0003039195382313198,""r"":36}",
      1147,         0,         0,   0.116,chromobius,7c0a31ab969d9033ff323c16d89d07812b1a51d7629d57f784a655c8dbffb4fd,"{""d"":9,""p"":0.0003039195382313198,""r"":36}",
       256,         0,         0,   0.028,chromobius,7c0a31ab969d9033ff323c16d89d07812b1a51d7629d57f784a655c8dbffb4fd,"{""d"":9,""p"":0.0003039195382313198,""r"":36}",
      2554,         0,         0,   0.293,chromobius,7c0a31ab969d9033ff323c16d89d07812b1a51d7629d57f784a655c8dbffb4fd,"{""d"":9,""p"":0.0003039195382313198,""r"":36}",
       749,         0,         0,   0.082,chromobius,7c0a31ab969d9033ff323c16d89d07812b1a51d7629d57f784a655c8dbffb4fd,"{""d"":9,""p"":0.0003039195382313198,""r"":36}",
       908,         0,         0,   0.098,chromobius,7c0a31ab969d9033ff323c16d89d07812b1a51d7629d57f784a655c8dbffb4fd,"{""d"":9,""p"":0.0003039195382313198,""r"":36}",
       976,         0,         0,   0.108,chromobius,7c0a31ab969d9033ff323c16d89d07812b1a51d7629d57f784a655c8dbffb4fd,"{""d"":9,""p"":0.0003039195382313198,""r"":36}",
