     shots,    errors,  discards, seconds,decoder,strong_id,json_metadata,custom_counts
      1297,         0,         0,   0.011,chromobius,a84cd708d74680a8dce8232c3cfb110694432af7c27bc443344bacb58cb743f0,"{""d"":5,""p"":0.0001,""r"":20}",
       273,         0,         0,   0.010,chromobius,d2706b758e0ef94355443e197196e5c79044e469930750e9e50a6168a08cf59e,"{""d"":5,""p"":0.0003039195382313198,""r"":20}",
      1297,         2,         0,   0.012,chromobius,2e123b155f2d0eeaa381a2849a085b038e1e339fd524d5fd0d510491a52c7220,"{""d"":5,""p"":0.0002592943797404667,""r"":20}",
         1,         0,         0,   0.010,chromobius,ff015836648097873ee81c77480f1d99835a6e2eb5d73c72f89c5841dc8cc038,"{""d"":5,""p"":0.000221221629107045,""r"":20}",
      1297,         0,         0,   0.010,chromobius,dc3710121e64d0a914b1c6856717d37cb226ad8e314e898a308c2d3aedc6defb,"{""d"":5,""p"":0.00016102620275609394,""r"":20}",
       273,         0,         0,   0.010,chromobius,e97f9c6b7873fe15387e798fc3dfdf4c3b28ad4ccb5f60a5ee17befd75a74fbb,"{""d"":5,""p"":0.0003562247890262444,""r"":20}",
         1,         0,         0,   0.017,chromobius,411f937e71be542c36653cf589f32dba8f6c926b7dee0ef6370edcf7644fda7f,"{""d"":5,""p"":0.00013738237958832623,""r"":20}",
         1,         0,         0,   0.016,chromobius,c02f7324f80c4696f6fff96d2124cde6035719a0e7e8cd42752d5dc3e4c89cf0,"{""d"":5,""p"":0.00011721022975334806,""r"":20}",
      2048,         3,         0,   0.015,chromobius,2e123b155f2d0eeaa381a2849a085b038e1e339fd524d5fd0d510491a52c7220,"{""d"":5,""p"":0.0002592943797404667,""r"":20}",
      1024,         4,         0,   0.017,chromobius,d2706b758e0ef94355443e197196e5c79044e469930750e9e50a6168a08cf59e,"{""d"":5,""p"":0.0003039195382313198,""r"":20}",
      3072,         1,         0,   0.019,chromobius,a84cd708d74680a8dce8232c3cfb110694432af7c27bc443344bacb58cb743f0,"{""d"":5,""p"":0.0001,""r"":20}",
      2320,         5,         0,   0.019,chromobius,ff015836648097873ee81c77480f1d99835a6e2eb5d73c72f89c5841dc8cc038,"{""d"":5,""p"":0.000221221629107045,""r"":20}",
      2048,         2,         0,   0.017,chromobius,dc3710121e64d0a914b1c6856717d37cb226ad8e314e898a308c2d3aedc6defb,"{""d"":5,""p"":0.00016102620275609394,""r"":20}",
      1024,         4,         0,   0.018,chromobius,e97f9c6b7873fe15387e798fc3dfdf4c3b28ad4ccb5f60a5ee17befd75a74fbb,"{""d"":5,""p"":0.0003562247890262444,""r"":20}",
         1,         0,         0,   0.028,chromobius,d0e4cfaebc36d1ec1b73883d7a3417807daede44cc03cbf7e6e9657b6086fef9,"{""d"":5,""p"":0.0005736152510448681,""r"":20}",
         1,         0,         0,   0.028,chromobius,1b6d6007dc3bc0114990d58e89f2f84c42598212275010061501811c142c6cd1,"{""d"":5,""p"":0.00018873918221350977,""r"":20}",
         1,         0,         0,   0.024,chromobius,194116b1243f86e051e202d8910079d860d65e0467520557865acf3834cde8ce,"{""d"":5,""p"":0.00041753189365604,""r"":20}",
      3344,         2,         0,   0.017,chromobius,411f937e71be542c36653cf589f32dba8f6c926b7dee0ef6370edcf7644fda7f,"{""d"":5,""p"":0.00013738237958832623,""r"":20}",
      2320,         0,         0,   0.016,chromobius,c02f7324f80c4696f6fff96d2124cde6035719a0e7e8cd42752d5dc3e4c89cf0,"{""d"":5,""p"":0.00011721022975334806,""r"":20}",
         1,         0,         0,   0.019,chromobius,bdd681d9e7d3d5e0354058f99c3a13df0bbb51d78d66dea360880b759e8e5453,"{""d"":5,""p"":0.0004893900918477494,""r"":20}",
      2048,         8,         0,   0.020,chromobius,d2706b758e0ef94355443e197196e5c79044e469930750e9e50a6168a08cf59e,"{""d"":5,""p"":0.0003039195382313198,""r"":20}",
      1024,         0,         0,   0.020,chromobius,a84cd708d74680a8dce8232c3cfb110694432af7c27bc443344bacb58cb743f0,"{""d"":5,""p"":0.0001,""r"":20}",
      3072,         8,         0,   0.024,chromobius,2e123b155f2d0eeaa381a2849a085b038e1e339fd524d5fd0d510491a52c7220,"{""d"":5,""p"":0.0002592943797404667,""r"":20}",
      3344,         3,         0,   0.018,chromobius,1b6d6007dc3bc0114990d58e89f2f84c42598212275010061501811c142c6cd1,"{""d"":5,""p"":0.00018873918221350977,""r"":20}",
      2048,        10,         0,   0.019,chromobius,e97f9c6b7873fe15387e798fc3dfdf4c3b28ad4ccb5f60a5ee17befd75a74fbb,"{""d"":5,""p"":0.0003562247890262444,""r"":20}",
      4096,         2,         0,   0.024,chromobius,dc3710121e64d0a914b1c6856717d37cb226ad8e314e898a308c2d3aedc6defb,"{""d"":5,""p"":0.00016102620275609394,""r"":20}",
      4096,         7,         0,   0.024,chromobius,ff015836648097873ee81c77480f1d99835a6e2eb5d73c72f89c5841dc8cc038,"{""d"":5,""p"":0.000221221629107045,""r"":20}",
      5120,         7,         0,   0.021,chromobius,411f937e71be542c36653cf589f32dba8f6c926b7dee0ef6370edcf7644fda7f,"{""d"":5,""p"":0.00013738237958832623,""r"":20}",
      6144,         3,         0,   0.021,chromobius,c02f7324f80c4696f6fff96d2124cde6035719a0e7e8cd42752d5dc3e4c89cf0,"{""d"":5,""p"":0.00011721022975334806,""r"":20}",
      1296,         7,         0,   0.018,chromobius,bdd681d9e7d3d5e0354058f99c3a13df0bbb51d78d66dea360880b759e8e5453,"{""d"":5,""p"":0.0004893900918477494,""r"":20}",
      1296,        16,         0,   0.021,chromobius,d0e4cfaebc36d1ec1b73883d7a3417807daede44cc03cbf7e6e9657b6086fef9,"{""d"":5,""p"":0.0005736152510448681,""r"":20}",
      1296,         9,         0,   0.028,chromobius,194116b1243f86e051e202d8910079d860d65e0467520557865acf3834cde8ce,"{""d"":5,""p"":0.00041753189365604,""r"":20}",
      3072,         5,         0,   0.024,chromobius,1b6d6007dc3bc0114990d58e89f2f84c42598212275010061501811c142c6cd1,"{""d"":5,""p"":0.00018873918221350977,""r"":20}",
      7168,         1,         0,   0.030,chromobius,a84cd708d74680a8dce8232c3cfb110694432af7c27bc443344bacb58cb743f0,"{""d"":5,""p"":0.0001,""r"":20}",
      4096,        20,         0,   0.032,chromobius,d2706b758e0ef94355443e197196e5c79044e469930750e9e50a6168a08cf59e,"{""d"":5,""p"":0.0003039195382313198,""r"":20}",
      4096,        14,         0,   0.033,chromobius,2e123b155f2d0eeaa381a2849a085b038e1e339fd524d5fd0d510491a52c7220,"{""d"":5,""p"":0.0002592943797404667,""r"":20}",
      3072,         2,         0,   0.025,chromobius,dc3710121e64d0a914b1c6856717d37cb226ad8e314e898a308c2d3aedc6defb,"{""d"":5,""p"":0.00016102620275609394,""r"":20}",
      3072,         8,         0,   0.031,chromobius,e97f9c6b7873fe15387e798fc3dfdf4c3b28ad4ccb5f60a5ee17befd75a74fbb,"{""d"":5,""p"":0.0003562247890262444,""r"":20}",
      2048,        16,         0,   0.023,chromobius,194116b1243f86e051e202d8910079d860d65e0467520557865acf3834cde8ce,"{""d"":5,""p"":0.00041753189365604,""r"":20}",
      8192,         3,         0,   0.028,chromobius,c02f7324f80c4696f6fff96d2124cde6035719a0e7e8cd42752d5dc3e4c89cf0,"{""d"":5,""p"":0.00011721022975334806,""r"":20}",
      7168,         6,         0,   0.029,chromobius,411f937e71be542c36653cf589f32dba8f6c926b7dee0ef6370edcf7644fda7f,"{""d"":5,""p"":0.00013738237958832623,""r"":20}",
      2048,        23,         0,   0.029,chromobius,bdd681d9e7d3d5e0354058f99c3a13df0bbb51d78d66dea360880b759e8e5453,"{""d"":5,""p"":0.0004893900918477494,""r"":20}",
      5120,        15,         0,   0.031,chromobius,ff015836648097873ee81c77480f1d99835a6e2eb5d73c72f89c5841dc8cc038,"{""d"":5,""p"":0.000221221629107045,""r"":20}",
      1024,         8,         0,   0.045,chromobius,d0e4cfaebc36d1ec1b73883d7a3417807daede44cc03cbf7e6e9657b6086fef9,"{""d"":5,""p"":0.0005736152510448681,""r"":20}",
      3072,         3,         0,   0.032,chromobius,1b6d6007dc3bc0114990d58e89f2f84c42598212275010061501811c142c6cd1,"{""d"":5,""p"":0.00018873918221350977,""r"":20}",
      1024,         7,         0,   0.031,chromobius,194116b1243f86e051e202d8910079d860d65e0467520557865acf3834cde8ce,"{""d"":5,""p"":0.00041753189365604,""r"":20}",
     12288,         3,         0,   0.038,chromobius,a84cd708d74680a8dce8232c3cfb110694432af7c27bc443344bacb58cb743f0,"{""d"":5,""p"":0.0001,""r"":20}",
      6144,         5,         0,   0.038,chromobius,dc3710121e64d0a914b1c6856717d37cb226ad8e314e898a308c2d3aedc6defb,"{""d"":5,""p"":0.00016102620275609394,""r"":20}",
      4096,        15,         0,   0.038,chromobius,e97f9c6b7873fe15387e798fc3dfdf4c3b28ad4ccb5f60a5ee17befd75a74fbb,"{""d"":5,""p"":0.0003562247890262444,""r"":20}",
      6144,        11,         0,   0.042,chromobius,2e123b155f2d0eeaa381a2849a085b038e1e339fd524d5fd0d510491a52c7220,"{""d"":5,""p"":0.0002592943797404667,""r"":20}",
     11264,         7,         0,   0.039,chromobius,c02f7324f80c4696f6fff96d2124cde6035719a0e7e8cd42752d5dc3e4c89cf0,"{""d"":5,""p"":0.00011721022975334806,""r"":20}",
     10240,         9,         0,   0.042,chromobius,411f937e71be542c36653cf589f32dba8f6c926b7dee0ef6370edcf7644fda7f,"{""d"":5,""p"":0.00013738237958832623,""r"":20}",
      7168,        11,         0,   0.044,chromobius,ff015836648097873ee81c77480f1d99835a6e2eb5d73c72f89c5841dc8cc038,"{""d"":5,""p"":0.000221221629107045,""r"":20}",
      1024,         5,         0,   0.028,chromobius,d0e4cfaebc36d1ec1b73883d7a3417807daede44cc03cbf7e6e9657b6086fef9,"{""d"":5,""p"":0.0005736152510448681,""r"":20}",
      3072,        24,         0,   0.042,chromobius,bdd681d9e7d3d5e0354058f99c3a13df0bbb51d78d66dea360880b759e8e5453,"{""d"":5,""p"":0.0004893900918477494,""r"":20}",
      5120,        23,         0,   0.055,chromobius,d2706b758e0ef94355443e197196e5c79044e469930750e9e50a6168a08cf59e,"{""d"":5,""p"":0.0003039195382313198,""r"":20}",
      2048,         6,         0,   0.038,chromobius,1b6d6007dc3bc0114990d58e89f2f84c42598212275010061501811c142c6cd1,"{""d"":5,""p"":0.00018873918221350977,""r"":20}",
      2048,        15,         0,   0.053,chromobius,194116b1243f86e051e202d8910079d860d65e0467520557865acf3834cde8ce,"{""d"":5,""p"":0.00041753189365604,""r"":20}",
     14336,         8,         0,   0.055,chromobius,a84cd708d74680a8dce8232c3cfb110694432af7c27bc443344bacb58cb743f0,"{""d"":5,""p"":0.0001,""r"":20}",
      3072,        30,         0,   0.043,chromobius,bdd681d9e7d3d5e0354058f99c3a13df0bbb51d78d66dea360880b759e8e5453,"{""d"":5,""p"":0.0004893900918477494,""r"":20}",
      9216,         6,         0,   0.054,chromobius,dc3710121e64d0a914b1c6856717d37cb226ad8e314e898a308c2d3aedc6defb,"{""d"":5,""p"":0.00016102620275609394,""r"":20}",
     15360,        12,         0,   0.053,chromobius,c02f7324f80c4696f6fff96d2124cde6035719a0e7e8cd42752d5dc3e4c89cf0,"{""d"":5,""p"":0.00011721022975334806,""r"":20}",
      2048,        15,         0,   0.047,chromobius,d0e4cfaebc36d1ec1b73883d7a3417807daede44cc03cbf7e6e9657b6086fef9,"{""d"":5,""p"":0.0005736152510448681,""r"":20}",
      8192,        19,         0,   0.056,chromobius,2e123b155f2d0eeaa381a2849a085b038e1e339fd524d5fd0d510491a52c7220,"{""d"":5,""p"":0.0002592943797404667,""r"":20}",
      6144,        29,         0,   0.058,chromobius,e97f9c6b7873fe15387e798fc3dfdf4c3b28ad4ccb5f60a5ee17befd75a74fbb,"{""d"":5,""p"":0.0003562247890262444,""r"":20}",
     12288,         6,         0,   0.056,chromobius,411f937e71be542c36653cf589f32dba8f6c926b7dee0ef6370edcf7644fda7f,"{""d"":5,""p"":0.00013738237958832623,""r"":20}",
      9216,        17,         0,   0.056,chromobius,ff015836648097873ee81c77480f1d99835a6e2eb5d73c72f89c5841dc8cc038,"{""d"":5,""p"":0.000221221629107045,""r"":20}",
      6144,        17,         0,   0.057,chromobius,d2706b758e0ef94355443e197196e5c79044e469930750e9e50a6168a08cf59e,"{""d"":5,""p"":0.0003039195382313198,""r"":20}",
      7168,        10,         0,   0.055,chromobius,1b6d6007dc3bc0114990d58e89f2f84c42598212275010061501811c142c6cd1,"{""d"":5,""p"":0.00018873918221350977,""r"":20}",
      4096,        25,         0,   0.060,chromobius,194116b1243f86e051e202d8910079d860d65e0467520557865acf3834cde8ce,"{""d"":5,""p"":0.00041753189365604,""r"":20}",
      5120,        37,         0,   0.066,chromobius,bdd681d9e7d3d5e0354058f99c3a13df0bbb51d78d66dea360880b759e8e5453,"{""d"":5,""p"":0.0004893900918477494,""r"":20}",
     23552,        11,         0,   0.076,chromobius,a84cd708d74680a8dce8232c3cfb110694432af7c27bc443344bacb58cb743f0,"{""d"":5,""p"":0.0001,""r"":20}",
     19456,         9,         0,   0.075,chromobius,c02f7324f80c4696f6fff96d2124cde6035719a0e7e8cd42752d5dc3e4c89cf0,"{""d"":5,""p"":0.00011721022975334806,""r"":20}",
      3072,        48,         0,   0.076,chromobius,d0e4cfaebc36d1ec1b73883d7a3417807daede44cc03cbf7e6e9657b6086fef9,"{""d"":5,""p"":0.0005736152510448681,""r"":20}",
     10240,         8,         0,   0.081,chromobius,dc3710121e64d0a914b1c6856717d37cb226ad8e314e898a308c2d3aedc6defb,"{""d"":5,""p"":0.00016102620275609394,""r"":20}",
     11264,        22,         0,   0.078,chromobius,2e123b155f2d0eeaa381a2849a085b038e1e339fd524d5fd0d510491a52c7220,"{""d"":5,""p"":0.0002592943797404667,""r"":20}",
      8192,        36,         0,   0.078,chromobius,e97f9c6b7873fe15387e798fc3dfdf4c3b28ad4ccb5f60a5ee17befd75a74fbb,"{""d"":5,""p"":0.0003562247890262444,""r"":20}",
     18432,        10,         0,   0.076,chromobius,411f937e71be542c36653cf589f32dba8f6c926b7dee0ef6370edcf7644fda7f,"{""d"":5,""p"":0.00013738237958832623,""r"":20}",
     11264,        19,         0,   0.076,chromobius,ff015836648097873ee81c77480f1d99835a6e2eb5d73c72f89c5841dc8cc038,"{""d"":5,""p"":0.000221221629107045,""r"":20}",
      9216,        27,         0,   0.078,chromobius,d2706b758e0ef94355443e197196e5c79044e469930750e9e50a6168a08cf59e,"{""d"":5,""p"":0.0003039195382313198,""r"":20}",
      8192,         7,         0,   0.077,chromobius,1b6d6007dc3bc0114990d58e89f2f84c42598212275010061501811c142c6cd1,"{""d"":5,""p"":0.00018873918221350977,""r"":20}",
      6144,        52,         0,   0.083,chromobius,bdd681d9e7d3d5e0354058f99c3a13df0bbb51d78d66dea360880b759e8e5453,"{""d"":5,""p"":0.0004893900918477494,""r"":20}",
      5120,        34,         0,   0.108,chromobius,194116b1243f86e051e202d8910079d860d65e0467520557865acf3834cde8ce,"{""d"":5,""p"":0.00041753189365604,""r"":20}",
      4096,        44,         0,   0.093,chromobius,d0e4cfaebc36d1ec1b73883d7a3417807daede44cc03cbf7e6e9657b6086fef9,"{""d"":5,""p"":0.0005736152510448681,""r"":20}",
     32768,         7,         0,   0.106,chromobius,a84cd708d74680a8dce8232c3cfb110694432af7c27bc443344bacb58cb743f0,"{""d"":5,""p"":0.0001,""r"":20}",
     28672,        13,         0,   0.106,chromobius,c02f7324f80c4696f6fff96d2124cde6035719a0e7e8cd42752d5dc3e4c89cf0,"{""d"":5,""p"":0.00011721022975334806,""r"":20}",
     13312,        13,         0,   0.107,chromobius,dc3710121e64d0a914b1c6856717d37cb226ad8e314e898a308c2d3aedc6defb,"{""d"":5,""p"":0.00016102620275609394,""r"":20}",
     11264,        54,         0,   0.107,chromobius,e97f9c6b7873fe15387e798fc3dfdf4c3b28ad4ccb5f60a5ee17befd75a74fbb,"{""d"":5,""p"":0.0003562247890262444,""r"":20}",
     15360,        28,         0,   0.109,chromobius,2e123b155f2d0eeaa381a2849a085b038e1e339fd524d5fd0d510491a52c7220,"{""d"":5,""p"":0.0002592943797404667,""r"":20}",
     24576,        19,         0,   0.107,chromobius,411f937e71be542c36653cf589f32dba8f6c926b7dee0ef6370edcf7644fda7f,"{""d"":5,""p"":0.00013738237958832623,""r"":20}",
     17408,        24,         0,   0.110,chromobius,ff015836648097873ee81c77480f1d99835a6e2eb5d73c72f89c5841dc8cc038,"{""d"":5,""p"":0.000221221629107045,""r"":20}",
     12288,        41,         0,   0.106,chromobius,d2706b758e0ef94355443e197196e5c79044e469930750e9e50a6168a08cf59e,"{""d"":5,""p"":0.0003039195382313198,""r"":20}",
     11264,        17,         0,   0.109,chromobius,1b6d6007dc3bc0114990d58e89f2f84c42598212275010061501811c142c6cd1,"{""d"":5,""p"":0.00018873918221350977,""r"":20}",
      8192,        69,         0,   0.110,chromobius,bdd681d9e7d3d5e0354058f99c3a13df0bbb51d78d66dea360880b759e8e5453,"{""d"":5,""p"":0.0004893900918477494,""r"":20}",
      4096,        53,         0,   0.111,chromobius,d0e4cfaebc36d1ec1b73883d7a3417807daede44cc03cbf7e6e9657b6086fef9,"{""d"":5,""p"":0.0005736152510448681,""r"":20}",
      7168,        50,         0,   0.120,chromobius,194116b1243f86e051e202d8910079d860d65e0467520557865acf3834cde8ce,"{""d"":5,""p"":0.00041753189365604,""r"":20}",
     45056,        10,         0,   0.148,chromobius,a84cd708d74680a8dce8232c3cfb110694432af7c27bc443344bacb58cb743f0,"{""d"":5,""p"":0.0001,""r"":20}",
     40960,        20,         0,   0.147,chromobius,c02f7324f80c4696f6fff96d2124cde6035719a0e7e8cd42752d5dc3e4c89cf0,"{""d"":5,""p"":0.00011721022975334806,""r"":20}",
     19456,        20,         0,   0.145,chromobius,dc3710121e64d0a914b1c6856717d37cb226ad8e314e898a308c2d3aedc6defb,"{""d"":5,""p"":0.00016102620275609394,""r"":20}",
     20480,        31,         0,   0.147,chromobius,2e123b155f2d0eeaa381a2849a085b038e1e339fd524d5fd0d510491a52c7220,"{""d"":5,""p"":0.0002592943797404667,""r"":20}",
     34816,        22,         0,   0.147,chromobius,411f937e71be542c36653cf589f32dba8f6c926b7dee0ef6370edcf7644fda7f,"{""d"":5,""p"":0.00013738237958832623,""r"":20}",
     17408,        62,         0,   0.148,chromobius,d2706b758e0ef94355443e197196e5c79044e469930750e9e50a6168a08cf59e,"{""d"":5,""p"":0.0003039195382313198,""r"":20}",
     16384,        73,         0,   0.156,chromobius,e97f9c6b7873fe15387e798fc3dfdf4c3b28ad4ccb5f60a5ee17befd75a74fbb,"{""d"":5,""p"":0.0003562247890262444,""r"":20}",
     23552,        44,         0,   0.150,chromobius,ff015836648097873ee81c77480f1d99835a6e2eb5d73c72f89c5841dc8cc038,"{""d"":5,""p"":0.000221221629107045,""r"":20}",
     18432,        20,         0,   0.138,chromobius,1b6d6007dc3bc0114990d58e89f2f84c42598212275010061501811c142c6cd1,"{""d"":5,""p"":0.00018873918221350977,""r"":20}",
     11264,       101,         0,   0.160,chromobius,bdd681d9e7d3d5e0354058f99c3a13df0bbb51d78d66dea360880b759e8e5453,"{""d"":5,""p"":0.0004893900918477494,""r"":20}",
      7168,        77,         0,   0.157,chromobius,d0e4cfaebc36d1ec1b73883d7a3417807daede44cc03cbf7e6e9657b6086fef9,"{""d"":5,""p"":0.0005736152510448681,""r"":20}",
      9216,        57,         0,   0.155,chromobius,194116b1243f86e051e202d8910079d860d65e0467520557865acf3834cde8ce,"{""d"":5,""p"":0.00041753189365604,""r"":20}",
     50176,        19,         0,   0.207,chromobius,a84cd708d74680a8dce8232c3cfb110694432af7c27bc443344bacb58cb743f0,"{""d"":5,""p"":0.0001,""r"":20}",
     48128,        25,         0,   0.207,chromobius,c02f7324f80c4696f6fff96d2124cde6035719a0e7e8cd42752d5dc3e4c89cf0,"{""d"":5,""p"":0.00011721022975334806,""r"":20}",
     31744,        17,         0,   0.207,chromobius,dc3710121e64d0a914b1c6856717d37cb226ad8e314e898a308c2d3aedc6defb,"{""d"":5,""p"":0.00016102620275609394,""r"":20}",
     14336,        57,         0,   0.206,chromobius,e97f9c6b7873fe15387e798fc3dfdf4c3b28ad4ccb5f60a5ee17befd75a74fbb,"{""d"":5,""p"":0.0003562247890262444,""r"":20}",
     19456,        49,         0,   0.206,chromobius,d2706b758e0ef94355443e197196e5c79044e469930750e9e50a6168a08cf59e,"{""d"":5,""p"":0.0003039195382313198,""r"":20}",
     46080,        32,         0,   0.221,chromobius,411f937e71be542c36653cf589f32dba8f6c926b7dee0ef6370edcf7644fda7f,"{""d"":5,""p"":0.00013738237958832623,""r"":20}",
     23552,        54,         0,   0.225,chromobius,2e123b155f2d0eeaa381a2849a085b038e1e339fd524d5fd0d510491a52c7220,"{""d"":5,""p"":0.0002592943797404667,""r"":20}",
     25600,        39,         0,   0.205,chromobius,ff015836648097873ee81c77480f1d99835a6e2eb5d73c72f89c5841dc8cc038,"{""d"":5,""p"":0.000221221629107045,""r"":20}",
     27648,        29,         0,   0.222,chromobius,1b6d6007dc3bc0114990d58e89f2f84c42598212275010061501811c142c6cd1,"{""d"":5,""p"":0.00018873918221350977,""r"":20}",
     12288,       111,         0,   0.219,chromobius,bdd681d9e7d3d5e0354058f99c3a13df0bbb51d78d66dea360880b759e8e5453,"{""d"":5,""p"":0.0004893900918477494,""r"":20}",
     10240,        76,         0,   0.208,chromobius,194116b1243f86e051e202d8910079d860d65e0467520557865acf3834cde8ce,"{""d"":5,""p"":0.00041753189365604,""r"":20}",
     10240,       119,         0,   0.247,chromobius,d0e4cfaebc36d1ec1b73883d7a3417807daede44cc03cbf7e6e9657b6086fef9,"{""d"":5,""p"":0.0005736152510448681,""r"":20}",
     73728,        25,         0,   0.288,chromobius,a84cd708d74680a8dce8232c3cfb110694432af7c27bc443344bacb58cb743f0,"{""d"":5,""p"":0.0001,""r"":20}",
     63488,        24,         0,   0.285,chromobius,c02f7324f80c4696f6fff96d2124cde6035719a0e7e8cd42752d5dc3e4c89cf0,"{""d"":5,""p"":0.00011721022975334806,""r"":20}",
     31744,        30,         0,   0.294,chromobius,dc3710121e64d0a914b1c6856717d37cb226ad8e314e898a308c2d3aedc6defb,"{""d"":5,""p"":0.00016102620275609394,""r"":20}",
     28672,       102,         0,   0.290,chromobius,d2706b758e0ef94355443e197196e5c79044e469930750e9e50a6168a08cf59e,"{""d"":5,""p"":0.0003039195382313198,""r"":20}",
     22528,       103,         0,   0.294,chromobius,e97f9c6b7873fe15387e798fc3dfdf4c3b28ad4ccb5f60a5ee17befd75a74fbb,"{""d"":5,""p"":0.0003562247890262444,""r"":20}",
     58368,        36,         0,   0.285,chromobius,411f937e71be542c36653cf589f32dba8f6c926b7dee0ef6370edcf7644fda7f,"{""d"":5,""p"":0.00013738237958832623,""r"":20}",
     35840,        66,         0,   0.288,chromobius,ff015836648097873ee81c77480f1d99835a6e2eb5d73c72f89c5841dc8cc038,"{""d"":5,""p"":0.000221221629107045,""r"":20}",
     31744,        67,         0,   0.291,chromobius,2e123b155f2d0eeaa381a2849a085b038e1e339fd524d5fd0d510491a52c7220,"{""d"":5,""p"":0.0002592943797404667,""r"":20}",
     31744,        38,         0,   0.290,chromobius,1b6d6007dc3bc0114990d58e89f2f84c42598212275010061501811c142c6cd1,"{""d"":5,""p"":0.00018873918221350977,""r"":20}",
     19456,       190,         0,   0.293,chromobius,bdd681d9e7d3d5e0354058f99c3a13df0bbb51d78d66dea360880b759e8e5453,"{""d"":5,""p"":0.0004893900918477494,""r"":20}",
     15360,       102,         0,   0.297,chromobius,194116b1243f86e051e202d8910079d860d65e0467520557865acf3834cde8ce,"{""d"":5,""p"":0.00041753189365604,""r"":20}",
     11264,       131,         0,   0.289,chromobius,d0e4cfaebc36d1ec1b73883d7a3417807daede44cc03cbf7e6e9657b6086fef9,"{""d"":5,""p"":0.0005736152510448681,""r"":20}",
    118784,        31,         0,   0.398,chromobius,a84cd708d74680a8dce8232c3cfb110694432af7c27bc443344bacb58cb743f0,"{""d"":5,""p"":0.0001,""r"":20}",
     99328,        55,         0,   0.402,chromobius,c02f7324f80c4696f6fff96d2124cde6035719a0e7e8cd42752d5dc3e4c89cf0,"{""d"":5,""p"":0.00011721022975334806,""r"":20}",
     90112,        56,         0,   0.399,chromobius,411f937e71be542c36653cf589f32dba8f6c926b7dee0ef6370edcf7644fda7f,"{""d"":5,""p"":0.00013738237958832623,""r"":20}",
     47104,       149,         0,   0.410,chromobius,d2706b758e0ef94355443e197196e5c79044e469930750e9e50a6168a08cf59e,"{""d"":5,""p"":0.0003039195382313198,""r"":20}",
     39936,       182,         0,   0.410,chromobius,e97f9c6b7873fe15387e798fc3dfdf4c3b28ad4ccb5f60a5ee17befd75a74fbb,"{""d"":5,""p"":0.0003562247890262444,""r"":20}",
     53248,       115,         0,   0.401,chromobius,2e123b155f2d0eeaa381a2849a085b038e1e339fd524d5fd0d510491a52c7220,"{""d"":5,""p"":0.0002592943797404667,""r"":20}",
     62464,       103,         0,   0.405,chromobius,ff015836648097873ee81c77480f1d99835a6e2eb5d73c72f89c5841dc8cc038,"{""d"":5,""p"":0.000221221629107045,""r"":20}",
     57344,        48,         0,   0.425,chromobius,dc3710121e64d0a914b1c6856717d37cb226ad8e314e898a308c2d3aedc6defb,"{""d"":5,""p"":0.00016102620275609394,""r"":20}",
     46080,        66,         0,   0.403,chromobius,1b6d6007dc3bc0114990d58e89f2f84c42598212275010061501811c142c6cd1,"{""d"":5,""p"":0.00018873918221350977,""r"":20}",
     29696,       283,         0,   0.412,chromobius,bdd681d9e7d3d5e0354058f99c3a13df0bbb51d78d66dea360880b759e8e5453,"{""d"":5,""p"":0.0004893900918477494,""r"":20}",
     23552,       155,         0,   0.409,chromobius,194116b1243f86e051e202d8910079d860d65e0467520557865acf3834cde8ce,"{""d"":5,""p"":0.00041753189365604,""r"":20}",
     17408,       216,         0,   0.411,chromobius,d0e4cfaebc36d1ec1b73883d7a3417807daede44cc03cbf7e6e9657b6086fef9,"{""d"":5,""p"":0.0005736152510448681,""r"":20}",
    152576,        39,         0,   0.560,chromobius,a84cd708d74680a8dce8232c3cfb110694432af7c27bc443344bacb58cb743f0,"{""d"":5,""p"":0.0001,""r"":20}",
    126976,        47,         0,   0.557,chromobius,c02f7324f80c4696f6fff96d2124cde6035719a0e7e8cd42752d5dc3e4c89cf0,"{""d"":5,""p"":0.00011721022975334806,""r"":20}",
     53248,       241,         0,   0.565,chromobius,e97f9c6b7873fe15387e798fc3dfdf4c3b28ad4ccb5f60a5ee17befd75a74fbb,"{""d"":5,""p"":0.0003562247890262444,""r"":20}",
    115712,        61,         0,   0.567,chromobius,411f937e71be542c36653cf589f32dba8f6c926b7dee0ef6370edcf7644fda7f,"{""d"":5,""p"":0.00013738237958832623,""r"":20}",
     64512,       222,         0,   0.568,chromobius,d2706b758e0ef94355443e197196e5c79044e469930750e9e50a6168a08cf59e,"{""d"":5,""p"":0.0003039195382313198,""r"":20}",
     78848,       142,         0,   0.562,chromobius,ff015836648097873ee81c77480f1d99835a6e2eb5d73c72f89c5841dc8cc038,"{""d"":5,""p"":0.000221221629107045,""r"":20}",
     69632,       152,         0,   0.566,chromobius,2e123b155f2d0eeaa381a2849a085b038e1e339fd524d5fd0d510491a52c7220,"{""d"":5,""p"":0.0002592943797404667,""r"":20}",
     83968,        71,         0,   0.561,chromobius,dc3710121e64d0a914b1c6856717d37cb226ad8e314e898a308c2d3aedc6defb,"{""d"":5,""p"":0.00016102620275609394,""r"":20}",
     65536,        70,         0,   0.551,chromobius,1b6d6007dc3bc0114990d58e89f2f84c42598212275010061501811c142c6cd1,"{""d"":5,""p"":0.00018873918221350977,""r"":20}",
     35840,       266,         0,   0.567,chromobius,bdd681d9e7d3d5e0354058f99c3a13df0bbb51d78d66dea360880b759e8e5453,"{""d"":5,""p"":0.0004893900918477494,""r"":20}",
     33792,       209,         0,   0.571,chromobius,194116b1243f86e051e202d8910079d860d65e0467520557865acf3834cde8ce,"{""d"":5,""p"":0.00041753189365604,""r"":20}",
     25600,       295,         0,   0.571,chromobius,d0e4cfaebc36d1ec1b73883d7a3417807daede44cc03cbf7e6e9657b6086fef9,"{""d"":5,""p"":0.0005736152510448681,""r"":20}",
    217088,        67,         0,   0.782,chromobius,a84cd708d74680a8dce8232c3cfb110694432af7c27bc443344bacb58cb743f0,"{""d"":5,""p"":0.0001,""r"":20}",
    206848,       106,         0,   0.781,chromobius,c02f7324f80c4696f6fff96d2124cde6035719a0e7e8cd42752d5dc3e4c89cf0,"{""d"":5,""p"":0.00011721022975334806,""r"":20}",
    172032,       122,         0,   0.783,chromobius,411f937e71be542c36653cf589f32dba8f6c926b7dee0ef6370edcf7644fda7f,"{""d"":5,""p"":0.00013738237958832623,""r"":20}",
     79872,       259,         0,   0.788,chromobius,d2706b758e0ef94355443e197196e5c79044e469930750e9e50a6168a08cf59e,"{""d"":5,""p"":0.0003039195382313198,""r"":20}",
     77824,       327,         0,   0.795,chromobius,e97f9c6b7873fe15387e798fc3dfdf4c3b28ad4ccb5f60a5ee17befd75a74fbb,"{""d"":5,""p"":0.0003562247890262444,""r"":20}",
     99328,       233,         0,   0.785,chromobius,2e123b155f2d0eeaa381a2849a085b038e1e339fd524d5fd0d510491a52c7220,"{""d"":5,""p"":0.0002592943797404667,""r"":20}",
    120832,       211,         0,   0.791,chromobius,ff015836648097873ee81c77480f1d99835a6e2eb5d73c72f89c5841dc8cc038,"{""d"":5,""p"":0.000221221629107045,""r"":20}",
    124928,       115,         0,   0.788,chromobius,dc3710121e64d0a914b1c6856717d37cb226ad8e314e898a308c2d3aedc6defb,"{""d"":5,""p"":0.00016102620275609394,""r"":20}",
    120832,       142,         0,   0.789,chromobius,1b6d6007dc3bc0114990d58e89f2f84c42598212275010061501811c142c6cd1,"{""d"":5,""p"":0.00018873918221350977,""r"":20}",
     57344,       491,         0,   0.797,chromobius,bdd681d9e7d3d5e0354058f99c3a13df0bbb51d78d66dea360880b759e8e5453,"{""d"":5,""p"":0.0004893900918477494,""r"":20}",
     56320,       364,         0,   0.795,chromobius,194116b1243f86e051e202d8910079d860d65e0467520557865acf3834cde8ce,"{""d"":5,""p"":0.00041753189365604,""r"":20}",
     40960,       467,         0,   0.798,chromobius,d0e4cfaebc36d1ec1b73883d7a3417807daede44cc03cbf7e6e9657b6086fef9,"{""d"":5,""p"":0.0005736152510448681,""r"":20}",
    346112,       124,         0,    1.10,chromobius,a84cd708d74680a8dce8232c3cfb110694432af7c27bc443344bacb58cb743f0,"{""d"":5,""p"":0.0001,""r"":20}",
    308224,       148,         0,    1.10,chromobius,c02f7324f80c4696f6fff96d2124cde6035719a0e7e8cd42752d5dc3e4c89cf0,"{""d"":5,""p"":0.00011721022975334806,""r"":20}",
    269312,       163,         0,    1.10,chromobius,411f937e71be542c36653cf589f32dba8f6c926b7dee0ef6370edcf7644fda7f,"{""d"":5,""p"":0.00013738237958832623,""r"":20}",
    113664,       558,         0,    1.10,chromobius,e97f9c6b7873fe15387e798fc3dfdf4c3b28ad4ccb5f60a5ee17befd75a74fbb,"{""d"":5,""p"":0.0003562247890262444,""r"":20}",
    138240,       439,         0,    1.11,chromobius,d2706b758e0ef94355443e197196e5c79044e469930750e9e50a6168a08cf59e,"{""d"":5,""p"":0.0003039195382313198,""r"":20}",
    185344,       322,         0,    1.10,chromobius,ff015836648097873ee81c77480f1d99835a6e2eb5d73c72f89c5841dc8cc038,"{""d"":5,""p"":0.000221221629107045,""r"":20}",
    158720,       398,         0,    1.11,chromobius,2e123b155f2d0eeaa381a2849a085b038e1e339fd524d5fd0d510491a52c7220,"{""d"":5,""p"":0.0002592943797404667,""r"":20}",
    224256,       217,         0,    1.10,chromobius,dc3710121e64d0a914b1c6856717d37cb226ad8e314e898a308c2d3aedc6defb,"{""d"":5,""p"":0.00016102620275609394,""r"":20}",
    192512,       240,         0,    1.10,chromobius,1b6d6007dc3bc0114990d58e89f2f84c42598212275010061501811c142c6cd1,"{""d"":5,""p"":0.00018873918221350977,""r"":20}",
     84992,       798,         0,    1.11,chromobius,bdd681d9e7d3d5e0354058f99c3a13df0bbb51d78d66dea360880b759e8e5453,"{""d"":5,""p"":0.0004893900918477494,""r"":20}",
     95232,       580,         0,    1.11,chromobius,194116b1243f86e051e202d8910079d860d65e0467520557865acf3834cde8ce,"{""d"":5,""p"":0.00041753189365604,""r"":20}",
     69632,       842,         0,    1.11,chromobius,d0e4cfaebc36d1ec1b73883d7a3417807daede44cc03cbf7e6e9657b6086fef9,"{""d"":5,""p"":0.0005736152510448681,""r"":20}",
    500736,       188,         0,    1.54,chromobius,a84cd708d74680a8dce8232c3cfb110694432af7c27bc443344bacb58cb743f0,"{""d"":5,""p"":0.0001,""r"":20}",
    449536,       227,         0,    1.54,chromobius,c02f7324f80c4696f6fff96d2124cde6035719a0e7e8cd42752d5dc3e4c89cf0,"{""d"":5,""p"":0.00011721022975334806,""r"":20}",
    387072,       239,         0,    1.54,chromobius,411f937e71be542c36653cf589f32dba8f6c926b7dee0ef6370edcf7644fda7f,"{""d"":5,""p"":0.00013738237958832623,""r"":20}",
    165888,       728,         0,    1.55,chromobius,e97f9c6b7873fe15387e798fc3dfdf4c3b28ad4ccb5f60a5ee17befd75a74fbb,"{""d"":5,""p"":0.0003562247890262444,""r"":20}",
    196608,       607,         0,    1.55,chromobius,d2706b758e0ef94355443e197196e5c79044e469930750e9e50a6168a08cf59e,"{""d"":5,""p"":0.0003039195382313198,""r"":20}",
    259072,       438,         0,    1.55,chromobius,ff015836648097873ee81c77480f1d99835a6e2eb5d73c72f89c5841dc8cc038,"{""d"":5,""p"":0.000221221629107045,""r"":20}",
    228352,       518,         0,    1.55,chromobius,2e123b155f2d0eeaa381a2849a085b038e1e339fd524d5fd0d510491a52c7220,"{""d"":5,""p"":0.0002592943797404667,""r"":20}",
    338944,       288,         0,    1.54,chromobius,dc3710121e64d0a914b1c6856717d37cb226ad8e314e898a308c2d3aedc6defb,"{""d"":5,""p"":0.00016102620275609394,""r"":20}",
    297984,       379,         0,    1.54,chromobius,1b6d6007dc3bc0114990d58e89f2f84c42598212275010061501811c142c6cd1,"{""d"":5,""p"":0.00018873918221350977,""r"":20}",
    120832,      1027,         0,    1.56,chromobius,bdd681d9e7d3d5e0354058f99c3a13df0bbb51d78d66dea360880b759e8e5453,"{""d"":5,""p"":0.0004893900918477494,""r"":20}",
    142336,       910,         0,    1.55,chromobius,194116b1243f86e051e202d8910079d860d65e0467520557865acf3834cde8ce,"{""d"":5,""p"":0.00041753189365604,""r"":20}",
    103424,      1220,         0,    1.55,chromobius,d0e4cfaebc36d1ec1b73883d7a3417807daede44cc03cbf7e6e9657b6086fef9,"{""d"":5,""p"":0.0005736152510448681,""r"":20}",
    118784,      1446,         0,    1.78,chromobius,d0e4cfaebc36d1ec1b73883d7a3417807daede44cc03cbf7e6e9657b6086fef9,"{""d"":5,""p"":0.0005736152510448681,""r"":20}",
      1297,        15,         0,   0.023,chromobius,acd118c8316254bb611071f8f996f6c16cb6134e4c8ba2df4fec559451865d06,"{""d"":5,""p"":0.0006723357536499335,""r"":20}",
      1024,        24,         0,   0.017,chromobius,acd118c8316254bb611071f8f996f6c16cb6134e4c8ba2df4fec559451865d06,"{""d"":5,""p"":0.0006723357536499335,""r"":20}",
      2048,        24,         0,   0.035,chromobius,acd118c8316254bb611071f8f996f6c16cb6134e4c8ba2df4fec559451865d06,"{""d"":5,""p"":0.0006723357536499335,""r"":20}",
      2048,        31,         0,   0.035,chromobius,acd118c8316254bb611071f8f996f6c16cb6134e4c8ba2df4fec559451865d06,"{""d"":5,""p"":0.0006723357536499335,""r"":20}",
      3072,        59,         0,   0.053,chromobius,acd118c8316254bb611071f8f996f6c16cb6134e4c8ba2df4fec559451865d06,"{""d"":5,""p"":0.0006723357536499335,""r"":20}",
    705536,       246,         0,    2.15,chromobius,a84cd708d74680a8dce8232c3cfb110694432af7c27bc443344bacb58cb743f0,"{""d"":5,""p"":0.0001,""r"":20}",
    629760,       313,         0,    2.15,chromobius,c02f7324f80c4696f6fff96d2124cde6035719a0e7e8cd42752d5dc3e4c89cf0,"{""d"":5,""p"":0.00011721022975334806,""r"":20}",
    542720,       329,         0,    2.15,chromobius,411f937e71be542c36653cf589f32dba8f6c926b7dee0ef6370edcf7644fda7f,"{""d"":5,""p"":0.00013738237958832623,""r"":20}",
    273408,       857,         0,    2.17,chromobius,d2706b758e0ef94355443e197196e5c79044e469930750e9e50a6168a08cf59e,"{""d"":5,""p"":0.0003039195382313198,""r"":20}",
    363520,       657,         0,    2.16,chromobius,ff015836648097873ee81c77480f1d99835a6e2eb5d73c72f89c5841dc8cc038,"{""d"":5,""p"":0.000221221629107045,""r"":20}",
    233472,      1007,         0,    2.17,chromobius,e97f9c6b7873fe15387e798fc3dfdf4c3b28ad4ccb5f60a5ee17befd75a74fbb,"{""d"":5,""p"":0.0003562247890262444,""r"":20}",
    473088,       437,         0,    2.16,chromobius,dc3710121e64d0a914b1c6856717d37cb226ad8e314e898a308c2d3aedc6defb,"{""d"":5,""p"":0.00016102620275609394,""r"":20}",
    316416,       804,         0,    2.16,chromobius,2e123b155f2d0eeaa381a2849a085b038e1e339fd524d5fd0d510491a52c7220,"{""d"":5,""p"":0.0002592943797404667,""r"":20}",
    416768,       550,         0,    2.16,chromobius,1b6d6007dc3bc0114990d58e89f2f84c42598212275010061501811c142c6cd1,"{""d"":5,""p"":0.00018873918221350977,""r"":20}",
      4096,        69,         0,   0.072,chromobius,acd118c8316254bb611071f8f996f6c16cb6134e4c8ba2df4fec559451865d06,"{""d"":5,""p"":0.0006723357536499335,""r"":20}",
    199680,      1236,         0,    2.16,chromobius,194116b1243f86e051e202d8910079d860d65e0467520557865acf3834cde8ce,"{""d"":5,""p"":0.00041753189365604,""r"":20}",
    171008,      1486,         0,    2.17,chromobius,bdd681d9e7d3d5e0354058f99c3a13df0bbb51d78d66dea360880b759e8e5453,"{""d"":5,""p"":0.0004893900918477494,""r"":20}",
      1024,         6,         0,   0.014,chromobius,bdd681d9e7d3d5e0354058f99c3a13df0bbb51d78d66dea360880b759e8e5453,"{""d"":5,""p"":0.0004893900918477494,""r"":20}",
      5120,        86,         0,   0.089,chromobius,acd118c8316254bb611071f8f996f6c16cb6134e4c8ba2df4fec559451865d06,"{""d"":5,""p"":0.0006723357536499335,""r"":20}",
      1297,        28,         0,   0.027,chromobius,6f998fa09f810f63ba76b443b1c636f246cb8cae0a6303a357f228af82e6db59,"{""d"":5,""p"":0.0007880462815669912,""r"":20}",
      1024,        20,         0,   0.021,chromobius,6f998fa09f810f63ba76b443b1c636f246cb8cae0a6303a357f228af82e6db59,"{""d"":5,""p"":0.0007880462815669912,""r"":20}",
      6144,       114,         0,   0.115,chromobius,acd118c8316254bb611071f8f996f6c16cb6134e4c8ba2df4fec559451865d06,"{""d"":5,""p"":0.0006723357536499335,""r"":20}",
      1024,        18,         0,   0.022,chromobius,6f998fa09f810f63ba76b443b1c636f246cb8cae0a6303a357f228af82e6db59,"{""d"":5,""p"":0.0007880462815669912,""r"":20}",
      2048,        58,         0,   0.041,chromobius,6f998fa09f810f63ba76b443b1c636f246cb8cae0a6303a357f228af82e6db59,"{""d"":5,""p"":0.0007880462815669912,""r"":20}",
      2048,        47,         0,   0.042,chromobius,6f998fa09f810f63ba76b443b1c636f246cb8cae0a6303a357f228af82e6db59,"{""d"":5,""p"":0.0007880462815669912,""r"":20}",
      3072,        84,         0,   0.063,chromobius,6f998fa09f810f63ba76b443b1c636f246cb8cae0a6303a357f228af82e6db59,"{""d"":5,""p"":0.0007880462815669912,""r"":20}",
      9216,       163,         0,   0.158,chromobius,acd118c8316254bb611071f8f996f6c16cb6134e4c8ba2df4fec559451865d06,"{""d"":5,""p"":0.0006723357536499335,""r"":20}",
      4096,        85,         0,   0.082,chromobius,6f998fa09f810f63ba76b443b1c636f246cb8cae0a6303a357f228af82e6db59,"{""d"":5,""p"":0.0007880462815669912,""r"":20}",
      6144,       148,         0,   0.124,chromobius,6f998fa09f810f63ba76b443b1c636f246cb8cae0a6303a357f228af82e6db59,"{""d"":5,""p"":0.0007880462815669912,""r"":20}",
     12288,       195,         0,   0.210,chromobius,acd118c8316254bb611071f8f996f6c16cb6134e4c8ba2df4fec559451865d06,"{""d"":5,""p"":0.0006723357536499335,""r"":20}",
      8192,       179,         0,   0.165,chromobius,6f998fa09f810f63ba76b443b1c636f246cb8cae0a6303a357f228af82e6db59,"{""d"":5,""p"":0.0007880462815669912,""r"":20}",
     17408,       297,         0,   0.298,chromobius,acd118c8316254bb611071f8f996f6c16cb6134e4c8ba2df4fec559451865d06,"{""d"":5,""p"":0.0006723357536499335,""r"":20}",
     10240,       253,         0,   0.208,chromobius,6f998fa09f810f63ba76b443b1c636f246cb8cae0a6303a357f228af82e6db59,"{""d"":5,""p"":0.0007880462815669912,""r"":20}",
     14336,       332,         0,   0.291,chromobius,6f998fa09f810f63ba76b443b1c636f246cb8cae0a6303a357f228af82e6db59,"{""d"":5,""p"":0.0007880462815669912,""r"":20}",
     23552,       399,         0,   0.407,chromobius,acd118c8316254bb611071f8f996f6c16cb6134e4c8ba2df4fec559451865d06,"{""d"":5,""p"":0.0006723357536499335,""r"":20}",
     20480,       491,         0,   0.415,chromobius,6f998fa09f810f63ba76b443b1c636f246cb8cae0a6303a357f228af82e6db59,"{""d"":5,""p"":0.0007880462815669912,""r"":20}",
     33792,       540,         0,   0.576,chromobius,acd118c8316254bb611071f8f996f6c16cb6134e4c8ba2df4fec559451865d06,"{""d"":5,""p"":0.0006723357536499335,""r"":20}",
    192512,      1158,         0,    2.12,chromobius,194116b1243f86e051e202d8910079d860d65e0467520557865acf3834cde8ce,"{""d"":5,""p"":0.00041753189365604,""r"":20}",
     28672,       639,         0,   0.577,chromobius,6f998fa09f810f63ba76b443b1c636f246cb8cae0a6303a357f228af82e6db59,"{""d"":5,""p"":0.0007880462815669912,""r"":20}",
      1297,        50,         0,   0.034,chromobius,53d40d613105d7168d8737a6780d1713a729ac2fb32fde419f72fa29f9192024,"{""d"":5,""p"":0.0009236708571873865,""r"":20}",
      1024,        39,         0,   0.025,chromobius,53d40d613105d7168d8737a6780d1713a729ac2fb32fde419f72fa29f9192024,"{""d"":5,""p"":0.0009236708571873865,""r"":20}",
      1024,        34,         0,   0.024,chromobius,53d40d613105d7168d8737a6780d1713a729ac2fb32fde419f72fa29f9192024,"{""d"":5,""p"":0.0009236708571873865,""r"":20}",
      2048,        71,         0,   0.050,chromobius,53d40d613105d7168d8737a6780d1713a729ac2fb32fde419f72fa29f9192024,"{""d"":5,""p"":0.0009236708571873865,""r"":20}",
      2048,        60,         0,   0.049,chromobius,53d40d613105d7168d8737a6780d1713a729ac2fb32fde419f72fa29f9192024,"{""d"":5,""p"":0.0009236708571873865,""r"":20}",
      3072,       101,         0,   0.074,chromobius,53d40d613105d7168d8737a6780d1713a729ac2fb32fde419f72fa29f9192024,"{""d"":5,""p"":0.0009236708571873865,""r"":20}",
      4096,       137,         0,   0.098,chromobius,53d40d613105d7168d8737a6780d1713a729ac2fb32fde419f72fa29f9192024,"{""d"":5,""p"":0.0009236708571873865,""r"":20}",
     46080,       780,         0,   0.802,chromobius,acd118c8316254bb611071f8f996f6c16cb6134e4c8ba2df4fec559451865d06,"{""d"":5,""p"":0.0006723357536499335,""r"":20}",
      5120,       152,         0,   0.125,chromobius,53d40d613105d7168d8737a6780d1713a729ac2fb32fde419f72fa29f9192024,"{""d"":5,""p"":0.0009236708571873865,""r"":20}",
      7168,       248,         0,   0.170,chromobius,53d40d613105d7168d8737a6780d1713a729ac2fb32fde419f72fa29f9192024,"{""d"":5,""p"":0.0009236708571873865,""r"":20}",
    986112,       319,         0,    3.01,chromobius,a84cd708d74680a8dce8232c3cfb110694432af7c27bc443344bacb58cb743f0,"{""d"":5,""p"":0.0001,""r"":20}",
    873472,       384,         0,    3.01,chromobius,c02f7324f80c4696f6fff96d2124cde6035719a0e7e8cd42752d5dc3e4c89cf0,"{""d"":5,""p"":0.00011721022975334806,""r"":20}",
    755712,       489,         0,    3.02,chromobius,411f937e71be542c36653cf589f32dba8f6c926b7dee0ef6370edcf7644fda7f,"{""d"":5,""p"":0.00013738237958832623,""r"":20}",
    509952,       930,         0,    3.02,chromobius,ff015836648097873ee81c77480f1d99835a6e2eb5d73c72f89c5841dc8cc038,"{""d"":5,""p"":0.000221221629107045,""r"":20}",
    322560,      1407,         0,    3.03,chromobius,e97f9c6b7873fe15387e798fc3dfdf4c3b28ad4ccb5f60a5ee17befd75a74fbb,"{""d"":5,""p"":0.0003562247890262444,""r"":20}",
    385024,      1215,         0,    3.03,chromobius,d2706b758e0ef94355443e197196e5c79044e469930750e9e50a6168a08cf59e,"{""d"":5,""p"":0.0003039195382313198,""r"":20}",
    654336,       606,         0,    3.01,chromobius,dc3710121e64d0a914b1c6856717d37cb226ad8e314e898a308c2d3aedc6defb,"{""d"":5,""p"":0.00016102620275609394,""r"":20}",
    446464,      1071,         0,    3.03,chromobius,2e123b155f2d0eeaa381a2849a085b038e1e339fd524d5fd0d510491a52c7220,"{""d"":5,""p"":0.0002592943797404667,""r"":20}",
     38912,       830,         0,   0.799,chromobius,6f998fa09f810f63ba76b443b1c636f246cb8cae0a6303a357f228af82e6db59,"{""d"":5,""p"":0.0007880462815669912,""r"":20}",
    585728,       741,         0,    3.02,chromobius,1b6d6007dc3bc0114990d58e89f2f84c42598212275010061501811c142c6cd1,"{""d"":5,""p"":0.00018873918221350977,""r"":20}",
      9216,       271,         0,   0.224,chromobius,53d40d613105d7168d8737a6780d1713a729ac2fb32fde419f72fa29f9192024,"{""d"":5,""p"":0.0009236708571873865,""r"":20}",
     37888,       163,         0,   0.352,chromobius,e97f9c6b7873fe15387e798fc3dfdf4c3b28ad4ccb5f60a5ee17befd75a74fbb,"{""d"":5,""p"":0.0003562247890262444,""r"":20}",
     12288,       380,         0,   0.301,chromobius,53d40d613105d7168d8737a6780d1713a729ac2fb32fde419f72fa29f9192024,"{""d"":5,""p"":0.0009236708571873865,""r"":20}",
      1297,        55,         0,   0.038,chromobius,8d72e6b3029ba5b17b238456e94b626633d1a07ad81c371ed78eae588409573a,"{""d"":5,""p"":0.001082636733874054,""r"":20}",
      1024,        48,         0,   0.029,chromobius,8d72e6b3029ba5b17b238456e94b626633d1a07ad81c371ed78eae588409573a,"{""d"":5,""p"":0.001082636733874054,""r"":20}",
      1024,        42,         0,   0.035,chromobius,8d72e6b3029ba5b17b238456e94b626633d1a07ad81c371ed78eae588409573a,"{""d"":5,""p"":0.001082636733874054,""r"":20}",
      1024,        55,         0,   0.029,chromobius,8d72e6b3029ba5b17b238456e94b626633d1a07ad81c371ed78eae588409573a,"{""d"":5,""p"":0.001082636733874054,""r"":20}",
      2048,        77,         0,   0.063,chromobius,8d72e6b3029ba5b17b238456e94b626633d1a07ad81c371ed78eae588409573a,"{""d"":5,""p"":0.001082636733874054,""r"":20}",
      2048,        78,         0,   0.058,chromobius,8d72e6b3029ba5b17b238456e94b626633d1a07ad81c371ed78eae588409573a,"{""d"":5,""p"":0.001082636733874054,""r"":20}",
      3072,       130,         0,   0.086,chromobius,8d72e6b3029ba5b17b238456e94b626633d1a07ad81c371ed78eae588409573a,"{""d"":5,""p"":0.001082636733874054,""r"":20}",
     63488,      1076,         0,    1.12,chromobius,acd118c8316254bb611071f8f996f6c16cb6134e4c8ba2df4fec559451865d06,"{""d"":5,""p"":0.0006723357536499335,""r"":20}",
     16384,       473,         0,   0.410,chromobius,53d40d613105d7168d8737a6780d1713a729ac2fb32fde419f72fa29f9192024,"{""d"":5,""p"":0.0009236708571873865,""r"":20}",
      4096,       173,         0,   0.116,chromobius,8d72e6b3029ba5b17b238456e94b626633d1a07ad81c371ed78eae588409573a,"{""d"":5,""p"":0.001082636733874054,""r"":20}",
      6144,       280,         0,   0.172,chromobius,8d72e6b3029ba5b17b238456e94b626633d1a07ad81c371ed78eae588409573a,"{""d"":5,""p"":0.001082636733874054,""r"":20}",
     52224,      1202,         0,    1.12,chromobius,6f998fa09f810f63ba76b443b1c636f246cb8cae0a6303a357f228af82e6db59,"{""d"":5,""p"":0.0007880462815669912,""r"":20}",
      8192,       373,         0,   0.234,chromobius,8d72e6b3029ba5b17b238456e94b626633d1a07ad81c371ed78eae588409573a,"{""d"":5,""p"":0.001082636733874054,""r"":20}",
     23552,       747,         0,   0.570,chromobius,53d40d613105d7168d8737a6780d1713a729ac2fb32fde419f72fa29f9192024,"{""d"":5,""p"":0.0009236708571873865,""r"":20}",
     11264,       479,         0,   0.316,chromobius,8d72e6b3029ba5b17b238456e94b626633d1a07ad81c371ed78eae588409573a,"{""d"":5,""p"":0.001082636733874054,""r"":20}",
     27648,       608,         0,   0.589,chromobius,6f998fa09f810f63ba76b443b1c636f246cb8cae0a6303a357f228af82e6db59,"{""d"":5,""p"":0.0007880462815669912,""r"":20}",
       273,        19,         0,   0.011,chromobius,cb93812467f5bb1639d3bcd2b18899a92ce85bd1b20ba343b6afff06648a72a9,"{""d"":5,""p"":0.0012689610031679222,""r"":20}",
      1024,        71,         0,   0.036,chromobius,cb93812467f5bb1639d3bcd2b18899a92ce85bd1b20ba343b6afff06648a72a9,"{""d"":5,""p"":0.0012689610031679222,""r"":20}",
      1024,        69,         0,   0.035,chromobius,cb93812467f5bb1639d3bcd2b18899a92ce85bd1b20ba343b6afff06648a72a9,"{""d"":5,""p"":0.0012689610031679222,""r"":20}",
      1024,        63,         0,   0.035,chromobius,cb93812467f5bb1639d3bcd2b18899a92ce85bd1b20ba343b6afff06648a72a9,"{""d"":5,""p"":0.0012689610031679222,""r"":20}",
      2048,       100,         0,   0.072,chromobius,cb93812467f5bb1639d3bcd2b18899a92ce85bd1b20ba343b6afff06648a72a9,"{""d"":5,""p"":0.0012689610031679222,""r"":20}",
     68608,      1142,         0,    1.24,chromobius,acd118c8316254bb611071f8f996f6c16cb6134e4c8ba2df4fec559451865d06,"{""d"":5,""p"":0.0006723357536499335,""r"":20}",
     14336,       645,         0,   0.430,chromobius,8d72e6b3029ba5b17b238456e94b626633d1a07ad81c371ed78eae588409573a,"{""d"":5,""p"":0.001082636733874054,""r"":20}",
      2048,       119,         0,   0.071,chromobius,cb93812467f5bb1639d3bcd2b18899a92ce85bd1b20ba343b6afff06648a72a9,"{""d"":5,""p"":0.0012689610031679222,""r"":20}",
       273,        33,         0,   0.012,chromobius,da51de9dc6d2849eb02c701780ca7baa7dddae09f5dc84951deae047f17c57ba,"{""d"":5,""p"":0.0014873521072935117,""r"":20}",
      1024,        71,         0,   0.040,chromobius,da51de9dc6d2849eb02c701780ca7baa7dddae09f5dc84951deae047f17c57ba,"{""d"":5,""p"":0.0014873521072935117,""r"":20}",
      2048,       111,         0,   0.075,chromobius,cb93812467f5bb1639d3bcd2b18899a92ce85bd1b20ba343b6afff06648a72a9,"{""d"":5,""p"":0.0012689610031679222,""r"":20}",
      1024,        89,         0,   0.040,chromobius,da51de9dc6d2849eb02c701780ca7baa7dddae09f5dc84951deae047f17c57ba,"{""d"":5,""p"":0.0014873521072935117,""r"":20}",
     31744,      1029,         0,   0.791,chromobius,53d40d613105d7168d8737a6780d1713a729ac2fb32fde419f72fa29f9192024,"{""d"":5,""p"":0.0009236708571873865,""r"":20}",
      1024,        71,         0,   0.041,chromobius,da51de9dc6d2849eb02c701780ca7baa7dddae09f5dc84951deae047f17c57ba,"{""d"":5,""p"":0.0014873521072935117,""r"":20}",
      3072,       176,         0,   0.106,chromobius,cb93812467f5bb1639d3bcd2b18899a92ce85bd1b20ba343b6afff06648a72a9,"{""d"":5,""p"":0.0012689610031679222,""r"":20}",
      1024,        98,         0,   0.041,chromobius,da51de9dc6d2849eb02c701780ca7baa7dddae09f5dc84951deae047f17c57ba,"{""d"":5,""p"":0.0014873521072935117,""r"":20}",
      2048,       168,         0,   0.084,chromobius,da51de9dc6d2849eb02c701780ca7baa7dddae09f5dc84951deae047f17c57ba,"{""d"":5,""p"":0.0014873521072935117,""r"":20}",
    287744,       900,         0,    2.33,chromobius,d2706b758e0ef94355443e197196e5c79044e469930750e9e50a6168a08cf59e,"{""d"":5,""p"":0.0003039195382313198,""r"":20}",
      5120,       351,         0,   0.179,chromobius,cb93812467f5bb1639d3bcd2b18899a92ce85bd1b20ba343b6afff06648a72a9,"{""d"":5,""p"":0.0012689610031679222,""r"":20}",
      2048,       179,         0,   0.085,chromobius,da51de9dc6d2849eb02c701780ca7baa7dddae09f5dc84951deae047f17c57ba,"{""d"":5,""p"":0.0014873521072935117,""r"":20}",
       273,        42,         0,   0.014,chromobius,11861477f65b9403fd7fa3e9f1d0ead00bb724d3f0f7be170a3c71874d3a5d7b,"{""d"":5,""p"":0.0017433288221999873,""r"":20}",
      1024,       121,         0,   0.052,chromobius,11861477f65b9403fd7fa3e9f1d0ead00bb724d3f0f7be170a3c71874d3a5d7b,"{""d"":5,""p"":0.0017433288221999873,""r"":20}",
      1024,       115,         0,   0.050,chromobius,11861477f65b9403fd7fa3e9f1d0ead00bb724d3f0f7be170a3c71874d3a5d7b,"{""d"":5,""p"":0.0017433288221999873,""r"":20}",
      3072,       238,         0,   0.132,chromobius,da51de9dc6d2849eb02c701780ca7baa7dddae09f5dc84951deae047f17c57ba,"{""d"":5,""p"":0.0014873521072935117,""r"":20}",
      1024,       122,         0,   0.052,chromobius,11861477f65b9403fd7fa3e9f1d0ead00bb724d3f0f7be170a3c71874d3a5d7b,"{""d"":5,""p"":0.0017433288221999873,""r"":20}",
     20480,       922,         0,   0.582,chromobius,8d72e6b3029ba5b17b238456e94b626633d1a07ad81c371ed78eae588409573a,"{""d"":5,""p"":0.001082636733874054,""r"":20}",
      1024,       145,         0,   0.050,chromobius,11861477f65b9403fd7fa3e9f1d0ead00bb724d3f0f7be170a3c71874d3a5d7b,"{""d"":5,""p"":0.0017433288221999873,""r"":20}",
      6144,       358,         0,   0.233,chromobius,cb93812467f5bb1639d3bcd2b18899a92ce85bd1b20ba343b6afff06648a72a9,"{""d"":5,""p"":0.0012689610031679222,""r"":20}",
      4096,       337,         0,   0.170,chromobius,da51de9dc6d2849eb02c701780ca7baa7dddae09f5dc84951deae047f17c57ba,"{""d"":5,""p"":0.0014873521072935117,""r"":20}",
      2048,       244,         0,   0.098,chromobius,11861477f65b9403fd7fa3e9f1d0ead00bb724d3f0f7be170a3c71874d3a5d7b,"{""d"":5,""p"":0.0017433288221999873,""r"":20}",
      2048,       244,         0,   0.103,chromobius,11861477f65b9403fd7fa3e9f1d0ead00bb724d3f0f7be170a3c71874d3a5d7b,"{""d"":5,""p"":0.0017433288221999873,""r"":20}",
      5120,       419,         0,   0.207,chromobius,da51de9dc6d2849eb02c701780ca7baa7dddae09f5dc84951deae047f17c57ba,"{""d"":5,""p"":0.0014873521072935117,""r"":20}",
      8192,       510,         0,   0.289,chromobius,cb93812467f5bb1639d3bcd2b18899a92ce85bd1b20ba343b6afff06648a72a9,"{""d"":5,""p"":0.0012689610031679222,""r"":20}",
      3072,       347,         0,   0.147,chromobius,11861477f65b9403fd7fa3e9f1d0ead00bb724d3f0f7be170a3c71874d3a5d7b,"{""d"":5,""p"":0.0017433288221999873,""r"":20}",
     36864,      1208,         0,   0.897,chromobius,53d40d613105d7168d8737a6780d1713a729ac2fb32fde419f72fa29f9192024,"{""d"":5,""p"":0.0009236708571873865,""r"":20}",
      3072,       342,         0,   0.148,chromobius,11861477f65b9403fd7fa3e9f1d0ead00bb724d3f0f7be170a3c71874d3a5d7b,"{""d"":5,""p"":0.0017433288221999873,""r"":20}",
       273,        50,         0,   0.017,chromobius,43582654afa0e7d94187cf09bcc0cc3bb48d6ae4003a9e88dd4b09437846e0f2,"{""d"":5,""p"":0.0020433597178569417,""r"":20}",
      1024,       138,         0,   0.061,chromobius,43582654afa0e7d94187cf09bcc0cc3bb48d6ae4003a9e88dd4b09437846e0f2,"{""d"":5,""p"":0.0020433597178569417,""r"":20}",
      8192,       701,         0,   0.328,chromobius,da51de9dc6d2849eb02c701780ca7baa7dddae09f5dc84951deae047f17c57ba,"{""d"":5,""p"":0.0014873521072935117,""r"":20}",
      1024,       154,         0,   0.059,chromobius,43582654afa0e7d94187cf09bcc0cc3bb48d6ae4003a9e88dd4b09437846e0f2,"{""d"":5,""p"":0.0020433597178569417,""r"":20}",
      1024,       164,         0,   0.063,chromobius,43582654afa0e7d94187cf09bcc0cc3bb48d6ae4003a9e88dd4b09437846e0f2,"{""d"":5,""p"":0.0020433597178569417,""r"":20}",
     12288,       757,         0,   0.417,chromobius,cb93812467f5bb1639d3bcd2b18899a92ce85bd1b20ba343b6afff06648a72a9,"{""d"":5,""p"":0.0012689610031679222,""r"":20}",
      5120,       609,         0,   0.249,chromobius,11861477f65b9403fd7fa3e9f1d0ead00bb724d3f0f7be170a3c71874d3a5d7b,"{""d"":5,""p"":0.0017433288221999873,""r"":20}",
      1024,       183,         0,   0.059,chromobius,43582654afa0e7d94187cf09bcc0cc3bb48d6ae4003a9e88dd4b09437846e0f2,"{""d"":5,""p"":0.0020433597178569417,""r"":20}",
     28672,      1233,         0,   0.821,chromobius,8d72e6b3029ba5b17b238456e94b626633d1a07ad81c371ed78eae588409573a,"{""d"":5,""p"":0.001082636733874054,""r"":20}",
      1024,       175,         0,   0.059,chromobius,43582654afa0e7d94187cf09bcc0cc3bb48d6ae4003a9e88dd4b09437846e0f2,"{""d"":5,""p"":0.0020433597178569417,""r"":20}",
      2048,       326,         0,   0.119,chromobius,43582654afa0e7d94187cf09bcc0cc3bb48d6ae4003a9e88dd4b09437846e0f2,"{""d"":5,""p"":0.0020433597178569417,""r"":20}",
     10240,       828,         0,   0.412,chromobius,da51de9dc6d2849eb02c701780ca7baa7dddae09f5dc84951deae047f17c57ba,"{""d"":5,""p"":0.0014873521072935117,""r"":20}",
      6144,       698,         0,   0.301,chromobius,11861477f65b9403fd7fa3e9f1d0ead00bb724d3f0f7be170a3c71874d3a5d7b,"{""d"":5,""p"":0.0017433288221999873,""r"":20}",
      9216,       436,         0,   0.262,chromobius,8d72e6b3029ba5b17b238456e94b626633d1a07ad81c371ed78eae588409573a,"{""d"":5,""p"":0.001082636733874054,""r"":20}",
      2048,       328,         0,   0.126,chromobius,43582654afa0e7d94187cf09bcc0cc3bb48d6ae4003a9e88dd4b09437846e0f2,"{""d"":5,""p"":0.0020433597178569417,""r"":20}",
       273,        54,         0,   0.020,chromobius,9b7eac9533da4b503d878a9f16663974f730420726bf822092f67a55fd0e355c,"{""d"":5,""p"":0.002395026619987486,""r"":20}",
      1024,       211,         0,   0.080,chromobius,9b7eac9533da4b503d878a9f16663974f730420726bf822092f67a55fd0e355c,"{""d"":5,""p"":0.002395026619987486,""r"":20}",
      3072,       439,         0,   0.186,chromobius,43582654afa0e7d94187cf09bcc0cc3bb48d6ae4003a9e88dd4b09437846e0f2,"{""d"":5,""p"":0.0020433597178569417,""r"":20}",
      1024,       232,         0,   0.076,chromobius,9b7eac9533da4b503d878a9f16663974f730420726bf822092f67a55fd0e355c,"{""d"":5,""p"":0.002395026619987486,""r"":20}",
     16384,       935,         0,   0.578,chromobius,cb93812467f5bb1639d3bcd2b18899a92ce85bd1b20ba343b6afff06648a72a9,"{""d"":5,""p"":0.0012689610031679222,""r"":20}",
      1024,       212,         0,   0.071,chromobius,9b7eac9533da4b503d878a9f16663974f730420726bf822092f67a55fd0e355c,"{""d"":5,""p"":0.002395026619987486,""r"":20}",
      1024,       209,         0,   0.071,chromobius,9b7eac9533da4b503d878a9f16663974f730420726bf822092f67a55fd0e355c,"{""d"":5,""p"":0.002395026619987486,""r"":20}",
      1024,       203,         0,   0.074,chromobius,9b7eac9533da4b503d878a9f16663974f730420726bf822092f67a55fd0e355c,"{""d"":5,""p"":0.002395026619987486,""r"":20}",
      4096,       663,         0,   0.246,chromobius,43582654afa0e7d94187cf09bcc0cc3bb48d6ae4003a9e88dd4b09437846e0f2,"{""d"":5,""p"":0.0020433597178569417,""r"":20}",
      9216,      1084,         0,   0.447,chromobius,11861477f65b9403fd7fa3e9f1d0ead00bb724d3f0f7be170a3c71874d3a5d7b,"{""d"":5,""p"":0.0017433288221999873,""r"":20}",
      1024,       220,         0,   0.077,chromobius,9b7eac9533da4b503d878a9f16663974f730420726bf822092f67a55fd0e355c,"{""d"":5,""p"":0.002395026619987486,""r"":20}",
   1344512,       454,         0,    4.20,chromobius,a84cd708d74680a8dce8232c3cfb110694432af7c27bc443344bacb58cb743f0,"{""d"":5,""p"":0.0001,""r"":20}",
   1179648,       567,         0,    4.21,chromobius,c02f7324f80c4696f6fff96d2124cde6035719a0e7e8cd42752d5dc3e4c89cf0,"{""d"":5,""p"":0.00011721022975334806,""r"":20}",
     14336,      1230,         0,   0.575,chromobius,da51de9dc6d2849eb02c701780ca7baa7dddae09f5dc84951deae047f17c57ba,"{""d"":5,""p"":0.0014873521072935117,""r"":20}",
   1021952,       669,         0,    4.21,chromobius,411f937e71be542c36653cf589f32dba8f6c926b7dee0ef6370edcf7644fda7f,"{""d"":5,""p"":0.00013738237958832623,""r"":20}",
    686080,      1157,         0,    4.24,chromobius,ff015836648097873ee81c77480f1d99835a6e2eb5d73c72f89c5841dc8cc038,"{""d"":5,""p"":0.000221221629107045,""r"":20}",
    893952,       792,         0,    4.22,chromobius,dc3710121e64d0a914b1c6856717d37cb226ad8e314e898a308c2d3aedc6defb,"{""d"":5,""p"":0.00016102620275609394,""r"":20}",
    606208,      1399,         0,    4.23,chromobius,2e123b155f2d0eeaa381a2849a085b038e1e339fd524d5fd0d510491a52c7220,"{""d"":5,""p"":0.0002592943797404667,""r"":20}",
    797696,      1000,         0,    4.23,chromobius,1b6d6007dc3bc0114990d58e89f2f84c42598212275010061501811c142c6cd1,"{""d"":5,""p"":0.00018873918221350977,""r"":20}",
      2048,       457,         0,   0.148,chromobius,9b7eac9533da4b503d878a9f16663974f730420726bf822092f67a55fd0e355c,"{""d"":5,""p"":0.002395026619987486,""r"":20}",
     20480,        51,         0,   0.143,chromobius,2e123b155f2d0eeaa381a2849a085b038e1e339fd524d5fd0d510491a52c7220,"{""d"":5,""p"":0.0002592943797404667,""r"":20}",
      5120,       857,         0,   0.303,chromobius,43582654afa0e7d94187cf09bcc0cc3bb48d6ae4003a9e88dd4b09437846e0f2,"{""d"":5,""p"":0.0020433597178569417,""r"":20}",
      6144,       542,         0,   0.254,chromobius,da51de9dc6d2849eb02c701780ca7baa7dddae09f5dc84951deae047f17c57ba,"{""d"":5,""p"":0.0014873521072935117,""r"":20}",
       273,        65,         0,   0.024,chromobius,09ef5cc7f52c9f5f013d801d47121412bc9b530fb7f3fb3ced3c3eee44ebfdce,"{""d"":5,""p"":0.0028072162039411755,""r"":20}",
      8192,       926,         0,   0.404,chromobius,11861477f65b9403fd7fa3e9f1d0ead00bb724d3f0f7be170a3c71874d3a5d7b,"{""d"":5,""p"":0.0017433288221999873,""r"":20}",
      3072,       655,         0,   0.220,chromobius,9b7eac9533da4b503d878a9f16663974f730420726bf822092f67a55fd0e355c,"{""d"":5,""p"":0.002395026619987486,""r"":20}",
       273,        77,         0,   0.030,chromobius,3b3cc3564c46eb95b41535d664b273536d5ae98edf6e72dc1257ca5b2cff41cd,"{""d"":5,""p"":0.0032903445623126675,""r"":20}",
       273,       104,         0,   0.034,chromobius,ef84c5d1f07a96a17e46345b28e4fb912cc155c0884badaf6206c822b072b399,"{""d"":5,""p"":0.0038566204211634724,""r"":20}",
      1024,       278,         0,   0.098,chromobius,09ef5cc7f52c9f5f013d801d47121412bc9b530fb7f3fb3ced3c3eee44ebfdce,"{""d"":5,""p"":0.0028072162039411755,""r"":20}",
      1024,       308,         0,   0.100,chromobius,3b3cc3564c46eb95b41535d664b273536d5ae98edf6e72dc1257ca5b2cff41cd,"{""d"":5,""p"":0.0032903445623126675,""r"":20}",
      1024,       293,         0,   0.083,chromobius,09ef5cc7f52c9f5f013d801d47121412bc9b530fb7f3fb3ced3c3eee44ebfdce,"{""d"":5,""p"":0.0028072162039411755,""r"":20}",
      1024,       413,         0,   0.123,chromobius,ef84c5d1f07a96a17e46345b28e4fb912cc155c0884badaf6206c822b072b399,"{""d"":5,""p"":0.0038566204211634724,""r"":20}",
     22528,      1402,         0,   0.805,chromobius,cb93812467f5bb1639d3bcd2b18899a92ce85bd1b20ba343b6afff06648a72a9,"{""d"":5,""p"":0.0012689610031679222,""r"":20}",
      1024,       295,         0,   0.086,chromobius,09ef5cc7f52c9f5f013d801d47121412bc9b530fb7f3fb3ced3c3eee44ebfdce,"{""d"":5,""p"":0.0028072162039411755,""r"":20}",
      3072,       570,         0,   0.218,chromobius,9b7eac9533da4b503d878a9f16663974f730420726bf822092f67a55fd0e355c,"{""d"":5,""p"":0.002395026619987486,""r"":20}",
      1024,       322,         0,   0.109,chromobius,3b3cc3564c46eb95b41535d664b273536d5ae98edf6e72dc1257ca5b2cff41cd,"{""d"":5,""p"":0.0032903445623126675,""r"":20}",
       273,       116,         0,   0.046,chromobius,a902f9fc3785f4f64b7d4942fadaace63352f6e9ea6e8614ad5424f7616bea68,"{""d"":5,""p"":0.004520353656360241,""r"":20}",
      1024,       376,         0,   0.124,chromobius,ef84c5d1f07a96a17e46345b28e4fb912cc155c0884badaf6206c822b072b399,"{""d"":5,""p"":0.0038566204211634724,""r"":20}",
      7168,      1141,         0,   0.427,chromobius,43582654afa0e7d94187cf09bcc0cc3bb48d6ae4003a9e88dd4b09437846e0f2,"{""d"":5,""p"":0.0020433597178569417,""r"":20}",
      1024,       261,         0,   0.089,chromobius,09ef5cc7f52c9f5f013d801d47121412bc9b530fb7f3fb3ced3c3eee44ebfdce,"{""d"":5,""p"":0.0028072162039411755,""r"":20}",
      1024,       329,         0,   0.104,chromobius,3b3cc3564c46eb95b41535d664b273536d5ae98edf6e72dc1257ca5b2cff41cd,"{""d"":5,""p"":0.0032903445623126675,""r"":20}",
      1024,       274,         0,   0.088,chromobius,09ef5cc7f52c9f5f013d801d47121412bc9b530fb7f3fb3ced3c3eee44ebfdce,"{""d"":5,""p"":0.0028072162039411755,""r"":20}",
      1024,       412,         0,   0.124,chromobius,ef84c5d1f07a96a17e46345b28e4fb912cc155c0884badaf6206c822b072b399,"{""d"":5,""p"":0.0038566204211634724,""r"":20}",
      1024,       414,         0,   0.152,chromobius,a902f9fc3785f4f64b7d4942fadaace63352f6e9ea6e8614ad5424f7616bea68,"{""d"":5,""p"":0.004520353656360241,""r"":20}",
      1024,       341,         0,   0.103,chromobius,3b3cc3564c46eb95b41535d664b273536d5ae98edf6e72dc1257ca5b2cff41cd,"{""d"":5,""p"":0.0032903445623126675,""r"":20}",
      3072,       507,         0,   0.180,chromobius,43582654afa0e7d94187cf09bcc0cc3bb48d6ae4003a9e88dd4b09437846e0f2,"{""d"":5,""p"":0.0020433597178569417,""r"":20}",
      1024,       280,         0,   0.088,chromobius,09ef5cc7f52c9f5f013d801d47121412bc9b530fb7f3fb3ced3c3eee44ebfdce,"{""d"":5,""p"":0.0028072162039411755,""r"":20}",
      4096,       891,         0,   0.299,chromobius,9b7eac9533da4b503d878a9f16663974f730420726bf822092f67a55fd0e355c,"{""d"":5,""p"":0.002395026619987486,""r"":20}",
      1024,       338,         0,   0.104,chromobius,3b3cc3564c46eb95b41535d664b273536d5ae98edf6e72dc1257ca5b2cff41cd,"{""d"":5,""p"":0.0032903445623126675,""r"":20}",
      1024,       390,         0,   0.132,chromobius,ef84c5d1f07a96a17e46345b28e4fb912cc155c0884badaf6206c822b072b399,"{""d"":5,""p"":0.0038566204211634724,""r"":20}",
      1024,       456,         0,   0.162,chromobius,a902f9fc3785f4f64b7d4942fadaace63352f6e9ea6e8614ad5424f7616bea68,"{""d"":5,""p"":0.004520353656360241,""r"":20}",
       273,       117,         0,   0.047,chromobius,b98a4aa6f94394a2c775c94cbd8e7597b830d2cba30f62214722ae35120f4c5e,"{""d"":5,""p"":0.005298316906283708,""r"":20}",
      1024,       326,         0,   0.103,chromobius,3b3cc3564c46eb95b41535d664b273536d5ae98edf6e72dc1257ca5b2cff41cd,"{""d"":5,""p"":0.0032903445623126675,""r"":20}",
      2048,       578,         0,   0.179,chromobius,09ef5cc7f52c9f5f013d801d47121412bc9b530fb7f3fb3ced3c3eee44ebfdce,"{""d"":5,""p"":0.0028072162039411755,""r"":20}",
      1024,       402,         0,   0.136,chromobius,ef84c5d1f07a96a17e46345b28e4fb912cc155c0884badaf6206c822b072b399,"{""d"":5,""p"":0.0038566204211634724,""r"":20}",
      1024,       452,         0,   0.147,chromobius,a902f9fc3785f4f64b7d4942fadaace63352f6e9ea6e8614ad5424f7616bea68,"{""d"":5,""p"":0.004520353656360241,""r"":20}",
      1024,       488,         0,   0.170,chromobius,b98a4aa6f94394a2c775c94cbd8e7597b830d2cba30f62214722ae35120f4c5e,"{""d"":5,""p"":0.005298316906283708,""r"":20}",
      1024,       407,         0,   0.132,chromobius,ef84c5d1f07a96a17e46345b28e4fb912cc155c0884badaf6206c822b072b399,"{""d"":5,""p"":0.0038566204211634724,""r"":20}",
      2048,       554,         0,   0.180,chromobius,09ef5cc7f52c9f5f013d801d47121412bc9b530fb7f3fb3ced3c3eee44ebfdce,"{""d"":5,""p"":0.0028072162039411755,""r"":20}",
      2048,       663,         0,   0.206,chromobius,3b3cc3564c46eb95b41535d664b273536d5ae98edf6e72dc1257ca5b2cff41cd,"{""d"":5,""p"":0.0032903445623126675,""r"":20}",
      1024,       430,         0,   0.145,chromobius,a902f9fc3785f4f64b7d4942fadaace63352f6e9ea6e8614ad5424f7616bea68,"{""d"":5,""p"":0.004520353656360241,""r"":20}",
      1024,       483,         0,   0.172,chromobius,b98a4aa6f94394a2c775c94cbd8e7597b830d2cba30f62214722ae35120f4c5e,"{""d"":5,""p"":0.005298316906283708,""r"":20}",
      6144,      1212,         0,   0.437,chromobius,9b7eac9533da4b503d878a9f16663974f730420726bf822092f67a55fd0e355c,"{""d"":5,""p"":0.002395026619987486,""r"":20}",
      1024,       395,         0,   0.148,chromobius,ef84c5d1f07a96a17e46345b28e4fb912cc155c0884badaf6206c822b072b399,"{""d"":5,""p"":0.0038566204211634724,""r"":20}",
      1024,       452,         0,   0.157,chromobius,a902f9fc3785f4f64b7d4942fadaace63352f6e9ea6e8614ad5424f7616bea68,"{""d"":5,""p"":0.004520353656360241,""r"":20}",
        17,         7,         0,   0.012,chromobius,2474a8d09d4f79632fb028fce2c239cbc7a46b92daccb5c3469fec7ee6f9dd69,"{""d"":5,""p"":0.006210169418915616,""r"":20}",
      2048,       663,         0,   0.230,chromobius,3b3cc3564c46eb95b41535d664b273536d5ae98edf6e72dc1257ca5b2cff41cd,"{""d"":5,""p"":0.0032903445623126675,""r"":20}",
       256,       137,         0,   0.064,chromobius,2474a8d09d4f79632fb028fce2c239cbc7a46b92daccb5c3469fec7ee6f9dd69,"{""d"":5,""p"":0.006210169418915616,""r"":20}",
      3072,       770,         0,   0.281,chromobius,09ef5cc7f52c9f5f013d801d47121412bc9b530fb7f3fb3ced3c3eee44ebfdce,"{""d"":5,""p"":0.0028072162039411755,""r"":20}",
      1024,       472,         0,   0.219,chromobius,b98a4aa6f94394a2c775c94cbd8e7597b830d2cba30f62214722ae35120f4c5e,"{""d"":5,""p"":0.005298316906283708,""r"":20}",
      1024,       456,         0,   0.157,chromobius,a902f9fc3785f4f64b7d4942fadaace63352f6e9ea6e8614ad5424f7616bea68,"{""d"":5,""p"":0.004520353656360241,""r"":20}",
      2048,       817,         0,   0.260,chromobius,ef84c5d1f07a96a17e46345b28e4fb912cc155c0884badaf6206c822b072b399,"{""d"":5,""p"":0.0038566204211634724,""r"":20}",
      1024,       498,         0,   0.222,chromobius,2474a8d09d4f79632fb028fce2c239cbc7a46b92daccb5c3469fec7ee6f9dd69,"{""d"":5,""p"":0.006210169418915616,""r"":20}",
      1024,       450,         0,   0.177,chromobius,b98a4aa6f94394a2c775c94cbd8e7597b830d2cba30f62214722ae35120f4c5e,"{""d"":5,""p"":0.005298316906283708,""r"":20}",
      1024,       456,         0,   0.149,chromobius,a902f9fc3785f4f64b7d4942fadaace63352f6e9ea6e8614ad5424f7616bea68,"{""d"":5,""p"":0.004520353656360241,""r"":20}",
      3072,       957,         0,   0.305,chromobius,3b3cc3564c46eb95b41535d664b273536d5ae98edf6e72dc1257ca5b2cff41cd,"{""d"":5,""p"":0.0032903445623126675,""r"":20}",
      2048,       810,         0,   0.258,chromobius,ef84c5d1f07a96a17e46345b28e4fb912cc155c0884badaf6206c822b072b399,"{""d"":5,""p"":0.0038566204211634724,""r"":20}",
      4096,      1082,         0,   0.364,chromobius,09ef5cc7f52c9f5f013d801d47121412bc9b530fb7f3fb3ced3c3eee44ebfdce,"{""d"":5,""p"":0.0028072162039411755,""r"":20}",
      1024,       448,         0,   0.150,chromobius,a902f9fc3785f4f64b7d4942fadaace63352f6e9ea6e8614ad5424f7616bea68,"{""d"":5,""p"":0.004520353656360241,""r"":20}",
      1024,       464,         0,   0.174,chromobius,b98a4aa6f94394a2c775c94cbd8e7597b830d2cba30f62214722ae35120f4c5e,"{""d"":5,""p"":0.005298316906283708,""r"":20}",
      1024,       477,         0,   0.214,chromobius,2474a8d09d4f79632fb028fce2c239cbc7a46b92daccb5c3469fec7ee6f9dd69,"{""d"":5,""p"":0.006210169418915616,""r"":20}",
      1024,       283,         0,   0.088,chromobius,09ef5cc7f52c9f5f013d801d47121412bc9b530fb7f3fb3ced3c3eee44ebfdce,"{""d"":5,""p"":0.0028072162039411755,""r"":20}",
      2048,       676,         0,   0.207,chromobius,3b3cc3564c46eb95b41535d664b273536d5ae98edf6e72dc1257ca5b2cff41cd,"{""d"":5,""p"":0.0032903445623126675,""r"":20}",
      1024,       464,         0,   0.183,chromobius,b98a4aa6f94394a2c775c94cbd8e7597b830d2cba30f62214722ae35120f4c5e,"{""d"":5,""p"":0.005298316906283708,""r"":20}",
       273,       146,         0,   0.067,chromobius,178c957a8cbc864f8d1b2ec20df2a39c4d16a2ffbdc66c146b1e81451e6b6e12,"{""d"":5,""p"":0.007278953843983146,""r"":20}",
       273,       126,         0,   0.080,chromobius,ebe5c987702bf6b5f25e7ede185e531d0f303186ebf888726229b8330fb33dbb,"{""d"":5,""p"":0.008531678524172805,""r"":20}",
      2048,       776,         0,   0.256,chromobius,ef84c5d1f07a96a17e46345b28e4fb912cc155c0884badaf6206c822b072b399,"{""d"":5,""p"":0.0038566204211634724,""r"":20}",
      1024,       509,         0,   0.221,chromobius,2474a8d09d4f79632fb028fce2c239cbc7a46b92daccb5c3469fec7ee6f9dd69,"{""d"":5,""p"":0.006210169418915616,""r"":20}",
      2048,       909,         0,   0.321,chromobius,a902f9fc3785f4f64b7d4942fadaace63352f6e9ea6e8614ad5424f7616bea68,"{""d"":5,""p"":0.004520353656360241,""r"":20}",
      1024,       463,         0,   0.177,chromobius,b98a4aa6f94394a2c775c94cbd8e7597b830d2cba30f62214722ae35120f4c5e,"{""d"":5,""p"":0.005298316906283708,""r"":20}",
       273,       135,         0,   0.088,chromobius,e7ca2fdde66f2ce7a38caac0c9942710601e22f3a39c7562b1358d43179d82b8,"{""d"":5,""p"":0.01,""r"":20}",
      1024,       509,         0,   0.259,chromobius,178c957a8cbc864f8d1b2ec20df2a39c4d16a2ffbdc66c146b1e81451e6b6e12,"{""d"":5,""p"":0.007278953843983146,""r"":20}",
      1024,       446,         0,   0.151,chromobius,a902f9fc3785f4f64b7d4942fadaace63352f6e9ea6e8614ad5424f7616bea68,"{""d"":5,""p"":0.004520353656360241,""r"":20}",
      1024,       496,         0,   0.227,chromobius,2474a8d09d4f79632fb028fce2c239cbc7a46b92daccb5c3469fec7ee6f9dd69,"{""d"":5,""p"":0.006210169418915616,""r"":20}",
      1024,       512,         0,   0.288,chromobius,ebe5c987702bf6b5f25e7ede185e531d0f303186ebf888726229b8330fb33dbb,"{""d"":5,""p"":0.008531678524172805,""r"":20}",
      1024,       507,         0,   0.192,chromobius,b98a4aa6f94394a2c775c94cbd8e7597b830d2cba30f62214722ae35120f4c5e,"{""d"":5,""p"":0.005298316906283708,""r"":20}",
      1297,         1,         0,   0.016,chromobius,11b4332b994136421633d4efa9d63e74651d7de74cd22bbaf0ae03984808fd50,"{""d"":7,""p"":0.0001,""r"":28}",
      2048,         0,         0,   0.027,chromobius,11b4332b994136421633d4efa9d63e74651d7de74cd22bbaf0ae03984808fd50,"{""d"":7,""p"":0.0001,""r"":28}",
      2048,         0,         0,   0.020,chromobius,11b4332b994136421633d4efa9d63e74651d7de74cd22bbaf0ae03984808fd50,"{""d"":7,""p"":0.0001,""r"":28}",
      3072,         1,         0,   0.030,chromobius,11b4332b994136421633d4efa9d63e74651d7de74cd22bbaf0ae03984808fd50,"{""d"":7,""p"":0.0001,""r"":28}",
      1024,       503,         0,   0.259,chromobius,178c957a8cbc864f8d1b2ec20df2a39c4d16a2ffbdc66c146b1e81451e6b6e12,"{""d"":5,""p"":0.007278953843983146,""r"":20}",
      4096,         0,         0,   0.041,chromobius,11b4332b994136421633d4efa9d63e74651d7de74cd22bbaf0ae03984808fd50,"{""d"":7,""p"":0.0001,""r"":28}",
      1024,       490,         0,   0.234,chromobius,2474a8d09d4f79632fb028fce2c239cbc7a46b92daccb5c3469fec7ee6f9dd69,"{""d"":5,""p"":0.006210169418915616,""r"":20}",
      1024,       520,         0,   0.327,chromobius,e7ca2fdde66f2ce7a38caac0c9942710601e22f3a39c7562b1358d43179d82b8,"{""d"":5,""p"":0.01,""r"":20}",
      6144,         1,         0,   0.061,chromobius,11b4332b994136421633d4efa9d63e74651d7de74cd22bbaf0ae03984808fd50,"{""d"":7,""p"":0.0001,""r"":28}",
      1024,       516,         0,   0.290,chromobius,ebe5c987702bf6b5f25e7ede185e531d0f303186ebf888726229b8330fb33dbb,"{""d"":5,""p"":0.008531678524172805,""r"":20}",
      8192,         1,         0,   0.084,chromobius,11b4332b994136421633d4efa9d63e74651d7de74cd22bbaf0ae03984808fd50,"{""d"":7,""p"":0.0001,""r"":28}",
      2048,       974,         0,   0.353,chromobius,b98a4aa6f94394a2c775c94cbd8e7597b830d2cba30f62214722ae35120f4c5e,"{""d"":5,""p"":0.005298316906283708,""r"":20}",
      1024,       480,         0,   0.226,chromobius,2474a8d09d4f79632fb028fce2c239cbc7a46b92daccb5c3469fec7ee6f9dd69,"{""d"":5,""p"":0.006210169418915616,""r"":20}",
      1024,       470,         0,   0.244,chromobius,178c957a8cbc864f8d1b2ec20df2a39c4d16a2ffbdc66c146b1e81451e6b6e12,"{""d"":5,""p"":0.007278953843983146,""r"":20}",
     11264,         1,         0,   0.117,chromobius,11b4332b994136421633d4efa9d63e74651d7de74cd22bbaf0ae03984808fd50,"{""d"":7,""p"":0.0001,""r"":28}",
      1024,       517,         0,   0.322,chromobius,e7ca2fdde66f2ce7a38caac0c9942710601e22f3a39c7562b1358d43179d82b8,"{""d"":5,""p"":0.01,""r"":20}",
      1024,       491,         0,   0.175,chromobius,b98a4aa6f94394a2c775c94cbd8e7597b830d2cba30f62214722ae35120f4c5e,"{""d"":5,""p"":0.005298316906283708,""r"":20}",
      1024,       497,         0,   0.286,chromobius,ebe5c987702bf6b5f25e7ede185e531d0f303186ebf888726229b8330fb33dbb,"{""d"":5,""p"":0.008531678524172805,""r"":20}",
     14336,         1,         0,   0.149,chromobius,11b4332b994136421633d4efa9d63e74651d7de74cd22bbaf0ae03984808fd50,"{""d"":7,""p"":0.0001,""r"":28}",
    470016,       793,         0,    2.93,chromobius,ff015836648097873ee81c77480f1d99835a6e2eb5d73c72f89c5841dc8cc038,"{""d"":5,""p"":0.000221221629107045,""r"":20}",
      1024,       484,         0,   0.213,chromobius,2474a8d09d4f79632fb028fce2c239cbc7a46b92daccb5c3469fec7ee6f9dd69,"{""d"":5,""p"":0.006210169418915616,""r"":20}",
      1024,       510,         0,   0.244,chromobius,178c957a8cbc864f8d1b2ec20df2a39c4d16a2ffbdc66c146b1e81451e6b6e12,"{""d"":5,""p"":0.007278953843983146,""r"":20}",
      1297,         0,         0,   0.019,chromobius,a3663bdd2ddc482309ade5ae0097023a1b45574401b62c9c9ca45112c6ea5048,"{""d"":7,""p"":0.00011721022975334806,""r"":28}",
      2048,         0,         0,   0.034,chromobius,a3663bdd2ddc482309ade5ae0097023a1b45574401b62c9c9ca45112c6ea5048,"{""d"":7,""p"":0.00011721022975334806,""r"":28}",
      2048,         0,         0,   0.024,chromobius,a3663bdd2ddc482309ade5ae0097023a1b45574401b62c9c9ca45112c6ea5048,"{""d"":7,""p"":0.00011721022975334806,""r"":28}",
      1297,         1,         0,   0.019,chromobius,af261cd57f409487e23c346164ebd01a37d1aebb4e03bc19b5c2de6ea5c55924,"{""d"":7,""p"":0.00013738237958832623,""r"":28}",
      1024,         0,         0,   0.016,chromobius,af261cd57f409487e23c346164ebd01a37d1aebb4e03bc19b5c2de6ea5c55924,"{""d"":7,""p"":0.00013738237958832623,""r"":28}",
      3072,         0,         0,   0.037,chromobius,a3663bdd2ddc482309ade5ae0097023a1b45574401b62c9c9ca45112c6ea5048,"{""d"":7,""p"":0.00011721022975334806,""r"":28}",
      2048,         0,         0,   0.028,chromobius,af261cd57f409487e23c346164ebd01a37d1aebb4e03bc19b5c2de6ea5c55924,"{""d"":7,""p"":0.00013738237958832623,""r"":28}",
     20480,         1,         0,   0.205,chromobius,11b4332b994136421633d4efa9d63e74651d7de74cd22bbaf0ae03984808fd50,"{""d"":7,""p"":0.0001,""r"":28}",
      3072,         0,         0,   0.039,chromobius,a3663bdd2ddc482309ade5ae0097023a1b45574401b62c9c9ca45112c6ea5048,"{""d"":7,""p"":0.00011721022975334806,""r"":28}",
      1024,       510,         0,   0.327,chromobius,e7ca2fdde66f2ce7a38caac0c9942710601e22f3a39c7562b1358d43179d82b8,"{""d"":5,""p"":0.01,""r"":20}",
      3072,         1,         0,   0.040,chromobius,af261cd57f409487e23c346164ebd01a37d1aebb4e03bc19b5c2de6ea5c55924,"{""d"":7,""p"":0.00013738237958832623,""r"":28}",
      1024,       537,         0,   0.298,chromobius,ebe5c987702bf6b5f25e7ede185e531d0f303186ebf888726229b8330fb33dbb,"{""d"":5,""p"":0.008531678524172805,""r"":20}",
      1024,       505,         0,   0.240,chromobius,2474a8d09d4f79632fb028fce2c239cbc7a46b92daccb5c3469fec7ee6f9dd69,"{""d"":5,""p"":0.006210169418915616,""r"":20}",
      4096,         0,         0,   0.056,chromobius,a3663bdd2ddc482309ade5ae0097023a1b45574401b62c9c9ca45112c6ea5048,"{""d"":7,""p"":0.00011721022975334806,""r"":28}",
      3072,         0,         0,   0.045,chromobius,af261cd57f409487e23c346164ebd01a37d1aebb4e03bc19b5c2de6ea5c55924,"{""d"":7,""p"":0.00013738237958832623,""r"":28}",
      1024,       520,         0,   0.248,chromobius,178c957a8cbc864f8d1b2ec20df2a39c4d16a2ffbdc66c146b1e81451e6b6e12,"{""d"":5,""p"":0.007278953843983146,""r"":20}",
      4096,         0,         0,   0.053,chromobius,af261cd57f409487e23c346164ebd01a37d1aebb4e03bc19b5c2de6ea5c55924,"{""d"":7,""p"":0.00013738237958832623,""r"":28}",
      6144,         1,         0,   0.078,chromobius,a3663bdd2ddc482309ade5ae0097023a1b45574401b62c9c9ca45112c6ea5048,"{""d"":7,""p"":0.00011721022975334806,""r"":28}",
      6144,         0,         0,   0.080,chromobius,af261cd57f409487e23c346164ebd01a37d1aebb4e03bc19b5c2de6ea5c55924,"{""d"":7,""p"":0.00013738237958832623,""r"":28}",
      9216,         0,         0,   0.115,chromobius,a3663bdd2ddc482309ade5ae0097023a1b45574401b62c9c9ca45112c6ea5048,"{""d"":7,""p"":0.00011721022975334806,""r"":28}",
     27648,         1,         0,   0.287,chromobius,11b4332b994136421633d4efa9d63e74651d7de74cd22bbaf0ae03984808fd50,"{""d"":7,""p"":0.0001,""r"":28}",
      8192,         0,         0,   0.105,chromobius,af261cd57f409487e23c346164ebd01a37d1aebb4e03bc19b5c2de6ea5c55924,"{""d"":7,""p"":0.00013738237958832623,""r"":28}",
      1024,       524,         0,   0.289,chromobius,ebe5c987702bf6b5f25e7ede185e531d0f303186ebf888726229b8330fb33dbb,"{""d"":5,""p"":0.008531678524172805,""r"":20}",
      1024,       515,         0,   0.322,chromobius,e7ca2fdde66f2ce7a38caac0c9942710601e22f3a39c7562b1358d43179d82b8,"{""d"":5,""p"":0.01,""r"":20}",
      1024,       493,         0,   0.251,chromobius,178c957a8cbc864f8d1b2ec20df2a39c4d16a2ffbdc66c146b1e81451e6b6e12,"{""d"":5,""p"":0.007278953843983146,""r"":20}",
     11264,         0,         0,   0.152,chromobius,a3663bdd2ddc482309ade5ae0097023a1b45574401b62c9c9ca45112c6ea5048,"{""d"":7,""p"":0.00011721022975334806,""r"":28}",
     11264,         1,         0,   0.150,chromobius,af261cd57f409487e23c346164ebd01a37d1aebb4e03bc19b5c2de6ea5c55924,"{""d"":7,""p"":0.00013738237958832623,""r"":28}",
      2048,      1008,         0,   0.432,chromobius,2474a8d09d4f79632fb028fce2c239cbc7a46b92daccb5c3469fec7ee6f9dd69,"{""d"":5,""p"":0.006210169418915616,""r"":20}",
      1024,       513,         0,   0.247,chromobius,178c957a8cbc864f8d1b2ec20df2a39c4d16a2ffbdc66c146b1e81451e6b6e12,"{""d"":5,""p"":0.007278953843983146,""r"":20}",
      1297,         0,         0,   0.024,chromobius,5557295e26dcb01e1b08072900fa3a5955d5b87d88bfe215b35252ea7798fac7,"{""d"":7,""p"":0.00016102620275609394,""r"":28}",
     16384,         1,         0,   0.212,chromobius,a3663bdd2ddc482309ade5ae0097023a1b45574401b62c9c9ca45112c6ea5048,"{""d"":7,""p"":0.00011721022975334806,""r"":28}",
      1024,       484,         0,   0.291,chromobius,ebe5c987702bf6b5f25e7ede185e531d0f303186ebf888726229b8330fb33dbb,"{""d"":5,""p"":0.008531678524172805,""r"":20}",
      1024,         1,         0,   0.018,chromobius,5557295e26dcb01e1b08072900fa3a5955d5b87d88bfe215b35252ea7798fac7,"{""d"":7,""p"":0.00016102620275609394,""r"":28}",
      2048,         0,         0,   0.033,chromobius,5557295e26dcb01e1b08072900fa3a5955d5b87d88bfe215b35252ea7798fac7,"{""d"":7,""p"":0.00016102620275609394,""r"":28}",
      1024,       515,         0,   0.328,chromobius,e7ca2fdde66f2ce7a38caac0c9942710601e22f3a39c7562b1358d43179d82b8,"{""d"":5,""p"":0.01,""r"":20}",
     15360,         1,         0,   0.211,chromobius,af261cd57f409487e23c346164ebd01a37d1aebb4e03bc19b5c2de6ea5c55924,"{""d"":7,""p"":0.00013738237958832623,""r"":28}",
     38912,         1,         0,   0.406,chromobius,11b4332b994136421633d4efa9d63e74651d7de74cd22bbaf0ae03984808fd50,"{""d"":7,""p"":0.0001,""r"":28}",
      2048,         0,         0,   0.036,chromobius,5557295e26dcb01e1b08072900fa3a5955d5b87d88bfe215b35252ea7798fac7,"{""d"":7,""p"":0.00016102620275609394,""r"":28}",
      3072,         0,         0,   0.051,chromobius,5557295e26dcb01e1b08072900fa3a5955d5b87d88bfe215b35252ea7798fac7,"{""d"":7,""p"":0.00016102620275609394,""r"":28}",
      4096,         1,         0,   0.065,chromobius,5557295e26dcb01e1b08072900fa3a5955d5b87d88bfe215b35252ea7798fac7,"{""d"":7,""p"":0.00016102620275609394,""r"":28}",
      1024,       496,         0,   0.259,chromobius,178c957a8cbc864f8d1b2ec20df2a39c4d16a2ffbdc66c146b1e81451e6b6e12,"{""d"":5,""p"":0.007278953843983146,""r"":20}",
      5120,         0,         0,   0.080,chromobius,5557295e26dcb01e1b08072900fa3a5955d5b87d88bfe215b35252ea7798fac7,"{""d"":7,""p"":0.00016102620275609394,""r"":28}",
     22528,         3,         0,   0.298,chromobius,a3663bdd2ddc482309ade5ae0097023a1b45574401b62c9c9ca45112c6ea5048,"{""d"":7,""p"":0.00011721022975334806,""r"":28}",
      1024,       511,         0,   0.306,chromobius,ebe5c987702bf6b5f25e7ede185e531d0f303186ebf888726229b8330fb33dbb,"{""d"":5,""p"":0.008531678524172805,""r"":20}",
     22528,         0,         0,   0.297,chromobius,af261cd57f409487e23c346164ebd01a37d1aebb4e03bc19b5c2de6ea5c55924,"{""d"":7,""p"":0.00013738237958832623,""r"":28}",
      1024,       498,         0,   0.333,chromobius,e7ca2fdde66f2ce7a38caac0c9942710601e22f3a39c7562b1358d43179d82b8,"{""d"":5,""p"":0.01,""r"":20}",
      7168,         2,         0,   0.110,chromobius,5557295e26dcb01e1b08072900fa3a5955d5b87d88bfe215b35252ea7798fac7,"{""d"":7,""p"":0.00016102620275609394,""r"":28}",
      1024,       522,         0,   0.251,chromobius,178c957a8cbc864f8d1b2ec20df2a39c4d16a2ffbdc66c146b1e81451e6b6e12,"{""d"":5,""p"":0.007278953843983146,""r"":20}",
     10240,         2,         0,   0.160,chromobius,5557295e26dcb01e1b08072900fa3a5955d5b87d88bfe215b35252ea7798fac7,"{""d"":7,""p"":0.00016102620275609394,""r"":28}",
      1024,       486,         0,   0.291,chromobius,ebe5c987702bf6b5f25e7ede185e531d0f303186ebf888726229b8330fb33dbb,"{""d"":5,""p"":0.008531678524172805,""r"":20}",
     54272,         2,         0,   0.567,chromobius,11b4332b994136421633d4efa9d63e74651d7de74cd22bbaf0ae03984808fd50,"{""d"":7,""p"":0.0001,""r"":28}",
     28672,         4,         0,   0.408,chromobius,a3663bdd2ddc482309ade5ae0097023a1b45574401b62c9c9ca45112c6ea5048,"{""d"":7,""p"":0.00011721022975334806,""r"":28}",
      1024,       511,         0,   0.328,chromobius,e7ca2fdde66f2ce7a38caac0c9942710601e22f3a39c7562b1358d43179d82b8,"{""d"":5,""p"":0.01,""r"":20}",
      1024,       505,         0,   0.248,chromobius,178c957a8cbc864f8d1b2ec20df2a39c4d16a2ffbdc66c146b1e81451e6b6e12,"{""d"":5,""p"":0.007278953843983146,""r"":20}",
     13312,         2,         0,   0.209,chromobius,5557295e26dcb01e1b08072900fa3a5955d5b87d88bfe215b35252ea7798fac7,"{""d"":7,""p"":0.00016102620275609394,""r"":28}",
     30720,         4,         0,   0.405,chromobius,af261cd57f409487e23c346164ebd01a37d1aebb4e03bc19b5c2de6ea5c55924,"{""d"":7,""p"":0.00013738237958832623,""r"":28}",
      1297,         0,         0,   0.026,chromobius,126722dd51cd4cc8771b42998f20755000a1196018f639f74206da3ee702d2b6,"{""d"":7,""p"":0.00018873918221350977,""r"":28}",
      1024,       516,         0,   0.297,chromobius,ebe5c987702bf6b5f25e7ede185e531d0f303186ebf888726229b8330fb33dbb,"{""d"":5,""p"":0.008531678524172805,""r"":20}",
      1024,         0,         0,   0.021,chromobius,126722dd51cd4cc8771b42998f20755000a1196018f639f74206da3ee702d2b6,"{""d"":7,""p"":0.00018873918221350977,""r"":28}",
      2048,         1,         0,   0.037,chromobius,126722dd51cd4cc8771b42998f20755000a1196018f639f74206da3ee702d2b6,"{""d"":7,""p"":0.00018873918221350977,""r"":28}",
      2048,         0,         0,   0.038,chromobius,126722dd51cd4cc8771b42998f20755000a1196018f639f74206da3ee702d2b6,"{""d"":7,""p"":0.00018873918221350977,""r"":28}",
      3072,         0,         0,   0.054,chromobius,126722dd51cd4cc8771b42998f20755000a1196018f639f74206da3ee702d2b6,"{""d"":7,""p"":0.00018873918221350977,""r"":28}",
      1024,       503,         0,   0.338,chromobius,e7ca2fdde66f2ce7a38caac0c9942710601e22f3a39c7562b1358d43179d82b8,"{""d"":5,""p"":0.01,""r"":20}",
     18432,         1,         0,   0.300,chromobius,5557295e26dcb01e1b08072900fa3a5955d5b87d88bfe215b35252ea7798fac7,"{""d"":7,""p"":0.00016102620275609394,""r"":28}",
      3072,         2,         0,   0.056,chromobius,126722dd51cd4cc8771b42998f20755000a1196018f639f74206da3ee702d2b6,"{""d"":7,""p"":0.00018873918221350977,""r"":28}",
      4096,         2,         0,   0.078,chromobius,126722dd51cd4cc8771b42998f20755000a1196018f639f74206da3ee702d2b6,"{""d"":7,""p"":0.00018873918221350977,""r"":28}",
      1024,       506,         0,   0.302,chromobius,ebe5c987702bf6b5f25e7ede185e531d0f303186ebf888726229b8330fb33dbb,"{""d"":5,""p"":0.008531678524172805,""r"":20}",
     39936,         3,         0,   0.567,chromobius,a3663bdd2ddc482309ade5ae0097023a1b45574401b62c9c9ca45112c6ea5048,"{""d"":7,""p"":0.00011721022975334806,""r"":28}",
      6144,         1,         0,   0.121,chromobius,126722dd51cd4cc8771b42998f20755000a1196018f639f74206da3ee702d2b6,"{""d"":7,""p"":0.00018873918221350977,""r"":28}",
     41984,         1,         0,   0.569,chromobius,af261cd57f409487e23c346164ebd01a37d1aebb4e03bc19b5c2de6ea5c55924,"{""d"":7,""p"":0.00013738237958832623,""r"":28}",
      1297,         0,         0,   0.028,chromobius,9a6566142c78182da61675ec90eb723b29860da22ae402ea15a0a03ec1c705f5,"{""d"":7,""p"":0.000221221629107045,""r"":28}",
      1024,         0,         0,   0.021,chromobius,9a6566142c78182da61675ec90eb723b29860da22ae402ea15a0a03ec1c705f5,"{""d"":7,""p"":0.000221221629107045,""r"":28}",
      1024,         0,         0,   0.021,chromobius,9a6566142c78182da61675ec90eb723b29860da22ae402ea15a0a03ec1c705f5,"{""d"":7,""p"":0.000221221629107045,""r"":28}",
      1024,       532,         0,   0.352,chromobius,e7ca2fdde66f2ce7a38caac0c9942710601e22f3a39c7562b1358d43179d82b8,"{""d"":5,""p"":0.01,""r"":20}",
      2048,         0,         0,   0.044,chromobius,9a6566142c78182da61675ec90eb723b29860da22ae402ea15a0a03ec1c705f5,"{""d"":7,""p"":0.000221221629107045,""r"":28}",
     74752,         2,         0,   0.791,chromobius,11b4332b994136421633d4efa9d63e74651d7de74cd22bbaf0ae03984808fd50,"{""d"":7,""p"":0.0001,""r"":28}",
      7168,         3,         0,   0.153,chromobius,126722dd51cd4cc8771b42998f20755000a1196018f639f74206da3ee702d2b6,"{""d"":7,""p"":0.00018873918221350977,""r"":28}",
      2048,         0,         0,   0.044,chromobius,9a6566142c78182da61675ec90eb723b29860da22ae402ea15a0a03ec1c705f5,"{""d"":7,""p"":0.000221221629107045,""r"":28}",
     25600,         0,         0,   0.411,chromobius,5557295e26dcb01e1b08072900fa3a5955d5b87d88bfe215b35252ea7798fac7,"{""d"":7,""p"":0.00016102620275609394,""r"":28}",
      3072,         0,         0,   0.071,chromobius,9a6566142c78182da61675ec90eb723b29860da22ae402ea15a0a03ec1c705f5,"{""d"":7,""p"":0.000221221629107045,""r"":28}",
      4096,         0,         0,   0.089,chromobius,9a6566142c78182da61675ec90eb723b29860da22ae402ea15a0a03ec1c705f5,"{""d"":7,""p"":0.000221221629107045,""r"":28}",
     11264,         4,         0,   0.213,chromobius,126722dd51cd4cc8771b42998f20755000a1196018f639f74206da3ee702d2b6,"{""d"":7,""p"":0.00018873918221350977,""r"":28}",
      5120,         1,         0,   0.112,chromobius,9a6566142c78182da61675ec90eb723b29860da22ae402ea15a0a03ec1c705f5,"{""d"":7,""p"":0.000221221629107045,""r"":28}",
      1024,       512,         0,   0.337,chromobius,e7ca2fdde66f2ce7a38caac0c9942710601e22f3a39c7562b1358d43179d82b8,"{""d"":5,""p"":0.01,""r"":20}",
      1297,         0,         0,   0.033,chromobius,c05dfa7fbcf9de0a9975ebb20fc0baad25644b09ca54b3addba74da55de03ee1,"{""d"":7,""p"":0.0002592943797404667,""r"":28}",
      7168,         2,         0,   0.157,chromobius,9a6566142c78182da61675ec90eb723b29860da22ae402ea15a0a03ec1c705f5,"{""d"":7,""p"":0.000221221629107045,""r"":28}",
      1024,         0,         0,   0.023,chromobius,c05dfa7fbcf9de0a9975ebb20fc0baad25644b09ca54b3addba74da55de03ee1,"{""d"":7,""p"":0.0002592943797404667,""r"":28}",
      1024,         1,         0,   0.023,chromobius,c05dfa7fbcf9de0a9975ebb20fc0baad25644b09ca54b3addba74da55de03ee1,"{""d"":7,""p"":0.0002592943797404667,""r"":28}",
     15360,         0,         0,   0.291,chromobius,126722dd51cd4cc8771b42998f20755000a1196018f639f74206da3ee702d2b6,"{""d"":7,""p"":0.00018873918221350977,""r"":28}",
      2048,         0,         0,   0.047,chromobius,c05dfa7fbcf9de0a9975ebb20fc0baad25644b09ca54b3addba74da55de03ee1,"{""d"":7,""p"":0.0002592943797404667,""r"":28}",
      2048,         1,         0,   0.050,chromobius,c05dfa7fbcf9de0a9975ebb20fc0baad25644b09ca54b3addba74da55de03ee1,"{""d"":7,""p"":0.0002592943797404667,""r"":28}",
     35840,         5,         0,   0.575,chromobius,5557295e26dcb01e1b08072900fa3a5955d5b87d88bfe215b35252ea7798fac7,"{""d"":7,""p"":0.00016102620275609394,""r"":28}",
     58368,         1,         0,   0.789,chromobius,a3663bdd2ddc482309ade5ae0097023a1b45574401b62c9c9ca45112c6ea5048,"{""d"":7,""p"":0.00011721022975334806,""r"":28}",
      3072,         1,         0,   0.073,chromobius,c05dfa7fbcf9de0a9975ebb20fc0baad25644b09ca54b3addba74da55de03ee1,"{""d"":7,""p"":0.0002592943797404667,""r"":28}",
      9216,         1,         0,   0.212,chromobius,9a6566142c78182da61675ec90eb723b29860da22ae402ea15a0a03ec1c705f5,"{""d"":7,""p"":0.000221221629107045,""r"":28}",
     57344,         8,         0,   0.800,chromobius,af261cd57f409487e23c346164ebd01a37d1aebb4e03bc19b5c2de6ea5c55924,"{""d"":7,""p"":0.00013738237958832623,""r"":28}",
   1814528,       634,         0,    5.88,chromobius,a84cd708d74680a8dce8232c3cfb110694432af7c27bc443344bacb58cb743f0,"{""d"":5,""p"":0.0001,""r"":20}",
   1595392,       767,         0,    5.89,chromobius,c02f7324f80c4696f6fff96d2124cde6035719a0e7e8cd42752d5dc3e4c89cf0,"{""d"":5,""p"":0.00011721022975334806,""r"":20}",
   1402880,       896,         0,    5.89,chromobius,411f937e71be542c36653cf589f32dba8f6c926b7dee0ef6370edcf7644fda7f,"{""d"":5,""p"":0.00013738237958832623,""r"":20}",
      4096,         3,         0,   0.097,chromobius,c05dfa7fbcf9de0a9975ebb20fc0baad25644b09ca54b3addba74da55de03ee1,"{""d"":7,""p"":0.0002592943797404667,""r"":28}",
   1225728,      1094,         0,    5.90,chromobius,dc3710121e64d0a914b1c6856717d37cb226ad8e314e898a308c2d3aedc6defb,"{""d"":5,""p"":0.00016102620275609394,""r"":20}",
   1081344,      1367,         0,    5.90,chromobius,1b6d6007dc3bc0114990d58e89f2f84c42598212275010061501811c142c6cd1,"{""d"":5,""p"":0.00018873918221350977,""r"":20}",
      5120,         2,         0,   0.120,chromobius,c05dfa7fbcf9de0a9975ebb20fc0baad25644b09ca54b3addba74da55de03ee1,"{""d"":7,""p"":0.0002592943797404667,""r"":28}",
     21504,         2,         0,   0.404,chromobius,126722dd51cd4cc8771b42998f20755000a1196018f639f74206da3ee702d2b6,"{""d"":7,""p"":0.00018873918221350977,""r"":28}",
     13312,         3,         0,   0.296,chromobius,9a6566142c78182da61675ec90eb723b29860da22ae402ea15a0a03ec1c705f5,"{""d"":7,""p"":0.000221221629107045,""r"":28}",
      7168,         1,         0,   0.166,chromobius,c05dfa7fbcf9de0a9975ebb20fc0baad25644b09ca54b3addba74da55de03ee1,"{""d"":7,""p"":0.0002592943797404667,""r"":28}",
    103424,         7,         0,    1.10,chromobius,11b4332b994136421633d4efa9d63e74651d7de74cd22bbaf0ae03984808fd50,"{""d"":7,""p"":0.0001,""r"":28}",
      9216,         2,         0,   0.217,chromobius,c05dfa7fbcf9de0a9975ebb20fc0baad25644b09ca54b3addba74da55de03ee1,"{""d"":7,""p"":0.0002592943797404667,""r"":28}",
     19456,         7,         0,   0.423,chromobius,9a6566142c78182da61675ec90eb723b29860da22ae402ea15a0a03ec1c705f5,"{""d"":7,""p"":0.000221221629107045,""r"":28}",
     51200,         7,         0,   0.800,chromobius,5557295e26dcb01e1b08072900fa3a5955d5b87d88bfe215b35252ea7798fac7,"{""d"":7,""p"":0.00016102620275609394,""r"":28}",
     29696,         7,         0,   0.573,chromobius,126722dd51cd4cc8771b42998f20755000a1196018f639f74206da3ee702d2b6,"{""d"":7,""p"":0.00018873918221350977,""r"":28}",
     12288,         5,         0,   0.294,chromobius,c05dfa7fbcf9de0a9975ebb20fc0baad25644b09ca54b3addba74da55de03ee1,"{""d"":7,""p"":0.0002592943797404667,""r"":28}",
     82944,         5,         0,    1.11,chromobius,a3663bdd2ddc482309ade5ae0097023a1b45574401b62c9c9ca45112c6ea5048,"{""d"":7,""p"":0.00011721022975334806,""r"":28}",
     78848,         5,         0,    1.12,chromobius,af261cd57f409487e23c346164ebd01a37d1aebb4e03bc19b5c2de6ea5c55924,"{""d"":7,""p"":0.00013738237958832623,""r"":28}",
     25600,        10,         0,   0.573,chromobius,9a6566142c78182da61675ec90eb723b29860da22ae402ea15a0a03ec1c705f5,"{""d"":7,""p"":0.000221221629107045,""r"":28}",
     17408,         8,         0,   0.412,chromobius,c05dfa7fbcf9de0a9975ebb20fc0baad25644b09ca54b3addba74da55de03ee1,"{""d"":7,""p"":0.0002592943797404667,""r"":28}",
    230400,       307,         0,    1.29,chromobius,1b6d6007dc3bc0114990d58e89f2f84c42598212275010061501811c142c6cd1,"{""d"":5,""p"":0.00018873918221350977,""r"":20}",
       273,         0,         0,   0.010,chromobius,01ae53e1e6dc2a29110bf91f00f4fa265e392944658684d6e8a77f2ed12e48b9,"{""d"":7,""p"":0.0003039195382313198,""r"":28}",
      1024,         0,         0,   0.029,chromobius,01ae53e1e6dc2a29110bf91f00f4fa265e392944658684d6e8a77f2ed12e48b9,"{""d"":7,""p"":0.0003039195382313198,""r"":28}",
      1024,         0,         0,   0.029,chromobius,01ae53e1e6dc2a29110bf91f00f4fa265e392944658684d6e8a77f2ed12e48b9,"{""d"":7,""p"":0.0003039195382313198,""r"":28}",
     41984,         7,         0,   0.799,chromobius,126722dd51cd4cc8771b42998f20755000a1196018f639f74206da3ee702d2b6,"{""d"":7,""p"":0.00018873918221350977,""r"":28}",
      1024,         2,         0,   0.031,chromobius,01ae53e1e6dc2a29110bf91f00f4fa265e392944658684d6e8a77f2ed12e48b9,"{""d"":7,""p"":0.0003039195382313198,""r"":28}",
      2048,         1,         0,   0.059,chromobius,01ae53e1e6dc2a29110bf91f00f4fa265e392944658684d6e8a77f2ed12e48b9,"{""d"":7,""p"":0.0003039195382313198,""r"":28}",
      2048,         0,         0,   0.061,chromobius,01ae53e1e6dc2a29110bf91f00f4fa265e392944658684d6e8a77f2ed12e48b9,"{""d"":7,""p"":0.0003039195382313198,""r"":28}",
      3072,         1,         0,   0.088,chromobius,01ae53e1e6dc2a29110bf91f00f4fa265e392944658684d6e8a77f2ed12e48b9,"{""d"":7,""p"":0.0003039195382313198,""r"":28}",
     69632,        13,         0,    1.11,chromobius,5557295e26dcb01e1b08072900fa3a5955d5b87d88bfe215b35252ea7798fac7,"{""d"":7,""p"":0.00016102620275609394,""r"":28}",
     22528,         8,         0,   0.569,chromobius,c05dfa7fbcf9de0a9975ebb20fc0baad25644b09ca54b3addba74da55de03ee1,"{""d"":7,""p"":0.0002592943797404667,""r"":28}",
      4096,         1,         0,   0.115,chromobius,01ae53e1e6dc2a29110bf91f00f4fa265e392944658684d6e8a77f2ed12e48b9,"{""d"":7,""p"":0.0003039195382313198,""r"":28}",
    144384,         9,         0,    1.55,chromobius,11b4332b994136421633d4efa9d63e74651d7de74cd22bbaf0ae03984808fd50,"{""d"":7,""p"":0.0001,""r"":28}",
     33792,         9,         0,   0.800,chromobius,9a6566142c78182da61675ec90eb723b29860da22ae402ea15a0a03ec1c705f5,"{""d"":7,""p"":0.000221221629107045,""r"":28}",
      6144,         1,         0,   0.173,chromobius,01ae53e1e6dc2a29110bf91f00f4fa265e392944658684d6e8a77f2ed12e48b9,"{""d"":7,""p"":0.0003039195382313198,""r"":28}",
      8192,         2,         0,   0.232,chromobius,01ae53e1e6dc2a29110bf91f00f4fa265e392944658684d6e8a77f2ed12e48b9,"{""d"":7,""p"":0.0003039195382313198,""r"":28}",
    108544,         4,         0,    1.55,chromobius,a3663bdd2ddc482309ade5ae0097023a1b45574401b62c9c9ca45112c6ea5048,"{""d"":7,""p"":0.00011721022975334806,""r"":28}",
     32768,        19,         0,   0.792,chromobius,c05dfa7fbcf9de0a9975ebb20fc0baad25644b09ca54b3addba74da55de03ee1,"{""d"":7,""p"":0.0002592943797404667,""r"":28}",
     11264,         7,         0,   0.311,chromobius,01ae53e1e6dc2a29110bf91f00f4fa265e392944658684d6e8a77f2ed12e48b9,"{""d"":7,""p"":0.0003039195382313198,""r"":28}",
    110592,        12,         0,    1.55,chromobius,af261cd57f409487e23c346164ebd01a37d1aebb4e03bc19b5c2de6ea5c55924,"{""d"":7,""p"":0.00013738237958832623,""r"":28}",
     57344,        15,         0,    1.12,chromobius,126722dd51cd4cc8771b42998f20755000a1196018f639f74206da3ee702d2b6,"{""d"":7,""p"":0.00018873918221350977,""r"":28}",
     14336,         7,         0,   0.404,chromobius,01ae53e1e6dc2a29110bf91f00f4fa265e392944658684d6e8a77f2ed12e48b9,"{""d"":7,""p"":0.0003039195382313198,""r"":28}",
     48128,        11,         0,    1.12,chromobius,9a6566142c78182da61675ec90eb723b29860da22ae402ea15a0a03ec1c705f5,"{""d"":7,""p"":0.000221221629107045,""r"":28}",
     95232,        17,         0,    1.55,chromobius,5557295e26dcb01e1b08072900fa3a5955d5b87d88bfe215b35252ea7798fac7,"{""d"":7,""p"":0.00016102620275609394,""r"":28}",
     20480,        12,         0,   0.577,chromobius,01ae53e1e6dc2a29110bf91f00f4fa265e392944658684d6e8a77f2ed12e48b9,"{""d"":7,""p"":0.0003039195382313198,""r"":28}",
     46080,        18,         0,    1.13,chromobius,c05dfa7fbcf9de0a9975ebb20fc0baad25644b09ca54b3addba74da55de03ee1,"{""d"":7,""p"":0.0002592943797404667,""r"":28}",
    205824,         4,         0,    2.16,chromobius,11b4332b994136421633d4efa9d63e74651d7de74cd22bbaf0ae03984808fd50,"{""d"":7,""p"":0.0001,""r"":28}",
     79872,        15,         0,    1.56,chromobius,126722dd51cd4cc8771b42998f20755000a1196018f639f74206da3ee702d2b6,"{""d"":7,""p"":0.00018873918221350977,""r"":28}",
     28672,        13,         0,   0.792,chromobius,01ae53e1e6dc2a29110bf91f00f4fa265e392944658684d6e8a77f2ed12e48b9,"{""d"":7,""p"":0.0003039195382313198,""r"":28}",
     66560,        22,         0,    1.57,chromobius,9a6566142c78182da61675ec90eb723b29860da22ae402ea15a0a03ec1c705f5,"{""d"":7,""p"":0.000221221629107045,""r"":28}",
    154624,         6,         0,    2.17,chromobius,a3663bdd2ddc482309ade5ae0097023a1b45574401b62c9c9ca45112c6ea5048,"{""d"":7,""p"":0.00011721022975334806,""r"":28}",
    154624,         8,         0,    2.17,chromobius,af261cd57f409487e23c346164ebd01a37d1aebb4e03bc19b5c2de6ea5c55924,"{""d"":7,""p"":0.00013738237958832623,""r"":28}",
     65536,        29,         0,    1.57,chromobius,c05dfa7fbcf9de0a9975ebb20fc0baad25644b09ca54b3addba74da55de03ee1,"{""d"":7,""p"":0.0002592943797404667,""r"":28}",
     40960,        29,         0,    1.13,chromobius,01ae53e1e6dc2a29110bf91f00f4fa265e392944658684d6e8a77f2ed12e48b9,"{""d"":7,""p"":0.0003039195382313198,""r"":28}",
    137216,        14,         0,    2.18,chromobius,5557295e26dcb01e1b08072900fa3a5955d5b87d88bfe215b35252ea7798fac7,"{""d"":7,""p"":0.00016102620275609394,""r"":28}",
    113664,        21,         0,    2.17,chromobius,126722dd51cd4cc8771b42998f20755000a1196018f639f74206da3ee702d2b6,"{""d"":7,""p"":0.00018873918221350977,""r"":28}",
   1358848,      1228,         0,    6.61,chromobius,dc3710121e64d0a914b1c6856717d37cb226ad8e314e898a308c2d3aedc6defb,"{""d"":5,""p"":0.00016102620275609394,""r"":20}",
       273,         0,         0,   0.012,chromobius,238f2f39b8ab75f4e75264b38371837b001c41b372a564b519205de408fa465c,"{""d"":7,""p"":0.0003562247890262444,""r"":28}",
      1024,         1,         0,   0.035,chromobius,238f2f39b8ab75f4e75264b38371837b001c41b372a564b519205de408fa465c,"{""d"":7,""p"":0.0003562247890262444,""r"":28}",
     98304,        25,         0,    2.17,chromobius,9a6566142c78182da61675ec90eb723b29860da22ae402ea15a0a03ec1c705f5,"{""d"":7,""p"":0.000221221629107045,""r"":28}",
      1024,         0,         0,   0.034,chromobius,238f2f39b8ab75f4e75264b38371837b001c41b372a564b519205de408fa465c,"{""d"":7,""p"":0.0003562247890262444,""r"":28}",
      1024,         1,         0,   0.035,chromobius,238f2f39b8ab75f4e75264b38371837b001c41b372a564b519205de408fa465c,"{""d"":7,""p"":0.0003562247890262444,""r"":28}",
      2048,         3,         0,   0.068,chromobius,238f2f39b8ab75f4e75264b38371837b001c41b372a564b519205de408fa465c,"{""d"":7,""p"":0.0003562247890262444,""r"":28}",
     56320,        40,         0,    1.56,chromobius,01ae53e1e6dc2a29110bf91f00f4fa265e392944658684d6e8a77f2ed12e48b9,"{""d"":7,""p"":0.0003039195382313198,""r"":28}",
      2048,         0,         0,   0.068,chromobius,238f2f39b8ab75f4e75264b38371837b001c41b372a564b519205de408fa465c,"{""d"":7,""p"":0.0003562247890262444,""r"":28}",
    291840,         8,         0,    3.03,chromobius,11b4332b994136421633d4efa9d63e74651d7de74cd22bbaf0ae03984808fd50,"{""d"":7,""p"":0.0001,""r"":28}",
      3072,         2,         0,   0.104,chromobius,238f2f39b8ab75f4e75264b38371837b001c41b372a564b519205de408fa465c,"{""d"":7,""p"":0.0003562247890262444,""r"":28}",
      4096,         2,         0,   0.131,chromobius,238f2f39b8ab75f4e75264b38371837b001c41b372a564b519205de408fa465c,"{""d"":7,""p"":0.0003562247890262444,""r"":28}",
      5120,         5,         0,   0.163,chromobius,238f2f39b8ab75f4e75264b38371837b001c41b372a564b519205de408fa465c,"{""d"":7,""p"":0.0003562247890262444,""r"":28}",
     90112,        27,         0,    2.18,chromobius,c05dfa7fbcf9de0a9975ebb20fc0baad25644b09ca54b3addba74da55de03ee1,"{""d"":7,""p"":0.0002592943797404667,""r"":28}",
      6144,         4,         0,   0.208,chromobius,238f2f39b8ab75f4e75264b38371837b001c41b372a564b519205de408fa465c,"{""d"":7,""p"":0.0003562247890262444,""r"":28}",
    233472,        10,         0,    3.04,chromobius,a3663bdd2ddc482309ade5ae0097023a1b45574401b62c9c9ca45112c6ea5048,"{""d"":7,""p"":0.00011721022975334806,""r"":28}",
    224256,        19,         0,    3.04,chromobius,af261cd57f409487e23c346164ebd01a37d1aebb4e03bc19b5c2de6ea5c55924,"{""d"":7,""p"":0.00013738237958832623,""r"":28}",
      9216,         9,         0,   0.305,chromobius,238f2f39b8ab75f4e75264b38371837b001c41b372a564b519205de408fa465c,"{""d"":7,""p"":0.0003562247890262444,""r"":28}",
   2510848,       898,         0,    8.21,chromobius,a84cd708d74680a8dce8232c3cfb110694432af7c27bc443344bacb58cb743f0,"{""d"":5,""p"":0.0001,""r"":20}",
   2283520,      1070,         0,    8.22,chromobius,c02f7324f80c4696f6fff96d2124cde6035719a0e7e8cd42752d5dc3e4c89cf0,"{""d"":5,""p"":0.00011721022975334806,""r"":20}",
   1990656,      1249,         0,    8.24,chromobius,411f937e71be542c36653cf589f32dba8f6c926b7dee0ef6370edcf7644fda7f,"{""d"":5,""p"":0.00013738237958832623,""r"":20}",
     12288,        17,         0,   0.407,chromobius,238f2f39b8ab75f4e75264b38371837b001c41b372a564b519205de408fa465c,"{""d"":7,""p"":0.0003562247890262444,""r"":28}",
    188416,        23,         0,    3.04,chromobius,5557295e26dcb01e1b08072900fa3a5955d5b87d88bfe215b35252ea7798fac7,"{""d"":7,""p"":0.00016102620275609394,""r"":28}",
     16384,         9,         0,   0.569,chromobius,238f2f39b8ab75f4e75264b38371837b001c41b372a564b519205de408fa465c,"{""d"":7,""p"":0.0003562247890262444,""r"":28}",
     77824,        50,         0,    2.18,chromobius,01ae53e1e6dc2a29110bf91f00f4fa265e392944658684d6e8a77f2ed12e48b9,"{""d"":7,""p"":0.0003039195382313198,""r"":28}",
    159744,        36,         0,    3.05,chromobius,126722dd51cd4cc8771b42998f20755000a1196018f639f74206da3ee702d2b6,"{""d"":7,""p"":0.00018873918221350977,""r"":28}",
     24576,        16,         0,   0.823,chromobius,238f2f39b8ab75f4e75264b38371837b001c41b372a564b519205de408fa465c,"{""d"":7,""p"":0.0003562247890262444,""r"":28}",
    138240,        35,         0,    3.04,chromobius,9a6566142c78182da61675ec90eb723b29860da22ae402ea15a0a03ec1c705f5,"{""d"":7,""p"":0.000221221629107045,""r"":28}",
    120832,        49,         0,    3.06,chromobius,c05dfa7fbcf9de0a9975ebb20fc0baad25644b09ca54b3addba74da55de03ee1,"{""d"":7,""p"":0.0002592943797404667,""r"":28}",
     32768,        23,         0,    1.11,chromobius,238f2f39b8ab75f4e75264b38371837b001c41b372a564b519205de408fa465c,"{""d"":7,""p"":0.0003562247890262444,""r"":28}",
    381952,        13,         0,    4.24,chromobius,11b4332b994136421633d4efa9d63e74651d7de74cd22bbaf0ae03984808fd50,"{""d"":7,""p"":0.0001,""r"":28}",
    834560,       578,         0,    3.49,chromobius,411f937e71be542c36653cf589f32dba8f6c926b7dee0ef6370edcf7644fda7f,"{""d"":5,""p"":0.00013738237958832623,""r"":20}",
       273,         0,         0,   0.013,chromobius,21f04fee85d87808752952bc097443e152bb9ec8037876c8dc85c36a307c759a,"{""d"":7,""p"":0.00041753189365604,""r"":28}",
      1024,         2,         0,   0.040,chromobius,21f04fee85d87808752952bc097443e152bb9ec8037876c8dc85c36a307c759a,"{""d"":7,""p"":0.00041753189365604,""r"":28}",
    318464,        21,         0,    4.24,chromobius,a3663bdd2ddc482309ade5ae0097023a1b45574401b62c9c9ca45112c6ea5048,"{""d"":7,""p"":0.00011721022975334806,""r"":28}",
      1024,         1,         0,   0.045,chromobius,21f04fee85d87808752952bc097443e152bb9ec8037876c8dc85c36a307c759a,"{""d"":7,""p"":0.00041753189365604,""r"":28}",
    314368,        24,         0,    4.25,chromobius,af261cd57f409487e23c346164ebd01a37d1aebb4e03bc19b5c2de6ea5c55924,"{""d"":7,""p"":0.00013738237958832623,""r"":28}",
      1024,         1,         0,   0.041,chromobius,21f04fee85d87808752952bc097443e152bb9ec8037876c8dc85c36a307c759a,"{""d"":7,""p"":0.00041753189365604,""r"":28}",
      1024,         2,         0,   0.041,chromobius,21f04fee85d87808752952bc097443e152bb9ec8037876c8dc85c36a307c759a,"{""d"":7,""p"":0.00041753189365604,""r"":28}",
      2048,         3,         0,   0.083,chromobius,21f04fee85d87808752952bc097443e152bb9ec8037876c8dc85c36a307c759a,"{""d"":7,""p"":0.00041753189365604,""r"":28}",
    111616,        71,         0,    3.05,chromobius,01ae53e1e6dc2a29110bf91f00f4fa265e392944658684d6e8a77f2ed12e48b9,"{""d"":7,""p"":0.0003039195382313198,""r"":28}",
      2048,         2,         0,   0.085,chromobius,21f04fee85d87808752952bc097443e152bb9ec8037876c8dc85c36a307c759a,"{""d"":7,""p"":0.00041753189365604,""r"":28}",
      3072,         3,         0,   0.128,chromobius,21f04fee85d87808752952bc097443e152bb9ec8037876c8dc85c36a307c759a,"{""d"":7,""p"":0.00041753189365604,""r"":28}",
     47104,        37,         0,    1.58,chromobius,238f2f39b8ab75f4e75264b38371837b001c41b372a564b519205de408fa465c,"{""d"":7,""p"":0.0003562247890262444,""r"":28}",
      4096,         9,         0,   0.169,chromobius,21f04fee85d87808752952bc097443e152bb9ec8037876c8dc85c36a307c759a,"{""d"":7,""p"":0.00041753189365604,""r"":28}",
    264192,        38,         0,    4.26,chromobius,5557295e26dcb01e1b08072900fa3a5955d5b87d88bfe215b35252ea7798fac7,"{""d"":7,""p"":0.00016102620275609394,""r"":28}",
      5120,        12,         0,   0.214,chromobius,21f04fee85d87808752952bc097443e152bb9ec8037876c8dc85c36a307c759a,"{""d"":7,""p"":0.00041753189365604,""r"":28}",
      7168,        14,         0,   0.293,chromobius,21f04fee85d87808752952bc097443e152bb9ec8037876c8dc85c36a307c759a,"{""d"":7,""p"":0.00041753189365604,""r"":28}",
     10240,        13,         0,   0.415,chromobius,21f04fee85d87808752952bc097443e152bb9ec8037876c8dc85c36a307c759a,"{""d"":7,""p"":0.00041753189365604,""r"":28}",
    226304,        34,         0,    4.26,chromobius,126722dd51cd4cc8771b42998f20755000a1196018f639f74206da3ee702d2b6,"{""d"":7,""p"":0.00018873918221350977,""r"":28}",
     14336,        22,         0,   0.592,chromobius,21f04fee85d87808752952bc097443e152bb9ec8037876c8dc85c36a307c759a,"{""d"":7,""p"":0.00041753189365604,""r"":28}",
    192512,        51,         0,    4.26,chromobius,9a6566142c78182da61675ec90eb723b29860da22ae402ea15a0a03ec1c705f5,"{""d"":7,""p"":0.000221221629107045,""r"":28}",
     65536,        56,         0,    2.17,chromobius,238f2f39b8ab75f4e75264b38371837b001c41b372a564b519205de408fa465c,"{""d"":7,""p"":0.0003562247890262444,""r"":28}",
    176128,        74,         0,    4.26,chromobius,c05dfa7fbcf9de0a9975ebb20fc0baad25644b09ca54b3addba74da55de03ee1,"{""d"":7,""p"":0.0002592943797404667,""r"":28}",
     19456,        27,         0,   0.803,chromobius,21f04fee85d87808752952bc097443e152bb9ec8037876c8dc85c36a307c759a,"{""d"":7,""p"":0.00041753189365604,""r"":28}",
     27648,        50,         0,    1.13,chromobius,21f04fee85d87808752952bc097443e152bb9ec8037876c8dc85c36a307c759a,"{""d"":7,""p"":0.00041753189365604,""r"":28}",
    153600,       100,         0,    4.26,chromobius,01ae53e1e6dc2a29110bf91f00f4fa265e392944658684d6e8a77f2ed12e48b9,"{""d"":7,""p"":0.0003039195382313198,""r"":28}",
    532480,        19,         0,    5.94,chromobius,11b4332b994136421633d4efa9d63e74651d7de74cd22bbaf0ae03984808fd50,"{""d"":7,""p"":0.0001,""r"":28}",
   2453504,      1200,         0,    8.93,chromobius,c02f7324f80c4696f6fff96d2124cde6035719a0e7e8cd42752d5dc3e4c89cf0,"{""d"":5,""p"":0.00011721022975334806,""r"":20}",
       273,         0,         0,   0.016,chromobius,077724daf62fb40d80d57e6abc9600799f054c82beceb1c4b3e42189c3d90aa7,"{""d"":7,""p"":0.0004893900918477494,""r"":28}",
      1024,         2,         0,   0.051,chromobius,077724daf62fb40d80d57e6abc9600799f054c82beceb1c4b3e42189c3d90aa7,"{""d"":7,""p"":0.0004893900918477494,""r"":28}",
      1024,         3,         0,   0.049,chromobius,077724daf62fb40d80d57e6abc9600799f054c82beceb1c4b3e42189c3d90aa7,"{""d"":7,""p"":0.0004893900918477494,""r"":28}",
      1024,         1,         0,   0.049,chromobius,077724daf62fb40d80d57e6abc9600799f054c82beceb1c4b3e42189c3d90aa7,"{""d"":7,""p"":0.0004893900918477494,""r"":28}",
     37888,        56,         0,    1.58,chromobius,21f04fee85d87808752952bc097443e152bb9ec8037876c8dc85c36a307c759a,"{""d"":7,""p"":0.00041753189365604,""r"":28}",
     87040,        71,         0,    3.06,chromobius,238f2f39b8ab75f4e75264b38371837b001c41b372a564b519205de408fa465c,"{""d"":7,""p"":0.0003562247890262444,""r"":28}",
      1024,         2,         0,   0.051,chromobius,077724daf62fb40d80d57e6abc9600799f054c82beceb1c4b3e42189c3d90aa7,"{""d"":7,""p"":0.0004893900918477494,""r"":28}",
      2048,         2,         0,   0.098,chromobius,077724daf62fb40d80d57e6abc9600799f054c82beceb1c4b3e42189c3d90aa7,"{""d"":7,""p"":0.0004893900918477494,""r"":28}",
      2048,         3,         0,   0.103,chromobius,077724daf62fb40d80d57e6abc9600799f054c82beceb1c4b3e42189c3d90aa7,"{""d"":7,""p"":0.0004893900918477494,""r"":28}",
    450560,        27,         0,    5.94,chromobius,a3663bdd2ddc482309ade5ae0097023a1b45574401b62c9c9ca45112c6ea5048,"{""d"":7,""p"":0.00011721022975334806,""r"":28}",
      3072,         6,         0,   0.148,chromobius,077724daf62fb40d80d57e6abc9600799f054c82beceb1c4b3e42189c3d90aa7,"{""d"":7,""p"":0.0004893900918477494,""r"":28}",
    407552,        29,         0,    5.94,chromobius,af261cd57f409487e23c346164ebd01a37d1aebb4e03bc19b5c2de6ea5c55924,"{""d"":7,""p"":0.00013738237958832623,""r"":28}",
      4096,        12,         0,   0.191,chromobius,077724daf62fb40d80d57e6abc9600799f054c82beceb1c4b3e42189c3d90aa7,"{""d"":7,""p"":0.0004893900918477494,""r"":28}",
      5120,        14,         0,   0.250,chromobius,077724daf62fb40d80d57e6abc9600799f054c82beceb1c4b3e42189c3d90aa7,"{""d"":7,""p"":0.0004893900918477494,""r"":28}",
      6144,         6,         0,   0.297,chromobius,077724daf62fb40d80d57e6abc9600799f054c82beceb1c4b3e42189c3d90aa7,"{""d"":7,""p"":0.0004893900918477494,""r"":28}",
    365568,        40,         0,    5.95,chromobius,5557295e26dcb01e1b08072900fa3a5955d5b87d88bfe215b35252ea7798fac7,"{""d"":7,""p"":0.00016102620275609394,""r"":28}",
      8192,        16,         0,   0.405,chromobius,077724daf62fb40d80d57e6abc9600799f054c82beceb1c4b3e42189c3d90aa7,"{""d"":7,""p"":0.0004893900918477494,""r"":28}",
    316416,        63,         0,    5.95,chromobius,126722dd51cd4cc8771b42998f20755000a1196018f639f74206da3ee702d2b6,"{""d"":7,""p"":0.00018873918221350977,""r"":28}",
     12288,        29,         0,   0.588,chromobius,077724daf62fb40d80d57e6abc9600799f054c82beceb1c4b3e42189c3d90aa7,"{""d"":7,""p"":0.0004893900918477494,""r"":28}",
     52224,        70,         0,    2.18,chromobius,21f04fee85d87808752952bc097443e152bb9ec8037876c8dc85c36a307c759a,"{""d"":7,""p"":0.00041753189365604,""r"":28}",
   3561472,      1242,         0,    11.5,chromobius,a84cd708d74680a8dce8232c3cfb110694432af7c27bc443344bacb58cb743f0,"{""d"":5,""p"":0.0001,""r"":20}",
    260096,        68,         0,    5.95,chromobius,9a6566142c78182da61675ec90eb723b29860da22ae402ea15a0a03ec1c705f5,"{""d"":7,""p"":0.000221221629107045,""r"":28}",
     17408,        53,         0,   0.840,chromobius,077724daf62fb40d80d57e6abc9600799f054c82beceb1c4b3e42189c3d90aa7,"{""d"":7,""p"":0.0004893900918477494,""r"":28}",
    242688,        95,         0,    5.98,chromobius,c05dfa7fbcf9de0a9975ebb20fc0baad25644b09ca54b3addba74da55de03ee1,"{""d"":7,""p"":0.0002592943797404667,""r"":28}",
     23552,        43,         0,    1.13,chromobius,077724daf62fb40d80d57e6abc9600799f054c82beceb1c4b3e42189c3d90aa7,"{""d"":7,""p"":0.0004893900918477494,""r"":28}",
    123904,        89,         0,    4.27,chromobius,238f2f39b8ab75f4e75264b38371837b001c41b372a564b519205de408fa465c,"{""d"":7,""p"":0.0003562247890262444,""r"":28}",
    209920,       130,         0,    5.96,chromobius,01ae53e1e6dc2a29110bf91f00f4fa265e392944658684d6e8a77f2ed12e48b9,"{""d"":7,""p"":0.0003039195382313198,""r"":28}",
     72704,        92,         0,    3.07,chromobius,21f04fee85d87808752952bc097443e152bb9ec8037876c8dc85c36a307c759a,"{""d"":7,""p"":0.00041753189365604,""r"":28}",
     31744,        79,         0,    1.56,chromobius,077724daf62fb40d80d57e6abc9600799f054c82beceb1c4b3e42189c3d90aa7,"{""d"":7,""p"":0.0004893900918477494,""r"":28}",
     46080,        95,         0,    2.22,chromobius,077724daf62fb40d80d57e6abc9600799f054c82beceb1c4b3e42189c3d90aa7,"{""d"":7,""p"":0.0004893900918477494,""r"":28}",
    712704,        22,         0,    8.30,chromobius,11b4332b994136421633d4efa9d63e74651d7de74cd22bbaf0ae03984808fd50,"{""d"":7,""p"":0.0001,""r"":28}",
    615424,        35,         0,    8.32,chromobius,a3663bdd2ddc482309ade5ae0097023a1b45574401b62c9c9ca45112c6ea5048,"{""d"":7,""p"":0.00011721022975334806,""r"":28}",
    574464,        53,         0,    8.32,chromobius,af261cd57f409487e23c346164ebd01a37d1aebb4e03bc19b5c2de6ea5c55924,"{""d"":7,""p"":0.00013738237958832623,""r"":28}",
   2002944,       674,         0,    6.52,chromobius,a84cd708d74680a8dce8232c3cfb110694432af7c27bc443344bacb58cb743f0,"{""d"":5,""p"":0.0001,""r"":20}",
       273,         0,         0,   0.018,chromobius,8fe2aa7a4c6df836e1b463a46b362902e250311279c09c292f8adb9f775a59a7,"{""d"":7,""p"":0.0005736152510448681,""r"":28}",
      1024,         2,         0,   0.058,chromobius,8fe2aa7a4c6df836e1b463a46b362902e250311279c09c292f8adb9f775a59a7,"{""d"":7,""p"":0.0005736152510448681,""r"":28}",
      1024,         4,         0,   0.059,chromobius,8fe2aa7a4c6df836e1b463a46b362902e250311279c09c292f8adb9f775a59a7,"{""d"":7,""p"":0.0005736152510448681,""r"":28}",
      1024,         3,         0,   0.059,chromobius,8fe2aa7a4c6df836e1b463a46b362902e250311279c09c292f8adb9f775a59a7,"{""d"":7,""p"":0.0005736152510448681,""r"":28}",
      1024,         1,         0,   0.060,chromobius,8fe2aa7a4c6df836e1b463a46b362902e250311279c09c292f8adb9f775a59a7,"{""d"":7,""p"":0.0005736152510448681,""r"":28}",
      1024,         7,         0,   0.059,chromobius,8fe2aa7a4c6df836e1b463a46b362902e250311279c09c292f8adb9f775a59a7,"{""d"":7,""p"":0.0005736152510448681,""r"":28}",
    503808,        54,         0,    8.33,chromobius,5557295e26dcb01e1b08072900fa3a5955d5b87d88bfe215b35252ea7798fac7,"{""d"":7,""p"":0.00016102620275609394,""r"":28}",
    102400,       115,         0,    4.30,chromobius,21f04fee85d87808752952bc097443e152bb9ec8037876c8dc85c36a307c759a,"{""d"":7,""p"":0.00041753189365604,""r"":28}",
      2048,         3,         0,   0.117,chromobius,8fe2aa7a4c6df836e1b463a46b362902e250311279c09c292f8adb9f775a59a7,"{""d"":7,""p"":0.0005736152510448681,""r"":28}",
      2048,         7,         0,   0.118,chromobius,8fe2aa7a4c6df836e1b463a46b362902e250311279c09c292f8adb9f775a59a7,"{""d"":7,""p"":0.0005736152510448681,""r"":28}",
      3072,        10,         0,   0.170,chromobius,8fe2aa7a4c6df836e1b463a46b362902e250311279c09c292f8adb9f775a59a7,"{""d"":7,""p"":0.0005736152510448681,""r"":28}",
      4096,        10,         0,   0.234,chromobius,8fe2aa7a4c6df836e1b463a46b362902e250311279c09c292f8adb9f775a59a7,"{""d"":7,""p"":0.0005736152510448681,""r"":28}",
    173056,       155,         0,    5.98,chromobius,238f2f39b8ab75f4e75264b38371837b001c41b372a564b519205de408fa465c,"{""d"":7,""p"":0.0003562247890262444,""r"":28}",
      5120,        23,         0,   0.290,chromobius,8fe2aa7a4c6df836e1b463a46b362902e250311279c09c292f8adb9f775a59a7,"{""d"":7,""p"":0.0005736152510448681,""r"":28}",
    434176,        76,         0,    8.34,chromobius,126722dd51cd4cc8771b42998f20755000a1196018f639f74206da3ee702d2b6,"{""d"":7,""p"":0.00018873918221350977,""r"":28}",
      8192,        24,         0,   0.454,chromobius,8fe2aa7a4c6df836e1b463a46b362902e250311279c09c292f8adb9f775a59a7,"{""d"":7,""p"":0.0005736152510448681,""r"":28}",
    358400,       101,         0,    8.33,chromobius,9a6566142c78182da61675ec90eb723b29860da22ae402ea15a0a03ec1c705f5,"{""d"":7,""p"":0.000221221629107045,""r"":28}",
     63488,       142,         0,    3.07,chromobius,077724daf62fb40d80d57e6abc9600799f054c82beceb1c4b3e42189c3d90aa7,"{""d"":7,""p"":0.0004893900918477494,""r"":28}",
     10240,        44,         0,   0.575,chromobius,8fe2aa7a4c6df836e1b463a46b362902e250311279c09c292f8adb9f775a59a7,"{""d"":7,""p"":0.0005736152510448681,""r"":28}",
    331776,       129,         0,    8.35,chromobius,c05dfa7fbcf9de0a9975ebb20fc0baad25644b09ca54b3addba74da55de03ee1,"{""d"":7,""p"":0.0002592943797404667,""r"":28}",
     14336,        49,         0,   0.818,chromobius,8fe2aa7a4c6df836e1b463a46b362902e250311279c09c292f8adb9f775a59a7,"{""d"":7,""p"":0.0005736152510448681,""r"":28}",
    288768,       191,         0,    8.34,chromobius,01ae53e1e6dc2a29110bf91f00f4fa265e392944658684d6e8a77f2ed12e48b9,"{""d"":7,""p"":0.0003039195382313198,""r"":28}",
     20480,        70,         0,    1.16,chromobius,8fe2aa7a4c6df836e1b463a46b362902e250311279c09c292f8adb9f775a59a7,"{""d"":7,""p"":0.0005736152510448681,""r"":28}",
     27648,        94,         0,    1.58,chromobius,8fe2aa7a4c6df836e1b463a46b362902e250311279c09c292f8adb9f775a59a7,"{""d"":7,""p"":0.0005736152510448681,""r"":28}",
     88064,       233,         0,    4.27,chromobius,077724daf62fb40d80d57e6abc9600799f054c82beceb1c4b3e42189c3d90aa7,"{""d"":7,""p"":0.0004893900918477494,""r"":28}",
    142336,       192,         0,    5.98,chromobius,21f04fee85d87808752952bc097443e152bb9ec8037876c8dc85c36a307c759a,"{""d"":7,""p"":0.00041753189365604,""r"":28}",
     38912,       130,         0,    2.23,chromobius,8fe2aa7a4c6df836e1b463a46b362902e250311279c09c292f8adb9f775a59a7,"{""d"":7,""p"":0.0005736152510448681,""r"":28}",
    234496,       210,         0,    8.37,chromobius,238f2f39b8ab75f4e75264b38371837b001c41b372a564b519205de408fa465c,"{""d"":7,""p"":0.0003562247890262444,""r"":28}",
    992256,        45,         0,    11.6,chromobius,11b4332b994136421633d4efa9d63e74651d7de74cd22bbaf0ae03984808fd50,"{""d"":7,""p"":0.0001,""r"":28}",
     52224,       183,         0,    3.09,chromobius,8fe2aa7a4c6df836e1b463a46b362902e250311279c09c292f8adb9f775a59a7,"{""d"":7,""p"":0.0005736152510448681,""r"":28}",
    839680,        53,         0,    11.6,chromobius,a3663bdd2ddc482309ade5ae0097023a1b45574401b62c9c9ca45112c6ea5048,"{""d"":7,""p"":0.00011721022975334806,""r"":28}",
    770048,        77,         0,    11.6,chromobius,af261cd57f409487e23c346164ebd01a37d1aebb4e03bc19b5c2de6ea5c55924,"{""d"":7,""p"":0.00013738237958832623,""r"":28}",
    120832,       263,         0,    5.97,chromobius,077724daf62fb40d80d57e6abc9600799f054c82beceb1c4b3e42189c3d90aa7,"{""d"":7,""p"":0.0004893900918477494,""r"":28}",
    707584,        77,         0,    11.6,chromobius,5557295e26dcb01e1b08072900fa3a5955d5b87d88bfe215b35252ea7798fac7,"{""d"":7,""p"":0.00016102620275609394,""r"":28}",
    603136,       107,         0,    11.7,chromobius,126722dd51cd4cc8771b42998f20755000a1196018f639f74206da3ee702d2b6,"{""d"":7,""p"":0.00018873918221350977,""r"":28}",
    492544,       131,         0,    11.7,chromobius,9a6566142c78182da61675ec90eb723b29860da22ae402ea15a0a03ec1c705f5,"{""d"":7,""p"":0.000221221629107045,""r"":28}",
    463872,       170,         0,    11.7,chromobius,c05dfa7fbcf9de0a9975ebb20fc0baad25644b09ca54b3addba74da55de03ee1,"{""d"":7,""p"":0.0002592943797404667,""r"":28}",
    195584,       252,         0,    8.35,chromobius,21f04fee85d87808752952bc097443e152bb9ec8037876c8dc85c36a307c759a,"{""d"":7,""p"":0.00041753189365604,""r"":28}",
     73728,       260,         0,    4.28,chromobius,8fe2aa7a4c6df836e1b463a46b362902e250311279c09c292f8adb9f775a59a7,"{""d"":7,""p"":0.0005736152510448681,""r"":28}",
    400384,       244,         0,    11.7,chromobius,01ae53e1e6dc2a29110bf91f00f4fa265e392944658684d6e8a77f2ed12e48b9,"{""d"":7,""p"":0.0003039195382313198,""r"":28}",
    172032,       381,         0,    8.37,chromobius,077724daf62fb40d80d57e6abc9600799f054c82beceb1c4b3e42189c3d90aa7,"{""d"":7,""p"":0.0004893900918477494,""r"":28}",
    326656,       277,         0,    11.7,chromobius,238f2f39b8ab75f4e75264b38371837b001c41b372a564b519205de408fa465c,"{""d"":7,""p"":0.0003562247890262444,""r"":28}",
    105472,       369,         0,    5.97,chromobius,8fe2aa7a4c6df836e1b463a46b362902e250311279c09c292f8adb9f775a59a7,"{""d"":7,""p"":0.0005736152510448681,""r"":28}",
    277504,       400,         0,    11.7,chromobius,21f04fee85d87808752952bc097443e152bb9ec8037876c8dc85c36a307c759a,"{""d"":7,""p"":0.00041753189365604,""r"":28}",
   1379328,        53,         0,    16.3,chromobius,11b4332b994136421633d4efa9d63e74651d7de74cd22bbaf0ae03984808fd50,"{""d"":7,""p"":0.0001,""r"":28}",
   1184768,        76,         0,    16.3,chromobius,a3663bdd2ddc482309ade5ae0097023a1b45574401b62c9c9ca45112c6ea5048,"{""d"":7,""p"":0.00011721022975334806,""r"":28}",
   1092608,        85,         0,    16.3,chromobius,af261cd57f409487e23c346164ebd01a37d1aebb4e03bc19b5c2de6ea5c55924,"{""d"":7,""p"":0.00013738237958832623,""r"":28}",
    997376,       124,         0,    16.3,chromobius,5557295e26dcb01e1b08072900fa3a5955d5b87d88bfe215b35252ea7798fac7,"{""d"":7,""p"":0.00016102620275609394,""r"":28}",
    848896,       151,         0,    16.3,chromobius,126722dd51cd4cc8771b42998f20755000a1196018f639f74206da3ee702d2b6,"{""d"":7,""p"":0.00018873918221350977,""r"":28}",
    145408,       521,         0,    8.38,chromobius,8fe2aa7a4c6df836e1b463a46b362902e250311279c09c292f8adb9f775a59a7,"{""d"":7,""p"":0.0005736152510448681,""r"":28}",
    701440,       204,         0,    16.3,chromobius,9a6566142c78182da61675ec90eb723b29860da22ae402ea15a0a03ec1c705f5,"{""d"":7,""p"":0.000221221629107045,""r"":28}",
    656384,       261,         0,    16.3,chromobius,c05dfa7fbcf9de0a9975ebb20fc0baad25644b09ca54b3addba74da55de03ee1,"{""d"":7,""p"":0.0002592943797404667,""r"":28}",
    239616,       525,         0,    11.7,chromobius,077724daf62fb40d80d57e6abc9600799f054c82beceb1c4b3e42189c3d90aa7,"{""d"":7,""p"":0.0004893900918477494,""r"":28}",
    570368,       326,         0,    16.3,chromobius,01ae53e1e6dc2a29110bf91f00f4fa265e392944658684d6e8a77f2ed12e48b9,"{""d"":7,""p"":0.0003039195382313198,""r"":28}",
    464896,       425,         0,    16.4,chromobius,238f2f39b8ab75f4e75264b38371837b001c41b372a564b519205de408fa465c,"{""d"":7,""p"":0.0003562247890262444,""r"":28}",
    207872,       740,         0,    11.7,chromobius,8fe2aa7a4c6df836e1b463a46b362902e250311279c09c292f8adb9f775a59a7,"{""d"":7,""p"":0.0005736152510448681,""r"":28}",
    390144,       535,         0,    16.4,chromobius,21f04fee85d87808752952bc097443e152bb9ec8037876c8dc85c36a307c759a,"{""d"":7,""p"":0.00041753189365604,""r"":28}",
    339968,       795,         0,    16.4,chromobius,077724daf62fb40d80d57e6abc9600799f054c82beceb1c4b3e42189c3d90aa7,"{""d"":7,""p"":0.0004893900918477494,""r"":28}",
   1955840,        68,         0,    22.8,chromobius,11b4332b994136421633d4efa9d63e74651d7de74cd22bbaf0ae03984808fd50,"{""d"":7,""p"":0.0001,""r"":28}",
   1673216,        93,         0,    22.8,chromobius,a3663bdd2ddc482309ade5ae0097023a1b45574401b62c9c9ca45112c6ea5048,"{""d"":7,""p"":0.00011721022975334806,""r"":28}",
   1528832,       136,         0,    22.8,chromobius,af261cd57f409487e23c346164ebd01a37d1aebb4e03bc19b5c2de6ea5c55924,"{""d"":7,""p"":0.00013738237958832623,""r"":28}",
   1379328,       161,         0,    22.8,chromobius,5557295e26dcb01e1b08072900fa3a5955d5b87d88bfe215b35252ea7798fac7,"{""d"":7,""p"":0.00016102620275609394,""r"":28}",
   1172480,       210,         0,    22.8,chromobius,126722dd51cd4cc8771b42998f20755000a1196018f639f74206da3ee702d2b6,"{""d"":7,""p"":0.00018873918221350977,""r"":28}",
    990208,       255,         0,    22.9,chromobius,9a6566142c78182da61675ec90eb723b29860da22ae402ea15a0a03ec1c705f5,"{""d"":7,""p"":0.000221221629107045,""r"":28}",
    925696,       385,         0,    22.9,chromobius,c05dfa7fbcf9de0a9975ebb20fc0baad25644b09ca54b3addba74da55de03ee1,"{""d"":7,""p"":0.0002592943797404667,""r"":28}",
    803840,       498,         0,    22.9,chromobius,01ae53e1e6dc2a29110bf91f00f4fa265e392944658684d6e8a77f2ed12e48b9,"{""d"":7,""p"":0.0003039195382313198,""r"":28}",
    287744,       972,         0,    16.4,chromobius,8fe2aa7a4c6df836e1b463a46b362902e250311279c09c292f8adb9f775a59a7,"{""d"":7,""p"":0.0005736152510448681,""r"":28}",
    646144,       565,         0,    22.9,chromobius,238f2f39b8ab75f4e75264b38371837b001c41b372a564b519205de408fa465c,"{""d"":7,""p"":0.0003562247890262444,""r"":28}",
    543744,       742,         0,    22.9,chromobius,21f04fee85d87808752952bc097443e152bb9ec8037876c8dc85c36a307c759a,"{""d"":7,""p"":0.00041753189365604,""r"":28}",
    465920,       990,         0,    23.0,chromobius,077724daf62fb40d80d57e6abc9600799f054c82beceb1c4b3e42189c3d90aa7,"{""d"":7,""p"":0.0004893900918477494,""r"":28}",
    396288,      1328,         0,    22.9,chromobius,8fe2aa7a4c6df836e1b463a46b362902e250311279c09c292f8adb9f775a59a7,"{""d"":7,""p"":0.0005736152510448681,""r"":28}",
   2694144,       104,         0,    31.9,chromobius,11b4332b994136421633d4efa9d63e74651d7de74cd22bbaf0ae03984808fd50,"{""d"":7,""p"":0.0001,""r"":28}",
   2345984,       134,         0,    31.9,chromobius,a3663bdd2ddc482309ade5ae0097023a1b45574401b62c9c9ca45112c6ea5048,"{""d"":7,""p"":0.00011721022975334806,""r"":28}",
   2165760,       170,         0,    31.9,chromobius,af261cd57f409487e23c346164ebd01a37d1aebb4e03bc19b5c2de6ea5c55924,"{""d"":7,""p"":0.00013738237958832623,""r"":28}",
     38912,       147,         0,    2.27,chromobius,8fe2aa7a4c6df836e1b463a46b362902e250311279c09c292f8adb9f775a59a7,"{""d"":7,""p"":0.0005736152510448681,""r"":28}",
       273,         3,         0,   0.025,chromobius,3303deecd3418864c95265ef29da26cbdba2d250190c6e4a4435ed596878a54c,"{""d"":7,""p"":0.0006723357536499335,""r"":28}",
      1024,         6,         0,   0.070,chromobius,3303deecd3418864c95265ef29da26cbdba2d250190c6e4a4435ed596878a54c,"{""d"":7,""p"":0.0006723357536499335,""r"":28}",
      1024,         1,         0,   0.069,chromobius,3303deecd3418864c95265ef29da26cbdba2d250190c6e4a4435ed596878a54c,"{""d"":7,""p"":0.0006723357536499335,""r"":28}",
   1943552,       228,         0,    32.0,chromobius,5557295e26dcb01e1b08072900fa3a5955d5b87d88bfe215b35252ea7798fac7,"{""d"":7,""p"":0.00016102620275609394,""r"":28}",
      1024,         5,         0,   0.073,chromobius,3303deecd3418864c95265ef29da26cbdba2d250190c6e4a4435ed596878a54c,"{""d"":7,""p"":0.0006723357536499335,""r"":28}",
      1024,         2,         0,   0.072,chromobius,3303deecd3418864c95265ef29da26cbdba2d250190c6e4a4435ed596878a54c,"{""d"":7,""p"":0.0006723357536499335,""r"":28}",
      1024,         8,         0,   0.070,chromobius,3303deecd3418864c95265ef29da26cbdba2d250190c6e4a4435ed596878a54c,"{""d"":7,""p"":0.0006723357536499335,""r"":28}",
      2048,         8,         0,   0.141,chromobius,3303deecd3418864c95265ef29da26cbdba2d250190c6e4a4435ed596878a54c,"{""d"":7,""p"":0.0006723357536499335,""r"":28}",
      2048,        16,         0,   0.141,chromobius,3303deecd3418864c95265ef29da26cbdba2d250190c6e4a4435ed596878a54c,"{""d"":7,""p"":0.0006723357536499335,""r"":28}",
      3072,        12,         0,   0.209,chromobius,3303deecd3418864c95265ef29da26cbdba2d250190c6e4a4435ed596878a54c,"{""d"":7,""p"":0.0006723357536499335,""r"":28}",
      3072,        15,         0,   0.211,chromobius,3303deecd3418864c95265ef29da26cbdba2d250190c6e4a4435ed596878a54c,"{""d"":7,""p"":0.0006723357536499335,""r"":28}",
   1652736,       274,         0,    32.0,chromobius,126722dd51cd4cc8771b42998f20755000a1196018f639f74206da3ee702d2b6,"{""d"":7,""p"":0.00018873918221350977,""r"":28}",
      5120,        24,         0,   0.356,chromobius,3303deecd3418864c95265ef29da26cbdba2d250190c6e4a4435ed596878a54c,"{""d"":7,""p"":0.0006723357536499335,""r"":28}",
   1372160,       350,         0,    32.0,chromobius,9a6566142c78182da61675ec90eb723b29860da22ae402ea15a0a03ec1c705f5,"{""d"":7,""p"":0.000221221629107045,""r"":28}",
      6144,        26,         0,   0.428,chromobius,3303deecd3418864c95265ef29da26cbdba2d250190c6e4a4435ed596878a54c,"{""d"":7,""p"":0.0006723357536499335,""r"":28}",
   1273856,       499,         0,    32.0,chromobius,c05dfa7fbcf9de0a9975ebb20fc0baad25644b09ca54b3addba74da55de03ee1,"{""d"":7,""p"":0.0002592943797404667,""r"":28}",
      9216,        46,         0,   0.629,chromobius,3303deecd3418864c95265ef29da26cbdba2d250190c6e4a4435ed596878a54c,"{""d"":7,""p"":0.0006723357536499335,""r"":28}",
     12288,        63,         0,   0.842,chromobius,3303deecd3418864c95265ef29da26cbdba2d250190c6e4a4435ed596878a54c,"{""d"":7,""p"":0.0006723357536499335,""r"":28}",
   1113088,       681,         0,    32.0,chromobius,01ae53e1e6dc2a29110bf91f00f4fa265e392944658684d6e8a77f2ed12e48b9,"{""d"":7,""p"":0.0003039195382313198,""r"":28}",
     16384,        89,         0,    1.14,chromobius,3303deecd3418864c95265ef29da26cbdba2d250190c6e4a4435ed596878a54c,"{""d"":7,""p"":0.0006723357536499335,""r"":28}",
     22528,       121,         0,    1.57,chromobius,3303deecd3418864c95265ef29da26cbdba2d250190c6e4a4435ed596878a54c,"{""d"":7,""p"":0.0006723357536499335,""r"":28}",
     31744,       177,         0,    2.18,chromobius,3303deecd3418864c95265ef29da26cbdba2d250190c6e4a4435ed596878a54c,"{""d"":7,""p"":0.0006723357536499335,""r"":28}",
    922624,       855,         0,    32.1,chromobius,238f2f39b8ab75f4e75264b38371837b001c41b372a564b519205de408fa465c,"{""d"":7,""p"":0.0003562247890262444,""r"":28}",
     44032,       244,         0,    3.05,chromobius,3303deecd3418864c95265ef29da26cbdba2d250190c6e4a4435ed596878a54c,"{""d"":7,""p"":0.0006723357536499335,""r"":28}",
    746496,      1069,         0,    32.1,chromobius,21f04fee85d87808752952bc097443e152bb9ec8037876c8dc85c36a307c759a,"{""d"":7,""p"":0.00041753189365604,""r"":28}",
     62464,       327,         0,    4.32,chromobius,3303deecd3418864c95265ef29da26cbdba2d250190c6e4a4435ed596878a54c,"{""d"":7,""p"":0.0006723357536499335,""r"":28}",
    620544,      1307,         0,    29.3,chromobius,077724daf62fb40d80d57e6abc9600799f054c82beceb1c4b3e42189c3d90aa7,"{""d"":7,""p"":0.0004893900918477494,""r"":28}",
       273,         3,         0,   0.023,chromobius,c224200afbccf23396d31043bfe0fa57d55bb56645e5ff7d9c4211439ee3604e,"{""d"":7,""p"":0.0007880462815669912,""r"":28}",
      1024,         9,         0,   0.076,chromobius,c224200afbccf23396d31043bfe0fa57d55bb56645e5ff7d9c4211439ee3604e,"{""d"":7,""p"":0.0007880462815669912,""r"":28}",
      1024,        11,         0,   0.075,chromobius,c224200afbccf23396d31043bfe0fa57d55bb56645e5ff7d9c4211439ee3604e,"{""d"":7,""p"":0.0007880462815669912,""r"":28}",
      1024,         9,         0,   0.076,chromobius,c224200afbccf23396d31043bfe0fa57d55bb56645e5ff7d9c4211439ee3604e,"{""d"":7,""p"":0.0007880462815669912,""r"":28}",
      1024,        13,         0,   0.080,chromobius,c224200afbccf23396d31043bfe0fa57d55bb56645e5ff7d9c4211439ee3604e,"{""d"":7,""p"":0.0007880462815669912,""r"":28}",
      1024,         8,         0,   0.083,chromobius,c224200afbccf23396d31043bfe0fa57d55bb56645e5ff7d9c4211439ee3604e,"{""d"":7,""p"":0.0007880462815669912,""r"":28}",
      1024,         8,         0,   0.080,chromobius,c224200afbccf23396d31043bfe0fa57d55bb56645e5ff7d9c4211439ee3604e,"{""d"":7,""p"":0.0007880462815669912,""r"":28}",
      2048,        10,         0,   0.157,chromobius,c224200afbccf23396d31043bfe0fa57d55bb56645e5ff7d9c4211439ee3604e,"{""d"":7,""p"":0.0007880462815669912,""r"":28}",
      2048,        22,         0,   0.163,chromobius,c224200afbccf23396d31043bfe0fa57d55bb56645e5ff7d9c4211439ee3604e,"{""d"":7,""p"":0.0007880462815669912,""r"":28}",
      3072,        20,         0,   0.231,chromobius,c224200afbccf23396d31043bfe0fa57d55bb56645e5ff7d9c4211439ee3604e,"{""d"":7,""p"":0.0007880462815669912,""r"":28}",
      4096,        44,         0,   0.303,chromobius,c224200afbccf23396d31043bfe0fa57d55bb56645e5ff7d9c4211439ee3604e,"{""d"":7,""p"":0.0007880462815669912,""r"":28}",
      6144,        50,         0,   0.482,chromobius,c224200afbccf23396d31043bfe0fa57d55bb56645e5ff7d9c4211439ee3604e,"{""d"":7,""p"":0.0007880462815669912,""r"":28}",
      7168,        50,         0,   0.575,chromobius,c224200afbccf23396d31043bfe0fa57d55bb56645e5ff7d9c4211439ee3604e,"{""d"":7,""p"":0.0007880462815669912,""r"":28}",
     10240,        72,         0,   0.800,chromobius,c224200afbccf23396d31043bfe0fa57d55bb56645e5ff7d9c4211439ee3604e,"{""d"":7,""p"":0.0007880462815669912,""r"":28}",
     87040,       414,         0,    6.03,chromobius,3303deecd3418864c95265ef29da26cbdba2d250190c6e4a4435ed596878a54c,"{""d"":7,""p"":0.0006723357536499335,""r"":28}",
     14336,       112,         0,    1.16,chromobius,c224200afbccf23396d31043bfe0fa57d55bb56645e5ff7d9c4211439ee3604e,"{""d"":7,""p"":0.0007880462815669912,""r"":28}",
     20480,       152,         0,    1.61,chromobius,c224200afbccf23396d31043bfe0fa57d55bb56645e5ff7d9c4211439ee3604e,"{""d"":7,""p"":0.0007880462815669912,""r"":28}",
     28672,       254,         0,    2.21,chromobius,c224200afbccf23396d31043bfe0fa57d55bb56645e5ff7d9c4211439ee3604e,"{""d"":7,""p"":0.0007880462815669912,""r"":28}",
     39936,       324,         0,    3.10,chromobius,c224200afbccf23396d31043bfe0fa57d55bb56645e5ff7d9c4211439ee3604e,"{""d"":7,""p"":0.0007880462815669912,""r"":28}",
    122880,       616,         0,    8.39,chromobius,3303deecd3418864c95265ef29da26cbdba2d250190c6e4a4435ed596878a54c,"{""d"":7,""p"":0.0006723357536499335,""r"":28}",
     55296,       462,         0,    4.27,chromobius,c224200afbccf23396d31043bfe0fa57d55bb56645e5ff7d9c4211439ee3604e,"{""d"":7,""p"":0.0007880462815669912,""r"":28}",
     77824,       688,         0,    6.03,chromobius,c224200afbccf23396d31043bfe0fa57d55bb56645e5ff7d9c4211439ee3604e,"{""d"":7,""p"":0.0007880462815669912,""r"":28}",
    174080,       969,         0,    11.7,chromobius,3303deecd3418864c95265ef29da26cbdba2d250190c6e4a4435ed596878a54c,"{""d"":7,""p"":0.0006723357536499335,""r"":28}",
   3743744,       110,         0,    44.6,chromobius,11b4332b994136421633d4efa9d63e74651d7de74cd22bbaf0ae03984808fd50,"{""d"":7,""p"":0.0001,""r"":28}",
   3338240,       197,         0,    44.7,chromobius,a3663bdd2ddc482309ade5ae0097023a1b45574401b62c9c9ca45112c6ea5048,"{""d"":7,""p"":0.00011721022975334806,""r"":28}",
   3034112,       237,         0,    44.7,chromobius,af261cd57f409487e23c346164ebd01a37d1aebb4e03bc19b5c2de6ea5c55924,"{""d"":7,""p"":0.00013738237958832623,""r"":28}",
   2680832,       319,         0,    44.7,chromobius,5557295e26dcb01e1b08072900fa3a5955d5b87d88bfe215b35252ea7798fac7,"{""d"":7,""p"":0.00016102620275609394,""r"":28}",
   2296832,       432,         0,    44.8,chromobius,126722dd51cd4cc8771b42998f20755000a1196018f639f74206da3ee702d2b6,"{""d"":7,""p"":0.00018873918221350977,""r"":28}",
   1921024,       507,         0,    44.8,chromobius,9a6566142c78182da61675ec90eb723b29860da22ae402ea15a0a03ec1c705f5,"{""d"":7,""p"":0.000221221629107045,""r"":28}",
   1783808,       719,         0,    44.8,chromobius,c05dfa7fbcf9de0a9975ebb20fc0baad25644b09ca54b3addba74da55de03ee1,"{""d"":7,""p"":0.0002592943797404667,""r"":28}",
    108544,       933,         0,    8.37,chromobius,c224200afbccf23396d31043bfe0fa57d55bb56645e5ff7d9c4211439ee3604e,"{""d"":7,""p"":0.0007880462815669912,""r"":28}",
   1565696,       925,         0,    44.9,chromobius,01ae53e1e6dc2a29110bf91f00f4fa265e392944658684d6e8a77f2ed12e48b9,"{""d"":7,""p"":0.0003039195382313198,""r"":28}",
    912384,      1316,         0,    38.8,chromobius,21f04fee85d87808752952bc097443e152bb9ec8037876c8dc85c36a307c759a,"{""d"":7,""p"":0.00041753189365604,""r"":28}",
       273,         4,         0,   0.026,chromobius,98c9c487c8704ca1089659d5a01eafa22905dac7ab9778b696ef96cfcda66120,"{""d"":7,""p"":0.0009236708571873865,""r"":28}",
      1024,         6,         0,   0.089,chromobius,98c9c487c8704ca1089659d5a01eafa22905dac7ab9778b696ef96cfcda66120,"{""d"":7,""p"":0.0009236708571873865,""r"":28}",
      1024,        16,         0,   0.095,chromobius,98c9c487c8704ca1089659d5a01eafa22905dac7ab9778b696ef96cfcda66120,"{""d"":7,""p"":0.0009236708571873865,""r"":28}",
      1024,        16,         0,   0.089,chromobius,98c9c487c8704ca1089659d5a01eafa22905dac7ab9778b696ef96cfcda66120,"{""d"":7,""p"":0.0009236708571873865,""r"":28}",
      1024,         6,         0,   0.096,chromobius,98c9c487c8704ca1089659d5a01eafa22905dac7ab9778b696ef96cfcda66120,"{""d"":7,""p"":0.0009236708571873865,""r"":28}",
      1024,        16,         0,   0.090,chromobius,98c9c487c8704ca1089659d5a01eafa22905dac7ab9778b696ef96cfcda66120,"{""d"":7,""p"":0.0009236708571873865,""r"":28}",
      1024,        10,         0,   0.089,chromobius,98c9c487c8704ca1089659d5a01eafa22905dac7ab9778b696ef96cfcda66120,"{""d"":7,""p"":0.0009236708571873865,""r"":28}",
   1284096,      1149,         0,    44.9,chromobius,238f2f39b8ab75f4e75264b38371837b001c41b372a564b519205de408fa465c,"{""d"":7,""p"":0.0003562247890262444,""r"":28}",
      2048,        19,         0,   0.189,chromobius,98c9c487c8704ca1089659d5a01eafa22905dac7ab9778b696ef96cfcda66120,"{""d"":7,""p"":0.0009236708571873865,""r"":28}",
      2048,        25,         0,   0.190,chromobius,98c9c487c8704ca1089659d5a01eafa22905dac7ab9778b696ef96cfcda66120,"{""d"":7,""p"":0.0009236708571873865,""r"":28}",
      3072,        38,         0,   0.290,chromobius,98c9c487c8704ca1089659d5a01eafa22905dac7ab9778b696ef96cfcda66120,"{""d"":7,""p"":0.0009236708571873865,""r"":28}",
      3072,        36,         0,   0.289,chromobius,98c9c487c8704ca1089659d5a01eafa22905dac7ab9778b696ef96cfcda66120,"{""d"":7,""p"":0.0009236708571873865,""r"":28}",
      5120,        64,         0,   0.478,chromobius,98c9c487c8704ca1089659d5a01eafa22905dac7ab9778b696ef96cfcda66120,"{""d"":7,""p"":0.0009236708571873865,""r"":28}",
      7168,        92,         0,   0.630,chromobius,98c9c487c8704ca1089659d5a01eafa22905dac7ab9778b696ef96cfcda66120,"{""d"":7,""p"":0.0009236708571873865,""r"":28}",
      9216,       114,         0,   0.845,chromobius,98c9c487c8704ca1089659d5a01eafa22905dac7ab9778b696ef96cfcda66120,"{""d"":7,""p"":0.0009236708571873865,""r"":28}",
    242688,      1274,         0,    16.4,chromobius,3303deecd3418864c95265ef29da26cbdba2d250190c6e4a4435ed596878a54c,"{""d"":7,""p"":0.0006723357536499335,""r"":28}",
     12288,       182,         0,    1.16,chromobius,98c9c487c8704ca1089659d5a01eafa22905dac7ab9778b696ef96cfcda66120,"{""d"":7,""p"":0.0009236708571873865,""r"":28}",
    153600,      1298,         0,    11.8,chromobius,c224200afbccf23396d31043bfe0fa57d55bb56645e5ff7d9c4211439ee3604e,"{""d"":7,""p"":0.0007880462815669912,""r"":28}",
     16384,       195,         0,    1.60,chromobius,98c9c487c8704ca1089659d5a01eafa22905dac7ab9778b696ef96cfcda66120,"{""d"":7,""p"":0.0009236708571873865,""r"":28}",
     23552,       326,         0,    2.21,chromobius,98c9c487c8704ca1089659d5a01eafa22905dac7ab9778b696ef96cfcda66120,"{""d"":7,""p"":0.0009236708571873865,""r"":28}",
     57344,       461,         0,    4.40,chromobius,c224200afbccf23396d31043bfe0fa57d55bb56645e5ff7d9c4211439ee3604e,"{""d"":7,""p"":0.0007880462815669912,""r"":28}",
       273,         6,         0,   0.032,chromobius,9538b573335301860d4a260b75361d107c4571c4ea5251dd76b0bc29bf955d08,"{""d"":7,""p"":0.001082636733874054,""r"":28}",
      1024,        33,         0,   0.108,chromobius,9538b573335301860d4a260b75361d107c4571c4ea5251dd76b0bc29bf955d08,"{""d"":7,""p"":0.001082636733874054,""r"":28}",
      1024,        27,         0,   0.105,chromobius,9538b573335301860d4a260b75361d107c4571c4ea5251dd76b0bc29bf955d08,"{""d"":7,""p"":0.001082636733874054,""r"":28}",
      1024,        18,         0,   0.103,chromobius,9538b573335301860d4a260b75361d107c4571c4ea5251dd76b0bc29bf955d08,"{""d"":7,""p"":0.001082636733874054,""r"":28}",
      1024,        22,         0,   0.108,chromobius,9538b573335301860d4a260b75361d107c4571c4ea5251dd76b0bc29bf955d08,"{""d"":7,""p"":0.001082636733874054,""r"":28}",
     91136,       536,         0,    6.16,chromobius,3303deecd3418864c95265ef29da26cbdba2d250190c6e4a4435ed596878a54c,"{""d"":7,""p"":0.0006723357536499335,""r"":28}",
      1024,        18,         0,   0.109,chromobius,9538b573335301860d4a260b75361d107c4571c4ea5251dd76b0bc29bf955d08,"{""d"":7,""p"":0.001082636733874054,""r"":28}",
      1024,        17,         0,   0.112,chromobius,9538b573335301860d4a260b75361d107c4571c4ea5251dd76b0bc29bf955d08,"{""d"":7,""p"":0.001082636733874054,""r"":28}",
       273,        12,         0,   0.057,chromobius,3913156504df31d0f5e4bb848d01bb5e0bbd808a7133821132ccfbe0024cba03,"{""d"":7,""p"":0.0012689610031679222,""r"":28}",
      1024,        23,         0,   0.108,chromobius,9538b573335301860d4a260b75361d107c4571c4ea5251dd76b0bc29bf955d08,"{""d"":7,""p"":0.001082636733874054,""r"":28}",
      1024,        36,         0,   0.148,chromobius,3913156504df31d0f5e4bb848d01bb5e0bbd808a7133821132ccfbe0024cba03,"{""d"":7,""p"":0.0012689610031679222,""r"":28}",
      1024,        37,         0,   0.137,chromobius,3913156504df31d0f5e4bb848d01bb5e0bbd808a7133821132ccfbe0024cba03,"{""d"":7,""p"":0.0012689610031679222,""r"":28}",
      2048,        45,         0,   0.209,chromobius,9538b573335301860d4a260b75361d107c4571c4ea5251dd76b0bc29bf955d08,"{""d"":7,""p"":0.001082636733874054,""r"":28}",
      1024,        28,         0,   0.136,chromobius,3913156504df31d0f5e4bb848d01bb5e0bbd808a7133821132ccfbe0024cba03,"{""d"":7,""p"":0.0012689610031679222,""r"":28}",
      2048,        41,         0,   0.209,chromobius,9538b573335301860d4a260b75361d107c4571c4ea5251dd76b0bc29bf955d08,"{""d"":7,""p"":0.001082636733874054,""r"":28}",
      1024,        28,         0,   0.139,chromobius,3913156504df31d0f5e4bb848d01bb5e0bbd808a7133821132ccfbe0024cba03,"{""d"":7,""p"":0.0012689610031679222,""r"":28}",
     32768,       426,         0,    3.13,chromobius,98c9c487c8704ca1089659d5a01eafa22905dac7ab9778b696ef96cfcda66120,"{""d"":7,""p"":0.0009236708571873865,""r"":28}",
      1024,        36,         0,   0.137,chromobius,3913156504df31d0f5e4bb848d01bb5e0bbd808a7133821132ccfbe0024cba03,"{""d"":7,""p"":0.0012689610031679222,""r"":28}",
      3072,        73,         0,   0.319,chromobius,9538b573335301860d4a260b75361d107c4571c4ea5251dd76b0bc29bf955d08,"{""d"":7,""p"":0.001082636733874054,""r"":28}",
      1024,        34,         0,   0.138,chromobius,3913156504df31d0f5e4bb848d01bb5e0bbd808a7133821132ccfbe0024cba03,"{""d"":7,""p"":0.0012689610031679222,""r"":28}",
      1024,        41,         0,   0.140,chromobius,3913156504df31d0f5e4bb848d01bb5e0bbd808a7133821132ccfbe0024cba03,"{""d"":7,""p"":0.0012689610031679222,""r"":28}",
      2048,        60,         0,   0.275,chromobius,3913156504df31d0f5e4bb848d01bb5e0bbd808a7133821132ccfbe0024cba03,"{""d"":7,""p"":0.0012689610031679222,""r"":28}",
      4096,        87,         0,   0.419,chromobius,9538b573335301860d4a260b75361d107c4571c4ea5251dd76b0bc29bf955d08,"{""d"":7,""p"":0.001082636733874054,""r"":28}",
      2048,        60,         0,   0.274,chromobius,3913156504df31d0f5e4bb848d01bb5e0bbd808a7133821132ccfbe0024cba03,"{""d"":7,""p"":0.0012689610031679222,""r"":28}",
      6144,       139,         0,   0.624,chromobius,9538b573335301860d4a260b75361d107c4571c4ea5251dd76b0bc29bf955d08,"{""d"":7,""p"":0.001082636733874054,""r"":28}",
      3072,       109,         0,   0.412,chromobius,3913156504df31d0f5e4bb848d01bb5e0bbd808a7133821132ccfbe0024cba03,"{""d"":7,""p"":0.0012689610031679222,""r"":28}",
      3072,       116,         0,   0.410,chromobius,3913156504df31d0f5e4bb848d01bb5e0bbd808a7133821132ccfbe0024cba03,"{""d"":7,""p"":0.0012689610031679222,""r"":28}",
      8192,       185,         0,   0.847,chromobius,9538b573335301860d4a260b75361d107c4571c4ea5251dd76b0bc29bf955d08,"{""d"":7,""p"":0.001082636733874054,""r"":28}",
      5120,       147,         0,   0.683,chromobius,3913156504df31d0f5e4bb848d01bb5e0bbd808a7133821132ccfbe0024cba03,"{""d"":7,""p"":0.0012689610031679222,""r"":28}",
      6144,       212,         0,   0.841,chromobius,3913156504df31d0f5e4bb848d01bb5e0bbd808a7133821132ccfbe0024cba03,"{""d"":7,""p"":0.0012689610031679222,""r"":28}",
     11264,       257,         0,    1.15,chromobius,9538b573335301860d4a260b75361d107c4571c4ea5251dd76b0bc29bf955d08,"{""d"":7,""p"":0.001082636733874054,""r"":28}",
     44032,       636,         0,    4.35,chromobius,98c9c487c8704ca1089659d5a01eafa22905dac7ab9778b696ef96cfcda66120,"{""d"":7,""p"":0.0009236708571873865,""r"":28}",
      9216,       316,         0,    1.25,chromobius,3913156504df31d0f5e4bb848d01bb5e0bbd808a7133821132ccfbe0024cba03,"{""d"":7,""p"":0.0012689610031679222,""r"":28}",
     15360,       313,         0,    1.57,chromobius,9538b573335301860d4a260b75361d107c4571c4ea5251dd76b0bc29bf955d08,"{""d"":7,""p"":0.001082636733874054,""r"":28}",
     12288,       399,         0,    1.66,chromobius,3913156504df31d0f5e4bb848d01bb5e0bbd808a7133821132ccfbe0024cba03,"{""d"":7,""p"":0.0012689610031679222,""r"":28}",
     21504,       448,         0,    2.20,chromobius,9538b573335301860d4a260b75361d107c4571c4ea5251dd76b0bc29bf955d08,"{""d"":7,""p"":0.001082636733874054,""r"":28}",
     16384,       558,         0,    2.23,chromobius,3913156504df31d0f5e4bb848d01bb5e0bbd808a7133821132ccfbe0024cba03,"{""d"":7,""p"":0.0012689610031679222,""r"":28}",
     28672,       617,         0,    3.05,chromobius,9538b573335301860d4a260b75361d107c4571c4ea5251dd76b0bc29bf955d08,"{""d"":7,""p"":0.001082636733874054,""r"":28}",
     60416,       827,         0,    5.97,chromobius,98c9c487c8704ca1089659d5a01eafa22905dac7ab9778b696ef96cfcda66120,"{""d"":7,""p"":0.0009236708571873865,""r"":28}",
     22528,       787,         0,    3.12,chromobius,3913156504df31d0f5e4bb848d01bb5e0bbd808a7133821132ccfbe0024cba03,"{""d"":7,""p"":0.0012689610031679222,""r"":28}",
     39936,       841,         0,    4.33,chromobius,9538b573335301860d4a260b75361d107c4571c4ea5251dd76b0bc29bf955d08,"{""d"":7,""p"":0.001082636733874054,""r"":28}",
     30720,      1049,         0,    4.36,chromobius,3913156504df31d0f5e4bb848d01bb5e0bbd808a7133821132ccfbe0024cba03,"{""d"":7,""p"":0.0012689610031679222,""r"":28}",
     82944,      1134,         0,    8.44,chromobius,98c9c487c8704ca1089659d5a01eafa22905dac7ab9778b696ef96cfcda66120,"{""d"":7,""p"":0.0009236708571873865,""r"":28}",
     27648,       953,         0,    3.83,chromobius,3913156504df31d0f5e4bb848d01bb5e0bbd808a7133821132ccfbe0024cba03,"{""d"":7,""p"":0.0012689610031679222,""r"":28}",
       273,        13,         0,   0.045,chromobius,10f0ec861e7583b7b8bc4b1654561ca4817201ca15a25390010dc4d65f290caf,"{""d"":7,""p"":0.0014873521072935117,""r"":28}",
      1024,        50,         0,   0.156,chromobius,10f0ec861e7583b7b8bc4b1654561ca4817201ca15a25390010dc4d65f290caf,"{""d"":7,""p"":0.0014873521072935117,""r"":28}",
      1024,        61,         0,   0.160,chromobius,10f0ec861e7583b7b8bc4b1654561ca4817201ca15a25390010dc4d65f290caf,"{""d"":7,""p"":0.0014873521072935117,""r"":28}",
      1024,        59,         0,   0.157,chromobius,10f0ec861e7583b7b8bc4b1654561ca4817201ca15a25390010dc4d65f290caf,"{""d"":7,""p"":0.0014873521072935117,""r"":28}",
     57344,      1231,         0,    6.06,chromobius,9538b573335301860d4a260b75361d107c4571c4ea5251dd76b0bc29bf955d08,"{""d"":7,""p"":0.001082636733874054,""r"":28}",
      1024,        61,         0,   0.157,chromobius,10f0ec861e7583b7b8bc4b1654561ca4817201ca15a25390010dc4d65f290caf,"{""d"":7,""p"":0.0014873521072935117,""r"":28}",
      1024,        57,         0,   0.163,chromobius,10f0ec861e7583b7b8bc4b1654561ca4817201ca15a25390010dc4d65f290caf,"{""d"":7,""p"":0.0014873521072935117,""r"":28}",
      1024,        62,         0,   0.157,chromobius,10f0ec861e7583b7b8bc4b1654561ca4817201ca15a25390010dc4d65f290caf,"{""d"":7,""p"":0.0014873521072935117,""r"":28}",
      1024,        58,         0,   0.158,chromobius,10f0ec861e7583b7b8bc4b1654561ca4817201ca15a25390010dc4d65f290caf,"{""d"":7,""p"":0.0014873521072935117,""r"":28}",
      1024,        58,         0,   0.156,chromobius,10f0ec861e7583b7b8bc4b1654561ca4817201ca15a25390010dc4d65f290caf,"{""d"":7,""p"":0.0014873521072935117,""r"":28}",
      2048,       124,         0,   0.302,chromobius,10f0ec861e7583b7b8bc4b1654561ca4817201ca15a25390010dc4d65f290caf,"{""d"":7,""p"":0.0014873521072935117,""r"":28}",
      2048,       114,         0,   0.315,chromobius,10f0ec861e7583b7b8bc4b1654561ca4817201ca15a25390010dc4d65f290caf,"{""d"":7,""p"":0.0014873521072935117,""r"":28}",
      3072,       164,         0,   0.472,chromobius,10f0ec861e7583b7b8bc4b1654561ca4817201ca15a25390010dc4d65f290caf,"{""d"":7,""p"":0.0014873521072935117,""r"":28}",
      4096,       192,         0,   0.619,chromobius,10f0ec861e7583b7b8bc4b1654561ca4817201ca15a25390010dc4d65f290caf,"{""d"":7,""p"":0.0014873521072935117,""r"":28}",
     27648,       569,         0,    2.95,chromobius,9538b573335301860d4a260b75361d107c4571c4ea5251dd76b0bc29bf955d08,"{""d"":7,""p"":0.001082636733874054,""r"":28}",
       273,        27,         0,   0.058,chromobius,22c72192f5f1d2d27fb60406bda2320f729623141e63089b463e0ae1461443a2,"{""d"":7,""p"":0.0017433288221999873,""r"":28}",
      6144,       350,         0,   0.926,chromobius,10f0ec861e7583b7b8bc4b1654561ca4817201ca15a25390010dc4d65f290caf,"{""d"":7,""p"":0.0014873521072935117,""r"":28}",
      1024,        67,         0,   0.193,chromobius,22c72192f5f1d2d27fb60406bda2320f729623141e63089b463e0ae1461443a2,"{""d"":7,""p"":0.0017433288221999873,""r"":28}",
      1024,        84,         0,   0.202,chromobius,22c72192f5f1d2d27fb60406bda2320f729623141e63089b463e0ae1461443a2,"{""d"":7,""p"":0.0017433288221999873,""r"":28}",
      1024,        94,         0,   0.200,chromobius,22c72192f5f1d2d27fb60406bda2320f729623141e63089b463e0ae1461443a2,"{""d"":7,""p"":0.0017433288221999873,""r"":28}",
      1024,        82,         0,   0.199,chromobius,22c72192f5f1d2d27fb60406bda2320f729623141e63089b463e0ae1461443a2,"{""d"":7,""p"":0.0017433288221999873,""r"":28}",
     59392,       825,         0,    5.62,chromobius,98c9c487c8704ca1089659d5a01eafa22905dac7ab9778b696ef96cfcda66120,"{""d"":7,""p"":0.0009236708571873865,""r"":28}",
      1024,        75,         0,   0.199,chromobius,22c72192f5f1d2d27fb60406bda2320f729623141e63089b463e0ae1461443a2,"{""d"":7,""p"":0.0017433288221999873,""r"":28}",
       273,        34,         0,   0.060,chromobius,44c23b7e41d4f198f115c40b6c4b64d67da4fb8c01bfc252a947f9ed080aa750,"{""d"":7,""p"":0.0020433597178569417,""r"":28}",
      1024,        79,         0,   0.201,chromobius,22c72192f5f1d2d27fb60406bda2320f729623141e63089b463e0ae1461443a2,"{""d"":7,""p"":0.0017433288221999873,""r"":28}",
      1024,       152,         0,   0.229,chromobius,44c23b7e41d4f198f115c40b6c4b64d67da4fb8c01bfc252a947f9ed080aa750,"{""d"":7,""p"":0.0020433597178569417,""r"":28}",
      8192,       410,         0,    1.22,chromobius,10f0ec861e7583b7b8bc4b1654561ca4817201ca15a25390010dc4d65f290caf,"{""d"":7,""p"":0.0014873521072935117,""r"":28}",
      1024,        99,         0,   0.206,chromobius,22c72192f5f1d2d27fb60406bda2320f729623141e63089b463e0ae1461443a2,"{""d"":7,""p"":0.0017433288221999873,""r"":28}",
      1024,       144,         0,   0.225,chromobius,44c23b7e41d4f198f115c40b6c4b64d67da4fb8c01bfc252a947f9ed080aa750,"{""d"":7,""p"":0.0020433597178569417,""r"":28}",
      1024,        84,         0,   0.202,chromobius,22c72192f5f1d2d27fb60406bda2320f729623141e63089b463e0ae1461443a2,"{""d"":7,""p"":0.0017433288221999873,""r"":28}",
      1024,       135,         0,   0.236,chromobius,44c23b7e41d4f198f115c40b6c4b64d67da4fb8c01bfc252a947f9ed080aa750,"{""d"":7,""p"":0.0020433597178569417,""r"":28}",
      1024,       109,         0,   0.226,chromobius,44c23b7e41d4f198f115c40b6c4b64d67da4fb8c01bfc252a947f9ed080aa750,"{""d"":7,""p"":0.0020433597178569417,""r"":28}",
      2048,       167,         0,   0.395,chromobius,22c72192f5f1d2d27fb60406bda2320f729623141e63089b463e0ae1461443a2,"{""d"":7,""p"":0.0017433288221999873,""r"":28}",
      1024,       123,         0,   0.216,chromobius,44c23b7e41d4f198f115c40b6c4b64d67da4fb8c01bfc252a947f9ed080aa750,"{""d"":7,""p"":0.0020433597178569417,""r"":28}",
      1024,       127,         0,   0.226,chromobius,44c23b7e41d4f198f115c40b6c4b64d67da4fb8c01bfc252a947f9ed080aa750,"{""d"":7,""p"":0.0020433597178569417,""r"":28}",
      2048,       183,         0,   0.402,chromobius,22c72192f5f1d2d27fb60406bda2320f729623141e63089b463e0ae1461443a2,"{""d"":7,""p"":0.0017433288221999873,""r"":28}",
      1024,       135,         0,   0.227,chromobius,44c23b7e41d4f198f115c40b6c4b64d67da4fb8c01bfc252a947f9ed080aa750,"{""d"":7,""p"":0.0020433597178569417,""r"":28}",
      2048,       187,         0,   0.414,chromobius,22c72192f5f1d2d27fb60406bda2320f729623141e63089b463e0ae1461443a2,"{""d"":7,""p"":0.0017433288221999873,""r"":28}",
      1024,       128,         0,   0.226,chromobius,44c23b7e41d4f198f115c40b6c4b64d67da4fb8c01bfc252a947f9ed080aa750,"{""d"":7,""p"":0.0020433597178569417,""r"":28}",
      1024,       114,         0,   0.220,chromobius,44c23b7e41d4f198f115c40b6c4b64d67da4fb8c01bfc252a947f9ed080aa750,"{""d"":7,""p"":0.0020433597178569417,""r"":28}",
     11264,       601,         0,    1.69,chromobius,10f0ec861e7583b7b8bc4b1654561ca4817201ca15a25390010dc4d65f290caf,"{""d"":7,""p"":0.0014873521072935117,""r"":28}",
      3072,       263,         0,   0.615,chromobius,22c72192f5f1d2d27fb60406bda2320f729623141e63089b463e0ae1461443a2,"{""d"":7,""p"":0.0017433288221999873,""r"":28}",
      2048,       242,         0,   0.452,chromobius,44c23b7e41d4f198f115c40b6c4b64d67da4fb8c01bfc252a947f9ed080aa750,"{""d"":7,""p"":0.0020433597178569417,""r"":28}",
   1111040,      1020,         0,    38.2,chromobius,238f2f39b8ab75f4e75264b38371837b001c41b372a564b519205de408fa465c,"{""d"":7,""p"":0.0003562247890262444,""r"":28}",
      2048,       242,         0,   0.438,chromobius,44c23b7e41d4f198f115c40b6c4b64d67da4fb8c01bfc252a947f9ed080aa750,"{""d"":7,""p"":0.0020433597178569417,""r"":28}",
       273,        67,         0,   0.077,chromobius,1db99e4fb728349a41e0a15973db179bfee0c2f8a0db2686d81e9ffa9b87d109,"{""d"":7,""p"":0.002395026619987486,""r"":28}",
      4096,       345,         0,   0.796,chromobius,22c72192f5f1d2d27fb60406bda2320f729623141e63089b463e0ae1461443a2,"{""d"":7,""p"":0.0017433288221999873,""r"":28}",
      1024,       217,         0,   0.275,chromobius,1db99e4fb728349a41e0a15973db179bfee0c2f8a0db2686d81e9ffa9b87d109,"{""d"":7,""p"":0.002395026619987486,""r"":28}",
      3072,       367,         0,   0.659,chromobius,44c23b7e41d4f198f115c40b6c4b64d67da4fb8c01bfc252a947f9ed080aa750,"{""d"":7,""p"":0.0020433597178569417,""r"":28}",
      1024,       199,         0,   0.277,chromobius,1db99e4fb728349a41e0a15973db179bfee0c2f8a0db2686d81e9ffa9b87d109,"{""d"":7,""p"":0.002395026619987486,""r"":28}",
      1024,       188,         0,   0.271,chromobius,1db99e4fb728349a41e0a15973db179bfee0c2f8a0db2686d81e9ffa9b87d109,"{""d"":7,""p"":0.002395026619987486,""r"":28}",
      1024,       201,         0,   0.273,chromobius,1db99e4fb728349a41e0a15973db179bfee0c2f8a0db2686d81e9ffa9b87d109,"{""d"":7,""p"":0.002395026619987486,""r"":28}",
     15360,       874,         0,    2.27,chromobius,10f0ec861e7583b7b8bc4b1654561ca4817201ca15a25390010dc4d65f290caf,"{""d"":7,""p"":0.0014873521072935117,""r"":28}",
      6144,       530,         0,    1.19,chromobius,22c72192f5f1d2d27fb60406bda2320f729623141e63089b463e0ae1461443a2,"{""d"":7,""p"":0.0017433288221999873,""r"":28}",
      1024,       201,         0,   0.278,chromobius,1db99e4fb728349a41e0a15973db179bfee0c2f8a0db2686d81e9ffa9b87d109,"{""d"":7,""p"":0.002395026619987486,""r"":28}",
      4096,       523,         0,   0.914,chromobius,44c23b7e41d4f198f115c40b6c4b64d67da4fb8c01bfc252a947f9ed080aa750,"{""d"":7,""p"":0.0020433597178569417,""r"":28}",
      1024,       195,         0,   0.272,chromobius,1db99e4fb728349a41e0a15973db179bfee0c2f8a0db2686d81e9ffa9b87d109,"{""d"":7,""p"":0.002395026619987486,""r"":28}",
      1024,       180,         0,   0.283,chromobius,1db99e4fb728349a41e0a15973db179bfee0c2f8a0db2686d81e9ffa9b87d109,"{""d"":7,""p"":0.002395026619987486,""r"":28}",
      1024,       196,         0,   0.266,chromobius,1db99e4fb728349a41e0a15973db179bfee0c2f8a0db2686d81e9ffa9b87d109,"{""d"":7,""p"":0.002395026619987486,""r"":28}",
      1024,       189,         0,   0.282,chromobius,1db99e4fb728349a41e0a15973db179bfee0c2f8a0db2686d81e9ffa9b87d109,"{""d"":7,""p"":0.002395026619987486,""r"":28}",
      5120,       668,         0,    1.12,chromobius,44c23b7e41d4f198f115c40b6c4b64d67da4fb8c01bfc252a947f9ed080aa750,"{""d"":7,""p"":0.0020433597178569417,""r"":28}",
      8192,       669,         0,    1.59,chromobius,22c72192f5f1d2d27fb60406bda2320f729623141e63089b463e0ae1461443a2,"{""d"":7,""p"":0.0017433288221999873,""r"":28}",
      2048,       358,         0,   0.554,chromobius,1db99e4fb728349a41e0a15973db179bfee0c2f8a0db2686d81e9ffa9b87d109,"{""d"":7,""p"":0.002395026619987486,""r"":28}",
      2048,       384,         0,   0.574,chromobius,1db99e4fb728349a41e0a15973db179bfee0c2f8a0db2686d81e9ffa9b87d109,"{""d"":7,""p"":0.002395026619987486,""r"":28}",
      7168,       882,         0,    1.63,chromobius,44c23b7e41d4f198f115c40b6c4b64d67da4fb8c01bfc252a947f9ed080aa750,"{""d"":7,""p"":0.0020433597178569417,""r"":28}",
     21504,      1139,         0,    3.15,chromobius,10f0ec861e7583b7b8bc4b1654561ca4817201ca15a25390010dc4d65f290caf,"{""d"":7,""p"":0.0014873521072935117,""r"":28}",
      3072,       589,         0,   0.827,chromobius,1db99e4fb728349a41e0a15973db179bfee0c2f8a0db2686d81e9ffa9b87d109,"{""d"":7,""p"":0.002395026619987486,""r"":28}",
      3072,       565,         0,   0.836,chromobius,1db99e4fb728349a41e0a15973db179bfee0c2f8a0db2686d81e9ffa9b87d109,"{""d"":7,""p"":0.002395026619987486,""r"":28}",
     12288,       991,         0,    2.37,chromobius,22c72192f5f1d2d27fb60406bda2320f729623141e63089b463e0ae1461443a2,"{""d"":7,""p"":0.0017433288221999873,""r"":28}",
      8192,      1012,         0,    1.84,chromobius,44c23b7e41d4f198f115c40b6c4b64d67da4fb8c01bfc252a947f9ed080aa750,"{""d"":7,""p"":0.0020433597178569417,""r"":28}",
     11264,       587,         0,    1.70,chromobius,10f0ec861e7583b7b8bc4b1654561ca4817201ca15a25390010dc4d65f290caf,"{""d"":7,""p"":0.0014873521072935117,""r"":28}",
       273,        62,         0,   0.092,chromobius,9ae26932af6b4940467b9d8c72d499fa3eea00fec177735d50702bcb7518640a,"{""d"":7,""p"":0.0028072162039411755,""r"":28}",
        17,         6,         0,   0.009,chromobius,0c569cc95d974964534310d410885186431a52c19054ef6c84796d467b826420,"{""d"":7,""p"":0.0032903445623126675,""r"":28}",
       256,        93,         0,   0.103,chromobius,0c569cc95d974964534310d410885186431a52c19054ef6c84796d467b826420,"{""d"":7,""p"":0.0032903445623126675,""r"":28}",
      4096,       778,         0,    1.13,chromobius,1db99e4fb728349a41e0a15973db179bfee0c2f8a0db2686d81e9ffa9b87d109,"{""d"":7,""p"":0.002395026619987486,""r"":28}",
      1024,       247,         0,   0.337,chromobius,9ae26932af6b4940467b9d8c72d499fa3eea00fec177735d50702bcb7518640a,"{""d"":7,""p"":0.0028072162039411755,""r"":28}",
      1024,       332,         0,   0.425,chromobius,0c569cc95d974964534310d410885186431a52c19054ef6c84796d467b826420,"{""d"":7,""p"":0.0032903445623126675,""r"":28}",
      1024,       274,         0,   0.344,chromobius,9ae26932af6b4940467b9d8c72d499fa3eea00fec177735d50702bcb7518640a,"{""d"":7,""p"":0.0028072162039411755,""r"":28}",
      1024,       347,         0,   0.424,chromobius,0c569cc95d974964534310d410885186431a52c19054ef6c84796d467b826420,"{""d"":7,""p"":0.0032903445623126675,""r"":28}",
      3072,       583,         0,   0.808,chromobius,1db99e4fb728349a41e0a15973db179bfee0c2f8a0db2686d81e9ffa9b87d109,"{""d"":7,""p"":0.002395026619987486,""r"":28}",
      1024,       258,         0,   0.348,chromobius,9ae26932af6b4940467b9d8c72d499fa3eea00fec177735d50702bcb7518640a,"{""d"":7,""p"":0.0028072162039411755,""r"":28}",
        17,         5,         0,   0.011,chromobius,67b59c7ea29b9f8b752970654d81808da5c812ded3a072873b96d7939992c594,"{""d"":7,""p"":0.0038566204211634724,""r"":28}",
       256,       109,         0,   0.122,chromobius,67b59c7ea29b9f8b752970654d81808da5c812ded3a072873b96d7939992c594,"{""d"":7,""p"":0.0038566204211634724,""r"":28}",
      1024,       369,         0,   0.417,chromobius,0c569cc95d974964534310d410885186431a52c19054ef6c84796d467b826420,"{""d"":7,""p"":0.0032903445623126675,""r"":28}",
      1024,       230,         0,   0.354,chromobius,9ae26932af6b4940467b9d8c72d499fa3eea00fec177735d50702bcb7518640a,"{""d"":7,""p"":0.0028072162039411755,""r"":28}",
     12288,       980,         0,    2.37,chromobius,22c72192f5f1d2d27fb60406bda2320f729623141e63089b463e0ae1461443a2,"{""d"":7,""p"":0.0017433288221999873,""r"":28}",
        17,         8,         0,   0.013,chromobius,014484ea8930362c4eda770d6510718abb54900a29573758efd558009e574e9a,"{""d"":7,""p"":0.004520353656360241,""r"":28}",
      1024,       284,         0,   0.341,chromobius,9ae26932af6b4940467b9d8c72d499fa3eea00fec177735d50702bcb7518640a,"{""d"":7,""p"":0.0028072162039411755,""r"":28}",
      1024,       472,         0,   0.523,chromobius,67b59c7ea29b9f8b752970654d81808da5c812ded3a072873b96d7939992c594,"{""d"":7,""p"":0.0038566204211634724,""r"":28}",
       256,       129,         0,   0.155,chromobius,014484ea8930362c4eda770d6510718abb54900a29573758efd558009e574e9a,"{""d"":7,""p"":0.004520353656360241,""r"":28}",
      1024,       352,         0,   0.416,chromobius,0c569cc95d974964534310d410885186431a52c19054ef6c84796d467b826420,"{""d"":7,""p"":0.0032903445623126675,""r"":28}",
      1024,       285,         0,   0.341,chromobius,9ae26932af6b4940467b9d8c72d499fa3eea00fec177735d50702bcb7518640a,"{""d"":7,""p"":0.0028072162039411755,""r"":28}",
       512,       232,         0,   0.324,chromobius,014484ea8930362c4eda770d6510718abb54900a29573758efd558009e574e9a,"{""d"":7,""p"":0.004520353656360241,""r"":28}",
      1024,       361,         0,   0.421,chromobius,0c569cc95d974964534310d410885186431a52c19054ef6c84796d467b826420,"{""d"":7,""p"":0.0032903445623126675,""r"":28}",
      1024,       455,         0,   0.500,chromobius,67b59c7ea29b9f8b752970654d81808da5c812ded3a072873b96d7939992c594,"{""d"":7,""p"":0.0038566204211634724,""r"":28}",
       512,       247,         0,   0.315,chromobius,014484ea8930362c4eda770d6510718abb54900a29573758efd558009e574e9a,"{""d"":7,""p"":0.004520353656360241,""r"":28}",
      1024,       265,         0,   0.335,chromobius,9ae26932af6b4940467b9d8c72d499fa3eea00fec177735d50702bcb7518640a,"{""d"":7,""p"":0.0028072162039411755,""r"":28}",
      1024,       352,         0,   0.422,chromobius,0c569cc95d974964534310d410885186431a52c19054ef6c84796d467b826420,"{""d"":7,""p"":0.0032903445623126675,""r"":28}",
       512,       255,         0,   0.323,chromobius,014484ea8930362c4eda770d6510718abb54900a29573758efd558009e574e9a,"{""d"":7,""p"":0.004520353656360241,""r"":28}",
      1024,       418,         0,   0.512,chromobius,67b59c7ea29b9f8b752970654d81808da5c812ded3a072873b96d7939992c594,"{""d"":7,""p"":0.0038566204211634724,""r"":28}",
      1024,       283,         0,   0.353,chromobius,9ae26932af6b4940467b9d8c72d499fa3eea00fec177735d50702bcb7518640a,"{""d"":7,""p"":0.0028072162039411755,""r"":28}",
       512,       242,         0,   0.318,chromobius,014484ea8930362c4eda770d6510718abb54900a29573758efd558009e574e9a,"{""d"":7,""p"":0.004520353656360241,""r"":28}",
      1024,       342,         0,   0.426,chromobius,0c569cc95d974964534310d410885186431a52c19054ef6c84796d467b826420,"{""d"":7,""p"":0.0032903445623126675,""r"":28}",
      1024,       248,         0,   0.347,chromobius,9ae26932af6b4940467b9d8c72d499fa3eea00fec177735d50702bcb7518640a,"{""d"":7,""p"":0.0028072162039411755,""r"":28}",
      1024,       419,         0,   0.520,chromobius,67b59c7ea29b9f8b752970654d81808da5c812ded3a072873b96d7939992c594,"{""d"":7,""p"":0.0038566204211634724,""r"":28}",
       512,       248,         0,   0.329,chromobius,014484ea8930362c4eda770d6510718abb54900a29573758efd558009e574e9a,"{""d"":7,""p"":0.004520353656360241,""r"":28}",
      1024,       247,         0,   0.348,chromobius,9ae26932af6b4940467b9d8c72d499fa3eea00fec177735d50702bcb7518640a,"{""d"":7,""p"":0.0028072162039411755,""r"":28}",
      1024,       348,         0,   0.426,chromobius,0c569cc95d974964534310d410885186431a52c19054ef6c84796d467b826420,"{""d"":7,""p"":0.0032903445623126675,""r"":28}",
       512,       239,         0,   0.316,chromobius,014484ea8930362c4eda770d6510718abb54900a29573758efd558009e574e9a,"{""d"":7,""p"":0.004520353656360241,""r"":28}",
      1024,       405,         0,   0.499,chromobius,67b59c7ea29b9f8b752970654d81808da5c812ded3a072873b96d7939992c594,"{""d"":7,""p"":0.0038566204211634724,""r"":28}",
      1024,       349,         0,   0.418,chromobius,0c569cc95d974964534310d410885186431a52c19054ef6c84796d467b826420,"{""d"":7,""p"":0.0032903445623126675,""r"":28}",
       512,       236,         0,   0.314,chromobius,014484ea8930362c4eda770d6510718abb54900a29573758efd558009e574e9a,"{""d"":7,""p"":0.004520353656360241,""r"":28}",
      2048,       533,         0,   0.685,chromobius,9ae26932af6b4940467b9d8c72d499fa3eea00fec177735d50702bcb7518640a,"{""d"":7,""p"":0.0028072162039411755,""r"":28}",
      1024,       447,         0,   0.504,chromobius,67b59c7ea29b9f8b752970654d81808da5c812ded3a072873b96d7939992c594,"{""d"":7,""p"":0.0038566204211634724,""r"":28}",
       512,       245,         0,   0.321,chromobius,014484ea8930362c4eda770d6510718abb54900a29573758efd558009e574e9a,"{""d"":7,""p"":0.004520353656360241,""r"":28}",
      1024,       359,         0,   0.417,chromobius,0c569cc95d974964534310d410885186431a52c19054ef6c84796d467b826420,"{""d"":7,""p"":0.0032903445623126675,""r"":28}",
       512,       234,         0,   0.331,chromobius,014484ea8930362c4eda770d6510718abb54900a29573758efd558009e574e9a,"{""d"":7,""p"":0.004520353656360241,""r"":28}",
      1024,       436,         0,   0.525,chromobius,67b59c7ea29b9f8b752970654d81808da5c812ded3a072873b96d7939992c594,"{""d"":7,""p"":0.0038566204211634724,""r"":28}",
      2048,       542,         0,   0.689,chromobius,9ae26932af6b4940467b9d8c72d499fa3eea00fec177735d50702bcb7518640a,"{""d"":7,""p"":0.0028072162039411755,""r"":28}",
      2048,       701,         0,   0.863,chromobius,0c569cc95d974964534310d410885186431a52c19054ef6c84796d467b826420,"{""d"":7,""p"":0.0032903445623126675,""r"":28}",
      1024,       465,         0,   0.631,chromobius,014484ea8930362c4eda770d6510718abb54900a29573758efd558009e574e9a,"{""d"":7,""p"":0.004520353656360241,""r"":28}",
      1024,       407,         0,   0.499,chromobius,67b59c7ea29b9f8b752970654d81808da5c812ded3a072873b96d7939992c594,"{""d"":7,""p"":0.0038566204211634724,""r"":28}",
      1024,       450,         0,   0.509,chromobius,67b59c7ea29b9f8b752970654d81808da5c812ded3a072873b96d7939992c594,"{""d"":7,""p"":0.0038566204211634724,""r"":28}",
      3072,       784,         0,    1.03,chromobius,9ae26932af6b4940467b9d8c72d499fa3eea00fec177735d50702bcb7518640a,"{""d"":7,""p"":0.0028072162039411755,""r"":28}",
      1024,       486,         0,   0.645,chromobius,014484ea8930362c4eda770d6510718abb54900a29573758efd558009e574e9a,"{""d"":7,""p"":0.004520353656360241,""r"":28}",
      2048,       702,         0,   0.850,chromobius,0c569cc95d974964534310d410885186431a52c19054ef6c84796d467b826420,"{""d"":7,""p"":0.0032903445623126675,""r"":28}",
        17,        10,         0,   0.016,chromobius,2f0d9b692b6f03911c37be3696d0dd1ac65f6dcf8e4fe430f34ebc483a131043,"{""d"":7,""p"":0.005298316906283708,""r"":28}",
      1024,       423,         0,   0.496,chromobius,67b59c7ea29b9f8b752970654d81808da5c812ded3a072873b96d7939992c594,"{""d"":7,""p"":0.0038566204211634724,""r"":28}",
       256,       112,         0,   0.193,chromobius,2f0d9b692b6f03911c37be3696d0dd1ac65f6dcf8e4fe430f34ebc483a131043,"{""d"":7,""p"":0.005298316906283708,""r"":28}",
      2048,       545,         0,   0.689,chromobius,9ae26932af6b4940467b9d8c72d499fa3eea00fec177735d50702bcb7518640a,"{""d"":7,""p"":0.0028072162039411755,""r"":28}",
        17,        11,         0,   0.018,chromobius,9c977dd8b720819a09098d9d012c7e4978e11e19bbd81a3364660fd87118451a,"{""d"":7,""p"":0.006210169418915616,""r"":28}",
       512,       255,         0,   0.378,chromobius,2f0d9b692b6f03911c37be3696d0dd1ac65f6dcf8e4fe430f34ebc483a131043,"{""d"":7,""p"":0.005298316906283708,""r"":28}",
      1536,       744,         0,   0.953,chromobius,014484ea8930362c4eda770d6510718abb54900a29573758efd558009e574e9a,"{""d"":7,""p"":0.004520353656360241,""r"":28}",
       256,       118,         0,   0.232,chromobius,9c977dd8b720819a09098d9d012c7e4978e11e19bbd81a3364660fd87118451a,"{""d"":7,""p"":0.006210169418915616,""r"":28}",
       512,       250,         0,   0.363,chromobius,2f0d9b692b6f03911c37be3696d0dd1ac65f6dcf8e4fe430f34ebc483a131043,"{""d"":7,""p"":0.005298316906283708,""r"":28}",
      2048,       840,         0,    1.01,chromobius,67b59c7ea29b9f8b752970654d81808da5c812ded3a072873b96d7939992c594,"{""d"":7,""p"":0.0038566204211634724,""r"":28}",
       512,       244,         0,   0.471,chromobius,9c977dd8b720819a09098d9d012c7e4978e11e19bbd81a3364660fd87118451a,"{""d"":7,""p"":0.006210169418915616,""r"":28}",
        17,        11,         0,   0.021,chromobius,7fefa50abe70c6cf5ab2928d07857e539000fa5f70f25c2e0f145d2d0c70cb52,"{""d"":7,""p"":0.007278953843983146,""r"":28}",
       512,       262,         0,   0.360,chromobius,2f0d9b692b6f03911c37be3696d0dd1ac65f6dcf8e4fe430f34ebc483a131043,"{""d"":7,""p"":0.005298316906283708,""r"":28}",
   5281792,       213,         0,    62.5,chromobius,11b4332b994136421633d4efa9d63e74651d7de74cd22bbaf0ae03984808fd50,"{""d"":7,""p"":0.0001,""r"":28}",
       256,       136,         0,   0.289,chromobius,7fefa50abe70c6cf5ab2928d07857e539000fa5f70f25c2e0f145d2d0c70cb52,"{""d"":7,""p"":0.007278953843983146,""r"":28}",
       512,       257,         0,   0.362,chromobius,2f0d9b692b6f03911c37be3696d0dd1ac65f6dcf8e4fe430f34ebc483a131043,"{""d"":7,""p"":0.005298316906283708,""r"":28}",
       512,       253,         0,   0.464,chromobius,9c977dd8b720819a09098d9d012c7e4978e11e19bbd81a3364660fd87118451a,"{""d"":7,""p"":0.006210169418915616,""r"":28}",
      2048,       950,         0,    1.30,chromobius,014484ea8930362c4eda770d6510718abb54900a29573758efd558009e574e9a,"{""d"":7,""p"":0.004520353656360241,""r"":28}",
       512,       234,         0,   0.379,chromobius,2f0d9b692b6f03911c37be3696d0dd1ac65f6dcf8e4fe430f34ebc483a131043,"{""d"":7,""p"":0.005298316906283708,""r"":28}",
   4703232,       253,         0,    62.5,chromobius,a3663bdd2ddc482309ade5ae0097023a1b45574401b62c9c9ca45112c6ea5048,"{""d"":7,""p"":0.00011721022975334806,""r"":28}",
       512,       250,         0,   0.473,chromobius,9c977dd8b720819a09098d9d012c7e4978e11e19bbd81a3364660fd87118451a,"{""d"":7,""p"":0.006210169418915616,""r"":28}",
       512,       229,         0,   0.572,chromobius,7fefa50abe70c6cf5ab2928d07857e539000fa5f70f25c2e0f145d2d0c70cb52,"{""d"":7,""p"":0.007278953843983146,""r"":28}",
   4295680,       344,         0,    62.6,chromobius,af261cd57f409487e23c346164ebd01a37d1aebb4e03bc19b5c2de6ea5c55924,"{""d"":7,""p"":0.00013738237958832623,""r"":28}",
       512,       241,         0,   0.326,chromobius,014484ea8930362c4eda770d6510718abb54900a29573758efd558009e574e9a,"{""d"":7,""p"":0.004520353656360241,""r"":28}",
       512,       268,         0,   0.385,chromobius,2f0d9b692b6f03911c37be3696d0dd1ac65f6dcf8e4fe430f34ebc483a131043,"{""d"":7,""p"":0.005298316906283708,""r"":28}",
        17,        10,         0,   0.027,chromobius,27f81e2b433079bfde63230c254e608df09b150bc967e4d55e45f3c07e7dc1c7,"{""d"":7,""p"":0.008531678524172805,""r"":28}",
       512,       257,         0,   0.473,chromobius,9c977dd8b720819a09098d9d012c7e4978e11e19bbd81a3364660fd87118451a,"{""d"":7,""p"":0.006210169418915616,""r"":28}",
       512,       241,         0,   0.551,chromobius,7fefa50abe70c6cf5ab2928d07857e539000fa5f70f25c2e0f145d2d0c70cb52,"{""d"":7,""p"":0.007278953843983146,""r"":28}",
       512,       247,         0,   0.388,chromobius,2f0d9b692b6f03911c37be3696d0dd1ac65f6dcf8e4fe430f34ebc483a131043,"{""d"":7,""p"":0.005298316906283708,""r"":28}",
       256,       133,         0,   0.326,chromobius,27f81e2b433079bfde63230c254e608df09b150bc967e4d55e45f3c07e7dc1c7,"{""d"":7,""p"":0.008531678524172805,""r"":28}",
   3743744,       398,         0,    62.6,chromobius,5557295e26dcb01e1b08072900fa3a5955d5b87d88bfe215b35252ea7798fac7,"{""d"":7,""p"":0.00016102620275609394,""r"":28}",
       512,       244,         0,   0.465,chromobius,9c977dd8b720819a09098d9d012c7e4978e11e19bbd81a3364660fd87118451a,"{""d"":7,""p"":0.006210169418915616,""r"":28}",
       256,       142,         0,   0.356,chromobius,27f81e2b433079bfde63230c254e608df09b150bc967e4d55e45f3c07e7dc1c7,"{""d"":7,""p"":0.008531678524172805,""r"":28}",
       512,       245,         0,   0.389,chromobius,2f0d9b692b6f03911c37be3696d0dd1ac65f6dcf8e4fe430f34ebc483a131043,"{""d"":7,""p"":0.005298316906283708,""r"":28}",
       512,       259,         0,   0.570,chromobius,7fefa50abe70c6cf5ab2928d07857e539000fa5f70f25c2e0f145d2d0c70cb52,"{""d"":7,""p"":0.007278953843983146,""r"":28}",
       256,       123,         0,   0.333,chromobius,27f81e2b433079bfde63230c254e608df09b150bc967e4d55e45f3c07e7dc1c7,"{""d"":7,""p"":0.008531678524172805,""r"":28}",
       512,       266,         0,   0.467,chromobius,9c977dd8b720819a09098d9d012c7e4978e11e19bbd81a3364660fd87118451a,"{""d"":7,""p"":0.006210169418915616,""r"":28}",
       512,       244,         0,   0.389,chromobius,2f0d9b692b6f03911c37be3696d0dd1ac65f6dcf8e4fe430f34ebc483a131043,"{""d"":7,""p"":0.005298316906283708,""r"":28}",
       512,       243,         0,   0.559,chromobius,7fefa50abe70c6cf5ab2928d07857e539000fa5f70f25c2e0f145d2d0c70cb52,"{""d"":7,""p"":0.007278953843983146,""r"":28}",
   3165184,       556,         0,    62.7,chromobius,126722dd51cd4cc8771b42998f20755000a1196018f639f74206da3ee702d2b6,"{""d"":7,""p"":0.00018873918221350977,""r"":28}",
       256,       124,         0,   0.333,chromobius,27f81e2b433079bfde63230c254e608df09b150bc967e4d55e45f3c07e7dc1c7,"{""d"":7,""p"":0.008531678524172805,""r"":28}",
       512,       241,         0,   0.466,chromobius,9c977dd8b720819a09098d9d012c7e4978e11e19bbd81a3364660fd87118451a,"{""d"":7,""p"":0.006210169418915616,""r"":28}",
       256,       134,         0,   0.359,chromobius,27f81e2b433079bfde63230c254e608df09b150bc967e4d55e45f3c07e7dc1c7,"{""d"":7,""p"":0.008531678524172805,""r"":28}",
   2682880,       708,         0,    62.7,chromobius,9a6566142c78182da61675ec90eb723b29860da22ae402ea15a0a03ec1c705f5,"{""d"":7,""p"":0.000221221629107045,""r"":28}",
      1024,       530,         0,   0.772,chromobius,2f0d9b692b6f03911c37be3696d0dd1ac65f6dcf8e4fe430f34ebc483a131043,"{""d"":7,""p"":0.005298316906283708,""r"":28}",
       512,       267,         0,   0.581,chromobius,7fefa50abe70c6cf5ab2928d07857e539000fa5f70f25c2e0f145d2d0c70cb52,"{""d"":7,""p"":0.007278953843983146,""r"":28}",
       512,       243,         0,   0.488,chromobius,9c977dd8b720819a09098d9d012c7e4978e11e19bbd81a3364660fd87118451a,"{""d"":7,""p"":0.006210169418915616,""r"":28}",
       256,       124,         0,   0.354,chromobius,27f81e2b433079bfde63230c254e608df09b150bc967e4d55e45f3c07e7dc1c7,"{""d"":7,""p"":0.008531678524172805,""r"":28}",
       256,       123,         0,   0.334,chromobius,27f81e2b433079bfde63230c254e608df09b150bc967e4d55e45f3c07e7dc1c7,"{""d"":7,""p"":0.008531678524172805,""r"":28}",
   2478080,      1014,         0,    62.8,chromobius,c05dfa7fbcf9de0a9975ebb20fc0baad25644b09ca54b3addba74da55de03ee1,"{""d"":7,""p"":0.0002592943797404667,""r"":28}",
       512,       252,         0,   0.466,chromobius,9c977dd8b720819a09098d9d012c7e4978e11e19bbd81a3364660fd87118451a,"{""d"":7,""p"":0.006210169418915616,""r"":28}",
       512,       239,         0,   0.565,chromobius,7fefa50abe70c6cf5ab2928d07857e539000fa5f70f25c2e0f145d2d0c70cb52,"{""d"":7,""p"":0.007278953843983146,""r"":28}",
      1024,       504,         0,   0.760,chromobius,2f0d9b692b6f03911c37be3696d0dd1ac65f6dcf8e4fe430f34ebc483a131043,"{""d"":7,""p"":0.005298316906283708,""r"":28}",
       256,       124,         0,   0.335,chromobius,27f81e2b433079bfde63230c254e608df09b150bc967e4d55e45f3c07e7dc1c7,"{""d"":7,""p"":0.008531678524172805,""r"":28}",
       512,       268,         0,   0.471,chromobius,9c977dd8b720819a09098d9d012c7e4978e11e19bbd81a3364660fd87118451a,"{""d"":7,""p"":0.006210169418915616,""r"":28}",
       512,       260,         0,   0.544,chromobius,7fefa50abe70c6cf5ab2928d07857e539000fa5f70f25c2e0f145d2d0c70cb52,"{""d"":7,""p"":0.007278953843983146,""r"":28}",
       256,       127,         0,   0.333,chromobius,27f81e2b433079bfde63230c254e608df09b150bc967e4d55e45f3c07e7dc1c7,"{""d"":7,""p"":0.008531678524172805,""r"":28}",
       256,       123,         0,   0.325,chromobius,27f81e2b433079bfde63230c254e608df09b150bc967e4d55e45f3c07e7dc1c7,"{""d"":7,""p"":0.008531678524172805,""r"":28}",
       512,       252,         0,   0.542,chromobius,7fefa50abe70c6cf5ab2928d07857e539000fa5f70f25c2e0f145d2d0c70cb52,"{""d"":7,""p"":0.007278953843983146,""r"":28}",
      1536,       724,         0,    1.17,chromobius,2f0d9b692b6f03911c37be3696d0dd1ac65f6dcf8e4fe430f34ebc483a131043,"{""d"":7,""p"":0.005298316906283708,""r"":28}",
      1024,       528,         0,   0.930,chromobius,9c977dd8b720819a09098d9d012c7e4978e11e19bbd81a3364660fd87118451a,"{""d"":7,""p"":0.006210169418915616,""r"":28}",
       512,       247,         0,   0.680,chromobius,27f81e2b433079bfde63230c254e608df09b150bc967e4d55e45f3c07e7dc1c7,"{""d"":7,""p"":0.008531678524172805,""r"":28}",
       512,       267,         0,   0.563,chromobius,7fefa50abe70c6cf5ab2928d07857e539000fa5f70f25c2e0f145d2d0c70cb52,"{""d"":7,""p"":0.007278953843983146,""r"":28}",
   2160640,      1298,         0,    62.8,chromobius,01ae53e1e6dc2a29110bf91f00f4fa265e392944658684d6e8a77f2ed12e48b9,"{""d"":7,""p"":0.0003039195382313198,""r"":28}",
       512,       250,         0,   0.572,chromobius,7fefa50abe70c6cf5ab2928d07857e539000fa5f70f25c2e0f145d2d0c70cb52,"{""d"":7,""p"":0.007278953843983146,""r"":28}",
       512,       271,         0,   0.682,chromobius,27f81e2b433079bfde63230c254e608df09b150bc967e4d55e45f3c07e7dc1c7,"{""d"":7,""p"":0.008531678524172805,""r"":28}",
      1024,       495,         0,   0.940,chromobius,9c977dd8b720819a09098d9d012c7e4978e11e19bbd81a3364660fd87118451a,"{""d"":7,""p"":0.006210169418915616,""r"":28}",
      1536,       765,         0,    1.19,chromobius,2f0d9b692b6f03911c37be3696d0dd1ac65f6dcf8e4fe430f34ebc483a131043,"{""d"":7,""p"":0.005298316906283708,""r"":28}",
       512,       261,         0,   0.381,chromobius,2f0d9b692b6f03911c37be3696d0dd1ac65f6dcf8e4fe430f34ebc483a131043,"{""d"":7,""p"":0.005298316906283708,""r"":28}",
        17,         7,         0,   0.029,chromobius,a3749302b1e0dade98b5c63ee6b30c008ae19960e4aeb5e4f1daaee0f3392f68,"{""d"":7,""p"":0.01,""r"":28}",
       768,       381,         0,    1.01,chromobius,27f81e2b433079bfde63230c254e608df09b150bc967e4d55e45f3c07e7dc1c7,"{""d"":7,""p"":0.008531678524172805,""r"":28}",
      1024,       499,         0,    1.12,chromobius,7fefa50abe70c6cf5ab2928d07857e539000fa5f70f25c2e0f145d2d0c70cb52,"{""d"":7,""p"":0.007278953843983146,""r"":28}",
       256,       156,         0,   0.395,chromobius,a3749302b1e0dade98b5c63ee6b30c008ae19960e4aeb5e4f1daaee0f3392f68,"{""d"":7,""p"":0.01,""r"":28}",
      1536,       748,         0,    1.42,chromobius,9c977dd8b720819a09098d9d012c7e4978e11e19bbd81a3364660fd87118451a,"{""d"":7,""p"":0.006210169418915616,""r"":28}",
       256,       135,         0,   0.388,chromobius,a3749302b1e0dade98b5c63ee6b30c008ae19960e4aeb5e4f1daaee0f3392f68,"{""d"":7,""p"":0.01,""r"":28}",
       256,       142,         0,   0.405,chromobius,a3749302b1e0dade98b5c63ee6b30c008ae19960e4aeb5e4f1daaee0f3392f68,"{""d"":7,""p"":0.01,""r"":28}",
      1024,       517,         0,    1.16,chromobius,7fefa50abe70c6cf5ab2928d07857e539000fa5f70f25c2e0f145d2d0c70cb52,"{""d"":7,""p"":0.007278953843983146,""r"":28}",
       256,       121,         0,   0.401,chromobius,a3749302b1e0dade98b5c63ee6b30c008ae19960e4aeb5e4f1daaee0f3392f68,"{""d"":7,""p"":0.01,""r"":28}",
      1024,       524,         0,    1.37,chromobius,27f81e2b433079bfde63230c254e608df09b150bc967e4d55e45f3c07e7dc1c7,"{""d"":7,""p"":0.008531678524172805,""r"":28}",
       256,       133,         0,   0.392,chromobius,a3749302b1e0dade98b5c63ee6b30c008ae19960e4aeb5e4f1daaee0f3392f68,"{""d"":7,""p"":0.01,""r"":28}",
      1536,       797,         0,    1.39,chromobius,9c977dd8b720819a09098d9d012c7e4978e11e19bbd81a3364660fd87118451a,"{""d"":7,""p"":0.006210169418915616,""r"":28}",
       273,         0,         0,   0.011,chromobius,a591b3cc8b2d0ec8c22562d4f5386816859e2dd4862c9f98f11050a2c108af82,"{""d"":9,""p"":0.0001,""r"":36}",
      1024,         0,         0,   0.034,chromobius,a591b3cc8b2d0ec8c22562d4f5386816859e2dd4862c9f98f11050a2c108af82,"{""d"":9,""p"":0.0001,""r"":36}",
       256,       131,         0,   0.399,chromobius,a3749302b1e0dade98b5c63ee6b30c008ae19960e4aeb5e4f1daaee0f3392f68,"{""d"":7,""p"":0.01,""r"":28}",
      1024,         0,         0,   0.033,chromobius,a591b3cc8b2d0ec8c22562d4f5386816859e2dd4862c9f98f11050a2c108af82,"{""d"":9,""p"":0.0001,""r"":36}",
      1024,         0,         0,   0.033,chromobius,a591b3cc8b2d0ec8c22562d4f5386816859e2dd4862c9f98f11050a2c108af82,"{""d"":9,""p"":0.0001,""r"":36}",
      2048,         0,         0,   0.064,chromobius,a591b3cc8b2d0ec8c22562d4f5386816859e2dd4862c9f98f11050a2c108af82,"{""d"":9,""p"":0.0001,""r"":36}",
      2048,         0,         0,   0.064,chromobius,a591b3cc8b2d0ec8c22562d4f5386816859e2dd4862c9f98f11050a2c108af82,"{""d"":9,""p"":0.0001,""r"":36}",
      3072,         0,         0,   0.087,chromobius,a591b3cc8b2d0ec8c22562d4f5386816859e2dd4862c9f98f11050a2c108af82,"{""d"":9,""p"":0.0001,""r"":36}",
      4096,         0,         0,   0.125,chromobius,a591b3cc8b2d0ec8c22562d4f5386816859e2dd4862c9f98f11050a2c108af82,"{""d"":9,""p"":0.0001,""r"":36}",
       256,       118,         0,   0.409,chromobius,a3749302b1e0dade98b5c63ee6b30c008ae19960e4aeb5e4f1daaee0f3392f68,"{""d"":7,""p"":0.01,""r"":28}",
      5120,         0,         0,   0.158,chromobius,a591b3cc8b2d0ec8c22562d4f5386816859e2dd4862c9f98f11050a2c108af82,"{""d"":9,""p"":0.0001,""r"":36}",
      1536,       771,         0,    1.64,chromobius,7fefa50abe70c6cf5ab2928d07857e539000fa5f70f25c2e0f145d2d0c70cb52,"{""d"":7,""p"":0.007278953843983146,""r"":28}",
      7168,         0,         0,   0.216,chromobius,a591b3cc8b2d0ec8c22562d4f5386816859e2dd4862c9f98f11050a2c108af82,"{""d"":9,""p"":0.0001,""r"":36}",
       256,       127,         0,   0.410,chromobius,a3749302b1e0dade98b5c63ee6b30c008ae19960e4aeb5e4f1daaee0f3392f68,"{""d"":7,""p"":0.01,""r"":28}",
      1280,       637,         0,    1.65,chromobius,27f81e2b433079bfde63230c254e608df09b150bc967e4d55e45f3c07e7dc1c7,"{""d"":7,""p"":0.008531678524172805,""r"":28}",
      9216,         0,         0,   0.291,chromobius,a591b3cc8b2d0ec8c22562d4f5386816859e2dd4862c9f98f11050a2c108af82,"{""d"":9,""p"":0.0001,""r"":36}",
       256,       124,         0,   0.403,chromobius,a3749302b1e0dade98b5c63ee6b30c008ae19960e4aeb5e4f1daaee0f3392f68,"{""d"":7,""p"":0.01,""r"":28}",
     13312,         0,         0,   0.411,chromobius,a591b3cc8b2d0ec8c22562d4f5386816859e2dd4862c9f98f11050a2c108af82,"{""d"":9,""p"":0.0001,""r"":36}",
       256,       123,         0,   0.405,chromobius,a3749302b1e0dade98b5c63ee6b30c008ae19960e4aeb5e4f1daaee0f3392f68,"{""d"":7,""p"":0.01,""r"":28}",
       256,       117,         0,   0.410,chromobius,a3749302b1e0dade98b5c63ee6b30c008ae19960e4aeb5e4f1daaee0f3392f68,"{""d"":7,""p"":0.01,""r"":28}",
     19456,         1,         0,   0.576,chromobius,a591b3cc8b2d0ec8c22562d4f5386816859e2dd4862c9f98f11050a2c108af82,"{""d"":9,""p"":0.0001,""r"":36}",
      1536,       782,         0,    1.66,chromobius,7fefa50abe70c6cf5ab2928d07857e539000fa5f70f25c2e0f145d2d0c70cb52,"{""d"":7,""p"":0.007278953843983146,""r"":28}",
       273,         0,         0,   0.013,chromobius,e07eb8b9f35f85ae5e3e6c64ca7473742f56ca86c83cc97a638802e9d1b840b9,"{""d"":9,""p"":0.00011721022975334806,""r"":36}",
      1024,         0,         0,   0.040,chromobius,e07eb8b9f35f85ae5e3e6c64ca7473742f56ca86c83cc97a638802e9d1b840b9,"{""d"":9,""p"":0.00011721022975334806,""r"":36}",
      1024,         0,         0,   0.034,chromobius,e07eb8b9f35f85ae5e3e6c64ca7473742f56ca86c83cc97a638802e9d1b840b9,"{""d"":9,""p"":0.00011721022975334806,""r"":36}",
      1024,         0,         0,   0.035,chromobius,e07eb8b9f35f85ae5e3e6c64ca7473742f56ca86c83cc97a638802e9d1b840b9,"{""d"":9,""p"":0.00011721022975334806,""r"":36}",
      1024,         0,         0,   0.039,chromobius,e07eb8b9f35f85ae5e3e6c64ca7473742f56ca86c83cc97a638802e9d1b840b9,"{""d"":9,""p"":0.00011721022975334806,""r"":36}",
      2048,         0,         0,   0.076,chromobius,e07eb8b9f35f85ae5e3e6c64ca7473742f56ca86c83cc97a638802e9d1b840b9,"{""d"":9,""p"":0.00011721022975334806,""r"":36}",
       512,       239,         0,   0.819,chromobius,a3749302b1e0dade98b5c63ee6b30c008ae19960e4aeb5e4f1daaee0f3392f68,"{""d"":7,""p"":0.01,""r"":28}",
     27648,         0,         0,   0.819,chromobius,a591b3cc8b2d0ec8c22562d4f5386816859e2dd4862c9f98f11050a2c108af82,"{""d"":9,""p"":0.0001,""r"":36}",
      2048,         0,         0,   0.076,chromobius,e07eb8b9f35f85ae5e3e6c64ca7473742f56ca86c83cc97a638802e9d1b840b9,"{""d"":9,""p"":0.00011721022975334806,""r"":36}",
      3072,         0,         0,   0.116,chromobius,e07eb8b9f35f85ae5e3e6c64ca7473742f56ca86c83cc97a638802e9d1b840b9,"{""d"":9,""p"":0.00011721022975334806,""r"":36}",
      4096,         0,         0,   0.151,chromobius,e07eb8b9f35f85ae5e3e6c64ca7473742f56ca86c83cc97a638802e9d1b840b9,"{""d"":9,""p"":0.00011721022975334806,""r"":36}",
      1792,       872,         0,    2.34,chromobius,27f81e2b433079bfde63230c254e608df09b150bc967e4d55e45f3c07e7dc1c7,"{""d"":7,""p"":0.008531678524172805,""r"":28}",
      6144,         0,         0,   0.235,chromobius,e07eb8b9f35f85ae5e3e6c64ca7473742f56ca86c83cc97a638802e9d1b840b9,"{""d"":9,""p"":0.00011721022975334806,""r"":36}",
       512,       282,         0,   0.825,chromobius,a3749302b1e0dade98b5c63ee6b30c008ae19960e4aeb5e4f1daaee0f3392f68,"{""d"":7,""p"":0.01,""r"":28}",
      8192,         0,         0,   0.300,chromobius,e07eb8b9f35f85ae5e3e6c64ca7473742f56ca86c83cc97a638802e9d1b840b9,"{""d"":9,""p"":0.00011721022975334806,""r"":36}",
     36864,         0,         0,    1.13,chromobius,a591b3cc8b2d0ec8c22562d4f5386816859e2dd4862c9f98f11050a2c108af82,"{""d"":9,""p"":0.0001,""r"":36}",
     11264,         0,         0,   0.419,chromobius,e07eb8b9f35f85ae5e3e6c64ca7473742f56ca86c83cc97a638802e9d1b840b9,"{""d"":9,""p"":0.00011721022975334806,""r"":36}",
     15360,         0,         0,   0.569,chromobius,e07eb8b9f35f85ae5e3e6c64ca7473742f56ca86c83cc97a638802e9d1b840b9,"{""d"":9,""p"":0.00011721022975334806,""r"":36}",
       768,       378,         0,    1.20,chromobius,a3749302b1e0dade98b5c63ee6b30c008ae19960e4aeb5e4f1daaee0f3392f68,"{""d"":7,""p"":0.01,""r"":28}",
     21504,         0,         0,   0.791,chromobius,e07eb8b9f35f85ae5e3e6c64ca7473742f56ca86c83cc97a638802e9d1b840b9,"{""d"":9,""p"":0.00011721022975334806,""r"":36}",
     50176,         0,         0,    1.56,chromobius,a591b3cc8b2d0ec8c22562d4f5386816859e2dd4862c9f98f11050a2c108af82,"{""d"":9,""p"":0.0001,""r"":36}",
      1792,       910,         0,    2.35,chromobius,27f81e2b433079bfde63230c254e608df09b150bc967e4d55e45f3c07e7dc1c7,"{""d"":7,""p"":0.008531678524172805,""r"":28}",
       273,         0,         0,   0.013,chromobius,e91bbb960d8a951276c5179002b0daff931db29441971e084860ec9c51868478,"{""d"":9,""p"":0.00013738237958832623,""r"":36}",
      1024,         0,         0,   0.045,chromobius,e91bbb960d8a951276c5179002b0daff931db29441971e084860ec9c51868478,"{""d"":9,""p"":0.00013738237958832623,""r"":36}",
      1024,         0,         0,   0.043,chromobius,e91bbb960d8a951276c5179002b0daff931db29441971e084860ec9c51868478,"{""d"":9,""p"":0.00013738237958832623,""r"":36}",
      1024,         0,         0,   0.045,chromobius,e91bbb960d8a951276c5179002b0daff931db29441971e084860ec9c51868478,"{""d"":9,""p"":0.00013738237958832623,""r"":36}",
      1024,         0,         0,   0.044,chromobius,e91bbb960d8a951276c5179002b0daff931db29441971e084860ec9c51868478,"{""d"":9,""p"":0.00013738237958832623,""r"":36}",
      2048,         0,         0,   0.087,chromobius,e91bbb960d8a951276c5179002b0daff931db29441971e084860ec9c51868478,"{""d"":9,""p"":0.00013738237958832623,""r"":36}",
      2048,         0,         0,   0.086,chromobius,e91bbb960d8a951276c5179002b0daff931db29441971e084860ec9c51868478,"{""d"":9,""p"":0.00013738237958832623,""r"":36}",
      3072,         0,         0,   0.132,chromobius,e91bbb960d8a951276c5179002b0daff931db29441971e084860ec9c51868478,"{""d"":9,""p"":0.00013738237958832623,""r"":36}",
      4096,         0,         0,   0.177,chromobius,e91bbb960d8a951276c5179002b0daff931db29441971e084860ec9c51868478,"{""d"":9,""p"":0.00013738237958832623,""r"":36}",
      1024,       539,         0,    1.64,chromobius,a3749302b1e0dade98b5c63ee6b30c008ae19960e4aeb5e4f1daaee0f3392f68,"{""d"":7,""p"":0.01,""r"":28}",
     29696,         0,         0,    1.12,chromobius,e07eb8b9f35f85ae5e3e6c64ca7473742f56ca86c83cc97a638802e9d1b840b9,"{""d"":9,""p"":0.00011721022975334806,""r"":36}",
      5120,         0,         0,   0.217,chromobius,e91bbb960d8a951276c5179002b0daff931db29441971e084860ec9c51868478,"{""d"":9,""p"":0.00013738237958832623,""r"":36}",
      7168,         0,         0,   0.290,chromobius,e91bbb960d8a951276c5179002b0daff931db29441971e084860ec9c51868478,"{""d"":9,""p"":0.00013738237958832623,""r"":36}",
     10240,         0,         0,   0.440,chromobius,e91bbb960d8a951276c5179002b0daff931db29441971e084860ec9c51868478,"{""d"":9,""p"":0.00013738237958832623,""r"":36}",
     69632,         0,         0,    2.19,chromobius,a591b3cc8b2d0ec8c22562d4f5386816859e2dd4862c9f98f11050a2c108af82,"{""d"":9,""p"":0.0001,""r"":36}",
     14336,         0,         0,   0.607,chromobius,e91bbb960d8a951276c5179002b0daff931db29441971e084860ec9c51868478,"{""d"":9,""p"":0.00013738237958832623,""r"":36}",
     41984,         0,         0,    1.56,chromobius,e07eb8b9f35f85ae5e3e6c64ca7473742f56ca86c83cc97a638802e9d1b840b9,"{""d"":9,""p"":0.00011721022975334806,""r"":36}",
     16384,         0,         0,   0.791,chromobius,e91bbb960d8a951276c5179002b0daff931db29441971e084860ec9c51868478,"{""d"":9,""p"":0.00013738237958832623,""r"":36}",
      1536,       763,         0,    2.48,chromobius,a3749302b1e0dade98b5c63ee6b30c008ae19960e4aeb5e4f1daaee0f3392f68,"{""d"":7,""p"":0.01,""r"":28}",
     26624,         1,         0,    1.13,chromobius,e91bbb960d8a951276c5179002b0daff931db29441971e084860ec9c51868478,"{""d"":9,""p"":0.00013738237958832623,""r"":36}",
     56320,         0,         0,    2.20,chromobius,e07eb8b9f35f85ae5e3e6c64ca7473742f56ca86c83cc97a638802e9d1b840b9,"{""d"":9,""p"":0.00011721022975334806,""r"":36}",
     91136,         1,         0,    3.05,chromobius,a591b3cc8b2d0ec8c22562d4f5386816859e2dd4862c9f98f11050a2c108af82,"{""d"":9,""p"":0.0001,""r"":36}",
     36864,         0,         0,    1.57,chromobius,e91bbb960d8a951276c5179002b0daff931db29441971e084860ec9c51868478,"{""d"":9,""p"":0.00013738237958832623,""r"":36}",
      2048,       988,         0,    3.21,chromobius,a3749302b1e0dade98b5c63ee6b30c008ae19960e4aeb5e4f1daaee0f3392f68,"{""d"":7,""p"":0.01,""r"":28}",
     81920,         1,         0,    3.05,chromobius,e07eb8b9f35f85ae5e3e6c64ca7473742f56ca86c83cc97a638802e9d1b840b9,"{""d"":9,""p"":0.00011721022975334806,""r"":36}",
     51200,         1,         0,    2.18,chromobius,e91bbb960d8a951276c5179002b0daff931db29441971e084860ec9c51868478,"{""d"":9,""p"":0.00013738237958832623,""r"":36}",
      1024,       475,         0,    1.60,chromobius,a3749302b1e0dade98b5c63ee6b30c008ae19960e4aeb5e4f1daaee0f3392f68,"{""d"":7,""p"":0.01,""r"":28}",
       273,         0,         0,   0.017,chromobius,289a2555d7b55990d08478341e4f7a2f7df0b5db292fb25b007ba2ff7a6611f2,"{""d"":9,""p"":0.00016102620275609394,""r"":36}",
      1024,         0,         0,   0.044,chromobius,289a2555d7b55990d08478341e4f7a2f7df0b5db292fb25b007ba2ff7a6611f2,"{""d"":9,""p"":0.00016102620275609394,""r"":36}",
      1024,         0,         0,   0.045,chromobius,289a2555d7b55990d08478341e4f7a2f7df0b5db292fb25b007ba2ff7a6611f2,"{""d"":9,""p"":0.00016102620275609394,""r"":36}",
      1024,         0,         0,   0.045,chromobius,289a2555d7b55990d08478341e4f7a2f7df0b5db292fb25b007ba2ff7a6611f2,"{""d"":9,""p"":0.00016102620275609394,""r"":36}",
      1024,         0,         0,   0.049,chromobius,289a2555d7b55990d08478341e4f7a2f7df0b5db292fb25b007ba2ff7a6611f2,"{""d"":9,""p"":0.00016102620275609394,""r"":36}",
      2048,         0,         0,   0.098,chromobius,289a2555d7b55990d08478341e4f7a2f7df0b5db292fb25b007ba2ff7a6611f2,"{""d"":9,""p"":0.00016102620275609394,""r"":36}",
      2048,         0,         0,   0.093,chromobius,289a2555d7b55990d08478341e4f7a2f7df0b5db292fb25b007ba2ff7a6611f2,"{""d"":9,""p"":0.00016102620275609394,""r"":36}",
      3072,         0,         0,   0.153,chromobius,289a2555d7b55990d08478341e4f7a2f7df0b5db292fb25b007ba2ff7a6611f2,"{""d"":9,""p"":0.00016102620275609394,""r"":36}",
      4096,         0,         0,   0.192,chromobius,289a2555d7b55990d08478341e4f7a2f7df0b5db292fb25b007ba2ff7a6611f2,"{""d"":9,""p"":0.00016102620275609394,""r"":36}",
    654336,       371,         0,    18.6,chromobius,01ae53e1e6dc2a29110bf91f00f4fa265e392944658684d6e8a77f2ed12e48b9,"{""d"":7,""p"":0.0003039195382313198,""r"":28}",
      5120,         0,         0,   0.250,chromobius,289a2555d7b55990d08478341e4f7a2f7df0b5db292fb25b007ba2ff7a6611f2,"{""d"":9,""p"":0.00016102620275609394,""r"":36}",
    134144,         0,         0,    4.28,chromobius,a591b3cc8b2d0ec8c22562d4f5386816859e2dd4862c9f98f11050a2c108af82,"{""d"":9,""p"":0.0001,""r"":36}",
       273,         0,         0,   0.018,chromobius,ef319fb3c976f34bd0d9f3548bf94401473161e521a8519f112c51e024784cb6,"{""d"":9,""p"":0.00018873918221350977,""r"":36}",
      1024,         0,         0,   0.058,chromobius,ef319fb3c976f34bd0d9f3548bf94401473161e521a8519f112c51e024784cb6,"{""d"":9,""p"":0.00018873918221350977,""r"":36}",
      1024,         0,         0,   0.059,chromobius,ef319fb3c976f34bd0d9f3548bf94401473161e521a8519f112c51e024784cb6,"{""d"":9,""p"":0.00018873918221350977,""r"":36}",
      7168,         0,         0,   0.322,chromobius,289a2555d7b55990d08478341e4f7a2f7df0b5db292fb25b007ba2ff7a6611f2,"{""d"":9,""p"":0.00016102620275609394,""r"":36}",
      1024,         0,         0,   0.057,chromobius,ef319fb3c976f34bd0d9f3548bf94401473161e521a8519f112c51e024784cb6,"{""d"":9,""p"":0.00018873918221350977,""r"":36}",
      1024,         0,         0,   0.061,chromobius,ef319fb3c976f34bd0d9f3548bf94401473161e521a8519f112c51e024784cb6,"{""d"":9,""p"":0.00018873918221350977,""r"":36}",
      1024,         1,         0,   0.061,chromobius,ef319fb3c976f34bd0d9f3548bf94401473161e521a8519f112c51e024784cb6,"{""d"":9,""p"":0.00018873918221350977,""r"":36}",
      2048,         0,         0,   0.117,chromobius,ef319fb3c976f34bd0d9f3548bf94401473161e521a8519f112c51e024784cb6,"{""d"":9,""p"":0.00018873918221350977,""r"":36}",
      2048,         0,         0,   0.124,chromobius,ef319fb3c976f34bd0d9f3548bf94401473161e521a8519f112c51e024784cb6,"{""d"":9,""p"":0.00018873918221350977,""r"":36}",
      9216,         0,         0,   0.423,chromobius,289a2555d7b55990d08478341e4f7a2f7df0b5db292fb25b007ba2ff7a6611f2,"{""d"":9,""p"":0.00016102620275609394,""r"":36}",
      3072,         0,         0,   0.179,chromobius,ef319fb3c976f34bd0d9f3548bf94401473161e521a8519f112c51e024784cb6,"{""d"":9,""p"":0.00018873918221350977,""r"":36}",
      4096,         0,         0,   0.240,chromobius,ef319fb3c976f34bd0d9f3548bf94401473161e521a8519f112c51e024784cb6,"{""d"":9,""p"":0.00018873918221350977,""r"":36}",
     13312,         0,         0,   0.604,chromobius,289a2555d7b55990d08478341e4f7a2f7df0b5db292fb25b007ba2ff7a6611f2,"{""d"":9,""p"":0.00016102620275609394,""r"":36}",
      5120,         0,         0,   0.300,chromobius,ef319fb3c976f34bd0d9f3548bf94401473161e521a8519f112c51e024784cb6,"{""d"":9,""p"":0.00018873918221350977,""r"":36}",
     72704,         1,         0,    3.07,chromobius,e91bbb960d8a951276c5179002b0daff931db29441971e084860ec9c51868478,"{""d"":9,""p"":0.00013738237958832623,""r"":36}",
      7168,         0,         0,   0.408,chromobius,ef319fb3c976f34bd0d9f3548bf94401473161e521a8519f112c51e024784cb6,"{""d"":9,""p"":0.00018873918221350977,""r"":36}",
     18432,         0,         0,   0.828,chromobius,289a2555d7b55990d08478341e4f7a2f7df0b5db292fb25b007ba2ff7a6611f2,"{""d"":9,""p"":0.00016102620275609394,""r"":36}",
     10240,         0,         0,   0.601,chromobius,ef319fb3c976f34bd0d9f3548bf94401473161e521a8519f112c51e024784cb6,"{""d"":9,""p"":0.00018873918221350977,""r"":36}",
    117760,         1,         0,    4.28,chromobius,e07eb8b9f35f85ae5e3e6c64ca7473742f56ca86c83cc97a638802e9d1b840b9,"{""d"":9,""p"":0.00011721022975334806,""r"":36}",
     14336,         1,         0,   0.808,chromobius,ef319fb3c976f34bd0d9f3548bf94401473161e521a8519f112c51e024784cb6,"{""d"":9,""p"":0.00018873918221350977,""r"":36}",
     25600,         1,         0,    1.14,chromobius,289a2555d7b55990d08478341e4f7a2f7df0b5db292fb25b007ba2ff7a6611f2,"{""d"":9,""p"":0.00016102620275609394,""r"":36}",
     19456,         1,         0,    1.16,chromobius,ef319fb3c976f34bd0d9f3548bf94401473161e521a8519f112c51e024784cb6,"{""d"":9,""p"":0.00018873918221350977,""r"":36}",
     34816,         1,         0,    1.57,chromobius,289a2555d7b55990d08478341e4f7a2f7df0b5db292fb25b007ba2ff7a6611f2,"{""d"":9,""p"":0.00016102620275609394,""r"":36}",
     27648,         1,         0,    1.60,chromobius,ef319fb3c976f34bd0d9f3548bf94401473161e521a8519f112c51e024784cb6,"{""d"":9,""p"":0.00018873918221350977,""r"":36}",
    103424,         1,         0,    4.29,chromobius,e91bbb960d8a951276c5179002b0daff931db29441971e084860ec9c51868478,"{""d"":9,""p"":0.00013738237958832623,""r"":36}",
    183296,         0,         0,    5.96,chromobius,a591b3cc8b2d0ec8c22562d4f5386816859e2dd4862c9f98f11050a2c108af82,"{""d"":9,""p"":0.0001,""r"":36}",
     48128,         0,         0,    2.21,chromobius,289a2555d7b55990d08478341e4f7a2f7df0b5db292fb25b007ba2ff7a6611f2,"{""d"":9,""p"":0.00016102620275609394,""r"":36}",
     37888,         2,         0,    2.21,chromobius,ef319fb3c976f34bd0d9f3548bf94401473161e521a8519f112c51e024784cb6,"{""d"":9,""p"":0.00018873918221350977,""r"":36}",
    164864,         3,         0,    5.99,chromobius,e07eb8b9f35f85ae5e3e6c64ca7473742f56ca86c83cc97a638802e9d1b840b9,"{""d"":9,""p"":0.00011721022975334806,""r"":36}",
     65536,         2,         0,    3.05,chromobius,289a2555d7b55990d08478341e4f7a2f7df0b5db292fb25b007ba2ff7a6611f2,"{""d"":9,""p"":0.00016102620275609394,""r"":36}",
     54272,         2,         0,    3.10,chromobius,ef319fb3c976f34bd0d9f3548bf94401473161e521a8519f112c51e024784cb6,"{""d"":9,""p"":0.00018873918221350977,""r"":36}",
    141312,         3,         0,    5.98,chromobius,e91bbb960d8a951276c5179002b0daff931db29441971e084860ec9c51868478,"{""d"":9,""p"":0.00013738237958832623,""r"":36}",
     91136,         1,         0,    4.28,chromobius,289a2555d7b55990d08478341e4f7a2f7df0b5db292fb25b007ba2ff7a6611f2,"{""d"":9,""p"":0.00016102620275609394,""r"":36}",
    260096,         2,         0,    8.36,chromobius,a591b3cc8b2d0ec8c22562d4f5386816859e2dd4862c9f98f11050a2c108af82,"{""d"":9,""p"":0.0001,""r"":36}",
     74752,         0,         0,    4.30,chromobius,ef319fb3c976f34bd0d9f3548bf94401473161e521a8519f112c51e024784cb6,"{""d"":9,""p"":0.00018873918221350977,""r"":36}",
    223232,         1,         0,    8.36,chromobius,e07eb8b9f35f85ae5e3e6c64ca7473742f56ca86c83cc97a638802e9d1b840b9,"{""d"":9,""p"":0.00011721022975334806,""r"":36}",
    128000,         1,         0,    5.98,chromobius,289a2555d7b55990d08478341e4f7a2f7df0b5db292fb25b007ba2ff7a6611f2,"{""d"":9,""p"":0.00016102620275609394,""r"":36}",
    195584,         3,         0,    8.37,chromobius,e91bbb960d8a951276c5179002b0daff931db29441971e084860ec9c51868478,"{""d"":9,""p"":0.00013738237958832623,""r"":36}",
    105472,         1,         0,    6.02,chromobius,ef319fb3c976f34bd0d9f3548bf94401473161e521a8519f112c51e024784cb6,"{""d"":9,""p"":0.00018873918221350977,""r"":36}",
    366592,         0,         0,    11.7,chromobius,a591b3cc8b2d0ec8c22562d4f5386816859e2dd4862c9f98f11050a2c108af82,"{""d"":9,""p"":0.0001,""r"":36}",
    177152,         3,         0,    8.36,chromobius,289a2555d7b55990d08478341e4f7a2f7df0b5db292fb25b007ba2ff7a6611f2,"{""d"":9,""p"":0.00016102620275609394,""r"":36}",
    313344,         0,         0,    11.7,chromobius,e07eb8b9f35f85ae5e3e6c64ca7473742f56ca86c83cc97a638802e9d1b840b9,"{""d"":9,""p"":0.00011721022975334806,""r"":36}",
    146432,         1,         0,    8.39,chromobius,ef319fb3c976f34bd0d9f3548bf94401473161e521a8519f112c51e024784cb6,"{""d"":9,""p"":0.00018873918221350977,""r"":36}",
    283648,         2,         0,    11.7,chromobius,e91bbb960d8a951276c5179002b0daff931db29441971e084860ec9c51868478,"{""d"":9,""p"":0.00013738237958832623,""r"":36}",
    242688,         0,         0,    11.7,chromobius,289a2555d7b55990d08478341e4f7a2f7df0b5db292fb25b007ba2ff7a6611f2,"{""d"":9,""p"":0.00016102620275609394,""r"":36}",
    200704,         6,         0,    11.7,chromobius,ef319fb3c976f34bd0d9f3548bf94401473161e521a8519f112c51e024784cb6,"{""d"":9,""p"":0.00018873918221350977,""r"":36}",
    506880,         2,         0,    16.4,chromobius,a591b3cc8b2d0ec8c22562d4f5386816859e2dd4862c9f98f11050a2c108af82,"{""d"":9,""p"":0.0001,""r"":36}",
    425984,         3,         0,    16.4,chromobius,e07eb8b9f35f85ae5e3e6c64ca7473742f56ca86c83cc97a638802e9d1b840b9,"{""d"":9,""p"":0.00011721022975334806,""r"":36}",
    398336,         1,         0,    16.4,chromobius,e91bbb960d8a951276c5179002b0daff931db29441971e084860ec9c51868478,"{""d"":9,""p"":0.00013738237958832623,""r"":36}",
    348160,         6,         0,    16.4,chromobius,289a2555d7b55990d08478341e4f7a2f7df0b5db292fb25b007ba2ff7a6611f2,"{""d"":9,""p"":0.00016102620275609394,""r"":36}",
    285696,         5,         0,    16.4,chromobius,ef319fb3c976f34bd0d9f3548bf94401473161e521a8519f112c51e024784cb6,"{""d"":9,""p"":0.00018873918221350977,""r"":36}",
   7501824,       272,         0,    87.4,chromobius,11b4332b994136421633d4efa9d63e74651d7de74cd22bbaf0ae03984808fd50,"{""d"":7,""p"":0.0001,""r"":28}",
   6511616,       390,         0,    87.5,chromobius,a3663bdd2ddc482309ade5ae0097023a1b45574401b62c9c9ca45112c6ea5048,"{""d"":7,""p"":0.00011721022975334806,""r"":28}",
   5960704,       491,         0,    87.6,chromobius,af261cd57f409487e23c346164ebd01a37d1aebb4e03bc19b5c2de6ea5c55924,"{""d"":7,""p"":0.00013738237958832623,""r"":28}",
    724992,         0,         0,    22.9,chromobius,a591b3cc8b2d0ec8c22562d4f5386816859e2dd4862c9f98f11050a2c108af82,"{""d"":9,""p"":0.0001,""r"":36}",
   5159936,       661,         0,    87.7,chromobius,5557295e26dcb01e1b08072900fa3a5955d5b87d88bfe215b35252ea7798fac7,"{""d"":7,""p"":0.00016102620275609394,""r"":28}",
   4401152,       835,         0,    87.8,chromobius,126722dd51cd4cc8771b42998f20755000a1196018f639f74206da3ee702d2b6,"{""d"":7,""p"":0.00018873918221350977,""r"":28}",
   3818496,      1010,         0,    87.8,chromobius,9a6566142c78182da61675ec90eb723b29860da22ae402ea15a0a03ec1c705f5,"{""d"":7,""p"":0.000221221629107045,""r"":28}",
   3452928,      1402,         0,    87.9,chromobius,c05dfa7fbcf9de0a9975ebb20fc0baad25644b09ca54b3addba74da55de03ee1,"{""d"":7,""p"":0.0002592943797404667,""r"":28}",
    603136,         1,         0,    22.9,chromobius,e07eb8b9f35f85ae5e3e6c64ca7473742f56ca86c83cc97a638802e9d1b840b9,"{""d"":9,""p"":0.00011721022975334806,""r"":36}",
    543744,         1,         0,    22.9,chromobius,e91bbb960d8a951276c5179002b0daff931db29441971e084860ec9c51868478,"{""d"":9,""p"":0.00013738237958832623,""r"":36}",
    188416,        78,         0,    4.76,chromobius,c05dfa7fbcf9de0a9975ebb20fc0baad25644b09ca54b3addba74da55de03ee1,"{""d"":7,""p"":0.0002592943797404667,""r"":28}",
       273,         0,         0,   0.021,chromobius,9aeb51568bfb43d85d47916214702632d2e51185b5a2892d773c4d6514f6b90e,"{""d"":9,""p"":0.000221221629107045,""r"":36}",
      1024,         0,         0,   0.068,chromobius,9aeb51568bfb43d85d47916214702632d2e51185b5a2892d773c4d6514f6b90e,"{""d"":9,""p"":0.000221221629107045,""r"":36}",
      1024,         0,         0,   0.064,chromobius,9aeb51568bfb43d85d47916214702632d2e51185b5a2892d773c4d6514f6b90e,"{""d"":9,""p"":0.000221221629107045,""r"":36}",
      1024,         0,         0,   0.067,chromobius,9aeb51568bfb43d85d47916214702632d2e51185b5a2892d773c4d6514f6b90e,"{""d"":9,""p"":0.000221221629107045,""r"":36}",
      1024,         0,         0,   0.067,chromobius,9aeb51568bfb43d85d47916214702632d2e51185b5a2892d773c4d6514f6b90e,"{""d"":9,""p"":0.000221221629107045,""r"":36}",
      1024,         0,         0,   0.069,chromobius,9aeb51568bfb43d85d47916214702632d2e51185b5a2892d773c4d6514f6b90e,"{""d"":9,""p"":0.000221221629107045,""r"":36}",
      2048,         0,         0,   0.135,chromobius,9aeb51568bfb43d85d47916214702632d2e51185b5a2892d773c4d6514f6b90e,"{""d"":9,""p"":0.000221221629107045,""r"":36}",
      2048,         0,         0,   0.135,chromobius,9aeb51568bfb43d85d47916214702632d2e51185b5a2892d773c4d6514f6b90e,"{""d"":9,""p"":0.000221221629107045,""r"":36}",
      3072,         0,         0,   0.207,chromobius,9aeb51568bfb43d85d47916214702632d2e51185b5a2892d773c4d6514f6b90e,"{""d"":9,""p"":0.000221221629107045,""r"":36}",
      4096,         0,         0,   0.266,chromobius,9aeb51568bfb43d85d47916214702632d2e51185b5a2892d773c4d6514f6b90e,"{""d"":9,""p"":0.000221221629107045,""r"":36}",
      5120,         1,         0,   0.327,chromobius,9aeb51568bfb43d85d47916214702632d2e51185b5a2892d773c4d6514f6b90e,"{""d"":9,""p"":0.000221221629107045,""r"":36}",
      6144,         0,         0,   0.413,chromobius,9aeb51568bfb43d85d47916214702632d2e51185b5a2892d773c4d6514f6b90e,"{""d"":9,""p"":0.000221221629107045,""r"":36}",
      9216,         1,         0,   0.618,chromobius,9aeb51568bfb43d85d47916214702632d2e51185b5a2892d773c4d6514f6b90e,"{""d"":9,""p"":0.000221221629107045,""r"":36}",
     12288,         0,         0,   0.809,chromobius,9aeb51568bfb43d85d47916214702632d2e51185b5a2892d773c4d6514f6b90e,"{""d"":9,""p"":0.000221221629107045,""r"":36}",
     17408,         1,         0,    1.14,chromobius,9aeb51568bfb43d85d47916214702632d2e51185b5a2892d773c4d6514f6b90e,"{""d"":9,""p"":0.000221221629107045,""r"":36}",
     23552,         1,         0,    1.56,chromobius,9aeb51568bfb43d85d47916214702632d2e51185b5a2892d773c4d6514f6b90e,"{""d"":9,""p"":0.000221221629107045,""r"":36}",
    487424,         8,         0,    22.9,chromobius,289a2555d7b55990d08478341e4f7a2f7df0b5db292fb25b007ba2ff7a6611f2,"{""d"":9,""p"":0.00016102620275609394,""r"":36}",
     32768,         1,         0,    2.18,chromobius,9aeb51568bfb43d85d47916214702632d2e51185b5a2892d773c4d6514f6b90e,"{""d"":9,""p"":0.000221221629107045,""r"":36}",
    398336,         1,         0,    22.9,chromobius,ef319fb3c976f34bd0d9f3548bf94401473161e521a8519f112c51e024784cb6,"{""d"":9,""p"":0.00018873918221350977,""r"":36}",
     46080,         1,         0,    3.04,chromobius,9aeb51568bfb43d85d47916214702632d2e51185b5a2892d773c4d6514f6b90e,"{""d"":9,""p"":0.000221221629107045,""r"":36}",
     63488,         1,         0,    4.32,chromobius,9aeb51568bfb43d85d47916214702632d2e51185b5a2892d773c4d6514f6b90e,"{""d"":9,""p"":0.000221221629107045,""r"":36}",
     88064,         4,         0,    5.98,chromobius,9aeb51568bfb43d85d47916214702632d2e51185b5a2892d773c4d6514f6b90e,"{""d"":9,""p"":0.000221221629107045,""r"":36}",
   1029120,         1,         0,    32.0,chromobius,a591b3cc8b2d0ec8c22562d4f5386816859e2dd4862c9f98f11050a2c108af82,"{""d"":9,""p"":0.0001,""r"":36}",
    836608,         1,         0,    32.1,chromobius,e07eb8b9f35f85ae5e3e6c64ca7473742f56ca86c83cc97a638802e9d1b840b9,"{""d"":9,""p"":0.00011721022975334806,""r"":36}",
    124928,         6,         0,    8.36,chromobius,9aeb51568bfb43d85d47916214702632d2e51185b5a2892d773c4d6514f6b90e,"{""d"":9,""p"":0.000221221629107045,""r"":36}",
    739328,         7,         0,    32.1,chromobius,e91bbb960d8a951276c5179002b0daff931db29441971e084860ec9c51868478,"{""d"":9,""p"":0.00013738237958832623,""r"":36}",
    663552,         8,         0,    32.1,chromobius,289a2555d7b55990d08478341e4f7a2f7df0b5db292fb25b007ba2ff7a6611f2,"{""d"":9,""p"":0.00016102620275609394,""r"":36}",
    550912,        11,         0,    32.1,chromobius,ef319fb3c976f34bd0d9f3548bf94401473161e521a8519f112c51e024784cb6,"{""d"":9,""p"":0.00018873918221350977,""r"":36}",
    176128,         5,         0,    11.7,chromobius,9aeb51568bfb43d85d47916214702632d2e51185b5a2892d773c4d6514f6b90e,"{""d"":9,""p"":0.000221221629107045,""r"":36}",
    241664,         8,         0,    16.4,chromobius,9aeb51568bfb43d85d47916214702632d2e51185b5a2892d773c4d6514f6b90e,"{""d"":9,""p"":0.000221221629107045,""r"":36}",
   1482752,         2,         0,    44.9,chromobius,a591b3cc8b2d0ec8c22562d4f5386816859e2dd4862c9f98f11050a2c108af82,"{""d"":9,""p"":0.0001,""r"":36}",
   1163264,         7,         0,    44.9,chromobius,e07eb8b9f35f85ae5e3e6c64ca7473742f56ca86c83cc97a638802e9d1b840b9,"{""d"":9,""p"":0.00011721022975334806,""r"":36}",
   1027072,         8,         0,    44.9,chromobius,e91bbb960d8a951276c5179002b0daff931db29441971e084860ec9c51868478,"{""d"":9,""p"":0.00013738237958832623,""r"":36}",
    337920,        10,         0,    22.9,chromobius,9aeb51568bfb43d85d47916214702632d2e51185b5a2892d773c4d6514f6b90e,"{""d"":9,""p"":0.000221221629107045,""r"":36}",
    990208,         9,         0,    44.9,chromobius,289a2555d7b55990d08478341e4f7a2f7df0b5db292fb25b007ba2ff7a6611f2,"{""d"":9,""p"":0.00016102620275609394,""r"":36}",
    763904,        10,         0,    45.0,chromobius,ef319fb3c976f34bd0d9f3548bf94401473161e521a8519f112c51e024784cb6,"{""d"":9,""p"":0.00018873918221350977,""r"":36}",
  10245120,       400,         0,   119.0,chromobius,11b4332b994136421633d4efa9d63e74651d7de74cd22bbaf0ae03984808fd50,"{""d"":7,""p"":0.0001,""r"":28}",
   8934400,       500,         0,   119.1,chromobius,a3663bdd2ddc482309ade5ae0097023a1b45574401b62c9c9ca45112c6ea5048,"{""d"":7,""p"":0.00011721022975334806,""r"":28}",
   8069120,       648,         0,   119.2,chromobius,af261cd57f409487e23c346164ebd01a37d1aebb4e03bc19b5c2de6ea5c55924,"{""d"":7,""p"":0.00013738237958832623,""r"":28}",
   7071744,       884,         0,   119.3,chromobius,5557295e26dcb01e1b08072900fa3a5955d5b87d88bfe215b35252ea7798fac7,"{""d"":7,""p"":0.00016102620275609394,""r"":28}",
    472064,         5,         0,    32.1,chromobius,9aeb51568bfb43d85d47916214702632d2e51185b5a2892d773c4d6514f6b90e,"{""d"":9,""p"":0.000221221629107045,""r"":36}",
   5995520,      1030,         0,   119.4,chromobius,126722dd51cd4cc8771b42998f20755000a1196018f639f74206da3ee702d2b6,"{""d"":7,""p"":0.00018873918221350977,""r"":28}",
   5188608,      1373,         0,   119.5,chromobius,9a6566142c78182da61675ec90eb723b29860da22ae402ea15a0a03ec1c705f5,"{""d"":7,""p"":0.000221221629107045,""r"":28}",
    441344,       116,         0,    10.2,chromobius,9a6566142c78182da61675ec90eb723b29860da22ae402ea15a0a03ec1c705f5,"{""d"":7,""p"":0.000221221629107045,""r"":28}",
       273,         0,         0,   0.025,chromobius,db40c93e3549aacc86d995f83734c17627e0d29fbae8e6d3e9431e224227ff6e,"{""d"":9,""p"":0.0002592943797404667,""r"":36}",
      1024,         0,         0,   0.081,chromobius,db40c93e3549aacc86d995f83734c17627e0d29fbae8e6d3e9431e224227ff6e,"{""d"":9,""p"":0.0002592943797404667,""r"":36}",
      1024,         0,         0,   0.085,chromobius,db40c93e3549aacc86d995f83734c17627e0d29fbae8e6d3e9431e224227ff6e,"{""d"":9,""p"":0.0002592943797404667,""r"":36}",
      1024,         0,         0,   0.082,chromobius,db40c93e3549aacc86d995f83734c17627e0d29fbae8e6d3e9431e224227ff6e,"{""d"":9,""p"":0.0002592943797404667,""r"":36}",
      1024,         0,         0,   0.081,chromobius,db40c93e3549aacc86d995f83734c17627e0d29fbae8e6d3e9431e224227ff6e,"{""d"":9,""p"":0.0002592943797404667,""r"":36}",
      1024,         0,         0,   0.082,chromobius,db40c93e3549aacc86d995f83734c17627e0d29fbae8e6d3e9431e224227ff6e,"{""d"":9,""p"":0.0002592943797404667,""r"":36}",
      1024,         0,         0,   0.084,chromobius,db40c93e3549aacc86d995f83734c17627e0d29fbae8e6d3e9431e224227ff6e,"{""d"":9,""p"":0.0002592943797404667,""r"":36}",
      2048,         0,         0,   0.191,chromobius,db40c93e3549aacc86d995f83734c17627e0d29fbae8e6d3e9431e224227ff6e,"{""d"":9,""p"":0.0002592943797404667,""r"":36}",
      2048,         0,         0,   0.161,chromobius,db40c93e3549aacc86d995f83734c17627e0d29fbae8e6d3e9431e224227ff6e,"{""d"":9,""p"":0.0002592943797404667,""r"":36}",
      3072,         0,         0,   0.245,chromobius,db40c93e3549aacc86d995f83734c17627e0d29fbae8e6d3e9431e224227ff6e,"{""d"":9,""p"":0.0002592943797404667,""r"":36}",
      4096,         1,         0,   0.327,chromobius,db40c93e3549aacc86d995f83734c17627e0d29fbae8e6d3e9431e224227ff6e,"{""d"":9,""p"":0.0002592943797404667,""r"":36}",
      6144,         0,         0,   0.485,chromobius,db40c93e3549aacc86d995f83734c17627e0d29fbae8e6d3e9431e224227ff6e,"{""d"":9,""p"":0.0002592943797404667,""r"":36}",
      7168,         0,         0,   0.568,chromobius,db40c93e3549aacc86d995f83734c17627e0d29fbae8e6d3e9431e224227ff6e,"{""d"":9,""p"":0.0002592943797404667,""r"":36}",
     10240,         0,         0,   0.804,chromobius,db40c93e3549aacc86d995f83734c17627e0d29fbae8e6d3e9431e224227ff6e,"{""d"":9,""p"":0.0002592943797404667,""r"":36}",
     14336,         0,         0,    1.15,chromobius,db40c93e3549aacc86d995f83734c17627e0d29fbae8e6d3e9431e224227ff6e,"{""d"":9,""p"":0.0002592943797404667,""r"":36}",
     20480,         1,         0,    1.62,chromobius,db40c93e3549aacc86d995f83734c17627e0d29fbae8e6d3e9431e224227ff6e,"{""d"":9,""p"":0.0002592943797404667,""r"":36}",
   2073600,         4,         0,    62.8,chromobius,a591b3cc8b2d0ec8c22562d4f5386816859e2dd4862c9f98f11050a2c108af82,"{""d"":9,""p"":0.0001,""r"":36}",
     27648,         1,         0,    2.18,chromobius,db40c93e3549aacc86d995f83734c17627e0d29fbae8e6d3e9431e224227ff6e,"{""d"":9,""p"":0.0002592943797404667,""r"":36}",
   1617920,         2,         0,    62.8,chromobius,e07eb8b9f35f85ae5e3e6c64ca7473742f56ca86c83cc97a638802e9d1b840b9,"{""d"":9,""p"":0.00011721022975334806,""r"":36}",
     38912,         1,         0,    3.09,chromobius,db40c93e3549aacc86d995f83734c17627e0d29fbae8e6d3e9431e224227ff6e,"{""d"":9,""p"":0.0002592943797404667,""r"":36}",
   1405952,        10,         0,    62.9,chromobius,e91bbb960d8a951276c5179002b0daff931db29441971e084860ec9c51868478,"{""d"":9,""p"":0.00013738237958832623,""r"":36}",
     54272,         2,         0,    4.29,chromobius,db40c93e3549aacc86d995f83734c17627e0d29fbae8e6d3e9431e224227ff6e,"{""d"":9,""p"":0.0002592943797404667,""r"":36}",
     75776,         5,         0,    6.04,chromobius,db40c93e3549aacc86d995f83734c17627e0d29fbae8e6d3e9431e224227ff6e,"{""d"":9,""p"":0.0002592943797404667,""r"":36}",
   1370112,        15,         0,    62.9,chromobius,289a2555d7b55990d08478341e4f7a2f7df0b5db292fb25b007ba2ff7a6611f2,"{""d"":9,""p"":0.00016102620275609394,""r"":36}",
   1054720,        16,         0,    62.9,chromobius,ef319fb3c976f34bd0d9f3548bf94401473161e521a8519f112c51e024784cb6,"{""d"":9,""p"":0.00018873918221350977,""r"":36}",
    105472,         5,         0,    8.40,chromobius,db40c93e3549aacc86d995f83734c17627e0d29fbae8e6d3e9431e224227ff6e,"{""d"":9,""p"":0.0002592943797404667,""r"":36}",
    664576,        24,         0,    45.0,chromobius,9aeb51568bfb43d85d47916214702632d2e51185b5a2892d773c4d6514f6b90e,"{""d"":9,""p"":0.000221221629107045,""r"":36}",
    148480,         8,         0,    11.8,chromobius,db40c93e3549aacc86d995f83734c17627e0d29fbae8e6d3e9431e224227ff6e,"{""d"":9,""p"":0.0002592943797404667,""r"":36}",
    209920,         9,         0,    16.4,chromobius,db40c93e3549aacc86d995f83734c17627e0d29fbae8e6d3e9431e224227ff6e,"{""d"":9,""p"":0.0002592943797404667,""r"":36}",
    293888,        12,         0,    23.0,chromobius,db40c93e3549aacc86d995f83734c17627e0d29fbae8e6d3e9431e224227ff6e,"{""d"":9,""p"":0.0002592943797404667,""r"":36}",
   2772992,         7,         0,    87.9,chromobius,a591b3cc8b2d0ec8c22562d4f5386816859e2dd4862c9f98f11050a2c108af82,"{""d"":9,""p"":0.0001,""r"":36}",
    944128,        23,         0,    62.9,chromobius,9aeb51568bfb43d85d47916214702632d2e51185b5a2892d773c4d6514f6b90e,"{""d"":9,""p"":0.000221221629107045,""r"":36}",
   2328576,         3,         0,    88.0,chromobius,e07eb8b9f35f85ae5e3e6c64ca7473742f56ca86c83cc97a638802e9d1b840b9,"{""d"":9,""p"":0.00011721022975334806,""r"":36}",
   2006016,        14,         0,    88.0,chromobius,e91bbb960d8a951276c5179002b0daff931db29441971e084860ec9c51868478,"{""d"":9,""p"":0.00013738237958832623,""r"":36}",
  10159104,       380,         0,   119.0,chromobius,11b4332b994136421633d4efa9d63e74651d7de74cd22bbaf0ae03984808fd50,"{""d"":7,""p"":0.0001,""r"":28}",
   9061376,       491,         0,   119.1,chromobius,a3663bdd2ddc482309ade5ae0097023a1b45574401b62c9c9ca45112c6ea5048,"{""d"":7,""p"":0.00011721022975334806,""r"":28}",
   7899136,       601,         0,   119.2,chromobius,af261cd57f409487e23c346164ebd01a37d1aebb4e03bc19b5c2de6ea5c55924,"{""d"":7,""p"":0.00013738237958832623,""r"":28}",
   7100416,       873,         0,   119.3,chromobius,5557295e26dcb01e1b08072900fa3a5955d5b87d88bfe215b35252ea7798fac7,"{""d"":7,""p"":0.00016102620275609394,""r"":28}",
   5923840,      1046,         0,   119.4,chromobius,126722dd51cd4cc8771b42998f20755000a1196018f639f74206da3ee702d2b6,"{""d"":7,""p"":0.00018873918221350977,""r"":28}",
   1915904,        21,         0,    88.0,chromobius,289a2555d7b55990d08478341e4f7a2f7df0b5db292fb25b007ba2ff7a6611f2,"{""d"":9,""p"":0.00016102620275609394,""r"":36}",
   1505280,        26,         0,    88.1,chromobius,ef319fb3c976f34bd0d9f3548bf94401473161e521a8519f112c51e024784cb6,"{""d"":9,""p"":0.00018873918221350977,""r"":36}",
    408576,        19,         0,    32.1,chromobius,db40c93e3549aacc86d995f83734c17627e0d29fbae8e6d3e9431e224227ff6e,"{""d"":9,""p"":0.0002592943797404667,""r"":36}",
    448512,        70,         0,    8.82,chromobius,126722dd51cd4cc8771b42998f20755000a1196018f639f74206da3ee702d2b6,"{""d"":7,""p"":0.00018873918221350977,""r"":28}",
       273,         0,         0,   0.028,chromobius,85bcdce8107bc60244ab91e109bb67b88bcc5da5e8029ab70fee3815d05ba2fc,"{""d"":9,""p"":0.0003039195382313198,""r"":36}",
      1024,         0,         0,   0.093,chromobius,85bcdce8107bc60244ab91e109bb67b88bcc5da5e8029ab70fee3815d05ba2fc,"{""d"":9,""p"":0.0003039195382313198,""r"":36}",
      1024,         0,         0,   0.094,chromobius,85bcdce8107bc60244ab91e109bb67b88bcc5da5e8029ab70fee3815d05ba2fc,"{""d"":9,""p"":0.0003039195382313198,""r"":36}",
      1024,         1,         0,   0.092,chromobius,85bcdce8107bc60244ab91e109bb67b88bcc5da5e8029ab70fee3815d05ba2fc,"{""d"":9,""p"":0.0003039195382313198,""r"":36}",
      1024,         0,         0,   0.095,chromobius,85bcdce8107bc60244ab91e109bb67b88bcc5da5e8029ab70fee3815d05ba2fc,"{""d"":9,""p"":0.0003039195382313198,""r"":36}",
      1024,         0,         0,   0.091,chromobius,85bcdce8107bc60244ab91e109bb67b88bcc5da5e8029ab70fee3815d05ba2fc,"{""d"":9,""p"":0.0003039195382313198,""r"":36}",
      1024,         0,         0,   0.094,chromobius,85bcdce8107bc60244ab91e109bb67b88bcc5da5e8029ab70fee3815d05ba2fc,"{""d"":9,""p"":0.0003039195382313198,""r"":36}",
      2048,         0,         0,   0.186,chromobius,85bcdce8107bc60244ab91e109bb67b88bcc5da5e8029ab70fee3815d05ba2fc,"{""d"":9,""p"":0.0003039195382313198,""r"":36}",
      2048,         0,         0,   0.185,chromobius,85bcdce8107bc60244ab91e109bb67b88bcc5da5e8029ab70fee3815d05ba2fc,"{""d"":9,""p"":0.0003039195382313198,""r"":36}",
      3072,         0,         0,   0.278,chromobius,85bcdce8107bc60244ab91e109bb67b88bcc5da5e8029ab70fee3815d05ba2fc,"{""d"":9,""p"":0.0003039195382313198,""r"":36}",
      4096,         2,         0,   0.371,chromobius,85bcdce8107bc60244ab91e109bb67b88bcc5da5e8029ab70fee3815d05ba2fc,"{""d"":9,""p"":0.0003039195382313198,""r"":36}",
      5120,         1,         0,   0.462,chromobius,85bcdce8107bc60244ab91e109bb67b88bcc5da5e8029ab70fee3815d05ba2fc,"{""d"":9,""p"":0.0003039195382313198,""r"":36}",
      7168,         1,         0,   0.643,chromobius,85bcdce8107bc60244ab91e109bb67b88bcc5da5e8029ab70fee3815d05ba2fc,"{""d"":9,""p"":0.0003039195382313198,""r"":36}",
      9216,         0,         0,   0.813,chromobius,85bcdce8107bc60244ab91e109bb67b88bcc5da5e8029ab70fee3815d05ba2fc,"{""d"":9,""p"":0.0003039195382313198,""r"":36}",
     13312,         0,         0,    1.18,chromobius,85bcdce8107bc60244ab91e109bb67b88bcc5da5e8029ab70fee3815d05ba2fc,"{""d"":9,""p"":0.0003039195382313198,""r"":36}",
     17408,         0,         0,    1.57,chromobius,85bcdce8107bc60244ab91e109bb67b88bcc5da5e8029ab70fee3815d05ba2fc,"{""d"":9,""p"":0.0003039195382313198,""r"":36}",
     24576,         1,         0,    2.20,chromobius,85bcdce8107bc60244ab91e109bb67b88bcc5da5e8029ab70fee3815d05ba2fc,"{""d"":9,""p"":0.0003039195382313198,""r"":36}",
     34816,         1,         0,    3.13,chromobius,85bcdce8107bc60244ab91e109bb67b88bcc5da5e8029ab70fee3815d05ba2fc,"{""d"":9,""p"":0.0003039195382313198,""r"":36}",
     47104,         3,         0,    4.28,chromobius,85bcdce8107bc60244ab91e109bb67b88bcc5da5e8029ab70fee3815d05ba2fc,"{""d"":9,""p"":0.0003039195382313198,""r"":36}",
     66560,         4,         0,    6.01,chromobius,85bcdce8107bc60244ab91e109bb67b88bcc5da5e8029ab70fee3815d05ba2fc,"{""d"":9,""p"":0.0003039195382313198,""r"":36}",
   3405679,       116,         0,    39.6,chromobius,11b4332b994136421633d4efa9d63e74651d7de74cd22bbaf0ae03984808fd50,"{""d"":7,""p"":0.0001,""r"":28}",
       273,         0,         0,   0.033,chromobius,03c8e9f29b1d6baa14724201f89d901da22f33cf231b11974b4ddb7747adc8e6,"{""d"":9,""p"":0.0003562247890262444,""r"":36}",
      1024,         0,         0,   0.105,chromobius,03c8e9f29b1d6baa14724201f89d901da22f33cf231b11974b4ddb7747adc8e6,"{""d"":9,""p"":0.0003562247890262444,""r"":36}",
      1024,         0,         0,   0.109,chromobius,03c8e9f29b1d6baa14724201f89d901da22f33cf231b11974b4ddb7747adc8e6,"{""d"":9,""p"":0.0003562247890262444,""r"":36}",
      1024,         0,         0,   0.106,chromobius,03c8e9f29b1d6baa14724201f89d901da22f33cf231b11974b4ddb7747adc8e6,"{""d"":9,""p"":0.0003562247890262444,""r"":36}",
      1024,         0,         0,   0.107,chromobius,03c8e9f29b1d6baa14724201f89d901da22f33cf231b11974b4ddb7747adc8e6,"{""d"":9,""p"":0.0003562247890262444,""r"":36}",
      1024,         0,         0,   0.107,chromobius,03c8e9f29b1d6baa14724201f89d901da22f33cf231b11974b4ddb7747adc8e6,"{""d"":9,""p"":0.0003562247890262444,""r"":36}",
      1024,         0,         0,   0.107,chromobius,03c8e9f29b1d6baa14724201f89d901da22f33cf231b11974b4ddb7747adc8e6,"{""d"":9,""p"":0.0003562247890262444,""r"":36}",
      1024,         1,         0,   0.108,chromobius,03c8e9f29b1d6baa14724201f89d901da22f33cf231b11974b4ddb7747adc8e6,"{""d"":9,""p"":0.0003562247890262444,""r"":36}",
      2048,         0,         0,   0.214,chromobius,03c8e9f29b1d6baa14724201f89d901da22f33cf231b11974b4ddb7747adc8e6,"{""d"":9,""p"":0.0003562247890262444,""r"":36}",
      2048,         1,         0,   0.216,chromobius,03c8e9f29b1d6baa14724201f89d901da22f33cf231b11974b4ddb7747adc8e6,"{""d"":9,""p"":0.0003562247890262444,""r"":36}",
      3072,         2,         0,   0.333,chromobius,03c8e9f29b1d6baa14724201f89d901da22f33cf231b11974b4ddb7747adc8e6,"{""d"":9,""p"":0.0003562247890262444,""r"":36}",
     93184,         7,         0,    8.43,chromobius,85bcdce8107bc60244ab91e109bb67b88bcc5da5e8029ab70fee3815d05ba2fc,"{""d"":9,""p"":0.0003039195382313198,""r"":36}",
      4096,         0,         0,   0.432,chromobius,03c8e9f29b1d6baa14724201f89d901da22f33cf231b11974b4ddb7747adc8e6,"{""d"":9,""p"":0.0003562247890262444,""r"":36}",
      6144,         1,         0,   0.628,chromobius,03c8e9f29b1d6baa14724201f89d901da22f33cf231b11974b4ddb7747adc8e6,"{""d"":9,""p"":0.0003562247890262444,""r"":36}",
      8192,         0,         0,   0.861,chromobius,03c8e9f29b1d6baa14724201f89d901da22f33cf231b11974b4ddb7747adc8e6,"{""d"":9,""p"":0.0003562247890262444,""r"":36}",
     11264,         0,         0,    1.19,chromobius,03c8e9f29b1d6baa14724201f89d901da22f33cf231b11974b4ddb7747adc8e6,"{""d"":9,""p"":0.0003562247890262444,""r"":36}",
     15360,         4,         0,    1.60,chromobius,03c8e9f29b1d6baa14724201f89d901da22f33cf231b11974b4ddb7747adc8e6,"{""d"":9,""p"":0.0003562247890262444,""r"":36}",
     21504,         2,         0,    2.26,chromobius,03c8e9f29b1d6baa14724201f89d901da22f33cf231b11974b4ddb7747adc8e6,"{""d"":9,""p"":0.0003562247890262444,""r"":36}",
     28672,         3,         0,    3.11,chromobius,03c8e9f29b1d6baa14724201f89d901da22f33cf231b11974b4ddb7747adc8e6,"{""d"":9,""p"":0.0003562247890262444,""r"":36}",
    573440,        30,         0,    45.0,chromobius,db40c93e3549aacc86d995f83734c17627e0d29fbae8e6d3e9431e224227ff6e,"{""d"":9,""p"":0.0002592943797404667,""r"":36}",
    126976,        17,         0,    11.7,chromobius,85bcdce8107bc60244ab91e109bb67b88bcc5da5e8029ab70fee3815d05ba2fc,"{""d"":9,""p"":0.0003039195382313198,""r"":36}",
     40960,         3,         0,    4.32,chromobius,03c8e9f29b1d6baa14724201f89d901da22f33cf231b11974b4ddb7747adc8e6,"{""d"":9,""p"":0.0003562247890262444,""r"":36}",
     57344,        12,         0,    6.03,chromobius,03c8e9f29b1d6baa14724201f89d901da22f33cf231b11974b4ddb7747adc8e6,"{""d"":9,""p"":0.0003562247890262444,""r"":36}",
    180224,        14,         0,    16.4,chromobius,85bcdce8107bc60244ab91e109bb67b88bcc5da5e8029ab70fee3815d05ba2fc,"{""d"":9,""p"":0.0003039195382313198,""r"":36}",
     78848,         9,         0,    8.42,chromobius,03c8e9f29b1d6baa14724201f89d901da22f33cf231b11974b4ddb7747adc8e6,"{""d"":9,""p"":0.0003562247890262444,""r"":36}",
   1326080,        41,         0,    88.1,chromobius,9aeb51568bfb43d85d47916214702632d2e51185b5a2892d773c4d6514f6b90e,"{""d"":9,""p"":0.000221221629107045,""r"":36}",
    111616,        20,         0,    11.8,chromobius,03c8e9f29b1d6baa14724201f89d901da22f33cf231b11974b4ddb7747adc8e6,"{""d"":9,""p"":0.0003562247890262444,""r"":36}",
    250880,        17,         0,    23.0,chromobius,85bcdce8107bc60244ab91e109bb67b88bcc5da5e8029ab70fee3815d05ba2fc,"{""d"":9,""p"":0.0003039195382313198,""r"":36}",
    154624,        22,         0,    16.4,chromobius,03c8e9f29b1d6baa14724201f89d901da22f33cf231b11974b4ddb7747adc8e6,"{""d"":9,""p"":0.0003562247890262444,""r"":36}",
   3727360,         7,         0,   119.6,chromobius,a591b3cc8b2d0ec8c22562d4f5386816859e2dd4862c9f98f11050a2c108af82,"{""d"":9,""p"":0.0001,""r"":36}",
   3108864,         7,         0,   119.7,chromobius,e07eb8b9f35f85ae5e3e6c64ca7473742f56ca86c83cc97a638802e9d1b840b9,"{""d"":9,""p"":0.00011721022975334806,""r"":36}",
    806912,        39,         0,    62.9,chromobius,db40c93e3549aacc86d995f83734c17627e0d29fbae8e6d3e9431e224227ff6e,"{""d"":9,""p"":0.0002592943797404667,""r"":36}",
   2756608,        23,         0,   119.7,chromobius,e91bbb960d8a951276c5179002b0daff931db29441971e084860ec9c51868478,"{""d"":9,""p"":0.00013738237958832623,""r"":36}",
   8816640,       517,         0,   119.1,chromobius,a3663bdd2ddc482309ade5ae0097023a1b45574401b62c9c9ca45112c6ea5048,"{""d"":7,""p"":0.00011721022975334806,""r"":28}",
   7851008,       607,         0,   119.2,chromobius,af261cd57f409487e23c346164ebd01a37d1aebb4e03bc19b5c2de6ea5c55924,"{""d"":7,""p"":0.00013738237958832623,""r"":28}",
   6861824,       793,         0,   119.3,chromobius,5557295e26dcb01e1b08072900fa3a5955d5b87d88bfe215b35252ea7798fac7,"{""d"":7,""p"":0.00016102620275609394,""r"":28}",
    223232,        31,         0,    23.0,chromobius,03c8e9f29b1d6baa14724201f89d901da22f33cf231b11974b4ddb7747adc8e6,"{""d"":9,""p"":0.0003562247890262444,""r"":36}",
   2488320,        29,         0,   119.8,chromobius,289a2555d7b55990d08478341e4f7a2f7df0b5db292fb25b007ba2ff7a6611f2,"{""d"":9,""p"":0.00016102620275609394,""r"":36}",
    349184,        25,         0,    32.2,chromobius,85bcdce8107bc60244ab91e109bb67b88bcc5da5e8029ab70fee3815d05ba2fc,"{""d"":9,""p"":0.0003039195382313198,""r"":36}",
   2072576,        41,         0,   119.8,chromobius,ef319fb3c976f34bd0d9f3548bf94401473161e521a8519f112c51e024784cb6,"{""d"":9,""p"":0.00018873918221350977,""r"":36}",
    418671,        16,         0,    5.71,chromobius,a3663bdd2ddc482309ade5ae0097023a1b45574401b62c9c9ca45112c6ea5048,"{""d"":7,""p"":0.00011721022975334806,""r"":28}",
       273,         0,         0,   0.039,chromobius,b2b35cfd333a9434155bbd34c9f15b875d0067aa138b8a9465d8b2371ed08565,"{""d"":9,""p"":0.00041753189365604,""r"":36}",
      1024,         1,         0,   0.124,chromobius,b2b35cfd333a9434155bbd34c9f15b875d0067aa138b8a9465d8b2371ed08565,"{""d"":9,""p"":0.00041753189365604,""r"":36}",
      1024,         0,         0,   0.121,chromobius,b2b35cfd333a9434155bbd34c9f15b875d0067aa138b8a9465d8b2371ed08565,"{""d"":9,""p"":0.00041753189365604,""r"":36}",
      1024,         0,         0,   0.131,chromobius,b2b35cfd333a9434155bbd34c9f15b875d0067aa138b8a9465d8b2371ed08565,"{""d"":9,""p"":0.00041753189365604,""r"":36}",
      1024,         0,         0,   0.121,chromobius,b2b35cfd333a9434155bbd34c9f15b875d0067aa138b8a9465d8b2371ed08565,"{""d"":9,""p"":0.00041753189365604,""r"":36}",
      1024,         0,         0,   0.126,chromobius,b2b35cfd333a9434155bbd34c9f15b875d0067aa138b8a9465d8b2371ed08565,"{""d"":9,""p"":0.00041753189365604,""r"":36}",
      1024,         1,         0,   0.114,chromobius,b2b35cfd333a9434155bbd34c9f15b875d0067aa138b8a9465d8b2371ed08565,"{""d"":9,""p"":0.00041753189365604,""r"":36}",
      1024,         0,         0,   0.130,chromobius,b2b35cfd333a9434155bbd34c9f15b875d0067aa138b8a9465d8b2371ed08565,"{""d"":9,""p"":0.00041753189365604,""r"":36}",
      2048,         1,         0,   0.237,chromobius,b2b35cfd333a9434155bbd34c9f15b875d0067aa138b8a9465d8b2371ed08565,"{""d"":9,""p"":0.00041753189365604,""r"":36}",
      2048,         1,         0,   0.243,chromobius,b2b35cfd333a9434155bbd34c9f15b875d0067aa138b8a9465d8b2371ed08565,"{""d"":9,""p"":0.00041753189365604,""r"":36}",
      3072,         0,         0,   0.362,chromobius,b2b35cfd333a9434155bbd34c9f15b875d0067aa138b8a9465d8b2371ed08565,"{""d"":9,""p"":0.00041753189365604,""r"":36}",
      4096,         0,         0,   0.491,chromobius,b2b35cfd333a9434155bbd34c9f15b875d0067aa138b8a9465d8b2371ed08565,"{""d"":9,""p"":0.00041753189365604,""r"":36}",
      5120,         3,         0,   0.577,chromobius,b2b35cfd333a9434155bbd34c9f15b875d0067aa138b8a9465d8b2371ed08565,"{""d"":9,""p"":0.00041753189365604,""r"":36}",
      7168,         2,         0,   0.801,chromobius,b2b35cfd333a9434155bbd34c9f15b875d0067aa138b8a9465d8b2371ed08565,"{""d"":9,""p"":0.00041753189365604,""r"":36}",
     10240,         4,         0,    1.18,chromobius,b2b35cfd333a9434155bbd34c9f15b875d0067aa138b8a9465d8b2371ed08565,"{""d"":9,""p"":0.00041753189365604,""r"":36}",
     14336,         1,         0,    1.65,chromobius,b2b35cfd333a9434155bbd34c9f15b875d0067aa138b8a9465d8b2371ed08565,"{""d"":9,""p"":0.00041753189365604,""r"":36}",
     19456,         6,         0,    2.20,chromobius,b2b35cfd333a9434155bbd34c9f15b875d0067aa138b8a9465d8b2371ed08565,"{""d"":9,""p"":0.00041753189365604,""r"":36}",
     27648,         9,         0,    3.14,chromobius,b2b35cfd333a9434155bbd34c9f15b875d0067aa138b8a9465d8b2371ed08565,"{""d"":9,""p"":0.00041753189365604,""r"":36}",
     36864,        12,         0,    4.29,chromobius,b2b35cfd333a9434155bbd34c9f15b875d0067aa138b8a9465d8b2371ed08565,"{""d"":9,""p"":0.00041753189365604,""r"":36}",
     50176,        11,         0,    6.01,chromobius,b2b35cfd333a9434155bbd34c9f15b875d0067aa138b8a9465d8b2371ed08565,"{""d"":9,""p"":0.00041753189365604,""r"":36}",
    301056,        44,         0,    32.2,chromobius,03c8e9f29b1d6baa14724201f89d901da22f33cf231b11974b4ddb7747adc8e6,"{""d"":9,""p"":0.0003562247890262444,""r"":36}",
     71680,        11,         0,    8.37,chromobius,b2b35cfd333a9434155bbd34c9f15b875d0067aa138b8a9465d8b2371ed08565,"{""d"":9,""p"":0.00041753189365604,""r"":36}",
   2059264,       262,         0,    36.1,chromobius,5557295e26dcb01e1b08072900fa3a5955d5b87d88bfe215b35252ea7798fac7,"{""d"":7,""p"":0.00016102620275609394,""r"":28}",
       273,         0,         0,   0.041,chromobius,d9989724e48d61e55f6ff3d700e058afa299cc60ecdf78ff0ce714526bba3b85,"{""d"":9,""p"":0.0004893900918477494,""r"":36}",
      1024,         0,         0,   0.136,chromobius,d9989724e48d61e55f6ff3d700e058afa299cc60ecdf78ff0ce714526bba3b85,"{""d"":9,""p"":0.0004893900918477494,""r"":36}",
      1024,         0,         0,   0.151,chromobius,d9989724e48d61e55f6ff3d700e058afa299cc60ecdf78ff0ce714526bba3b85,"{""d"":9,""p"":0.0004893900918477494,""r"":36}",
      1024,         0,         0,   0.141,chromobius,d9989724e48d61e55f6ff3d700e058afa299cc60ecdf78ff0ce714526bba3b85,"{""d"":9,""p"":0.0004893900918477494,""r"":36}",
      1024,         0,         0,   0.145,chromobius,d9989724e48d61e55f6ff3d700e058afa299cc60ecdf78ff0ce714526bba3b85,"{""d"":9,""p"":0.0004893900918477494,""r"":36}",
      1024,         0,         0,   0.138,chromobius,d9989724e48d61e55f6ff3d700e058afa299cc60ecdf78ff0ce714526bba3b85,"{""d"":9,""p"":0.0004893900918477494,""r"":36}",
      1024,         0,         0,   0.146,chromobius,d9989724e48d61e55f6ff3d700e058afa299cc60ecdf78ff0ce714526bba3b85,"{""d"":9,""p"":0.0004893900918477494,""r"":36}",
      1024,         0,         0,   0.152,chromobius,d9989724e48d61e55f6ff3d700e058afa299cc60ecdf78ff0ce714526bba3b85,"{""d"":9,""p"":0.0004893900918477494,""r"":36}",
      1024,         0,         0,   0.150,chromobius,d9989724e48d61e55f6ff3d700e058afa299cc60ecdf78ff0ce714526bba3b85,"{""d"":9,""p"":0.0004893900918477494,""r"":36}",
      2048,         0,         0,   0.298,chromobius,d9989724e48d61e55f6ff3d700e058afa299cc60ecdf78ff0ce714526bba3b85,"{""d"":9,""p"":0.0004893900918477494,""r"":36}",
      3072,         0,         0,   0.417,chromobius,d9989724e48d61e55f6ff3d700e058afa299cc60ecdf78ff0ce714526bba3b85,"{""d"":9,""p"":0.0004893900918477494,""r"":36}",
      3072,         3,         0,   0.452,chromobius,d9989724e48d61e55f6ff3d700e058afa299cc60ecdf78ff0ce714526bba3b85,"{""d"":9,""p"":0.0004893900918477494,""r"":36}",
      4096,         3,         0,   0.574,chromobius,d9989724e48d61e55f6ff3d700e058afa299cc60ecdf78ff0ce714526bba3b85,"{""d"":9,""p"":0.0004893900918477494,""r"":36}",
      6144,         1,         0,   0.865,chromobius,d9989724e48d61e55f6ff3d700e058afa299cc60ecdf78ff0ce714526bba3b85,"{""d"":9,""p"":0.0004893900918477494,""r"":36}",
      8192,         3,         0,    1.12,chromobius,d9989724e48d61e55f6ff3d700e058afa299cc60ecdf78ff0ce714526bba3b85,"{""d"":9,""p"":0.0004893900918477494,""r"":36}",
     12288,         8,         0,    1.67,chromobius,d9989724e48d61e55f6ff3d700e058afa299cc60ecdf78ff0ce714526bba3b85,"{""d"":9,""p"":0.0004893900918477494,""r"":36}",
     16384,         5,         0,    2.24,chromobius,d9989724e48d61e55f6ff3d700e058afa299cc60ecdf78ff0ce714526bba3b85,"{""d"":9,""p"":0.0004893900918477494,""r"":36}",
    103424,        28,         0,    11.8,chromobius,b2b35cfd333a9434155bbd34c9f15b875d0067aa138b8a9465d8b2371ed08565,"{""d"":9,""p"":0.00041753189365604,""r"":36}",
     22528,        12,         0,    3.17,chromobius,d9989724e48d61e55f6ff3d700e058afa299cc60ecdf78ff0ce714526bba3b85,"{""d"":9,""p"":0.0004893900918477494,""r"":36}",
    479232,        39,         0,    45.0,chromobius,85bcdce8107bc60244ab91e109bb67b88bcc5da5e8029ab70fee3815d05ba2fc,"{""d"":9,""p"":0.0003039195382313198,""r"":36}",
     31744,        14,         0,    4.38,chromobius,d9989724e48d61e55f6ff3d700e058afa299cc60ecdf78ff0ce714526bba3b85,"{""d"":9,""p"":0.0004893900918477494,""r"":36}",
     43008,        22,         0,    5.97,chromobius,d9989724e48d61e55f6ff3d700e058afa299cc60ecdf78ff0ce714526bba3b85,"{""d"":9,""p"":0.0004893900918477494,""r"":36}",
    144384,        33,         0,    16.4,chromobius,b2b35cfd333a9434155bbd34c9f15b875d0067aa138b8a9465d8b2371ed08565,"{""d"":9,""p"":0.00041753189365604,""r"":36}",
     60416,        26,         0,    8.39,chromobius,d9989724e48d61e55f6ff3d700e058afa299cc60ecdf78ff0ce714526bba3b85,"{""d"":9,""p"":0.0004893900918477494,""r"":36}",
   1770496,        64,         0,   119.8,chromobius,9aeb51568bfb43d85d47916214702632d2e51185b5a2892d773c4d6514f6b90e,"{""d"":9,""p"":0.000221221629107045,""r"":36}",
    411648,        62,         0,    45.0,chromobius,03c8e9f29b1d6baa14724201f89d901da22f33cf231b11974b4ddb7747adc8e6,"{""d"":9,""p"":0.0003562247890262444,""r"":36}",
     82944,        25,         0,    11.8,chromobius,d9989724e48d61e55f6ff3d700e058afa299cc60ecdf78ff0ce714526bba3b85,"{""d"":9,""p"":0.0004893900918477494,""r"":36}",
   5260143,       443,         0,    81.6,chromobius,af261cd57f409487e23c346164ebd01a37d1aebb4e03bc19b5c2de6ea5c55924,"{""d"":7,""p"":0.00013738237958832623,""r"":28}",
   1147904,        62,         0,    88.1,chromobius,db40c93e3549aacc86d995f83734c17627e0d29fbae8e6d3e9431e224227ff6e,"{""d"":9,""p"":0.0002592943797404667,""r"":36}",
       273,         0,         0,   0.054,chromobius,71f771e4177f75919c03f6531a2015149bc6e1bf8feef5582d7e4a3a86f5d41f,"{""d"":9,""p"":0.0005736152510448681,""r"":36}",
      1024,         1,         0,   0.177,chromobius,71f771e4177f75919c03f6531a2015149bc6e1bf8feef5582d7e4a3a86f5d41f,"{""d"":9,""p"":0.0005736152510448681,""r"":36}",
      1024,         0,         0,   0.173,chromobius,71f771e4177f75919c03f6531a2015149bc6e1bf8feef5582d7e4a3a86f5d41f,"{""d"":9,""p"":0.0005736152510448681,""r"":36}",
      1024,         0,         0,   0.187,chromobius,71f771e4177f75919c03f6531a2015149bc6e1bf8feef5582d7e4a3a86f5d41f,"{""d"":9,""p"":0.0005736152510448681,""r"":36}",
      1024,         0,         0,   0.181,chromobius,71f771e4177f75919c03f6531a2015149bc6e1bf8feef5582d7e4a3a86f5d41f,"{""d"":9,""p"":0.0005736152510448681,""r"":36}",
      1024,         2,         0,   0.181,chromobius,71f771e4177f75919c03f6531a2015149bc6e1bf8feef5582d7e4a3a86f5d41f,"{""d"":9,""p"":0.0005736152510448681,""r"":36}",
      1024,         0,         0,   0.173,chromobius,71f771e4177f75919c03f6531a2015149bc6e1bf8feef5582d7e4a3a86f5d41f,"{""d"":9,""p"":0.0005736152510448681,""r"":36}",
      1024,         4,         0,   0.176,chromobius,71f771e4177f75919c03f6531a2015149bc6e1bf8feef5582d7e4a3a86f5d41f,"{""d"":9,""p"":0.0005736152510448681,""r"":36}",
      1024,         5,         0,   0.185,chromobius,71f771e4177f75919c03f6531a2015149bc6e1bf8feef5582d7e4a3a86f5d41f,"{""d"":9,""p"":0.0005736152510448681,""r"":36}",
      2048,         1,         0,   0.354,chromobius,71f771e4177f75919c03f6531a2015149bc6e1bf8feef5582d7e4a3a86f5d41f,"{""d"":9,""p"":0.0005736152510448681,""r"":36}",
      2048,         2,         0,   0.368,chromobius,71f771e4177f75919c03f6531a2015149bc6e1bf8feef5582d7e4a3a86f5d41f,"{""d"":9,""p"":0.0005736152510448681,""r"":36}",
      3072,         4,         0,   0.538,chromobius,71f771e4177f75919c03f6531a2015149bc6e1bf8feef5582d7e4a3a86f5d41f,"{""d"":9,""p"":0.0005736152510448681,""r"":36}",
      4096,         1,         0,   0.698,chromobius,71f771e4177f75919c03f6531a2015149bc6e1bf8feef5582d7e4a3a86f5d41f,"{""d"":9,""p"":0.0005736152510448681,""r"":36}",
      5120,         2,         0,   0.876,chromobius,71f771e4177f75919c03f6531a2015149bc6e1bf8feef5582d7e4a3a86f5d41f,"{""d"":9,""p"":0.0005736152510448681,""r"":36}",
    199680,        40,         0,    23.0,chromobius,b2b35cfd333a9434155bbd34c9f15b875d0067aa138b8a9465d8b2371ed08565,"{""d"":9,""p"":0.00041753189365604,""r"":36}",
      7168,         2,         0,    1.23,chromobius,71f771e4177f75919c03f6531a2015149bc6e1bf8feef5582d7e4a3a86f5d41f,"{""d"":9,""p"":0.0005736152510448681,""r"":36}",
      9216,         9,         0,    1.61,chromobius,71f771e4177f75919c03f6531a2015149bc6e1bf8feef5582d7e4a3a86f5d41f,"{""d"":9,""p"":0.0005736152510448681,""r"":36}",
     13312,        11,         0,    2.29,chromobius,71f771e4177f75919c03f6531a2015149bc6e1bf8feef5582d7e4a3a86f5d41f,"{""d"":9,""p"":0.0005736152510448681,""r"":36}",
     17408,        14,         0,    3.07,chromobius,71f771e4177f75919c03f6531a2015149bc6e1bf8feef5582d7e4a3a86f5d41f,"{""d"":9,""p"":0.0005736152510448681,""r"":36}",
    115712,        42,         0,    16.5,chromobius,d9989724e48d61e55f6ff3d700e058afa299cc60ecdf78ff0ce714526bba3b85,"{""d"":9,""p"":0.0004893900918477494,""r"":36}",
     24576,        19,         0,    4.33,chromobius,71f771e4177f75919c03f6531a2015149bc6e1bf8feef5582d7e4a3a86f5d41f,"{""d"":9,""p"":0.0005736152510448681,""r"":36}",
     34816,        35,         0,    6.12,chromobius,71f771e4177f75919c03f6531a2015149bc6e1bf8feef5582d7e4a3a86f5d41f,"{""d"":9,""p"":0.0005736152510448681,""r"":36}",
   3601408,        11,         0,   119.6,chromobius,a591b3cc8b2d0ec8c22562d4f5386816859e2dd4862c9f98f11050a2c108af82,"{""d"":9,""p"":0.0001,""r"":36}",
   3034112,        13,         0,   119.7,chromobius,e07eb8b9f35f85ae5e3e6c64ca7473742f56ca86c83cc97a638802e9d1b840b9,"{""d"":9,""p"":0.00011721022975334806,""r"":36}",
    661504,        44,         0,    62.9,chromobius,85bcdce8107bc60244ab91e109bb67b88bcc5da5e8029ab70fee3815d05ba2fc,"{""d"":9,""p"":0.0003039195382313198,""r"":36}",
     47104,        35,         0,    8.37,chromobius,71f771e4177f75919c03f6531a2015149bc6e1bf8feef5582d7e4a3a86f5d41f,"{""d"":9,""p"":0.0005736152510448681,""r"":36}",
   2708480,        20,         0,   119.7,chromobius,e91bbb960d8a951276c5179002b0daff931db29441971e084860ec9c51868478,"{""d"":9,""p"":0.00013738237958832623,""r"":36}",
    159744,        73,         0,    23.0,chromobius,d9989724e48d61e55f6ff3d700e058afa299cc60ecdf78ff0ce714526bba3b85,"{""d"":9,""p"":0.0004893900918477494,""r"":36}",
    275456,        86,         0,    32.1,chromobius,b2b35cfd333a9434155bbd34c9f15b875d0067aa138b8a9465d8b2371ed08565,"{""d"":9,""p"":0.00041753189365604,""r"":36}",
   2547712,        29,         0,   119.7,chromobius,289a2555d7b55990d08478341e4f7a2f7df0b5db292fb25b007ba2ff7a6611f2,"{""d"":9,""p"":0.00016102620275609394,""r"":36}",
   1979392,        43,         0,   119.8,chromobius,ef319fb3c976f34bd0d9f3548bf94401473161e521a8519f112c51e024784cb6,"{""d"":9,""p"":0.00018873918221350977,""r"":36}",
     66560,        51,         0,    11.7,chromobius,71f771e4177f75919c03f6531a2015149bc6e1bf8feef5582d7e4a3a86f5d41f,"{""d"":9,""p"":0.0005736152510448681,""r"":36}",
    601088,        90,         0,    63.0,chromobius,03c8e9f29b1d6baa14724201f89d901da22f33cf231b11974b4ddb7747adc8e6,"{""d"":9,""p"":0.0003562247890262444,""r"":36}",
     94208,        86,         0,    16.5,chromobius,71f771e4177f75919c03f6531a2015149bc6e1bf8feef5582d7e4a3a86f5d41f,"{""d"":9,""p"":0.0005736152510448681,""r"":36}",
    221184,        86,         0,    32.1,chromobius,d9989724e48d61e55f6ff3d700e058afa299cc60ecdf78ff0ce714526bba3b85,"{""d"":9,""p"":0.0004893900918477494,""r"":36}",
    381952,       102,         0,    45.0,chromobius,b2b35cfd333a9434155bbd34c9f15b875d0067aa138b8a9465d8b2371ed08565,"{""d"":9,""p"":0.00041753189365604,""r"":36}",
    134144,        97,         0,    23.0,chromobius,71f771e4177f75919c03f6531a2015149bc6e1bf8feef5582d7e4a3a86f5d41f,"{""d"":9,""p"":0.0005736152510448681,""r"":36}",
    307200,       139,         0,    45.1,chromobius,d9989724e48d61e55f6ff3d700e058afa299cc60ecdf78ff0ce714526bba3b85,"{""d"":9,""p"":0.0004893900918477494,""r"":36}",
    191488,       152,         0,    32.2,chromobius,71f771e4177f75919c03f6531a2015149bc6e1bf8feef5582d7e4a3a86f5d41f,"{""d"":9,""p"":0.0005736152510448681,""r"":36}",
   1699840,        56,         0,   119.8,chromobius,9aeb51568bfb43d85d47916214702632d2e51185b5a2892d773c4d6514f6b90e,"{""d"":9,""p"":0.000221221629107045,""r"":36}",
    927744,        87,         0,    88.1,chromobius,85bcdce8107bc60244ab91e109bb67b88bcc5da5e8029ab70fee3815d05ba2fc,"{""d"":9,""p"":0.0003039195382313198,""r"":36}",
   1526784,        78,         0,   119.9,chromobius,db40c93e3549aacc86d995f83734c17627e0d29fbae8e6d3e9431e224227ff6e,"{""d"":9,""p"":0.0002592943797404667,""r"":36}",
    541696,       126,         0,    62.9,chromobius,b2b35cfd333a9434155bbd34c9f15b875d0067aa138b8a9465d8b2371ed08565,"{""d"":9,""p"":0.00041753189365604,""r"":36}",
   3578880,        10,         0,   119.6,chromobius,a591b3cc8b2d0ec8c22562d4f5386816859e2dd4862c9f98f11050a2c108af82,"{""d"":9,""p"":0.0001,""r"":36}",
    811008,       138,         0,    88.1,chromobius,03c8e9f29b1d6baa14724201f89d901da22f33cf231b11974b4ddb7747adc8e6,"{""d"":9,""p"":0.0003562247890262444,""r"":36}",
   3027968,        15,         0,   119.6,chromobius,e07eb8b9f35f85ae5e3e6c64ca7473742f56ca86c83cc97a638802e9d1b840b9,"{""d"":9,""p"":0.00011721022975334806,""r"":36}",
   2685952,        20,         0,   119.7,chromobius,e91bbb960d8a951276c5179002b0daff931db29441971e084860ec9c51868478,"{""d"":9,""p"":0.00013738237958832623,""r"":36}",
    265216,       228,         0,    45.0,chromobius,71f771e4177f75919c03f6531a2015149bc6e1bf8feef5582d7e4a3a86f5d41f,"{""d"":9,""p"":0.0005736152510448681,""r"":36}",
   2411520,        28,         0,   119.7,chromobius,289a2555d7b55990d08478341e4f7a2f7df0b5db292fb25b007ba2ff7a6611f2,"{""d"":9,""p"":0.00016102620275609394,""r"":36}",
   1990656,        38,         0,   119.8,chromobius,ef319fb3c976f34bd0d9f3548bf94401473161e521a8519f112c51e024784cb6,"{""d"":9,""p"":0.00018873918221350977,""r"":36}",
    433152,       187,         0,    63.1,chromobius,d9989724e48d61e55f6ff3d700e058afa299cc60ecdf78ff0ce714526bba3b85,"{""d"":9,""p"":0.0004893900918477494,""r"":36}",
    371712,       305,         0,    63.0,chromobius,71f771e4177f75919c03f6531a2015149bc6e1bf8feef5582d7e4a3a86f5d41f,"{""d"":9,""p"":0.0005736152510448681,""r"":36}",
    757760,       175,         0,    88.1,chromobius,b2b35cfd333a9434155bbd34c9f15b875d0067aa138b8a9465d8b2371ed08565,"{""d"":9,""p"":0.00041753189365604,""r"":36}",
   1701888,        42,         0,   119.8,chromobius,9aeb51568bfb43d85d47916214702632d2e51185b5a2892d773c4d6514f6b90e,"{""d"":9,""p"":0.000221221629107045,""r"":36}",
   1264640,       116,         0,   119.9,chromobius,85bcdce8107bc60244ab91e109bb67b88bcc5da5e8029ab70fee3815d05ba2fc,"{""d"":9,""p"":0.0003039195382313198,""r"":36}",
   1576960,        78,         0,   119.8,chromobius,db40c93e3549aacc86d995f83734c17627e0d29fbae8e6d3e9431e224227ff6e,"{""d"":9,""p"":0.0002592943797404667,""r"":36}",
    604160,       256,         0,    88.2,chromobius,d9989724e48d61e55f6ff3d700e058afa299cc60ecdf78ff0ce714526bba3b85,"{""d"":9,""p"":0.0004893900918477494,""r"":36}",
   3585024,         8,         0,   119.6,chromobius,a591b3cc8b2d0ec8c22562d4f5386816859e2dd4862c9f98f11050a2c108af82,"{""d"":9,""p"":0.0001,""r"":36}",
   1104896,       160,         0,   120.0,chromobius,03c8e9f29b1d6baa14724201f89d901da22f33cf231b11974b4ddb7747adc8e6,"{""d"":9,""p"":0.0003562247890262444,""r"":36}",
   3025920,        16,         0,   119.6,chromobius,e07eb8b9f35f85ae5e3e6c64ca7473742f56ca86c83cc97a638802e9d1b840b9,"{""d"":9,""p"":0.00011721022975334806,""r"":36}",
   2722816,        19,         0,   119.7,chromobius,e91bbb960d8a951276c5179002b0daff931db29441971e084860ec9c51868478,"{""d"":9,""p"":0.00013738237958832623,""r"":36}",
   2339840,        25,         0,   119.7,chromobius,289a2555d7b55990d08478341e4f7a2f7df0b5db292fb25b007ba2ff7a6611f2,"{""d"":9,""p"":0.00016102620275609394,""r"":36}",
   1951744,        37,         0,   119.8,chromobius,ef319fb3c976f34bd0d9f3548bf94401473161e521a8519f112c51e024784cb6,"{""d"":9,""p"":0.00018873918221350977,""r"":36}",
    528384,       393,         0,    88.2,chromobius,71f771e4177f75919c03f6531a2015149bc6e1bf8feef5582d7e4a3a86f5d41f,"{""d"":9,""p"":0.0005736152510448681,""r"":36}",
   1038336,       275,         0,   119.9,chromobius,b2b35cfd333a9434155bbd34c9f15b875d0067aa138b8a9465d8b2371ed08565,"{""d"":9,""p"":0.00041753189365604,""r"":36}",
   1683456,        56,         0,   119.8,chromobius,9aeb51568bfb43d85d47916214702632d2e51185b5a2892d773c4d6514f6b90e,"{""d"":9,""p"":0.000221221629107045,""r"":36}",
   1243136,        98,         0,   119.9,chromobius,85bcdce8107bc60244ab91e109bb67b88bcc5da5e8029ab70fee3815d05ba2fc,"{""d"":9,""p"":0.0003039195382313198,""r"":36}",
   1613824,        79,         0,   119.8,chromobius,db40c93e3549aacc86d995f83734c17627e0d29fbae8e6d3e9431e224227ff6e,"{""d"":9,""p"":0.0002592943797404667,""r"":36}",
    791552,       372,         0,   119.9,chromobius,d9989724e48d61e55f6ff3d700e058afa299cc60ecdf78ff0ce714526bba3b85,"{""d"":9,""p"":0.0004893900918477494,""r"":36}",
   3486720,        10,         0,   119.6,chromobius,a591b3cc8b2d0ec8c22562d4f5386816859e2dd4862c9f98f11050a2c108af82,"{""d"":9,""p"":0.0001,""r"":36}",
   1128448,       160,         0,   119.9,chromobius,03c8e9f29b1d6baa14724201f89d901da22f33cf231b11974b4ddb7747adc8e6,"{""d"":9,""p"":0.0003562247890262444,""r"":36}",
   2945024,         8,         0,   119.6,chromobius,e07eb8b9f35f85ae5e3e6c64ca7473742f56ca86c83cc97a638802e9d1b840b9,"{""d"":9,""p"":0.00011721022975334806,""r"":36}",
   2667520,        10,         0,   119.7,chromobius,e91bbb960d8a951276c5179002b0daff931db29441971e084860ec9c51868478,"{""d"":9,""p"":0.00013738237958832623,""r"":36}",
   2500608,        28,         0,   119.7,chromobius,289a2555d7b55990d08478341e4f7a2f7df0b5db292fb25b007ba2ff7a6611f2,"{""d"":9,""p"":0.00016102620275609394,""r"":36}",
   2013184,        41,         0,   119.8,chromobius,ef319fb3c976f34bd0d9f3548bf94401473161e521a8519f112c51e024784cb6,"{""d"":9,""p"":0.00018873918221350977,""r"":36}",
    668672,       522,         0,   119.9,chromobius,71f771e4177f75919c03f6531a2015149bc6e1bf8feef5582d7e4a3a86f5d41f,"{""d"":9,""p"":0.0005736152510448681,""r"":36}",
   1002496,       247,         0,   119.9,chromobius,b2b35cfd333a9434155bbd34c9f15b875d0067aa138b8a9465d8b2371ed08565,"{""d"":9,""p"":0.00041753189365604,""r"":36}",
   1659904,        46,         0,   119.8,chromobius,9aeb51568bfb43d85d47916214702632d2e51185b5a2892d773c4d6514f6b90e,"{""d"":9,""p"":0.000221221629107045,""r"":36}",
   1225728,        99,         0,   119.9,chromobius,85bcdce8107bc60244ab91e109bb67b88bcc5da5e8029ab70fee3815d05ba2fc,"{""d"":9,""p"":0.0003039195382313198,""r"":36}",
   1584128,        96,         0,   119.8,chromobius,db40c93e3549aacc86d995f83734c17627e0d29fbae8e6d3e9431e224227ff6e,"{""d"":9,""p"":0.0002592943797404667,""r"":36}",
    842752,       376,         0,   120.0,chromobius,d9989724e48d61e55f6ff3d700e058afa299cc60ecdf78ff0ce714526bba3b85,"{""d"":9,""p"":0.0004893900918477494,""r"":36}",
   3657728,         6,         0,   119.6,chromobius,a591b3cc8b2d0ec8c22562d4f5386816859e2dd4862c9f98f11050a2c108af82,"{""d"":9,""p"":0.0001,""r"":36}",
   1202176,       177,         0,   119.9,chromobius,03c8e9f29b1d6baa14724201f89d901da22f33cf231b11974b4ddb7747adc8e6,"{""d"":9,""p"":0.0003562247890262444,""r"":36}",
   3017728,        13,         0,   119.6,chromobius,e07eb8b9f35f85ae5e3e6c64ca7473742f56ca86c83cc97a638802e9d1b840b9,"{""d"":9,""p"":0.00011721022975334806,""r"":36}",
   2610176,        10,         0,   119.7,chromobius,e91bbb960d8a951276c5179002b0daff931db29441971e084860ec9c51868478,"{""d"":9,""p"":0.00013738237958832623,""r"":36}",
   2436096,        35,         0,   119.7,chromobius,289a2555d7b55990d08478341e4f7a2f7df0b5db292fb25b007ba2ff7a6611f2,"{""d"":9,""p"":0.00016102620275609394,""r"":36}",
   2054144,        45,         0,   119.8,chromobius,ef319fb3c976f34bd0d9f3548bf94401473161e521a8519f112c51e024784cb6,"{""d"":9,""p"":0.00018873918221350977,""r"":36}",
    656384,       514,         0,   120.0,chromobius,71f771e4177f75919c03f6531a2015149bc6e1bf8feef5582d7e4a3a86f5d41f,"{""d"":9,""p"":0.0005736152510448681,""r"":36}",
    989184,       250,         0,   119.9,chromobius,b2b35cfd333a9434155bbd34c9f15b875d0067aa138b8a9465d8b2371ed08565,"{""d"":9,""p"":0.00041753189365604,""r"":36}",
   1660928,        51,         0,   119.8,chromobius,9aeb51568bfb43d85d47916214702632d2e51185b5a2892d773c4d6514f6b90e,"{""d"":9,""p"":0.000221221629107045,""r"":36}",
   1223680,       107,         0,   119.9,chromobius,85bcdce8107bc60244ab91e109bb67b88bcc5da5e8029ab70fee3815d05ba2fc,"{""d"":9,""p"":0.0003039195382313198,""r"":36}",
   1558528,        88,         0,   119.8,chromobius,db40c93e3549aacc86d995f83734c17627e0d29fbae8e6d3e9431e224227ff6e,"{""d"":9,""p"":0.0002592943797404667,""r"":36}",
    835584,       378,         0,   119.9,chromobius,d9989724e48d61e55f6ff3d700e058afa299cc60ecdf78ff0ce714526bba3b85,"{""d"":9,""p"":0.0004893900918477494,""r"":36}",
   3671040,        11,         0,   119.5,chromobius,a591b3cc8b2d0ec8c22562d4f5386816859e2dd4862c9f98f11050a2c108af82,"{""d"":9,""p"":0.0001,""r"":36}",
   1202176,       165,         0,   119.9,chromobius,03c8e9f29b1d6baa14724201f89d901da22f33cf231b11974b4ddb7747adc8e6,"{""d"":9,""p"":0.0003562247890262444,""r"":36}",
   3016704,         9,         0,   119.7,chromobius,e07eb8b9f35f85ae5e3e6c64ca7473742f56ca86c83cc97a638802e9d1b840b9,"{""d"":9,""p"":0.00011721022975334806,""r"":36}",
   2618368,        21,         0,   119.7,chromobius,e91bbb960d8a951276c5179002b0daff931db29441971e084860ec9c51868478,"{""d"":9,""p"":0.00013738237958832623,""r"":36}",
   2423808,        24,         0,   119.7,chromobius,289a2555d7b55990d08478341e4f7a2f7df0b5db292fb25b007ba2ff7a6611f2,"{""d"":9,""p"":0.00016102620275609394,""r"":36}",
   2052096,        28,         0,   119.8,chromobius,ef319fb3c976f34bd0d9f3548bf94401473161e521a8519f112c51e024784cb6,"{""d"":9,""p"":0.00018873918221350977,""r"":36}",
    675840,       503,         0,   120.1,chromobius,71f771e4177f75919c03f6531a2015149bc6e1bf8feef5582d7e4a3a86f5d41f,"{""d"":9,""p"":0.0005736152510448681,""r"":36}",
    980992,       245,         0,   119.9,chromobius,b2b35cfd333a9434155bbd34c9f15b875d0067aa138b8a9465d8b2371ed08565,"{""d"":9,""p"":0.00041753189365604,""r"":36}",
   1667072,        53,         0,   119.8,chromobius,9aeb51568bfb43d85d47916214702632d2e51185b5a2892d773c4d6514f6b90e,"{""d"":9,""p"":0.000221221629107045,""r"":36}",
   1235968,       104,         0,   119.9,chromobius,85bcdce8107bc60244ab91e109bb67b88bcc5da5e8029ab70fee3815d05ba2fc,"{""d"":9,""p"":0.0003039195382313198,""r"":36}",
   1446912,        62,         0,   119.9,chromobius,db40c93e3549aacc86d995f83734c17627e0d29fbae8e6d3e9431e224227ff6e,"{""d"":9,""p"":0.0002592943797404667,""r"":36}",
    823296,       359,         0,   119.9,chromobius,d9989724e48d61e55f6ff3d700e058afa299cc60ecdf78ff0ce714526bba3b85,"{""d"":9,""p"":0.0004893900918477494,""r"":36}",
   3697664,         5,         0,   119.5,chromobius,a591b3cc8b2d0ec8c22562d4f5386816859e2dd4862c9f98f11050a2c108af82,"{""d"":9,""p"":0.0001,""r"":36}",
   1187840,       178,         0,   119.9,chromobius,03c8e9f29b1d6baa14724201f89d901da22f33cf231b11974b4ddb7747adc8e6,"{""d"":9,""p"":0.0003562247890262444,""r"":36}",
   3025920,        14,         0,   119.7,chromobius,e07eb8b9f35f85ae5e3e6c64ca7473742f56ca86c83cc97a638802e9d1b840b9,"{""d"":9,""p"":0.00011721022975334806,""r"":36}",
   2642944,        18,         0,   119.7,chromobius,e91bbb960d8a951276c5179002b0daff931db29441971e084860ec9c51868478,"{""d"":9,""p"":0.00013738237958832623,""r"":36}",
   2456576,        21,         0,   119.7,chromobius,289a2555d7b55990d08478341e4f7a2f7df0b5db292fb25b007ba2ff7a6611f2,"{""d"":9,""p"":0.00016102620275609394,""r"":36}",
   2013184,        52,         0,   119.8,chromobius,ef319fb3c976f34bd0d9f3548bf94401473161e521a8519f112c51e024784cb6,"{""d"":9,""p"":0.00018873918221350977,""r"":36}",
    674816,       522,         0,   120.0,chromobius,71f771e4177f75919c03f6531a2015149bc6e1bf8feef5582d7e4a3a86f5d41f,"{""d"":9,""p"":0.0005736152510448681,""r"":36}",
   1018880,       275,         0,   119.9,chromobius,b2b35cfd333a9434155bbd34c9f15b875d0067aa138b8a9465d8b2371ed08565,"{""d"":9,""p"":0.00041753189365604,""r"":36}",
   1723392,        51,         0,   119.8,chromobius,9aeb51568bfb43d85d47916214702632d2e51185b5a2892d773c4d6514f6b90e,"{""d"":9,""p"":0.000221221629107045,""r"":36}",
   1259520,       106,         0,   119.9,chromobius,85bcdce8107bc60244ab91e109bb67b88bcc5da5e8029ab70fee3815d05ba2fc,"{""d"":9,""p"":0.0003039195382313198,""r"":36}",
   1529856,        74,         0,   119.9,chromobius,db40c93e3549aacc86d995f83734c17627e0d29fbae8e6d3e9431e224227ff6e,"{""d"":9,""p"":0.0002592943797404667,""r"":36}",
    784384,       315,         0,   119.9,chromobius,d9989724e48d61e55f6ff3d700e058afa299cc60ecdf78ff0ce714526bba3b85,"{""d"":9,""p"":0.0004893900918477494,""r"":36}",
   3722240,        12,         0,   119.6,chromobius,a591b3cc8b2d0ec8c22562d4f5386816859e2dd4862c9f98f11050a2c108af82,"{""d"":9,""p"":0.0001,""r"":36}",
   1153024,       151,         0,   119.9,chromobius,03c8e9f29b1d6baa14724201f89d901da22f33cf231b11974b4ddb7747adc8e6,"{""d"":9,""p"":0.0003562247890262444,""r"":36}",
   3069952,        12,         0,   119.6,chromobius,e07eb8b9f35f85ae5e3e6c64ca7473742f56ca86c83cc97a638802e9d1b840b9,"{""d"":9,""p"":0.00011721022975334806,""r"":36}",
   2640896,        19,         0,   119.7,chromobius,e91bbb960d8a951276c5179002b0daff931db29441971e084860ec9c51868478,"{""d"":9,""p"":0.00013738237958832623,""r"":36}",
   2497536,        26,         0,   119.7,chromobius,289a2555d7b55990d08478341e4f7a2f7df0b5db292fb25b007ba2ff7a6611f2,"{""d"":9,""p"":0.00016102620275609394,""r"":36}",
   1953792,        41,         0,   119.8,chromobius,ef319fb3c976f34bd0d9f3548bf94401473161e521a8519f112c51e024784cb6,"{""d"":9,""p"":0.00018873918221350977,""r"":36}",
    668672,       531,         0,   120.0,chromobius,71f771e4177f75919c03f6531a2015149bc6e1bf8feef5582d7e4a3a86f5d41f,"{""d"":9,""p"":0.0005736152510448681,""r"":36}",
   1012736,       227,         0,   120.0,chromobius,b2b35cfd333a9434155bbd34c9f15b875d0067aa138b8a9465d8b2371ed08565,"{""d"":9,""p"":0.00041753189365604,""r"":36}",
   1703936,        55,         0,   119.8,chromobius,9aeb51568bfb43d85d47916214702632d2e51185b5a2892d773c4d6514f6b90e,"{""d"":9,""p"":0.000221221629107045,""r"":36}",
   1259520,       117,         0,   119.9,chromobius,85bcdce8107bc60244ab91e109bb67b88bcc5da5e8029ab70fee3815d05ba2fc,"{""d"":9,""p"":0.0003039195382313198,""r"":36}",
   1488896,        86,         0,   119.9,chromobius,db40c93e3549aacc86d995f83734c17627e0d29fbae8e6d3e9431e224227ff6e,"{""d"":9,""p"":0.0002592943797404667,""r"":36}",
    814080,       364,         0,   119.9,chromobius,d9989724e48d61e55f6ff3d700e058afa299cc60ecdf78ff0ce714526bba3b85,"{""d"":9,""p"":0.0004893900918477494,""r"":36}",
   3652608,        10,         0,   119.6,chromobius,a591b3cc8b2d0ec8c22562d4f5386816859e2dd4862c9f98f11050a2c108af82,"{""d"":9,""p"":0.0001,""r"":36}",
   1168384,       176,         0,   119.9,chromobius,03c8e9f29b1d6baa14724201f89d901da22f33cf231b11974b4ddb7747adc8e6,"{""d"":9,""p"":0.0003562247890262444,""r"":36}",
   2962432,         7,         0,   119.6,chromobius,e07eb8b9f35f85ae5e3e6c64ca7473742f56ca86c83cc97a638802e9d1b840b9,"{""d"":9,""p"":0.00011721022975334806,""r"":36}",
   2650112,        21,         0,   119.7,chromobius,e91bbb960d8a951276c5179002b0daff931db29441971e084860ec9c51868478,"{""d"":9,""p"":0.00013738237958832623,""r"":36}",
   2443264,        25,         0,   119.7,chromobius,289a2555d7b55990d08478341e4f7a2f7df0b5db292fb25b007ba2ff7a6611f2,"{""d"":9,""p"":0.00016102620275609394,""r"":36}",
   2036736,        41,         0,   119.8,chromobius,ef319fb3c976f34bd0d9f3548bf94401473161e521a8519f112c51e024784cb6,"{""d"":9,""p"":0.00018873918221350977,""r"":36}",
    678912,       514,         0,   120.1,chromobius,71f771e4177f75919c03f6531a2015149bc6e1bf8feef5582d7e4a3a86f5d41f,"{""d"":9,""p"":0.0005736152510448681,""r"":36}",
   1010688,       274,         0,   120.0,chromobius,b2b35cfd333a9434155bbd34c9f15b875d0067aa138b8a9465d8b2371ed08565,"{""d"":9,""p"":0.00041753189365604,""r"":36}",
   1720320,        48,         0,   119.8,chromobius,9aeb51568bfb43d85d47916214702632d2e51185b5a2892d773c4d6514f6b90e,"{""d"":9,""p"":0.000221221629107045,""r"":36}",
   1255424,       108,         0,   119.9,chromobius,85bcdce8107bc60244ab91e109bb67b88bcc5da5e8029ab70fee3815d05ba2fc,"{""d"":9,""p"":0.0003039195382313198,""r"":36}",
   1515520,        67,         0,   119.8,chromobius,db40c93e3549aacc86d995f83734c17627e0d29fbae8e6d3e9431e224227ff6e,"{""d"":9,""p"":0.0002592943797404667,""r"":36}",
    789504,       356,         0,   120.0,chromobius,d9989724e48d61e55f6ff3d700e058afa299cc60ecdf78ff0ce714526bba3b85,"{""d"":9,""p"":0.0004893900918477494,""r"":36}",
   3512320,         8,         0,   119.6,chromobius,a591b3cc8b2d0ec8c22562d4f5386816859e2dd4862c9f98f11050a2c108af82,"{""d"":9,""p"":0.0001,""r"":36}",
   1162240,       167,         0,   119.9,chromobius,03c8e9f29b1d6baa14724201f89d901da22f33cf231b11974b4ddb7747adc8e6,"{""d"":9,""p"":0.0003562247890262444,""r"":36}",
   2981888,        16,         0,   119.6,chromobius,e07eb8b9f35f85ae5e3e6c64ca7473742f56ca86c83cc97a638802e9d1b840b9,"{""d"":9,""p"":0.00011721022975334806,""r"":36}",
   2727936,        10,         0,   119.7,chromobius,e91bbb960d8a951276c5179002b0daff931db29441971e084860ec9c51868478,"{""d"":9,""p"":0.00013738237958832623,""r"":36}",
    228207,         0,         0,    7.48,chromobius,a591b3cc8b2d0ec8c22562d4f5386816859e2dd4862c9f98f11050a2c108af82,"{""d"":9,""p"":0.0001,""r"":36}",
       273,         1,         0,   0.061,chromobius,1bde86419a25b33de2ad00de94714b93d2dc3a62f4e55afea58c49e1d8ec7e6d,"{""d"":9,""p"":0.0006723357536499335,""r"":36}",
      1024,         0,         0,   0.216,chromobius,1bde86419a25b33de2ad00de94714b93d2dc3a62f4e55afea58c49e1d8ec7e6d,"{""d"":9,""p"":0.0006723357536499335,""r"":36}",
      1024,         0,         0,   0.214,chromobius,1bde86419a25b33de2ad00de94714b93d2dc3a62f4e55afea58c49e1d8ec7e6d,"{""d"":9,""p"":0.0006723357536499335,""r"":36}",
      1024,         1,         0,   0.205,chromobius,1bde86419a25b33de2ad00de94714b93d2dc3a62f4e55afea58c49e1d8ec7e6d,"{""d"":9,""p"":0.0006723357536499335,""r"":36}",
      1024,         2,         0,   0.215,chromobius,1bde86419a25b33de2ad00de94714b93d2dc3a62f4e55afea58c49e1d8ec7e6d,"{""d"":9,""p"":0.0006723357536499335,""r"":36}",
      1024,         3,         0,   0.215,chromobius,1bde86419a25b33de2ad00de94714b93d2dc3a62f4e55afea58c49e1d8ec7e6d,"{""d"":9,""p"":0.0006723357536499335,""r"":36}",
      1024,         3,         0,   0.226,chromobius,1bde86419a25b33de2ad00de94714b93d2dc3a62f4e55afea58c49e1d8ec7e6d,"{""d"":9,""p"":0.0006723357536499335,""r"":36}",
      1024,         2,         0,   0.213,chromobius,1bde86419a25b33de2ad00de94714b93d2dc3a62f4e55afea58c49e1d8ec7e6d,"{""d"":9,""p"":0.0006723357536499335,""r"":36}",
      1024,         2,         0,   0.196,chromobius,1bde86419a25b33de2ad00de94714b93d2dc3a62f4e55afea58c49e1d8ec7e6d,"{""d"":9,""p"":0.0006723357536499335,""r"":36}",
      2048,         3,         0,   0.411,chromobius,1bde86419a25b33de2ad00de94714b93d2dc3a62f4e55afea58c49e1d8ec7e6d,"{""d"":9,""p"":0.0006723357536499335,""r"":36}",
      2048,         4,         0,   0.416,chromobius,1bde86419a25b33de2ad00de94714b93d2dc3a62f4e55afea58c49e1d8ec7e6d,"{""d"":9,""p"":0.0006723357536499335,""r"":36}",
      2048,         2,         0,   0.428,chromobius,1bde86419a25b33de2ad00de94714b93d2dc3a62f4e55afea58c49e1d8ec7e6d,"{""d"":9,""p"":0.0006723357536499335,""r"":36}",
      3072,         4,         0,   0.646,chromobius,1bde86419a25b33de2ad00de94714b93d2dc3a62f4e55afea58c49e1d8ec7e6d,"{""d"":9,""p"":0.0006723357536499335,""r"":36}",
      4096,         7,         0,   0.819,chromobius,1bde86419a25b33de2ad00de94714b93d2dc3a62f4e55afea58c49e1d8ec7e6d,"{""d"":9,""p"":0.0006723357536499335,""r"":36}",
      6144,         9,         0,    1.24,chromobius,1bde86419a25b33de2ad00de94714b93d2dc3a62f4e55afea58c49e1d8ec7e6d,"{""d"":9,""p"":0.0006723357536499335,""r"":36}",
   2460672,        23,         0,   119.7,chromobius,289a2555d7b55990d08478341e4f7a2f7df0b5db292fb25b007ba2ff7a6611f2,"{""d"":9,""p"":0.00016102620275609394,""r"":36}",
      8192,         8,         0,    1.67,chromobius,1bde86419a25b33de2ad00de94714b93d2dc3a62f4e55afea58c49e1d8ec7e6d,"{""d"":9,""p"":0.0006723357536499335,""r"":36}",
   2044928,        32,         0,   119.8,chromobius,ef319fb3c976f34bd0d9f3548bf94401473161e521a8519f112c51e024784cb6,"{""d"":9,""p"":0.00018873918221350977,""r"":36}",
     11264,        15,         0,    2.27,chromobius,1bde86419a25b33de2ad00de94714b93d2dc3a62f4e55afea58c49e1d8ec7e6d,"{""d"":9,""p"":0.0006723357536499335,""r"":36}",
     15360,        25,         0,    3.13,chromobius,1bde86419a25b33de2ad00de94714b93d2dc3a62f4e55afea58c49e1d8ec7e6d,"{""d"":9,""p"":0.0006723357536499335,""r"":36}",
     21504,        27,         0,    4.34,chromobius,1bde86419a25b33de2ad00de94714b93d2dc3a62f4e55afea58c49e1d8ec7e6d,"{""d"":9,""p"":0.0006723357536499335,""r"":36}",
    564224,       435,         0,   102.3,chromobius,71f771e4177f75919c03f6531a2015149bc6e1bf8feef5582d7e4a3a86f5d41f,"{""d"":9,""p"":0.0005736152510448681,""r"":36}",
       273,         3,         0,   0.066,chromobius,44098b5b0b6edcca5aaa56aac9fb1f7281a7fa5760af1dcfd01b822e7ed04223,"{""d"":9,""p"":0.0007880462815669912,""r"":36}",
      1024,         3,         0,   0.224,chromobius,44098b5b0b6edcca5aaa56aac9fb1f7281a7fa5760af1dcfd01b822e7ed04223,"{""d"":9,""p"":0.0007880462815669912,""r"":36}",
      1024,         3,         0,   0.238,chromobius,44098b5b0b6edcca5aaa56aac9fb1f7281a7fa5760af1dcfd01b822e7ed04223,"{""d"":9,""p"":0.0007880462815669912,""r"":36}",
      1024,         6,         0,   0.242,chromobius,44098b5b0b6edcca5aaa56aac9fb1f7281a7fa5760af1dcfd01b822e7ed04223,"{""d"":9,""p"":0.0007880462815669912,""r"":36}",
      1024,         0,         0,   0.238,chromobius,44098b5b0b6edcca5aaa56aac9fb1f7281a7fa5760af1dcfd01b822e7ed04223,"{""d"":9,""p"":0.0007880462815669912,""r"":36}",
      1024,         2,         0,   0.237,chromobius,44098b5b0b6edcca5aaa56aac9fb1f7281a7fa5760af1dcfd01b822e7ed04223,"{""d"":9,""p"":0.0007880462815669912,""r"":36}",
      1024,         4,         0,   0.244,chromobius,44098b5b0b6edcca5aaa56aac9fb1f7281a7fa5760af1dcfd01b822e7ed04223,"{""d"":9,""p"":0.0007880462815669912,""r"":36}",
      1024,         5,         0,   0.228,chromobius,44098b5b0b6edcca5aaa56aac9fb1f7281a7fa5760af1dcfd01b822e7ed04223,"{""d"":9,""p"":0.0007880462815669912,""r"":36}",
      1024,         1,         0,   0.237,chromobius,44098b5b0b6edcca5aaa56aac9fb1f7281a7fa5760af1dcfd01b822e7ed04223,"{""d"":9,""p"":0.0007880462815669912,""r"":36}",
      1024,         5,         0,   0.224,chromobius,44098b5b0b6edcca5aaa56aac9fb1f7281a7fa5760af1dcfd01b822e7ed04223,"{""d"":9,""p"":0.0007880462815669912,""r"":36}",
      2048,         5,         0,   0.464,chromobius,44098b5b0b6edcca5aaa56aac9fb1f7281a7fa5760af1dcfd01b822e7ed04223,"{""d"":9,""p"":0.0007880462815669912,""r"":36}",
     29696,        38,         0,    6.02,chromobius,1bde86419a25b33de2ad00de94714b93d2dc3a62f4e55afea58c49e1d8ec7e6d,"{""d"":9,""p"":0.0006723357536499335,""r"":36}",
      2048,         7,         0,   0.486,chromobius,44098b5b0b6edcca5aaa56aac9fb1f7281a7fa5760af1dcfd01b822e7ed04223,"{""d"":9,""p"":0.0007880462815669912,""r"":36}",
      3072,         6,         0,   0.710,chromobius,44098b5b0b6edcca5aaa56aac9fb1f7281a7fa5760af1dcfd01b822e7ed04223,"{""d"":9,""p"":0.0007880462815669912,""r"":36}",
      4096,         6,         0,   0.965,chromobius,44098b5b0b6edcca5aaa56aac9fb1f7281a7fa5760af1dcfd01b822e7ed04223,"{""d"":9,""p"":0.0007880462815669912,""r"":36}",
      5120,        13,         0,    1.20,chromobius,44098b5b0b6edcca5aaa56aac9fb1f7281a7fa5760af1dcfd01b822e7ed04223,"{""d"":9,""p"":0.0007880462815669912,""r"":36}",
      7168,        21,         0,    1.64,chromobius,44098b5b0b6edcca5aaa56aac9fb1f7281a7fa5760af1dcfd01b822e7ed04223,"{""d"":9,""p"":0.0007880462815669912,""r"":36}",
     10240,        24,         0,    2.36,chromobius,44098b5b0b6edcca5aaa56aac9fb1f7281a7fa5760af1dcfd01b822e7ed04223,"{""d"":9,""p"":0.0007880462815669912,""r"":36}",
     40960,        67,         0,    8.42,chromobius,1bde86419a25b33de2ad00de94714b93d2dc3a62f4e55afea58c49e1d8ec7e6d,"{""d"":9,""p"":0.0006723357536499335,""r"":36}",
     13312,        35,         0,    3.14,chromobius,44098b5b0b6edcca5aaa56aac9fb1f7281a7fa5760af1dcfd01b822e7ed04223,"{""d"":9,""p"":0.0007880462815669912,""r"":36}",
     18432,        51,         0,    4.30,chromobius,44098b5b0b6edcca5aaa56aac9fb1f7281a7fa5760af1dcfd01b822e7ed04223,"{""d"":9,""p"":0.0007880462815669912,""r"":36}",
     56320,        84,         0,    11.7,chromobius,1bde86419a25b33de2ad00de94714b93d2dc3a62f4e55afea58c49e1d8ec7e6d,"{""d"":9,""p"":0.0006723357536499335,""r"":36}",
     26624,        59,         0,    6.13,chromobius,44098b5b0b6edcca5aaa56aac9fb1f7281a7fa5760af1dcfd01b822e7ed04223,"{""d"":9,""p"":0.0007880462815669912,""r"":36}",
     36864,        90,         0,    8.57,chromobius,44098b5b0b6edcca5aaa56aac9fb1f7281a7fa5760af1dcfd01b822e7ed04223,"{""d"":9,""p"":0.0007880462815669912,""r"":36}",
     79872,       121,         0,    16.5,chromobius,1bde86419a25b33de2ad00de94714b93d2dc3a62f4e55afea58c49e1d8ec7e6d,"{""d"":9,""p"":0.0006723357536499335,""r"":36}",
     50176,       115,         0,    11.8,chromobius,44098b5b0b6edcca5aaa56aac9fb1f7281a7fa5760af1dcfd01b822e7ed04223,"{""d"":9,""p"":0.0007880462815669912,""r"":36}",
    983040,       277,         0,   119.9,chromobius,b2b35cfd333a9434155bbd34c9f15b875d0067aa138b8a9465d8b2371ed08565,"{""d"":9,""p"":0.00041753189365604,""r"":36}",
     71680,       160,         0,    16.6,chromobius,44098b5b0b6edcca5aaa56aac9fb1f7281a7fa5760af1dcfd01b822e7ed04223,"{""d"":9,""p"":0.0007880462815669912,""r"":36}",
   1729536,        38,         0,   119.8,chromobius,9aeb51568bfb43d85d47916214702632d2e51185b5a2892d773c4d6514f6b90e,"{""d"":9,""p"":0.000221221629107045,""r"":36}",
    111616,       156,         0,    23.1,chromobius,1bde86419a25b33de2ad00de94714b93d2dc3a62f4e55afea58c49e1d8ec7e6d,"{""d"":9,""p"":0.0006723357536499335,""r"":36}",
   1233920,       110,         0,   119.9,chromobius,85bcdce8107bc60244ab91e109bb67b88bcc5da5e8029ab70fee3815d05ba2fc,"{""d"":9,""p"":0.0003039195382313198,""r"":36}",
   1510400,        77,         0,   119.9,chromobius,db40c93e3549aacc86d995f83734c17627e0d29fbae8e6d3e9431e224227ff6e,"{""d"":9,""p"":0.0002592943797404667,""r"":36}",
     99328,       254,         0,    23.0,chromobius,44098b5b0b6edcca5aaa56aac9fb1f7281a7fa5760af1dcfd01b822e7ed04223,"{""d"":9,""p"":0.0007880462815669912,""r"":36}",
    802816,       349,         0,   119.9,chromobius,d9989724e48d61e55f6ff3d700e058afa299cc60ecdf78ff0ce714526bba3b85,"{""d"":9,""p"":0.0004893900918477494,""r"":36}",
   1155072,       160,         0,   119.9,chromobius,03c8e9f29b1d6baa14724201f89d901da22f33cf231b11974b4ddb7747adc8e6,"{""d"":9,""p"":0.0003562247890262444,""r"":36}",
   3015680,        10,         0,   119.6,chromobius,e07eb8b9f35f85ae5e3e6c64ca7473742f56ca86c83cc97a638802e9d1b840b9,"{""d"":9,""p"":0.00011721022975334806,""r"":36}",
    156672,       209,         0,    32.3,chromobius,1bde86419a25b33de2ad00de94714b93d2dc3a62f4e55afea58c49e1d8ec7e6d,"{""d"":9,""p"":0.0006723357536499335,""r"":36}",
   2680832,        18,         0,   119.7,chromobius,e91bbb960d8a951276c5179002b0daff931db29441971e084860ec9c51868478,"{""d"":9,""p"":0.00013738237958832623,""r"":36}",
   2404352,        25,         0,   119.7,chromobius,289a2555d7b55990d08478341e4f7a2f7df0b5db292fb25b007ba2ff7a6611f2,"{""d"":9,""p"":0.00016102620275609394,""r"":36}",
   1983488,        35,         0,   119.8,chromobius,ef319fb3c976f34bd0d9f3548bf94401473161e521a8519f112c51e024784cb6,"{""d"":9,""p"":0.00018873918221350977,""r"":36}",
    139264,       344,         0,    32.3,chromobius,44098b5b0b6edcca5aaa56aac9fb1f7281a7fa5760af1dcfd01b822e7ed04223,"{""d"":9,""p"":0.0007880462815669912,""r"":36}",
    218112,       318,         0,    45.2,chromobius,1bde86419a25b33de2ad00de94714b93d2dc3a62f4e55afea58c49e1d8ec7e6d,"{""d"":9,""p"":0.0006723357536499335,""r"":36}",
    194560,       557,         0,    45.1,chromobius,44098b5b0b6edcca5aaa56aac9fb1f7281a7fa5760af1dcfd01b822e7ed04223,"{""d"":9,""p"":0.0007880462815669912,""r"":36}",
    972800,       225,         0,   119.9,chromobius,b2b35cfd333a9434155bbd34c9f15b875d0067aa138b8a9465d8b2371ed08565,"{""d"":9,""p"":0.00041753189365604,""r"":36}",
   1712128,        50,         0,   119.8,chromobius,9aeb51568bfb43d85d47916214702632d2e51185b5a2892d773c4d6514f6b90e,"{""d"":9,""p"":0.000221221629107045,""r"":36}",
   1223680,       110,         0,   119.9,chromobius,85bcdce8107bc60244ab91e109bb67b88bcc5da5e8029ab70fee3815d05ba2fc,"{""d"":9,""p"":0.0003039195382313198,""r"":36}",
   1510400,        75,         0,   119.9,chromobius,db40c93e3549aacc86d995f83734c17627e0d29fbae8e6d3e9431e224227ff6e,"{""d"":9,""p"":0.0002592943797404667,""r"":36}",
    305152,       418,         0,    63.1,chromobius,1bde86419a25b33de2ad00de94714b93d2dc3a62f4e55afea58c49e1d8ec7e6d,"{""d"":9,""p"":0.0006723357536499335,""r"":36}",
    814080,       307,         0,   120.0,chromobius,d9989724e48d61e55f6ff3d700e058afa299cc60ecdf78ff0ce714526bba3b85,"{""d"":9,""p"":0.0004893900918477494,""r"":36}",
   1152000,       164,         0,   119.9,chromobius,03c8e9f29b1d6baa14724201f89d901da22f33cf231b11974b4ddb7747adc8e6,"{""d"":9,""p"":0.0003562247890262444,""r"":36}",
   3018752,        13,         0,   119.6,chromobius,e07eb8b9f35f85ae5e3e6c64ca7473742f56ca86c83cc97a638802e9d1b840b9,"{""d"":9,""p"":0.00011721022975334806,""r"":36}",
   2666496,        26,         0,   119.7,chromobius,e91bbb960d8a951276c5179002b0daff931db29441971e084860ec9c51868478,"{""d"":9,""p"":0.00013738237958832623,""r"":36}",
    272384,       697,         0,    63.1,chromobius,44098b5b0b6edcca5aaa56aac9fb1f7281a7fa5760af1dcfd01b822e7ed04223,"{""d"":9,""p"":0.0007880462815669912,""r"":36}",
   2408448,        27,         0,   119.7,chromobius,289a2555d7b55990d08478341e4f7a2f7df0b5db292fb25b007ba2ff7a6611f2,"{""d"":9,""p"":0.00016102620275609394,""r"":36}",
   1980416,        28,         0,   119.8,chromobius,ef319fb3c976f34bd0d9f3548bf94401473161e521a8519f112c51e024784cb6,"{""d"":9,""p"":0.00018873918221350977,""r"":36}",
    435200,       594,         0,    88.3,chromobius,1bde86419a25b33de2ad00de94714b93d2dc3a62f4e55afea58c49e1d8ec7e6d,"{""d"":9,""p"":0.0006723357536499335,""r"":36}",
    968704,       259,         0,   120.0,chromobius,b2b35cfd333a9434155bbd34c9f15b875d0067aa138b8a9465d8b2371ed08565,"{""d"":9,""p"":0.00041753189365604,""r"":36}",
   1711104,        56,         0,   119.8,chromobius,9aeb51568bfb43d85d47916214702632d2e51185b5a2892d773c4d6514f6b90e,"{""d"":9,""p"":0.000221221629107045,""r"":36}",
   1219584,       105,         0,   119.9,chromobius,85bcdce8107bc60244ab91e109bb67b88bcc5da5e8029ab70fee3815d05ba2fc,"{""d"":9,""p"":0.0003039195382313198,""r"":36}",
   1501184,        74,         0,   119.8,chromobius,db40c93e3549aacc86d995f83734c17627e0d29fbae8e6d3e9431e224227ff6e,"{""d"":9,""p"":0.0002592943797404667,""r"":36}",
    378880,       989,         0,    88.3,chromobius,44098b5b0b6edcca5aaa56aac9fb1f7281a7fa5760af1dcfd01b822e7ed04223,"{""d"":9,""p"":0.0007880462815669912,""r"":36}",
   2666351,        15,         0,   106.6,chromobius,e07eb8b9f35f85ae5e3e6c64ca7473742f56ca86c83cc97a638802e9d1b840b9,"{""d"":9,""p"":0.00011721022975334806,""r"":36}",
       273,         2,         0,   0.082,chromobius,de27c7b8fa7f1529fc1beebe6091602505be0d8d34f72d9511390225820cc7bc,"{""d"":9,""p"":0.0009236708571873865,""r"":36}",
      1024,         8,         0,   0.298,chromobius,de27c7b8fa7f1529fc1beebe6091602505be0d8d34f72d9511390225820cc7bc,"{""d"":9,""p"":0.0009236708571873865,""r"":36}",
      1024,         6,         0,   0.296,chromobius,de27c7b8fa7f1529fc1beebe6091602505be0d8d34f72d9511390225820cc7bc,"{""d"":9,""p"":0.0009236708571873865,""r"":36}",
      1024,         9,         0,   0.293,chromobius,de27c7b8fa7f1529fc1beebe6091602505be0d8d34f72d9511390225820cc7bc,"{""d"":9,""p"":0.0009236708571873865,""r"":36}",
      1024,         3,         0,   0.276,chromobius,de27c7b8fa7f1529fc1beebe6091602505be0d8d34f72d9511390225820cc7bc,"{""d"":9,""p"":0.0009236708571873865,""r"":36}",
      1024,         5,         0,   0.289,chromobius,de27c7b8fa7f1529fc1beebe6091602505be0d8d34f72d9511390225820cc7bc,"{""d"":9,""p"":0.0009236708571873865,""r"":36}",
      1024,         5,         0,   0.305,chromobius,de27c7b8fa7f1529fc1beebe6091602505be0d8d34f72d9511390225820cc7bc,"{""d"":9,""p"":0.0009236708571873865,""r"":36}",
      1024,         5,         0,   0.303,chromobius,de27c7b8fa7f1529fc1beebe6091602505be0d8d34f72d9511390225820cc7bc,"{""d"":9,""p"":0.0009236708571873865,""r"":36}",
      1024,         4,         0,   0.305,chromobius,de27c7b8fa7f1529fc1beebe6091602505be0d8d34f72d9511390225820cc7bc,"{""d"":9,""p"":0.0009236708571873865,""r"":36}",
      1024,         5,         0,   0.288,chromobius,de27c7b8fa7f1529fc1beebe6091602505be0d8d34f72d9511390225820cc7bc,"{""d"":9,""p"":0.0009236708571873865,""r"":36}",
      1024,         1,         0,   0.295,chromobius,de27c7b8fa7f1529fc1beebe6091602505be0d8d34f72d9511390225820cc7bc,"{""d"":9,""p"":0.0009236708571873865,""r"":36}",
      2048,        10,         0,   0.574,chromobius,de27c7b8fa7f1529fc1beebe6091602505be0d8d34f72d9511390225820cc7bc,"{""d"":9,""p"":0.0009236708571873865,""r"":36}",
      2048,        10,         0,   0.590,chromobius,de27c7b8fa7f1529fc1beebe6091602505be0d8d34f72d9511390225820cc7bc,"{""d"":9,""p"":0.0009236708571873865,""r"":36}",
      3072,        11,         0,   0.922,chromobius,de27c7b8fa7f1529fc1beebe6091602505be0d8d34f72d9511390225820cc7bc,"{""d"":9,""p"":0.0009236708571873865,""r"":36}",
      4096,        20,         0,    1.17,chromobius,de27c7b8fa7f1529fc1beebe6091602505be0d8d34f72d9511390225820cc7bc,"{""d"":9,""p"":0.0009236708571873865,""r"":36}",
      6144,        32,         0,    1.73,chromobius,de27c7b8fa7f1529fc1beebe6091602505be0d8d34f72d9511390225820cc7bc,"{""d"":9,""p"":0.0009236708571873865,""r"":36}",
    804864,       371,         0,   120.0,chromobius,d9989724e48d61e55f6ff3d700e058afa299cc60ecdf78ff0ce714526bba3b85,"{""d"":9,""p"":0.0004893900918477494,""r"":36}",
      8192,        42,         0,    2.35,chromobius,de27c7b8fa7f1529fc1beebe6091602505be0d8d34f72d9511390225820cc7bc,"{""d"":9,""p"":0.0009236708571873865,""r"":36}",
   1167360,       163,         0,   119.9,chromobius,03c8e9f29b1d6baa14724201f89d901da22f33cf231b11974b4ddb7747adc8e6,"{""d"":9,""p"":0.0003562247890262444,""r"":36}",
     11264,        55,         0,    3.26,chromobius,de27c7b8fa7f1529fc1beebe6091602505be0d8d34f72d9511390225820cc7bc,"{""d"":9,""p"":0.0009236708571873865,""r"":36}",
   2675712,        16,         0,   119.7,chromobius,e91bbb960d8a951276c5179002b0daff931db29441971e084860ec9c51868478,"{""d"":9,""p"":0.00013738237958832623,""r"":36}",
     15360,        76,         0,    4.36,chromobius,de27c7b8fa7f1529fc1beebe6091602505be0d8d34f72d9511390225820cc7bc,"{""d"":9,""p"":0.0009236708571873865,""r"":36}",
     21504,        97,         0,    6.17,chromobius,de27c7b8fa7f1529fc1beebe6091602505be0d8d34f72d9511390225820cc7bc,"{""d"":9,""p"":0.0009236708571873865,""r"":36}",
   2415616,        23,         0,   119.7,chromobius,289a2555d7b55990d08478341e4f7a2f7df0b5db292fb25b007ba2ff7a6611f2,"{""d"":9,""p"":0.00016102620275609394,""r"":36}",
   1999872,        42,         0,   119.8,chromobius,ef319fb3c976f34bd0d9f3548bf94401473161e521a8519f112c51e024784cb6,"{""d"":9,""p"":0.00018873918221350977,""r"":36}",
     29696,       139,         0,    8.48,chromobius,de27c7b8fa7f1529fc1beebe6091602505be0d8d34f72d9511390225820cc7bc,"{""d"":9,""p"":0.0009236708571873865,""r"":36}",
     40960,       193,         0,    11.8,chromobius,de27c7b8fa7f1529fc1beebe6091602505be0d8d34f72d9511390225820cc7bc,"{""d"":9,""p"":0.0009236708571873865,""r"":36}",
     59392,       323,         0,    16.6,chromobius,de27c7b8fa7f1529fc1beebe6091602505be0d8d34f72d9511390225820cc7bc,"{""d"":9,""p"":0.0009236708571873865,""r"":36}",
     80896,       368,         0,    23.0,chromobius,de27c7b8fa7f1529fc1beebe6091602505be0d8d34f72d9511390225820cc7bc,"{""d"":9,""p"":0.0009236708571873865,""r"":36}",
    574464,       814,         0,   119.9,chromobius,1bde86419a25b33de2ad00de94714b93d2dc3a62f4e55afea58c49e1d8ec7e6d,"{""d"":9,""p"":0.0006723357536499335,""r"":36}",
    973824,       234,         0,   119.9,chromobius,b2b35cfd333a9434155bbd34c9f15b875d0067aa138b8a9465d8b2371ed08565,"{""d"":9,""p"":0.00041753189365604,""r"":36}",
   1722368,        51,         0,   119.8,chromobius,9aeb51568bfb43d85d47916214702632d2e51185b5a2892d773c4d6514f6b90e,"{""d"":9,""p"":0.000221221629107045,""r"":36}",
   1209344,       106,         0,   119.9,chromobius,85bcdce8107bc60244ab91e109bb67b88bcc5da5e8029ab70fee3815d05ba2fc,"{""d"":9,""p"":0.0003039195382313198,""r"":36}",
   1471488,        85,         0,   119.9,chromobius,db40c93e3549aacc86d995f83734c17627e0d29fbae8e6d3e9431e224227ff6e,"{""d"":9,""p"":0.0002592943797404667,""r"":36}",
    512000,      1303,         0,   120.1,chromobius,44098b5b0b6edcca5aaa56aac9fb1f7281a7fa5760af1dcfd01b822e7ed04223,"{""d"":9,""p"":0.0007880462815669912,""r"":36}",
    112640,       544,         0,    32.2,chromobius,de27c7b8fa7f1529fc1beebe6091602505be0d8d34f72d9511390225820cc7bc,"{""d"":9,""p"":0.0009236708571873865,""r"":36}",
    805888,       349,         0,   120.0,chromobius,d9989724e48d61e55f6ff3d700e058afa299cc60ecdf78ff0ce714526bba3b85,"{""d"":9,""p"":0.0004893900918477494,""r"":36}",
   1147904,       140,         0,   119.9,chromobius,03c8e9f29b1d6baa14724201f89d901da22f33cf231b11974b4ddb7747adc8e6,"{""d"":9,""p"":0.0003562247890262444,""r"":36}",
     91136,       233,         0,    20.9,chromobius,44098b5b0b6edcca5aaa56aac9fb1f7281a7fa5760af1dcfd01b822e7ed04223,"{""d"":9,""p"":0.0007880462815669912,""r"":36}",
       273,         0,         0,   0.100,chromobius,6c87e24c0a2bf39ed4b64ba442d9f0ea228f3b41809c0999d4a4f3a6734a538f,"{""d"":9,""p"":0.001082636733874054,""r"":36}",
      1024,        11,         0,   0.360,chromobius,6c87e24c0a2bf39ed4b64ba442d9f0ea228f3b41809c0999d4a4f3a6734a538f,"{""d"":9,""p"":0.001082636733874054,""r"":36}",
      1024,        11,         0,   0.353,chromobius,6c87e24c0a2bf39ed4b64ba442d9f0ea228f3b41809c0999d4a4f3a6734a538f,"{""d"":9,""p"":0.001082636733874054,""r"":36}",
      1024,         7,         0,   0.348,chromobius,6c87e24c0a2bf39ed4b64ba442d9f0ea228f3b41809c0999d4a4f3a6734a538f,"{""d"":9,""p"":0.001082636733874054,""r"":36}",
      1024,         4,         0,   0.353,chromobius,6c87e24c0a2bf39ed4b64ba442d9f0ea228f3b41809c0999d4a4f3a6734a538f,"{""d"":9,""p"":0.001082636733874054,""r"":36}",
      1024,         7,         0,   0.354,chromobius,6c87e24c0a2bf39ed4b64ba442d9f0ea228f3b41809c0999d4a4f3a6734a538f,"{""d"":9,""p"":0.001082636733874054,""r"":36}",
      1024,         5,         0,   0.349,chromobius,6c87e24c0a2bf39ed4b64ba442d9f0ea228f3b41809c0999d4a4f3a6734a538f,"{""d"":9,""p"":0.001082636733874054,""r"":36}",
      1024,        10,         0,   0.354,chromobius,6c87e24c0a2bf39ed4b64ba442d9f0ea228f3b41809c0999d4a4f3a6734a538f,"{""d"":9,""p"":0.001082636733874054,""r"":36}",
      1024,         4,         0,   0.347,chromobius,6c87e24c0a2bf39ed4b64ba442d9f0ea228f3b41809c0999d4a4f3a6734a538f,"{""d"":9,""p"":0.001082636733874054,""r"":36}",
      1024,        10,         0,   0.355,chromobius,6c87e24c0a2bf39ed4b64ba442d9f0ea228f3b41809c0999d4a4f3a6734a538f,"{""d"":9,""p"":0.001082636733874054,""r"":36}",
      1024,        14,         0,   0.345,chromobius,6c87e24c0a2bf39ed4b64ba442d9f0ea228f3b41809c0999d4a4f3a6734a538f,"{""d"":9,""p"":0.001082636733874054,""r"":36}",
      2048,        15,         0,   0.685,chromobius,6c87e24c0a2bf39ed4b64ba442d9f0ea228f3b41809c0999d4a4f3a6734a538f,"{""d"":9,""p"":0.001082636733874054,""r"":36}",
   2666496,        23,         0,   119.7,chromobius,e91bbb960d8a951276c5179002b0daff931db29441971e084860ec9c51868478,"{""d"":9,""p"":0.00013738237958832623,""r"":36}",
      2048,        13,         0,   0.702,chromobius,6c87e24c0a2bf39ed4b64ba442d9f0ea228f3b41809c0999d4a4f3a6734a538f,"{""d"":9,""p"":0.001082636733874054,""r"":36}",
      3072,        24,         0,    1.06,chromobius,6c87e24c0a2bf39ed4b64ba442d9f0ea228f3b41809c0999d4a4f3a6734a538f,"{""d"":9,""p"":0.001082636733874054,""r"":36}",
      4096,        30,         0,    1.41,chromobius,6c87e24c0a2bf39ed4b64ba442d9f0ea228f3b41809c0999d4a4f3a6734a538f,"{""d"":9,""p"":0.001082636733874054,""r"":36}",
      5120,        28,         0,    1.79,chromobius,6c87e24c0a2bf39ed4b64ba442d9f0ea228f3b41809c0999d4a4f3a6734a538f,"{""d"":9,""p"":0.001082636733874054,""r"":36}",
      7168,        61,         0,    2.41,chromobius,6c87e24c0a2bf39ed4b64ba442d9f0ea228f3b41809c0999d4a4f3a6734a538f,"{""d"":9,""p"":0.001082636733874054,""r"":36}",
   2373632,        21,         0,   119.7,chromobius,289a2555d7b55990d08478341e4f7a2f7df0b5db292fb25b007ba2ff7a6611f2,"{""d"":9,""p"":0.00016102620275609394,""r"":36}",
   1954816,        36,         0,   119.8,chromobius,ef319fb3c976f34bd0d9f3548bf94401473161e521a8519f112c51e024784cb6,"{""d"":9,""p"":0.00018873918221350977,""r"":36}",
      9216,        91,         0,    3.15,chromobius,6c87e24c0a2bf39ed4b64ba442d9f0ea228f3b41809c0999d4a4f3a6734a538f,"{""d"":9,""p"":0.001082636733874054,""r"":36}",
     13312,       106,         0,    4.50,chromobius,6c87e24c0a2bf39ed4b64ba442d9f0ea228f3b41809c0999d4a4f3a6734a538f,"{""d"":9,""p"":0.001082636733874054,""r"":36}",
     18432,       175,         0,    6.13,chromobius,6c87e24c0a2bf39ed4b64ba442d9f0ea228f3b41809c0999d4a4f3a6734a538f,"{""d"":9,""p"":0.001082636733874054,""r"":36}",
    157696,       704,         0,    45.1,chromobius,de27c7b8fa7f1529fc1beebe6091602505be0d8d34f72d9511390225820cc7bc,"{""d"":9,""p"":0.0009236708571873865,""r"":36}",
     25600,       239,         0,    8.41,chromobius,6c87e24c0a2bf39ed4b64ba442d9f0ea228f3b41809c0999d4a4f3a6734a538f,"{""d"":9,""p"":0.001082636733874054,""r"":36}",
     36864,       283,         0,    11.9,chromobius,6c87e24c0a2bf39ed4b64ba442d9f0ea228f3b41809c0999d4a4f3a6734a538f,"{""d"":9,""p"":0.001082636733874054,""r"":36}",
     50176,       452,         0,    16.4,chromobius,6c87e24c0a2bf39ed4b64ba442d9f0ea228f3b41809c0999d4a4f3a6734a538f,"{""d"":9,""p"":0.001082636733874054,""r"":36}",
    454656,       199,         0,    66.1,chromobius,d9989724e48d61e55f6ff3d700e058afa299cc60ecdf78ff0ce714526bba3b85,"{""d"":9,""p"":0.0004893900918477494,""r"":36}",
        17,         0,         0,   0.010,chromobius,0d49126bf92563a6dac86b06a32453c5a602f2c04b9e851dfce8dfc57e0e90ac,"{""d"":9,""p"":0.0012689610031679222,""r"":36}",
       256,         4,         0,   0.111,chromobius,0d49126bf92563a6dac86b06a32453c5a602f2c04b9e851dfce8dfc57e0e90ac,"{""d"":9,""p"":0.0012689610031679222,""r"":36}",
      1024,        16,         0,   0.426,chromobius,0d49126bf92563a6dac86b06a32453c5a602f2c04b9e851dfce8dfc57e0e90ac,"{""d"":9,""p"":0.0012689610031679222,""r"":36}",
      1024,        20,         0,   0.425,chromobius,0d49126bf92563a6dac86b06a32453c5a602f2c04b9e851dfce8dfc57e0e90ac,"{""d"":9,""p"":0.0012689610031679222,""r"":36}",
      1024,        19,         0,   0.429,chromobius,0d49126bf92563a6dac86b06a32453c5a602f2c04b9e851dfce8dfc57e0e90ac,"{""d"":9,""p"":0.0012689610031679222,""r"":36}",
      1024,         9,         0,   0.433,chromobius,0d49126bf92563a6dac86b06a32453c5a602f2c04b9e851dfce8dfc57e0e90ac,"{""d"":9,""p"":0.0012689610031679222,""r"":36}",
      1024,        17,         0,   0.424,chromobius,0d49126bf92563a6dac86b06a32453c5a602f2c04b9e851dfce8dfc57e0e90ac,"{""d"":9,""p"":0.0012689610031679222,""r"":36}",
      1024,        15,         0,   0.423,chromobius,0d49126bf92563a6dac86b06a32453c5a602f2c04b9e851dfce8dfc57e0e90ac,"{""d"":9,""p"":0.0012689610031679222,""r"":36}",
      1024,        28,         0,   0.430,chromobius,0d49126bf92563a6dac86b06a32453c5a602f2c04b9e851dfce8dfc57e0e90ac,"{""d"":9,""p"":0.0012689610031679222,""r"":36}",
      1024,        22,         0,   0.428,chromobius,0d49126bf92563a6dac86b06a32453c5a602f2c04b9e851dfce8dfc57e0e90ac,"{""d"":9,""p"":0.0012689610031679222,""r"":36}",
      1024,        17,         0,   0.433,chromobius,0d49126bf92563a6dac86b06a32453c5a602f2c04b9e851dfce8dfc57e0e90ac,"{""d"":9,""p"":0.0012689610031679222,""r"":36}",
      1024,        10,         0,   0.430,chromobius,0d49126bf92563a6dac86b06a32453c5a602f2c04b9e851dfce8dfc57e0e90ac,"{""d"":9,""p"":0.0012689610031679222,""r"":36}",
      2048,        39,         0,   0.871,chromobius,0d49126bf92563a6dac86b06a32453c5a602f2c04b9e851dfce8dfc57e0e90ac,"{""d"":9,""p"":0.0012689610031679222,""r"":36}",
      2048,        35,         0,   0.854,chromobius,0d49126bf92563a6dac86b06a32453c5a602f2c04b9e851dfce8dfc57e0e90ac,"{""d"":9,""p"":0.0012689610031679222,""r"":36}",
      3072,        56,         0,    1.29,chromobius,0d49126bf92563a6dac86b06a32453c5a602f2c04b9e851dfce8dfc57e0e90ac,"{""d"":9,""p"":0.0012689610031679222,""r"":36}",
      4096,        74,         0,    1.69,chromobius,0d49126bf92563a6dac86b06a32453c5a602f2c04b9e851dfce8dfc57e0e90ac,"{""d"":9,""p"":0.0012689610031679222,""r"":36}",
      6144,        89,         0,    2.53,chromobius,0d49126bf92563a6dac86b06a32453c5a602f2c04b9e851dfce8dfc57e0e90ac,"{""d"":9,""p"":0.0012689610031679222,""r"":36}",
    581632,       800,         0,   119.9,chromobius,1bde86419a25b33de2ad00de94714b93d2dc3a62f4e55afea58c49e1d8ec7e6d,"{""d"":9,""p"":0.0006723357536499335,""r"":36}",
      8192,       116,         0,    3.36,chromobius,0d49126bf92563a6dac86b06a32453c5a602f2c04b9e851dfce8dfc57e0e90ac,"{""d"":9,""p"":0.0012689610031679222,""r"":36}",
     11264,       192,         0,    4.67,chromobius,0d49126bf92563a6dac86b06a32453c5a602f2c04b9e851dfce8dfc57e0e90ac,"{""d"":9,""p"":0.0012689610031679222,""r"":36}",
     72704,       615,         0,    23.2,chromobius,6c87e24c0a2bf39ed4b64ba442d9f0ea228f3b41809c0999d4a4f3a6734a538f,"{""d"":9,""p"":0.001082636733874054,""r"":36}",
    953344,       227,         0,   120.0,chromobius,b2b35cfd333a9434155bbd34c9f15b875d0067aa138b8a9465d8b2371ed08565,"{""d"":9,""p"":0.00041753189365604,""r"":36}",
   1711104,        52,         0,   119.8,chromobius,9aeb51568bfb43d85d47916214702632d2e51185b5a2892d773c4d6514f6b90e,"{""d"":9,""p"":0.000221221629107045,""r"":36}",
     15360,       253,         0,    6.38,chromobius,0d49126bf92563a6dac86b06a32453c5a602f2c04b9e851dfce8dfc57e0e90ac,"{""d"":9,""p"":0.0012689610031679222,""r"":36}",
   1220608,       112,         0,   119.9,chromobius,85bcdce8107bc60244ab91e109bb67b88bcc5da5e8029ab70fee3815d05ba2fc,"{""d"":9,""p"":0.0003039195382313198,""r"":36}",
   1469440,        79,         0,   119.8,chromobius,db40c93e3549aacc86d995f83734c17627e0d29fbae8e6d3e9431e224227ff6e,"{""d"":9,""p"":0.0002592943797404667,""r"":36}",
    217088,      1035,         0,    63.1,chromobius,de27c7b8fa7f1529fc1beebe6091602505be0d8d34f72d9511390225820cc7bc,"{""d"":9,""p"":0.0009236708571873865,""r"":36}",
     20480,       291,         0,    8.53,chromobius,0d49126bf92563a6dac86b06a32453c5a602f2c04b9e851dfce8dfc57e0e90ac,"{""d"":9,""p"":0.0012689610031679222,""r"":36}",
     28672,       417,         0,    11.9,chromobius,0d49126bf92563a6dac86b06a32453c5a602f2c04b9e851dfce8dfc57e0e90ac,"{""d"":9,""p"":0.0012689610031679222,""r"":36}",
     97280,       840,         0,    32.1,chromobius,6c87e24c0a2bf39ed4b64ba442d9f0ea228f3b41809c0999d4a4f3a6734a538f,"{""d"":9,""p"":0.001082636733874054,""r"":36}",
   1143808,       173,         0,   119.9,chromobius,03c8e9f29b1d6baa14724201f89d901da22f33cf231b11974b4ddb7747adc8e6,"{""d"":9,""p"":0.0003562247890262444,""r"":36}",
   2646016,        15,         0,   119.7,chromobius,e91bbb960d8a951276c5179002b0daff931db29441971e084860ec9c51868478,"{""d"":9,""p"":0.00013738237958832623,""r"":36}",
     39936,       655,         0,    16.6,chromobius,0d49126bf92563a6dac86b06a32453c5a602f2c04b9e851dfce8dfc57e0e90ac,"{""d"":9,""p"":0.0012689610031679222,""r"":36}",
    131951,         2,         0,    5.95,chromobius,e91bbb960d8a951276c5179002b0daff931db29441971e084860ec9c51868478,"{""d"":9,""p"":0.00013738237958832623,""r"":36}",
        17,         1,         0,   0.011,chromobius,b44e5ca54a44b3e4fc9d0be574de14fd5fd61e975e70a1f731cfad0f8d5001c0,"{""d"":9,""p"":0.0014873521072935117,""r"":36}",
       256,         6,         0,   0.122,chromobius,b44e5ca54a44b3e4fc9d0be574de14fd5fd61e975e70a1f731cfad0f8d5001c0,"{""d"":9,""p"":0.0014873521072935117,""r"":36}",
      1024,        31,         0,   0.465,chromobius,b44e5ca54a44b3e4fc9d0be574de14fd5fd61e975e70a1f731cfad0f8d5001c0,"{""d"":9,""p"":0.0014873521072935117,""r"":36}",
      1024,        23,         0,   0.461,chromobius,b44e5ca54a44b3e4fc9d0be574de14fd5fd61e975e70a1f731cfad0f8d5001c0,"{""d"":9,""p"":0.0014873521072935117,""r"":36}",
      1024,        29,         0,   0.451,chromobius,b44e5ca54a44b3e4fc9d0be574de14fd5fd61e975e70a1f731cfad0f8d5001c0,"{""d"":9,""p"":0.0014873521072935117,""r"":36}",
      1024,        30,         0,   0.458,chromobius,b44e5ca54a44b3e4fc9d0be574de14fd5fd61e975e70a1f731cfad0f8d5001c0,"{""d"":9,""p"":0.0014873521072935117,""r"":36}",
   2451456,        25,         0,   119.7,chromobius,289a2555d7b55990d08478341e4f7a2f7df0b5db292fb25b007ba2ff7a6611f2,"{""d"":9,""p"":0.00016102620275609394,""r"":36}",
      1024,        38,         0,   0.473,chromobius,b44e5ca54a44b3e4fc9d0be574de14fd5fd61e975e70a1f731cfad0f8d5001c0,"{""d"":9,""p"":0.0014873521072935117,""r"":36}",
      1024,        35,         0,   0.454,chromobius,b44e5ca54a44b3e4fc9d0be574de14fd5fd61e975e70a1f731cfad0f8d5001c0,"{""d"":9,""p"":0.0014873521072935117,""r"":36}",
      1024,        26,         0,   0.485,chromobius,b44e5ca54a44b3e4fc9d0be574de14fd5fd61e975e70a1f731cfad0f8d5001c0,"{""d"":9,""p"":0.0014873521072935117,""r"":36}",
   1970176,        34,         0,   119.7,chromobius,ef319fb3c976f34bd0d9f3548bf94401473161e521a8519f112c51e024784cb6,"{""d"":9,""p"":0.00018873918221350977,""r"":36}",
      1024,        29,         0,   0.490,chromobius,b44e5ca54a44b3e4fc9d0be574de14fd5fd61e975e70a1f731cfad0f8d5001c0,"{""d"":9,""p"":0.0014873521072935117,""r"":36}",
      1024,        29,         0,   0.466,chromobius,b44e5ca54a44b3e4fc9d0be574de14fd5fd61e975e70a1f731cfad0f8d5001c0,"{""d"":9,""p"":0.0014873521072935117,""r"":36}",
      1024,        44,         0,   0.477,chromobius,b44e5ca54a44b3e4fc9d0be574de14fd5fd61e975e70a1f731cfad0f8d5001c0,"{""d"":9,""p"":0.0014873521072935117,""r"":36}",
      2048,        51,         0,   0.919,chromobius,b44e5ca54a44b3e4fc9d0be574de14fd5fd61e975e70a1f731cfad0f8d5001c0,"{""d"":9,""p"":0.0014873521072935117,""r"":36}",
      2048,        68,         0,   0.947,chromobius,b44e5ca54a44b3e4fc9d0be574de14fd5fd61e975e70a1f731cfad0f8d5001c0,"{""d"":9,""p"":0.0014873521072935117,""r"":36}",
      3072,       102,         0,    1.39,chromobius,b44e5ca54a44b3e4fc9d0be574de14fd5fd61e975e70a1f731cfad0f8d5001c0,"{""d"":9,""p"":0.0014873521072935117,""r"":36}",
      4096,       148,         0,    1.83,chromobius,b44e5ca54a44b3e4fc9d0be574de14fd5fd61e975e70a1f731cfad0f8d5001c0,"{""d"":9,""p"":0.0014873521072935117,""r"":36}",
      5120,       130,         0,    2.37,chromobius,b44e5ca54a44b3e4fc9d0be574de14fd5fd61e975e70a1f731cfad0f8d5001c0,"{""d"":9,""p"":0.0014873521072935117,""r"":36}",
      7168,       201,         0,    3.35,chromobius,b44e5ca54a44b3e4fc9d0be574de14fd5fd61e975e70a1f731cfad0f8d5001c0,"{""d"":9,""p"":0.0014873521072935117,""r"":36}",
     54272,       844,         0,    23.0,chromobius,0d49126bf92563a6dac86b06a32453c5a602f2c04b9e851dfce8dfc57e0e90ac,"{""d"":9,""p"":0.0012689610031679222,""r"":36}",
      9216,       252,         0,    4.38,chromobius,b44e5ca54a44b3e4fc9d0be574de14fd5fd61e975e70a1f731cfad0f8d5001c0,"{""d"":9,""p"":0.0014873521072935117,""r"":36}",
     13312,       416,         0,    6.37,chromobius,b44e5ca54a44b3e4fc9d0be574de14fd5fd61e975e70a1f731cfad0f8d5001c0,"{""d"":9,""p"":0.0014873521072935117,""r"":36}",
    136192,      1181,         0,    45.2,chromobius,6c87e24c0a2bf39ed4b64ba442d9f0ea228f3b41809c0999d4a4f3a6734a538f,"{""d"":9,""p"":0.001082636733874054,""r"":36}",
     17408,       493,         0,    8.39,chromobius,b44e5ca54a44b3e4fc9d0be574de14fd5fd61e975e70a1f731cfad0f8d5001c0,"{""d"":9,""p"":0.0014873521072935117,""r"":36}",
    283648,      1292,         0,    81.9,chromobius,de27c7b8fa7f1529fc1beebe6091602505be0d8d34f72d9511390225820cc7bc,"{""d"":9,""p"":0.0009236708571873865,""r"":36}",
        17,         1,         0,   0.012,chromobius,a1846db08e103ceba20be85e27d6c97bed489dee857777a99fb8f61bb3b788ac,"{""d"":9,""p"":0.0017433288221999873,""r"":36}",
       256,        15,         0,   0.140,chromobius,a1846db08e103ceba20be85e27d6c97bed489dee857777a99fb8f61bb3b788ac,"{""d"":9,""p"":0.0017433288221999873,""r"":36}",
      1024,        48,         0,   0.562,chromobius,a1846db08e103ceba20be85e27d6c97bed489dee857777a99fb8f61bb3b788ac,"{""d"":9,""p"":0.0017433288221999873,""r"":36}",
      1024,        60,         0,   0.557,chromobius,a1846db08e103ceba20be85e27d6c97bed489dee857777a99fb8f61bb3b788ac,"{""d"":9,""p"":0.0017433288221999873,""r"":36}",
      1024,        50,         0,   0.550,chromobius,a1846db08e103ceba20be85e27d6c97bed489dee857777a99fb8f61bb3b788ac,"{""d"":9,""p"":0.0017433288221999873,""r"":36}",
      1024,        49,         0,   0.559,chromobius,a1846db08e103ceba20be85e27d6c97bed489dee857777a99fb8f61bb3b788ac,"{""d"":9,""p"":0.0017433288221999873,""r"":36}",
     25600,       793,         0,    12.0,chromobius,b44e5ca54a44b3e4fc9d0be574de14fd5fd61e975e70a1f731cfad0f8d5001c0,"{""d"":9,""p"":0.0014873521072935117,""r"":36}",
      1024,        59,         0,   0.553,chromobius,a1846db08e103ceba20be85e27d6c97bed489dee857777a99fb8f61bb3b788ac,"{""d"":9,""p"":0.0017433288221999873,""r"":36}",
      1024,        39,         0,   0.548,chromobius,a1846db08e103ceba20be85e27d6c97bed489dee857777a99fb8f61bb3b788ac,"{""d"":9,""p"":0.0017433288221999873,""r"":36}",
      1024,        57,         0,   0.557,chromobius,a1846db08e103ceba20be85e27d6c97bed489dee857777a99fb8f61bb3b788ac,"{""d"":9,""p"":0.0017433288221999873,""r"":36}",
      1024,        45,         0,   0.559,chromobius,a1846db08e103ceba20be85e27d6c97bed489dee857777a99fb8f61bb3b788ac,"{""d"":9,""p"":0.0017433288221999873,""r"":36}",
      1024,        60,         0,   0.556,chromobius,a1846db08e103ceba20be85e27d6c97bed489dee857777a99fb8f61bb3b788ac,"{""d"":9,""p"":0.0017433288221999873,""r"":36}",
      1024,        49,         0,   0.554,chromobius,a1846db08e103ceba20be85e27d6c97bed489dee857777a99fb8f61bb3b788ac,"{""d"":9,""p"":0.0017433288221999873,""r"":36}",
      2048,       104,         0,    1.11,chromobius,a1846db08e103ceba20be85e27d6c97bed489dee857777a99fb8f61bb3b788ac,"{""d"":9,""p"":0.0017433288221999873,""r"":36}",
      2048,       111,         0,    1.11,chromobius,a1846db08e103ceba20be85e27d6c97bed489dee857777a99fb8f61bb3b788ac,"{""d"":9,""p"":0.0017433288221999873,""r"":36}",
     75776,      1158,         0,    32.5,chromobius,0d49126bf92563a6dac86b06a32453c5a602f2c04b9e851dfce8dfc57e0e90ac,"{""d"":9,""p"":0.0012689610031679222,""r"":36}",
      2048,       101,         0,    1.12,chromobius,a1846db08e103ceba20be85e27d6c97bed489dee857777a99fb8f61bb3b788ac,"{""d"":9,""p"":0.0017433288221999873,""r"":36}",
      3072,       161,         0,    1.68,chromobius,a1846db08e103ceba20be85e27d6c97bed489dee857777a99fb8f61bb3b788ac,"{""d"":9,""p"":0.0017433288221999873,""r"":36}",
      4096,       204,         0,    2.23,chromobius,a1846db08e103ceba20be85e27d6c97bed489dee857777a99fb8f61bb3b788ac,"{""d"":9,""p"":0.0017433288221999873,""r"":36}",
      6144,       331,         0,    3.34,chromobius,a1846db08e103ceba20be85e27d6c97bed489dee857777a99fb8f61bb3b788ac,"{""d"":9,""p"":0.0017433288221999873,""r"":36}",
     91136,       771,         0,    30.7,chromobius,6c87e24c0a2bf39ed4b64ba442d9f0ea228f3b41809c0999d4a4f3a6734a538f,"{""d"":9,""p"":0.001082636733874054,""r"":36}",
        17,         1,         0,   0.014,chromobius,d76bde3103351573de2f9f7c83ab5b12bd75393ab513c2753a11b7e032febb51,"{""d"":9,""p"":0.0020433597178569417,""r"":36}",
       256,        27,         0,   0.175,chromobius,d76bde3103351573de2f9f7c83ab5b12bd75393ab513c2753a11b7e032febb51,"{""d"":9,""p"":0.0020433597178569417,""r"":36}",
       512,        50,         0,   0.353,chromobius,d76bde3103351573de2f9f7c83ab5b12bd75393ab513c2753a11b7e032febb51,"{""d"":9,""p"":0.0020433597178569417,""r"":36}",
     36864,      1088,         0,    16.7,chromobius,b44e5ca54a44b3e4fc9d0be574de14fd5fd61e975e70a1f731cfad0f8d5001c0,"{""d"":9,""p"":0.0014873521072935117,""r"":36}",
       512,        40,         0,   0.345,chromobius,d76bde3103351573de2f9f7c83ab5b12bd75393ab513c2753a11b7e032febb51,"{""d"":9,""p"":0.0020433597178569417,""r"":36}",
       512,        49,         0,   0.354,chromobius,d76bde3103351573de2f9f7c83ab5b12bd75393ab513c2753a11b7e032febb51,"{""d"":9,""p"":0.0020433597178569417,""r"":36}",
       512,        44,         0,   0.339,chromobius,d76bde3103351573de2f9f7c83ab5b12bd75393ab513c2753a11b7e032febb51,"{""d"":9,""p"":0.0020433597178569417,""r"":36}",
       512,        52,         0,   0.348,chromobius,d76bde3103351573de2f9f7c83ab5b12bd75393ab513c2753a11b7e032febb51,"{""d"":9,""p"":0.0020433597178569417,""r"":36}",
      8192,       414,         0,    4.46,chromobius,a1846db08e103ceba20be85e27d6c97bed489dee857777a99fb8f61bb3b788ac,"{""d"":9,""p"":0.0017433288221999873,""r"":36}",
       512,        46,         0,   0.360,chromobius,d76bde3103351573de2f9f7c83ab5b12bd75393ab513c2753a11b7e032febb51,"{""d"":9,""p"":0.0020433597178569417,""r"":36}",
       512,        53,         0,   0.351,chromobius,d76bde3103351573de2f9f7c83ab5b12bd75393ab513c2753a11b7e032febb51,"{""d"":9,""p"":0.0020433597178569417,""r"":36}",
       512,        39,         0,   0.368,chromobius,d76bde3103351573de2f9f7c83ab5b12bd75393ab513c2753a11b7e032febb51,"{""d"":9,""p"":0.0020433597178569417,""r"":36}",
       512,        58,         0,   0.339,chromobius,d76bde3103351573de2f9f7c83ab5b12bd75393ab513c2753a11b7e032febb51,"{""d"":9,""p"":0.0020433597178569417,""r"":36}",
      1024,        96,         0,   0.712,chromobius,d76bde3103351573de2f9f7c83ab5b12bd75393ab513c2753a11b7e032febb51,"{""d"":9,""p"":0.0020433597178569417,""r"":36}",
    571392,       831,         0,   120.1,chromobius,1bde86419a25b33de2ad00de94714b93d2dc3a62f4e55afea58c49e1d8ec7e6d,"{""d"":9,""p"":0.0006723357536499335,""r"":36}",
      1024,       108,         0,   0.700,chromobius,d76bde3103351573de2f9f7c83ab5b12bd75393ab513c2753a11b7e032febb51,"{""d"":9,""p"":0.0020433597178569417,""r"":36}",
      1536,       146,         0,    1.05,chromobius,d76bde3103351573de2f9f7c83ab5b12bd75393ab513c2753a11b7e032febb51,"{""d"":9,""p"":0.0020433597178569417,""r"":36}",
     38912,       606,         0,    16.8,chromobius,0d49126bf92563a6dac86b06a32453c5a602f2c04b9e851dfce8dfc57e0e90ac,"{""d"":9,""p"":0.0012689610031679222,""r"":36}",
        17,         3,         0,   0.018,chromobius,2a64f3ea5c03f78f98b30cca07f77cbab49a0285e153c7905ce1fcb0ad983261,"{""d"":9,""p"":0.002395026619987486,""r"":36}",
       256,        45,         0,   0.212,chromobius,2a64f3ea5c03f78f98b30cca07f77cbab49a0285e153c7905ce1fcb0ad983261,"{""d"":9,""p"":0.002395026619987486,""r"":36}",
       512,        84,         0,   0.418,chromobius,2a64f3ea5c03f78f98b30cca07f77cbab49a0285e153c7905ce1fcb0ad983261,"{""d"":9,""p"":0.002395026619987486,""r"":36}",
      2048,       211,         0,    1.40,chromobius,d76bde3103351573de2f9f7c83ab5b12bd75393ab513c2753a11b7e032febb51,"{""d"":9,""p"":0.0020433597178569417,""r"":36}",
       512,        75,         0,   0.413,chromobius,2a64f3ea5c03f78f98b30cca07f77cbab49a0285e153c7905ce1fcb0ad983261,"{""d"":9,""p"":0.002395026619987486,""r"":36}",
       512,        74,         0,   0.419,chromobius,2a64f3ea5c03f78f98b30cca07f77cbab49a0285e153c7905ce1fcb0ad983261,"{""d"":9,""p"":0.002395026619987486,""r"":36}",
       512,        82,         0,   0.444,chromobius,2a64f3ea5c03f78f98b30cca07f77cbab49a0285e153c7905ce1fcb0ad983261,"{""d"":9,""p"":0.002395026619987486,""r"":36}",
     11264,       590,         0,    6.22,chromobius,a1846db08e103ceba20be85e27d6c97bed489dee857777a99fb8f61bb3b788ac,"{""d"":9,""p"":0.0017433288221999873,""r"":36}",
       512,        84,         0,   0.406,chromobius,2a64f3ea5c03f78f98b30cca07f77cbab49a0285e153c7905ce1fcb0ad983261,"{""d"":9,""p"":0.002395026619987486,""r"":36}",
      2560,       245,         0,    1.75,chromobius,d76bde3103351573de2f9f7c83ab5b12bd75393ab513c2753a11b7e032febb51,"{""d"":9,""p"":0.0020433597178569417,""r"":36}",
       512,        88,         0,   0.411,chromobius,2a64f3ea5c03f78f98b30cca07f77cbab49a0285e153c7905ce1fcb0ad983261,"{""d"":9,""p"":0.002395026619987486,""r"":36}",
       512,        84,         0,   0.457,chromobius,2a64f3ea5c03f78f98b30cca07f77cbab49a0285e153c7905ce1fcb0ad983261,"{""d"":9,""p"":0.002395026619987486,""r"":36}",
       512,        95,         0,   0.437,chromobius,2a64f3ea5c03f78f98b30cca07f77cbab49a0285e153c7905ce1fcb0ad983261,"{""d"":9,""p"":0.002395026619987486,""r"":36}",
       512,        73,         0,   0.411,chromobius,2a64f3ea5c03f78f98b30cca07f77cbab49a0285e153c7905ce1fcb0ad983261,"{""d"":9,""p"":0.002395026619987486,""r"":36}",
       512,        76,         0,   0.433,chromobius,2a64f3ea5c03f78f98b30cca07f77cbab49a0285e153c7905ce1fcb0ad983261,"{""d"":9,""p"":0.002395026619987486,""r"":36}",
      3584,       311,         0,    2.48,chromobius,d76bde3103351573de2f9f7c83ab5b12bd75393ab513c2753a11b7e032febb51,"{""d"":9,""p"":0.0020433597178569417,""r"":36}",
      1024,       170,         0,   0.836,chromobius,2a64f3ea5c03f78f98b30cca07f77cbab49a0285e153c7905ce1fcb0ad983261,"{""d"":9,""p"":0.002395026619987486,""r"":36}",
    966656,       237,         0,   119.9,chromobius,b2b35cfd333a9434155bbd34c9f15b875d0067aa138b8a9465d8b2371ed08565,"{""d"":9,""p"":0.00041753189365604,""r"":36}",
      1024,       170,         0,   0.848,chromobius,2a64f3ea5c03f78f98b30cca07f77cbab49a0285e153c7905ce1fcb0ad983261,"{""d"":9,""p"":0.002395026619987486,""r"":36}",
   1699840,        51,         0,   119.8,chromobius,9aeb51568bfb43d85d47916214702632d2e51185b5a2892d773c4d6514f6b90e,"{""d"":9,""p"":0.000221221629107045,""r"":36}",
      1536,       244,         0,    1.27,chromobius,2a64f3ea5c03f78f98b30cca07f77cbab49a0285e153c7905ce1fcb0ad983261,"{""d"":9,""p"":0.002395026619987486,""r"":36}",
      4608,       444,         0,    3.25,chromobius,d76bde3103351573de2f9f7c83ab5b12bd75393ab513c2753a11b7e032febb51,"{""d"":9,""p"":0.0020433597178569417,""r"":36}",
      2048,       345,         0,    1.67,chromobius,2a64f3ea5c03f78f98b30cca07f77cbab49a0285e153c7905ce1fcb0ad983261,"{""d"":9,""p"":0.002395026619987486,""r"":36}",
     32768,       962,         0,    15.3,chromobius,b44e5ca54a44b3e4fc9d0be574de14fd5fd61e975e70a1f731cfad0f8d5001c0,"{""d"":9,""p"":0.0014873521072935117,""r"":36}",
        17,         6,         0,   0.022,chromobius,ccc6f37db7ff414d37027c652f590cb448d87ee91b481b82618f51249cf22013,"{""d"":9,""p"":0.0028072162039411755,""r"":36}",
       256,        66,         0,   0.282,chromobius,ccc6f37db7ff414d37027c652f590cb448d87ee91b481b82618f51249cf22013,"{""d"":9,""p"":0.0028072162039411755,""r"":36}",
     15360,       800,         0,    8.56,chromobius,a1846db08e103ceba20be85e27d6c97bed489dee857777a99fb8f61bb3b788ac,"{""d"":9,""p"":0.0017433288221999873,""r"":36}",
       512,       139,         0,   0.597,chromobius,ccc6f37db7ff414d37027c652f590cb448d87ee91b481b82618f51249cf22013,"{""d"":9,""p"":0.0028072162039411755,""r"":36}",
   1207296,        95,         0,   119.8,chromobius,85bcdce8107bc60244ab91e109bb67b88bcc5da5e8029ab70fee3815d05ba2fc,"{""d"":9,""p"":0.0003039195382313198,""r"":36}",
       512,       109,         0,   0.556,chromobius,ccc6f37db7ff414d37027c652f590cb448d87ee91b481b82618f51249cf22013,"{""d"":9,""p"":0.0028072162039411755,""r"":36}",
      3072,       467,         0,    2.52,chromobius,2a64f3ea5c03f78f98b30cca07f77cbab49a0285e153c7905ce1fcb0ad983261,"{""d"":9,""p"":0.002395026619987486,""r"":36}",
       512,       132,         0,   0.582,chromobius,ccc6f37db7ff414d37027c652f590cb448d87ee91b481b82618f51249cf22013,"{""d"":9,""p"":0.0028072162039411755,""r"":36}",
   1486848,        80,         0,   119.9,chromobius,db40c93e3549aacc86d995f83734c17627e0d29fbae8e6d3e9431e224227ff6e,"{""d"":9,""p"":0.0002592943797404667,""r"":36}",
       512,       129,         0,   0.546,chromobius,ccc6f37db7ff414d37027c652f590cb448d87ee91b481b82618f51249cf22013,"{""d"":9,""p"":0.0028072162039411755,""r"":36}",
      6144,       595,         0,    4.47,chromobius,d76bde3103351573de2f9f7c83ab5b12bd75393ab513c2753a11b7e032febb51,"{""d"":9,""p"":0.0020433597178569417,""r"":36}",
       512,       124,         0,   0.552,chromobius,ccc6f37db7ff414d37027c652f590cb448d87ee91b481b82618f51249cf22013,"{""d"":9,""p"":0.0028072162039411755,""r"":36}",
       512,       140,         0,   0.549,chromobius,ccc6f37db7ff414d37027c652f590cb448d87ee91b481b82618f51249cf22013,"{""d"":9,""p"":0.0028072162039411755,""r"":36}",
       512,       120,         0,   0.559,chromobius,ccc6f37db7ff414d37027c652f590cb448d87ee91b481b82618f51249cf22013,"{""d"":9,""p"":0.0028072162039411755,""r"":36}",
       512,       130,         0,   0.564,chromobius,ccc6f37db7ff414d37027c652f590cb448d87ee91b481b82618f51249cf22013,"{""d"":9,""p"":0.0028072162039411755,""r"":36}",
      4096,       663,         0,    3.27,chromobius,2a64f3ea5c03f78f98b30cca07f77cbab49a0285e153c7905ce1fcb0ad983261,"{""d"":9,""p"":0.002395026619987486,""r"":36}",
       512,       118,         0,   0.543,chromobius,ccc6f37db7ff414d37027c652f590cb448d87ee91b481b82618f51249cf22013,"{""d"":9,""p"":0.0028072162039411755,""r"":36}",
       512,       131,         0,   0.562,chromobius,ccc6f37db7ff414d37027c652f590cb448d87ee91b481b82618f51249cf22013,"{""d"":9,""p"":0.0028072162039411755,""r"":36}",
      1024,       248,         0,    1.11,chromobius,ccc6f37db7ff414d37027c652f590cb448d87ee91b481b82618f51249cf22013,"{""d"":9,""p"":0.0028072162039411755,""r"":36}",
      1024,       242,         0,    1.11,chromobius,ccc6f37db7ff414d37027c652f590cb448d87ee91b481b82618f51249cf22013,"{""d"":9,""p"":0.0028072162039411755,""r"":36}",
      8704,       796,         0,    6.30,chromobius,d76bde3103351573de2f9f7c83ab5b12bd75393ab513c2753a11b7e032febb51,"{""d"":9,""p"":0.0020433597178569417,""r"":36}",
      5632,       896,         0,    4.57,chromobius,2a64f3ea5c03f78f98b30cca07f77cbab49a0285e153c7905ce1fcb0ad983261,"{""d"":9,""p"":0.002395026619987486,""r"":36}",
      1536,       369,         0,    1.66,chromobius,ccc6f37db7ff414d37027c652f590cb448d87ee91b481b82618f51249cf22013,"{""d"":9,""p"":0.0028072162039411755,""r"":36}",
      1536,       376,         0,    1.65,chromobius,ccc6f37db7ff414d37027c652f590cb448d87ee91b481b82618f51249cf22013,"{""d"":9,""p"":0.0028072162039411755,""r"":36}",
     21504,      1091,         0,    11.8,chromobius,a1846db08e103ceba20be85e27d6c97bed489dee857777a99fb8f61bb3b788ac,"{""d"":9,""p"":0.0017433288221999873,""r"":36}",
      2048,       461,         0,    2.26,chromobius,ccc6f37db7ff414d37027c652f590cb448d87ee91b481b82618f51249cf22013,"{""d"":9,""p"":0.0028072162039411755,""r"":36}",
      7680,      1189,         0,    6.24,chromobius,2a64f3ea5c03f78f98b30cca07f77cbab49a0285e153c7905ce1fcb0ad983261,"{""d"":9,""p"":0.002395026619987486,""r"":36}",
        17,         3,         0,   0.044,chromobius,a017283a33f20e8b319474de7cf724163f2e57bb894e02b7989cbafa49d432a6,"{""d"":9,""p"":0.0032903445623126675,""r"":36}",
       128,        53,         0,   0.213,chromobius,a017283a33f20e8b319474de7cf724163f2e57bb894e02b7989cbafa49d432a6,"{""d"":9,""p"":0.0032903445623126675,""r"":36}",
       256,        82,         0,   0.388,chromobius,a017283a33f20e8b319474de7cf724163f2e57bb894e02b7989cbafa49d432a6,"{""d"":9,""p"":0.0032903445623126675,""r"":36}",
       256,        90,         0,   0.481,chromobius,a017283a33f20e8b319474de7cf724163f2e57bb894e02b7989cbafa49d432a6,"{""d"":9,""p"":0.0032903445623126675,""r"":36}",
      3072,       749,         0,    3.67,chromobius,ccc6f37db7ff414d37027c652f590cb448d87ee91b481b82618f51249cf22013,"{""d"":9,""p"":0.0028072162039411755,""r"":36}",
       256,        96,         0,   0.472,chromobius,a017283a33f20e8b319474de7cf724163f2e57bb894e02b7989cbafa49d432a6,"{""d"":9,""p"":0.0032903445623126675,""r"":36}",
     11264,      1059,         0,    8.81,chromobius,d76bde3103351573de2f9f7c83ab5b12bd75393ab513c2753a11b7e032febb51,"{""d"":9,""p"":0.0020433597178569417,""r"":36}",
       256,        98,         0,   0.449,chromobius,a017283a33f20e8b319474de7cf724163f2e57bb894e02b7989cbafa49d432a6,"{""d"":9,""p"":0.0032903445623126675,""r"":36}",
       256,        88,         0,   0.471,chromobius,a017283a33f20e8b319474de7cf724163f2e57bb894e02b7989cbafa49d432a6,"{""d"":9,""p"":0.0032903445623126675,""r"":36}",
       256,        82,         0,   0.387,chromobius,a017283a33f20e8b319474de7cf724163f2e57bb894e02b7989cbafa49d432a6,"{""d"":9,""p"":0.0032903445623126675,""r"":36}",
     12288,       595,         0,    6.58,chromobius,a1846db08e103ceba20be85e27d6c97bed489dee857777a99fb8f61bb3b788ac,"{""d"":9,""p"":0.0017433288221999873,""r"":36}",
        17,         8,         0,   0.031,chromobius,910ed6ad6ff9927ee6f39f868a257dc2331553cd6b19802ab8ad6c4f36079681,"{""d"":9,""p"":0.0038566204211634724,""r"":36}",
       256,        82,         0,   0.341,chromobius,a017283a33f20e8b319474de7cf724163f2e57bb894e02b7989cbafa49d432a6,"{""d"":9,""p"":0.0032903445623126675,""r"":36}",
       256,       114,         0,   0.427,chromobius,910ed6ad6ff9927ee6f39f868a257dc2331553cd6b19802ab8ad6c4f36079681,"{""d"":9,""p"":0.0038566204211634724,""r"":36}",
       256,        99,         0,   0.349,chromobius,a017283a33f20e8b319474de7cf724163f2e57bb894e02b7989cbafa49d432a6,"{""d"":9,""p"":0.0032903445623126675,""r"":36}",
       256,        81,         0,   0.343,chromobius,a017283a33f20e8b319474de7cf724163f2e57bb894e02b7989cbafa49d432a6,"{""d"":9,""p"":0.0032903445623126675,""r"":36}",
       256,       104,         0,   0.421,chromobius,910ed6ad6ff9927ee6f39f868a257dc2331553cd6b19802ab8ad6c4f36079681,"{""d"":9,""p"":0.0038566204211634724,""r"":36}",
       256,       112,         0,   0.420,chromobius,910ed6ad6ff9927ee6f39f868a257dc2331553cd6b19802ab8ad6c4f36079681,"{""d"":9,""p"":0.0038566204211634724,""r"":36}",
       512,       194,         0,   0.687,chromobius,a017283a33f20e8b319474de7cf724163f2e57bb894e02b7989cbafa49d432a6,"{""d"":9,""p"":0.0032903445623126675,""r"":36}",
       256,       103,         0,   0.431,chromobius,910ed6ad6ff9927ee6f39f868a257dc2331553cd6b19802ab8ad6c4f36079681,"{""d"":9,""p"":0.0038566204211634724,""r"":36}",
       256,       111,         0,   0.428,chromobius,910ed6ad6ff9927ee6f39f868a257dc2331553cd6b19802ab8ad6c4f36079681,"{""d"":9,""p"":0.0038566204211634724,""r"":36}",
       512,       171,         0,   0.682,chromobius,a017283a33f20e8b319474de7cf724163f2e57bb894e02b7989cbafa49d432a6,"{""d"":9,""p"":0.0032903445623126675,""r"":36}",
      3584,       882,         0,    4.32,chromobius,ccc6f37db7ff414d37027c652f590cb448d87ee91b481b82618f51249cf22013,"{""d"":9,""p"":0.0028072162039411755,""r"":36}",
       256,       104,         0,   0.424,chromobius,910ed6ad6ff9927ee6f39f868a257dc2331553cd6b19802ab8ad6c4f36079681,"{""d"":9,""p"":0.0038566204211634724,""r"":36}",
       256,       113,         0,   0.427,chromobius,910ed6ad6ff9927ee6f39f868a257dc2331553cd6b19802ab8ad6c4f36079681,"{""d"":9,""p"":0.0038566204211634724,""r"":36}",
       768,       270,         0,    1.04,chromobius,a017283a33f20e8b319474de7cf724163f2e57bb894e02b7989cbafa49d432a6,"{""d"":9,""p"":0.0032903445623126675,""r"":36}",
       256,       109,         0,   0.426,chromobius,910ed6ad6ff9927ee6f39f868a257dc2331553cd6b19802ab8ad6c4f36079681,"{""d"":9,""p"":0.0038566204211634724,""r"":36}",
      6144,       546,         0,    4.73,chromobius,d76bde3103351573de2f9f7c83ab5b12bd75393ab513c2753a11b7e032febb51,"{""d"":9,""p"":0.0020433597178569417,""r"":36}",
        17,         6,         0,   0.039,chromobius,acc0f21016efa4cf615dd9911cebdf8ea195393e2b19e28680feef4138e7a3f1,"{""d"":9,""p"":0.004520353656360241,""r"":36}",
       256,       107,         0,   0.467,chromobius,910ed6ad6ff9927ee6f39f868a257dc2331553cd6b19802ab8ad6c4f36079681,"{""d"":9,""p"":0.0038566204211634724,""r"":36}",
      1536,       384,         0,    1.72,chromobius,ccc6f37db7ff414d37027c652f590cb448d87ee91b481b82618f51249cf22013,"{""d"":9,""p"":0.0028072162039411755,""r"":36}",
       256,       109,         0,   0.423,chromobius,910ed6ad6ff9927ee6f39f868a257dc2331553cd6b19802ab8ad6c4f36079681,"{""d"":9,""p"":0.0038566204211634724,""r"":36}",
       256,       116,         0,   0.530,chromobius,acc0f21016efa4cf615dd9911cebdf8ea195393e2b19e28680feef4138e7a3f1,"{""d"":9,""p"":0.004520353656360241,""r"":36}",
        17,         6,         0,   0.049,chromobius,6df3d80c75ef61914e7b77b51eb844d2821d138ebd7bc7a6a2f29df2025c4171,"{""d"":9,""p"":0.005298316906283708,""r"":36}",
      1024,       342,         0,    1.42,chromobius,a017283a33f20e8b319474de7cf724163f2e57bb894e02b7989cbafa49d432a6,"{""d"":9,""p"":0.0032903445623126675,""r"":36}",
       128,        66,         0,   0.356,chromobius,6df3d80c75ef61914e7b77b51eb844d2821d138ebd7bc7a6a2f29df2025c4171,"{""d"":9,""p"":0.005298316906283708,""r"":36}",
       256,       116,         0,   0.449,chromobius,910ed6ad6ff9927ee6f39f868a257dc2331553cd6b19802ab8ad6c4f36079681,"{""d"":9,""p"":0.0038566204211634724,""r"":36}",
       256,       122,         0,   0.551,chromobius,acc0f21016efa4cf615dd9911cebdf8ea195393e2b19e28680feef4138e7a3f1,"{""d"":9,""p"":0.004520353656360241,""r"":36}",
       128,        62,         0,   0.361,chromobius,6df3d80c75ef61914e7b77b51eb844d2821d138ebd7bc7a6a2f29df2025c4171,"{""d"":9,""p"":0.005298316906283708,""r"":36}",
       128,        56,         0,   0.345,chromobius,6df3d80c75ef61914e7b77b51eb844d2821d138ebd7bc7a6a2f29df2025c4171,"{""d"":9,""p"":0.005298316906283708,""r"":36}",
       256,       119,         0,   0.538,chromobius,acc0f21016efa4cf615dd9911cebdf8ea195393e2b19e28680feef4138e7a3f1,"{""d"":9,""p"":0.004520353656360241,""r"":36}",
       512,       235,         0,   0.860,chromobius,910ed6ad6ff9927ee6f39f868a257dc2331553cd6b19802ab8ad6c4f36079681,"{""d"":9,""p"":0.0038566204211634724,""r"":36}",
       128,        65,         0,   0.347,chromobius,6df3d80c75ef61914e7b77b51eb844d2821d138ebd7bc7a6a2f29df2025c4171,"{""d"":9,""p"":0.005298316906283708,""r"":36}",
       256,       127,         0,   0.532,chromobius,acc0f21016efa4cf615dd9911cebdf8ea195393e2b19e28680feef4138e7a3f1,"{""d"":9,""p"":0.004520353656360241,""r"":36}",
       128,        59,         0,   0.334,chromobius,6df3d80c75ef61914e7b77b51eb844d2821d138ebd7bc7a6a2f29df2025c4171,"{""d"":9,""p"":0.005298316906283708,""r"":36}",
      1280,       459,         0,    1.75,chromobius,a017283a33f20e8b319474de7cf724163f2e57bb894e02b7989cbafa49d432a6,"{""d"":9,""p"":0.0032903445623126675,""r"":36}",
       512,       209,         0,   0.858,chromobius,910ed6ad6ff9927ee6f39f868a257dc2331553cd6b19802ab8ad6c4f36079681,"{""d"":9,""p"":0.0038566204211634724,""r"":36}",
       128,        61,         0,   0.343,chromobius,6df3d80c75ef61914e7b77b51eb844d2821d138ebd7bc7a6a2f29df2025c4171,"{""d"":9,""p"":0.005298316906283708,""r"":36}",
       256,       126,         0,   0.538,chromobius,acc0f21016efa4cf615dd9911cebdf8ea195393e2b19e28680feef4138e7a3f1,"{""d"":9,""p"":0.004520353656360241,""r"":36}",
       128,        68,         0,   0.335,chromobius,6df3d80c75ef61914e7b77b51eb844d2821d138ebd7bc7a6a2f29df2025c4171,"{""d"":9,""p"":0.005298316906283708,""r"":36}",
       256,       117,         0,   0.528,chromobius,acc0f21016efa4cf615dd9911cebdf8ea195393e2b19e28680feef4138e7a3f1,"{""d"":9,""p"":0.004520353656360241,""r"":36}",
       128,        62,         0,   0.332,chromobius,6df3d80c75ef61914e7b77b51eb844d2821d138ebd7bc7a6a2f29df2025c4171,"{""d"":9,""p"":0.005298316906283708,""r"":36}",
       128,        66,         0,   0.334,chromobius,6df3d80c75ef61914e7b77b51eb844d2821d138ebd7bc7a6a2f29df2025c4171,"{""d"":9,""p"":0.005298316906283708,""r"":36}",
       256,       119,         0,   0.538,chromobius,acc0f21016efa4cf615dd9911cebdf8ea195393e2b19e28680feef4138e7a3f1,"{""d"":9,""p"":0.004520353656360241,""r"":36}",
       768,       328,         0,    1.29,chromobius,910ed6ad6ff9927ee6f39f868a257dc2331553cd6b19802ab8ad6c4f36079681,"{""d"":9,""p"":0.0038566204211634724,""r"":36}",
       128,        75,         0,   0.332,chromobius,6df3d80c75ef61914e7b77b51eb844d2821d138ebd7bc7a6a2f29df2025c4171,"{""d"":9,""p"":0.005298316906283708,""r"":36}",
       256,       134,         0,   0.525,chromobius,acc0f21016efa4cf615dd9911cebdf8ea195393e2b19e28680feef4138e7a3f1,"{""d"":9,""p"":0.004520353656360241,""r"":36}",
       256,       135,         0,   0.684,chromobius,6df3d80c75ef61914e7b77b51eb844d2821d138ebd7bc7a6a2f29df2025c4171,"{""d"":9,""p"":0.005298316906283708,""r"":36}",
       256,       123,         0,   0.540,chromobius,acc0f21016efa4cf615dd9911cebdf8ea195393e2b19e28680feef4138e7a3f1,"{""d"":9,""p"":0.004520353656360241,""r"":36}",
      1792,       619,         0,    2.46,chromobius,a017283a33f20e8b319474de7cf724163f2e57bb894e02b7989cbafa49d432a6,"{""d"":9,""p"":0.0032903445623126675,""r"":36}",
       256,       119,         0,   0.757,chromobius,6df3d80c75ef61914e7b77b51eb844d2821d138ebd7bc7a6a2f29df2025c4171,"{""d"":9,""p"":0.005298316906283708,""r"":36}",
       256,       113,         0,   0.587,chromobius,acc0f21016efa4cf615dd9911cebdf8ea195393e2b19e28680feef4138e7a3f1,"{""d"":9,""p"":0.004520353656360241,""r"":36}",
      1024,       446,         0,    1.78,chromobius,910ed6ad6ff9927ee6f39f868a257dc2331553cd6b19802ab8ad6c4f36079681,"{""d"":9,""p"":0.0038566204211634724,""r"":36}",
       256,       127,         0,   0.536,chromobius,acc0f21016efa4cf615dd9911cebdf8ea195393e2b19e28680feef4138e7a3f1,"{""d"":9,""p"":0.004520353656360241,""r"":36}",
   1124352,       147,         0,   119.9,chromobius,03c8e9f29b1d6baa14724201f89d901da22f33cf231b11974b4ddb7747adc8e6,"{""d"":9,""p"":0.0003562247890262444,""r"":36}",
       384,       186,         0,    1.05,chromobius,6df3d80c75ef61914e7b77b51eb844d2821d138ebd7bc7a6a2f29df2025c4171,"{""d"":9,""p"":0.005298316906283708,""r"":36}",
       512,       232,         0,    1.10,chromobius,acc0f21016efa4cf615dd9911cebdf8ea195393e2b19e28680feef4138e7a3f1,"{""d"":9,""p"":0.004520353656360241,""r"":36}",
       512,       249,         0,    1.37,chromobius,6df3d80c75ef61914e7b77b51eb844d2821d138ebd7bc7a6a2f29df2025c4171,"{""d"":9,""p"":0.005298316906283708,""r"":36}",
      1280,       557,         0,    2.18,chromobius,910ed6ad6ff9927ee6f39f868a257dc2331553cd6b19802ab8ad6c4f36079681,"{""d"":9,""p"":0.0038566204211634724,""r"":36}",
       512,       250,         0,    1.09,chromobius,acc0f21016efa4cf615dd9911cebdf8ea195393e2b19e28680feef4138e7a3f1,"{""d"":9,""p"":0.004520353656360241,""r"":36}",
      2304,       795,         0,    3.21,chromobius,a017283a33f20e8b319474de7cf724163f2e57bb894e02b7989cbafa49d432a6,"{""d"":9,""p"":0.0032903445623126675,""r"":36}",
       640,       328,         0,    1.69,chromobius,6df3d80c75ef61914e7b77b51eb844d2821d138ebd7bc7a6a2f29df2025c4171,"{""d"":9,""p"":0.005298316906283708,""r"":36}",
       768,       356,         0,    1.65,chromobius,acc0f21016efa4cf615dd9911cebdf8ea195393e2b19e28680feef4138e7a3f1,"{""d"":9,""p"":0.004520353656360241,""r"":36}",
      1792,       769,         0,    3.06,chromobius,910ed6ad6ff9927ee6f39f868a257dc2331553cd6b19802ab8ad6c4f36079681,"{""d"":9,""p"":0.0038566204211634724,""r"":36}",
       768,       376,         0,    1.64,chromobius,acc0f21016efa4cf615dd9911cebdf8ea195393e2b19e28680feef4138e7a3f1,"{""d"":9,""p"":0.004520353656360241,""r"":36}",
       896,       426,         0,    2.41,chromobius,6df3d80c75ef61914e7b77b51eb844d2821d138ebd7bc7a6a2f29df2025c4171,"{""d"":9,""p"":0.005298316906283708,""r"":36}",
      3328,      1150,         0,    4.68,chromobius,a017283a33f20e8b319474de7cf724163f2e57bb894e02b7989cbafa49d432a6,"{""d"":9,""p"":0.0032903445623126675,""r"":36}",
       512,       178,         0,   0.882,chromobius,a017283a33f20e8b319474de7cf724163f2e57bb894e02b7989cbafa49d432a6,"{""d"":9,""p"":0.0032903445623126675,""r"":36}",
      1024,       513,         0,    2.47,chromobius,acc0f21016efa4cf615dd9911cebdf8ea195393e2b19e28680feef4138e7a3f1,"{""d"":9,""p"":0.004520353656360241,""r"":36}",
        17,         6,         0,   0.081,chromobius,28b11e6196070f79aebbe3b6febb763f54e7ba8199c5ade41c03db18e129e5d0,"{""d"":9,""p"":0.006210169418915616,""r"":36}",
        64,        38,         0,   0.249,chromobius,28b11e6196070f79aebbe3b6febb763f54e7ba8199c5ade41c03db18e129e5d0,"{""d"":9,""p"":0.006210169418915616,""r"":36}",
       128,        59,         0,   0.510,chromobius,28b11e6196070f79aebbe3b6febb763f54e7ba8199c5ade41c03db18e129e5d0,"{""d"":9,""p"":0.006210169418915616,""r"":36}",
      1024,       507,         0,    3.22,chromobius,6df3d80c75ef61914e7b77b51eb844d2821d138ebd7bc7a6a2f29df2025c4171,"{""d"":9,""p"":0.005298316906283708,""r"":36}",
      2304,       962,         0,    4.39,chromobius,910ed6ad6ff9927ee6f39f868a257dc2331553cd6b19802ab8ad6c4f36079681,"{""d"":9,""p"":0.0038566204211634724,""r"":36}",
       128,        72,         0,   0.512,chromobius,28b11e6196070f79aebbe3b6febb763f54e7ba8199c5ade41c03db18e129e5d0,"{""d"":9,""p"":0.006210169418915616,""r"":36}",
       128,        63,         0,   0.446,chromobius,28b11e6196070f79aebbe3b6febb763f54e7ba8199c5ade41c03db18e129e5d0,"{""d"":9,""p"":0.006210169418915616,""r"":36}",
       128,        76,         0,   0.510,chromobius,28b11e6196070f79aebbe3b6febb763f54e7ba8199c5ade41c03db18e129e5d0,"{""d"":9,""p"":0.006210169418915616,""r"":36}",
       768,       354,         0,    1.53,chromobius,910ed6ad6ff9927ee6f39f868a257dc2331553cd6b19802ab8ad6c4f36079681,"{""d"":9,""p"":0.0038566204211634724,""r"":36}",
       128,        59,         0,   0.543,chromobius,28b11e6196070f79aebbe3b6febb763f54e7ba8199c5ade41c03db18e129e5d0,"{""d"":9,""p"":0.006210169418915616,""r"":36}",
      1280,       623,         0,    3.21,chromobius,acc0f21016efa4cf615dd9911cebdf8ea195393e2b19e28680feef4138e7a3f1,"{""d"":9,""p"":0.004520353656360241,""r"":36}",
        17,         7,         0,   0.096,chromobius,5ba7453747af584c30927aa2082d2316c68f68dc4b2bed58259ba975f257f233,"{""d"":9,""p"":0.007278953843983146,""r"":36}",
       128,        59,         0,   0.523,chromobius,28b11e6196070f79aebbe3b6febb763f54e7ba8199c5ade41c03db18e129e5d0,"{""d"":9,""p"":0.006210169418915616,""r"":36}",
        64,        33,         0,   0.293,chromobius,5ba7453747af584c30927aa2082d2316c68f68dc4b2bed58259ba975f257f233,"{""d"":9,""p"":0.007278953843983146,""r"":36}",
       128,        55,         0,   0.540,chromobius,28b11e6196070f79aebbe3b6febb763f54e7ba8199c5ade41c03db18e129e5d0,"{""d"":9,""p"":0.006210169418915616,""r"":36}",
       128,        72,         0,   0.635,chromobius,5ba7453747af584c30927aa2082d2316c68f68dc4b2bed58259ba975f257f233,"{""d"":9,""p"":0.007278953843983146,""r"":36}",
       128,        65,         0,   0.516,chromobius,28b11e6196070f79aebbe3b6febb763f54e7ba8199c5ade41c03db18e129e5d0,"{""d"":9,""p"":0.006210169418915616,""r"":36}",
       128,        59,         0,   0.641,chromobius,5ba7453747af584c30927aa2082d2316c68f68dc4b2bed58259ba975f257f233,"{""d"":9,""p"":0.007278953843983146,""r"":36}",
       128,        66,         0,   0.497,chromobius,28b11e6196070f79aebbe3b6febb763f54e7ba8199c5ade41c03db18e129e5d0,"{""d"":9,""p"":0.006210169418915616,""r"":36}",
       128,        63,         0,   0.574,chromobius,5ba7453747af584c30927aa2082d2316c68f68dc4b2bed58259ba975f257f233,"{""d"":9,""p"":0.007278953843983146,""r"":36}",
       128,        70,         0,   0.458,chromobius,28b11e6196070f79aebbe3b6febb763f54e7ba8199c5ade41c03db18e129e5d0,"{""d"":9,""p"":0.006210169418915616,""r"":36}",
      1408,       664,         0,    4.33,chromobius,6df3d80c75ef61914e7b77b51eb844d2821d138ebd7bc7a6a2f29df2025c4171,"{""d"":9,""p"":0.005298316906283708,""r"":36}",
       128,        70,         0,   0.635,chromobius,5ba7453747af584c30927aa2082d2316c68f68dc4b2bed58259ba975f257f233,"{""d"":9,""p"":0.007278953843983146,""r"":36}",
   2433024,        35,         0,   119.7,chromobius,289a2555d7b55990d08478341e4f7a2f7df0b5db292fb25b007ba2ff7a6611f2,"{""d"":9,""p"":0.00016102620275609394,""r"":36}",
       256,       124,         0,    1.02,chromobius,28b11e6196070f79aebbe3b6febb763f54e7ba8199c5ade41c03db18e129e5d0,"{""d"":9,""p"":0.006210169418915616,""r"":36}",
       128,        68,         0,   0.654,chromobius,5ba7453747af584c30927aa2082d2316c68f68dc4b2bed58259ba975f257f233,"{""d"":9,""p"":0.007278953843983146,""r"":36}",
       128,        66,         0,   0.654,chromobius,5ba7453747af584c30927aa2082d2316c68f68dc4b2bed58259ba975f257f233,"{""d"":9,""p"":0.007278953843983146,""r"":36}",
   1980416,        35,         0,   119.7,chromobius,ef319fb3c976f34bd0d9f3548bf94401473161e521a8519f112c51e024784cb6,"{""d"":9,""p"":0.00018873918221350977,""r"":36}",
       256,       131,         0,    1.03,chromobius,28b11e6196070f79aebbe3b6febb763f54e7ba8199c5ade41c03db18e129e5d0,"{""d"":9,""p"":0.006210169418915616,""r"":36}",
      1792,       851,         0,    4.42,chromobius,acc0f21016efa4cf615dd9911cebdf8ea195393e2b19e28680feef4138e7a3f1,"{""d"":9,""p"":0.004520353656360241,""r"":36}",
       128,        57,         0,   0.645,chromobius,5ba7453747af584c30927aa2082d2316c68f68dc4b2bed58259ba975f257f233,"{""d"":9,""p"":0.007278953843983146,""r"":36}",
       128,        60,         0,   0.660,chromobius,5ba7453747af584c30927aa2082d2316c68f68dc4b2bed58259ba975f257f233,"{""d"":9,""p"":0.007278953843983146,""r"":36}",
       384,       197,         0,    1.51,chromobius,28b11e6196070f79aebbe3b6febb763f54e7ba8199c5ade41c03db18e129e5d0,"{""d"":9,""p"":0.006210169418915616,""r"":36}",
       128,        65,         0,   0.641,chromobius,5ba7453747af584c30927aa2082d2316c68f68dc4b2bed58259ba975f257f233,"{""d"":9,""p"":0.007278953843983146,""r"":36}",
       128,        61,         0,   0.656,chromobius,5ba7453747af584c30927aa2082d2316c68f68dc4b2bed58259ba975f257f233,"{""d"":9,""p"":0.007278953843983146,""r"":36}",
      1024,       501,         0,    2.54,chromobius,acc0f21016efa4cf615dd9911cebdf8ea195393e2b19e28680feef4138e7a3f1,"{""d"":9,""p"":0.004520353656360241,""r"":36}",
        17,         8,         0,   0.098,chromobius,d371043a9982f5be8326d04b2d6b8795f4ec577bf841e25ea1a81e3ce8024b2b,"{""d"":9,""p"":0.008531678524172805,""r"":36}",
       128,        74,         0,   0.650,chromobius,5ba7453747af584c30927aa2082d2316c68f68dc4b2bed58259ba975f257f233,"{""d"":9,""p"":0.007278953843983146,""r"":36}",
        64,        32,         0,   0.388,chromobius,d371043a9982f5be8326d04b2d6b8795f4ec577bf841e25ea1a81e3ce8024b2b,"{""d"":9,""p"":0.008531678524172805,""r"":36}",
       512,       258,         0,    2.05,chromobius,28b11e6196070f79aebbe3b6febb763f54e7ba8199c5ade41c03db18e129e5d0,"{""d"":9,""p"":0.006210169418915616,""r"":36}",
        64,        34,         0,   0.387,chromobius,d371043a9982f5be8326d04b2d6b8795f4ec577bf841e25ea1a81e3ce8024b2b,"{""d"":9,""p"":0.008531678524172805,""r"":36}",
      1920,       955,         0,    6.03,chromobius,6df3d80c75ef61914e7b77b51eb844d2821d138ebd7bc7a6a2f29df2025c4171,"{""d"":9,""p"":0.005298316906283708,""r"":36}",
        64,        32,         0,   0.397,chromobius,d371043a9982f5be8326d04b2d6b8795f4ec577bf841e25ea1a81e3ce8024b2b,"{""d"":9,""p"":0.008531678524172805,""r"":36}",
       256,       109,         0,    1.32,chromobius,5ba7453747af584c30927aa2082d2316c68f68dc4b2bed58259ba975f257f233,"{""d"":9,""p"":0.007278953843983146,""r"":36}",
        64,        32,         0,   0.373,chromobius,d371043a9982f5be8326d04b2d6b8795f4ec577bf841e25ea1a81e3ce8024b2b,"{""d"":9,""p"":0.008531678524172805,""r"":36}",
        64,        35,         0,   0.340,chromobius,d371043a9982f5be8326d04b2d6b8795f4ec577bf841e25ea1a81e3ce8024b2b,"{""d"":9,""p"":0.008531678524172805,""r"":36}",
        64,        37,         0,   0.356,chromobius,d371043a9982f5be8326d04b2d6b8795f4ec577bf841e25ea1a81e3ce8024b2b,"{""d"":9,""p"":0.008531678524172805,""r"":36}",
        64,        43,         0,   0.335,chromobius,d371043a9982f5be8326d04b2d6b8795f4ec577bf841e25ea1a81e3ce8024b2b,"{""d"":9,""p"":0.008531678524172805,""r"":36}",
       640,       322,         0,    2.26,chromobius,28b11e6196070f79aebbe3b6febb763f54e7ba8199c5ade41c03db18e129e5d0,"{""d"":9,""p"":0.006210169418915616,""r"":36}",
        64,        31,         0,   0.359,chromobius,d371043a9982f5be8326d04b2d6b8795f4ec577bf841e25ea1a81e3ce8024b2b,"{""d"":9,""p"":0.008531678524172805,""r"":36}",
       384,       201,         0,    1.58,chromobius,5ba7453747af584c30927aa2082d2316c68f68dc4b2bed58259ba975f257f233,"{""d"":9,""p"":0.007278953843983146,""r"":36}",
        64,        31,         0,   0.338,chromobius,d371043a9982f5be8326d04b2d6b8795f4ec577bf841e25ea1a81e3ce8024b2b,"{""d"":9,""p"":0.008531678524172805,""r"":36}",
        64,        34,         0,   0.324,chromobius,d371043a9982f5be8326d04b2d6b8795f4ec577bf841e25ea1a81e3ce8024b2b,"{""d"":9,""p"":0.008531678524172805,""r"":36}",
       128,        72,         0,   0.745,chromobius,d371043a9982f5be8326d04b2d6b8795f4ec577bf841e25ea1a81e3ce8024b2b,"{""d"":9,""p"":0.008531678524172805,""r"":36}",
       128,        72,         0,   0.660,chromobius,d371043a9982f5be8326d04b2d6b8795f4ec577bf841e25ea1a81e3ce8024b2b,"{""d"":9,""p"":0.008531678524172805,""r"":36}",
       512,       241,         0,    2.07,chromobius,5ba7453747af584c30927aa2082d2316c68f68dc4b2bed58259ba975f257f233,"{""d"":9,""p"":0.007278953843983146,""r"":36}",
      1664,       821,         0,    4.48,chromobius,6df3d80c75ef61914e7b77b51eb844d2821d138ebd7bc7a6a2f29df2025c4171,"{""d"":9,""p"":0.005298316906283708,""r"":36}",
        17,         7,         0,   0.097,chromobius,964edf6c7c332a8d5cfa70199637aaa1cc3285ca68dc7736db06ea3284c4af38,"{""d"":9,""p"":0.01,""r"":36}",
    304128,       432,         0,    65.0,chromobius,1bde86419a25b33de2ad00de94714b93d2dc3a62f4e55afea58c49e1d8ec7e6d,"{""d"":9,""p"":0.0006723357536499335,""r"":36}",
       192,       100,         0,    1.02,chromobius,d371043a9982f5be8326d04b2d6b8795f4ec577bf841e25ea1a81e3ce8024b2b,"{""d"":9,""p"":0.008531678524172805,""r"":36}",
       273,         0,         0,   0.018,chromobius,289a2555d7b55990d08478341e4f7a2f7df0b5db292fb25b007ba2ff7a6611f2,"{""d"":9,""p"":0.00016102620275609394,""r"":36}",
      1024,         0,         0,   0.056,chromobius,289a2555d7b55990d08478341e4f7a2f7df0b5db292fb25b007ba2ff7a6611f2,"{""d"":9,""p"":0.00016102620275609394,""r"":36}",
      1024,         0,         0,   0.050,chromobius,289a2555d7b55990d08478341e4f7a2f7df0b5db292fb25b007ba2ff7a6611f2,"{""d"":9,""p"":0.00016102620275609394,""r"":36}",
      1024,         1,         0,   0.049,chromobius,289a2555d7b55990d08478341e4f7a2f7df0b5db292fb25b007ba2ff7a6611f2,"{""d"":9,""p"":0.00016102620275609394,""r"":36}",
        64,        31,         0,   0.445,chromobius,964edf6c7c332a8d5cfa70199637aaa1cc3285ca68dc7736db06ea3284c4af38,"{""d"":9,""p"":0.01,""r"":36}",
      1024,       521,         0,    3.40,chromobius,28b11e6196070f79aebbe3b6febb763f54e7ba8199c5ade41c03db18e129e5d0,"{""d"":9,""p"":0.006210169418915616,""r"":36}",
      1024,         0,         0,   0.047,chromobius,289a2555d7b55990d08478341e4f7a2f7df0b5db292fb25b007ba2ff7a6611f2,"{""d"":9,""p"":0.00016102620275609394,""r"":36}",
      2048,         0,         0,   0.095,chromobius,289a2555d7b55990d08478341e4f7a2f7df0b5db292fb25b007ba2ff7a6611f2,"{""d"":9,""p"":0.00016102620275609394,""r"":36}",
      2048,         0,         0,   0.102,chromobius,289a2555d7b55990d08478341e4f7a2f7df0b5db292fb25b007ba2ff7a6611f2,"{""d"":9,""p"":0.00016102620275609394,""r"":36}",
      3072,         0,         0,   0.144,chromobius,289a2555d7b55990d08478341e4f7a2f7df0b5db292fb25b007ba2ff7a6611f2,"{""d"":9,""p"":0.00016102620275609394,""r"":36}",
        64,        31,         0,   0.393,chromobius,964edf6c7c332a8d5cfa70199637aaa1cc3285ca68dc7736db06ea3284c4af38,"{""d"":9,""p"":0.01,""r"":36}",
      4096,         0,         0,   0.190,chromobius,289a2555d7b55990d08478341e4f7a2f7df0b5db292fb25b007ba2ff7a6611f2,"{""d"":9,""p"":0.00016102620275609394,""r"":36}",
        64,        25,         0,   0.376,chromobius,964edf6c7c332a8d5cfa70199637aaa1cc3285ca68dc7736db06ea3284c4af38,"{""d"":9,""p"":0.01,""r"":36}",
      5120,         0,         0,   0.239,chromobius,289a2555d7b55990d08478341e4f7a2f7df0b5db292fb25b007ba2ff7a6611f2,"{""d"":9,""p"":0.00016102620275609394,""r"":36}",
      6144,         0,         0,   0.299,chromobius,289a2555d7b55990d08478341e4f7a2f7df0b5db292fb25b007ba2ff7a6611f2,"{""d"":9,""p"":0.00016102620275609394,""r"":36}",
       256,       120,         0,    1.38,chromobius,d371043a9982f5be8326d04b2d6b8795f4ec577bf841e25ea1a81e3ce8024b2b,"{""d"":9,""p"":0.008531678524172805,""r"":36}",
        64,        29,         0,   0.401,chromobius,964edf6c7c332a8d5cfa70199637aaa1cc3285ca68dc7736db06ea3284c4af38,"{""d"":9,""p"":0.01,""r"":36}",
       640,       307,         0,    2.62,chromobius,5ba7453747af584c30927aa2082d2316c68f68dc4b2bed58259ba975f257f233,"{""d"":9,""p"":0.007278953843983146,""r"":36}",
      9216,         0,         0,   0.438,chromobius,289a2555d7b55990d08478341e4f7a2f7df0b5db292fb25b007ba2ff7a6611f2,"{""d"":9,""p"":0.00016102620275609394,""r"":36}",
        64,        37,         0,   0.409,chromobius,964edf6c7c332a8d5cfa70199637aaa1cc3285ca68dc7736db06ea3284c4af38,"{""d"":9,""p"":0.01,""r"":36}",
        64,        32,         0,   0.414,chromobius,964edf6c7c332a8d5cfa70199637aaa1cc3285ca68dc7736db06ea3284c4af38,"{""d"":9,""p"":0.01,""r"":36}",
     11264,         0,         0,   0.575,chromobius,289a2555d7b55990d08478341e4f7a2f7df0b5db292fb25b007ba2ff7a6611f2,"{""d"":9,""p"":0.00016102620275609394,""r"":36}",
        64,        31,         0,   0.397,chromobius,964edf6c7c332a8d5cfa70199637aaa1cc3285ca68dc7736db06ea3284c4af38,"{""d"":9,""p"":0.01,""r"":36}",
       320,       165,         0,    1.67,chromobius,d371043a9982f5be8326d04b2d6b8795f4ec577bf841e25ea1a81e3ce8024b2b,"{""d"":9,""p"":0.008531678524172805,""r"":36}",
        64,        34,         0,   0.415,chromobius,964edf6c7c332a8d5cfa70199637aaa1cc3285ca68dc7736db06ea3284c4af38,"{""d"":9,""p"":0.01,""r"":36}",
     16384,         0,         0,   0.792,chromobius,289a2555d7b55990d08478341e4f7a2f7df0b5db292fb25b007ba2ff7a6611f2,"{""d"":9,""p"":0.00016102620275609394,""r"":36}",
        64,        32,         0,   0.418,chromobius,964edf6c7c332a8d5cfa70199637aaa1cc3285ca68dc7736db06ea3284c4af38,"{""d"":9,""p"":0.01,""r"":36}",
        64,        32,         0,   0.378,chromobius,964edf6c7c332a8d5cfa70199637aaa1cc3285ca68dc7736db06ea3284c4af38,"{""d"":9,""p"":0.01,""r"":36}",
     23552,         0,         0,    1.15,chromobius,289a2555d7b55990d08478341e4f7a2f7df0b5db292fb25b007ba2ff7a6611f2,"{""d"":9,""p"":0.00016102620275609394,""r"":36}",
       128,        52,         0,   0.809,chromobius,964edf6c7c332a8d5cfa70199637aaa1cc3285ca68dc7736db06ea3284c4af38,"{""d"":9,""p"":0.01,""r"":36}",
       768,       400,         0,    3.13,chromobius,5ba7453747af584c30927aa2082d2316c68f68dc4b2bed58259ba975f257f233,"{""d"":9,""p"":0.007278953843983146,""r"":36}",
      1408,       717,         0,    4.56,chromobius,28b11e6196070f79aebbe3b6febb763f54e7ba8199c5ade41c03db18e129e5d0,"{""d"":9,""p"":0.006210169418915616,""r"":36}",
       448,       217,         0,    2.38,chromobius,d371043a9982f5be8326d04b2d6b8795f4ec577bf841e25ea1a81e3ce8024b2b,"{""d"":9,""p"":0.008531678524172805,""r"":36}",
       128,        64,         0,   0.765,chromobius,964edf6c7c332a8d5cfa70199637aaa1cc3285ca68dc7736db06ea3284c4af38,"{""d"":9,""p"":0.01,""r"":36}",
     32768,         0,         0,    1.58,chromobius,289a2555d7b55990d08478341e4f7a2f7df0b5db292fb25b007ba2ff7a6611f2,"{""d"":9,""p"":0.00016102620275609394,""r"":36}",
       192,        91,         0,    1.17,chromobius,964edf6c7c332a8d5cfa70199637aaa1cc3285ca68dc7736db06ea3284c4af38,"{""d"":9,""p"":0.01,""r"":36}",
       192,       101,         0,    1.28,chromobius,964edf6c7c332a8d5cfa70199637aaa1cc3285ca68dc7736db06ea3284c4af38,"{""d"":9,""p"":0.01,""r"":36}",
     45056,         1,         0,    2.21,chromobius,289a2555d7b55990d08478341e4f7a2f7df0b5db292fb25b007ba2ff7a6611f2,"{""d"":9,""p"":0.00016102620275609394,""r"":36}",
       576,       305,         0,    3.12,chromobius,d371043a9982f5be8326d04b2d6b8795f4ec577bf841e25ea1a81e3ce8024b2b,"{""d"":9,""p"":0.008531678524172805,""r"":36}",
       256,       118,         0,    1.62,chromobius,964edf6c7c332a8d5cfa70199637aaa1cc3285ca68dc7736db06ea3284c4af38,"{""d"":9,""p"":0.01,""r"":36}",
      1152,       579,         0,    4.75,chromobius,5ba7453747af584c30927aa2082d2316c68f68dc4b2bed58259ba975f257f233,"{""d"":9,""p"":0.007278953843983146,""r"":36}",
      1920,       941,         0,    6.33,chromobius,28b11e6196070f79aebbe3b6febb763f54e7ba8199c5ade41c03db18e129e5d0,"{""d"":9,""p"":0.006210169418915616,""r"":36}",
     64512,         1,         0,    3.09,chromobius,289a2555d7b55990d08478341e4f7a2f7df0b5db292fb25b007ba2ff7a6611f2,"{""d"":9,""p"":0.00016102620275609394,""r"":36}",
       384,       189,         0,    2.36,chromobius,964edf6c7c332a8d5cfa70199637aaa1cc3285ca68dc7736db06ea3284c4af38,"{""d"":9,""p"":0.01,""r"":36}",
       832,       424,         0,    4.42,chromobius,d371043a9982f5be8326d04b2d6b8795f4ec577bf841e25ea1a81e3ce8024b2b,"{""d"":9,""p"":0.008531678524172805,""r"":36}",
       512,       243,         0,    3.12,chromobius,964edf6c7c332a8d5cfa70199637aaa1cc3285ca68dc7736db06ea3284c4af38,"{""d"":9,""p"":0.01,""r"":36}",
     88064,         3,         0,    4.30,chromobius,289a2555d7b55990d08478341e4f7a2f7df0b5db292fb25b007ba2ff7a6611f2,"{""d"":9,""p"":0.00016102620275609394,""r"":36}",
      1536,       760,         0,    6.37,chromobius,5ba7453747af584c30927aa2082d2316c68f68dc4b2bed58259ba975f257f233,"{""d"":9,""p"":0.007278953843983146,""r"":36}",
      2304,      1101,         0,    7.74,chromobius,28b11e6196070f79aebbe3b6febb763f54e7ba8199c5ade41c03db18e129e5d0,"{""d"":9,""p"":0.006210169418915616,""r"":36}",
      1152,       589,         0,    6.08,chromobius,d371043a9982f5be8326d04b2d6b8795f4ec577bf841e25ea1a81e3ce8024b2b,"{""d"":9,""p"":0.008531678524172805,""r"":36}",
       273,         0,         0,   0.020,chromobius,ef319fb3c976f34bd0d9f3548bf94401473161e521a8519f112c51e024784cb6,"{""d"":9,""p"":0.00018873918221350977,""r"":36}",
      1024,         0,         0,   0.064,chromobius,ef319fb3c976f34bd0d9f3548bf94401473161e521a8519f112c51e024784cb6,"{""d"":9,""p"":0.00018873918221350977,""r"":36}",
      1024,         0,         0,   0.064,chromobius,ef319fb3c976f34bd0d9f3548bf94401473161e521a8519f112c51e024784cb6,"{""d"":9,""p"":0.00018873918221350977,""r"":36}",
      1024,         0,         0,   0.063,chromobius,ef319fb3c976f34bd0d9f3548bf94401473161e521a8519f112c51e024784cb6,"{""d"":9,""p"":0.00018873918221350977,""r"":36}",
       704,       324,         0,    4.34,chromobius,964edf6c7c332a8d5cfa70199637aaa1cc3285ca68dc7736db06ea3284c4af38,"{""d"":9,""p"":0.01,""r"":36}",
      1024,         0,         0,   0.064,chromobius,ef319fb3c976f34bd0d9f3548bf94401473161e521a8519f112c51e024784cb6,"{""d"":9,""p"":0.00018873918221350977,""r"":36}",
      1024,         0,         0,   0.064,chromobius,ef319fb3c976f34bd0d9f3548bf94401473161e521a8519f112c51e024784cb6,"{""d"":9,""p"":0.00018873918221350977,""r"":36}",
      2048,         0,         0,   0.132,chromobius,ef319fb3c976f34bd0d9f3548bf94401473161e521a8519f112c51e024784cb6,"{""d"":9,""p"":0.00018873918221350977,""r"":36}",
      2048,         0,         0,   0.130,chromobius,ef319fb3c976f34bd0d9f3548bf94401473161e521a8519f112c51e024784cb6,"{""d"":9,""p"":0.00018873918221350977,""r"":36}",
      3072,         0,         0,   0.209,chromobius,ef319fb3c976f34bd0d9f3548bf94401473161e521a8519f112c51e024784cb6,"{""d"":9,""p"":0.00018873918221350977,""r"":36}",
      4096,         1,         0,   0.262,chromobius,ef319fb3c976f34bd0d9f3548bf94401473161e521a8519f112c51e024784cb6,"{""d"":9,""p"":0.00018873918221350977,""r"":36}",
      5120,         0,         0,   0.330,chromobius,ef319fb3c976f34bd0d9f3548bf94401473161e521a8519f112c51e024784cb6,"{""d"":9,""p"":0.00018873918221350977,""r"":36}",
      7168,         0,         0,   0.454,chromobius,ef319fb3c976f34bd0d9f3548bf94401473161e521a8519f112c51e024784cb6,"{""d"":9,""p"":0.00018873918221350977,""r"":36}",
    120832,         0,         0,    6.01,chromobius,289a2555d7b55990d08478341e4f7a2f7df0b5db292fb25b007ba2ff7a6611f2,"{""d"":9,""p"":0.00016102620275609394,""r"":36}",
      9216,         0,         0,   0.590,chromobius,ef319fb3c976f34bd0d9f3548bf94401473161e521a8519f112c51e024784cb6,"{""d"":9,""p"":0.00018873918221350977,""r"":36}",
     13312,         0,         0,   0.857,chromobius,ef319fb3c976f34bd0d9f3548bf94401473161e521a8519f112c51e024784cb6,"{""d"":9,""p"":0.00018873918221350977,""r"":36}",
     17408,         0,         0,    1.11,chromobius,ef319fb3c976f34bd0d9f3548bf94401473161e521a8519f112c51e024784cb6,"{""d"":9,""p"":0.00018873918221350977,""r"":36}",
      2048,      1017,         0,    8.54,chromobius,5ba7453747af584c30927aa2082d2316c68f68dc4b2bed58259ba975f257f233,"{""d"":9,""p"":0.007278953843983146,""r"":36}",
     25600,         0,         0,    1.62,chromobius,ef319fb3c976f34bd0d9f3548bf94401473161e521a8519f112c51e024784cb6,"{""d"":9,""p"":0.00018873918221350977,""r"":36}",
      1024,       492,         0,    6.38,chromobius,964edf6c7c332a8d5cfa70199637aaa1cc3285ca68dc7736db06ea3284c4af38,"{""d"":9,""p"":0.01,""r"":36}",
     34816,         1,         0,    2.21,chromobius,ef319fb3c976f34bd0d9f3548bf94401473161e521a8519f112c51e024784cb6,"{""d"":9,""p"":0.00018873918221350977,""r"":36}",
      1600,       839,         0,    8.48,chromobius,d371043a9982f5be8326d04b2d6b8795f4ec577bf841e25ea1a81e3ce8024b2b,"{""d"":9,""p"":0.008531678524172805,""r"":36}",
      1280,       651,         0,    5.44,chromobius,5ba7453747af584c30927aa2082d2316c68f68dc4b2bed58259ba975f257f233,"{""d"":9,""p"":0.007278953843983146,""r"":36}",
    169984,         1,         0,    8.35,chromobius,289a2555d7b55990d08478341e4f7a2f7df0b5db292fb25b007ba2ff7a6611f2,"{""d"":9,""p"":0.00016102620275609394,""r"":36}",
       273,         0,         0,   0.022,chromobius,9aeb51568bfb43d85d47916214702632d2e51185b5a2892d773c4d6514f6b90e,"{""d"":9,""p"":0.000221221629107045,""r"":36}",
      1024,         0,         0,   0.074,chromobius,9aeb51568bfb43d85d47916214702632d2e51185b5a2892d773c4d6514f6b90e,"{""d"":9,""p"":0.000221221629107045,""r"":36}",
      1024,         0,         0,   0.072,chromobius,9aeb51568bfb43d85d47916214702632d2e51185b5a2892d773c4d6514f6b90e,"{""d"":9,""p"":0.000221221629107045,""r"":36}",
      1024,         0,         0,   0.072,chromobius,9aeb51568bfb43d85d47916214702632d2e51185b5a2892d773c4d6514f6b90e,"{""d"":9,""p"":0.000221221629107045,""r"":36}",
      1024,         0,         0,   0.073,chromobius,9aeb51568bfb43d85d47916214702632d2e51185b5a2892d773c4d6514f6b90e,"{""d"":9,""p"":0.000221221629107045,""r"":36}",
     48128,         0,         0,    3.09,chromobius,ef319fb3c976f34bd0d9f3548bf94401473161e521a8519f112c51e024784cb6,"{""d"":9,""p"":0.00018873918221350977,""r"":36}",
      1024,         0,         0,   0.073,chromobius,9aeb51568bfb43d85d47916214702632d2e51185b5a2892d773c4d6514f6b90e,"{""d"":9,""p"":0.000221221629107045,""r"":36}",
      2048,         0,         0,   0.140,chromobius,9aeb51568bfb43d85d47916214702632d2e51185b5a2892d773c4d6514f6b90e,"{""d"":9,""p"":0.000221221629107045,""r"":36}",
      2048,         0,         0,   0.144,chromobius,9aeb51568bfb43d85d47916214702632d2e51185b5a2892d773c4d6514f6b90e,"{""d"":9,""p"":0.000221221629107045,""r"":36}",
      3072,         0,         0,   0.211,chromobius,9aeb51568bfb43d85d47916214702632d2e51185b5a2892d773c4d6514f6b90e,"{""d"":9,""p"":0.000221221629107045,""r"":36}",
      3072,         0,         0,   0.214,chromobius,9aeb51568bfb43d85d47916214702632d2e51185b5a2892d773c4d6514f6b90e,"{""d"":9,""p"":0.000221221629107045,""r"":36}",
      5120,         0,         0,   0.352,chromobius,9aeb51568bfb43d85d47916214702632d2e51185b5a2892d773c4d6514f6b90e,"{""d"":9,""p"":0.000221221629107045,""r"":36}",
      6144,         1,         0,   0.436,chromobius,9aeb51568bfb43d85d47916214702632d2e51185b5a2892d773c4d6514f6b90e,"{""d"":9,""p"":0.000221221629107045,""r"":36}",
      8192,         0,         0,   0.567,chromobius,9aeb51568bfb43d85d47916214702632d2e51185b5a2892d773c4d6514f6b90e,"{""d"":9,""p"":0.000221221629107045,""r"":36}",
     12288,         0,         0,   0.858,chromobius,9aeb51568bfb43d85d47916214702632d2e51185b5a2892d773c4d6514f6b90e,"{""d"":9,""p"":0.000221221629107045,""r"":36}",
    925112,         8,         0,    44.0,chromobius,289a2555d7b55990d08478341e4f7a2f7df0b5db292fb25b007ba2ff7a6611f2,"{""d"":9,""p"":0.00016102620275609394,""r"":36}",
      1344,       661,         0,    8.53,chromobius,964edf6c7c332a8d5cfa70199637aaa1cc3285ca68dc7736db06ea3284c4af38,"{""d"":9,""p"":0.01,""r"":36}",
     16384,         1,         0,    1.13,chromobius,9aeb51568bfb43d85d47916214702632d2e51185b5a2892d773c4d6514f6b90e,"{""d"":9,""p"":0.000221221629107045,""r"":36}",
     68608,         2,         0,    4.28,chromobius,ef319fb3c976f34bd0d9f3548bf94401473161e521a8519f112c51e024784cb6,"{""d"":9,""p"":0.00018873918221350977,""r"":36}",
     22528,         0,         0,    1.58,chromobius,9aeb51568bfb43d85d47916214702632d2e51185b5a2892d773c4d6514f6b90e,"{""d"":9,""p"":0.000221221629107045,""r"":36}",
    158291,         3,         0,    7.61,chromobius,289a2555d7b55990d08478341e4f7a2f7df0b5db292fb25b007ba2ff7a6611f2,"{""d"":9,""p"":0.00016102620275609394,""r"":36}",
     82944,         0,         0,    3.90,chromobius,289a2555d7b55990d08478341e4f7a2f7df0b5db292fb25b007ba2ff7a6611f2,"{""d"":9,""p"":0.00016102620275609394,""r"":36}",
     31744,         0,         0,    2.19,chromobius,9aeb51568bfb43d85d47916214702632d2e51185b5a2892d773c4d6514f6b90e,"{""d"":9,""p"":0.000221221629107045,""r"":36}",
     37674,         0,         0,    1.78,chromobius,289a2555d7b55990d08478341e4f7a2f7df0b5db292fb25b007ba2ff7a6611f2,"{""d"":9,""p"":0.00016102620275609394,""r"":36}",
      2304,      1107,         0,    11.9,chromobius,d371043a9982f5be8326d04b2d6b8795f4ec577bf841e25ea1a81e3ce8024b2b,"{""d"":9,""p"":0.008531678524172805,""r"":36}",
     34816,         0,         0,    1.85,chromobius,289a2555d7b55990d08478341e4f7a2f7df0b5db292fb25b007ba2ff7a6611f2,"{""d"":9,""p"":0.00016102620275609394,""r"":36}",
      1429,         0,         0,   0.075,chromobius,289a2555d7b55990d08478341e4f7a2f7df0b5db292fb25b007ba2ff7a6611f2,"{""d"":9,""p"":0.00016102620275609394,""r"":36}",
      1428,         0,         0,   0.078,chromobius,289a2555d7b55990d08478341e4f7a2f7df0b5db292fb25b007ba2ff7a6611f2,"{""d"":9,""p"":0.00016102620275609394,""r"":36}",
       273,         1,         0,   0.024,chromobius,db40c93e3549aacc86d995f83734c17627e0d29fbae8e6d3e9431e224227ff6e,"{""d"":9,""p"":0.0002592943797404667,""r"":36}",
       273,         0,         0,   0.030,chromobius,85bcdce8107bc60244ab91e109bb67b88bcc5da5e8029ab70fee3815d05ba2fc,"{""d"":9,""p"":0.0003039195382313198,""r"":36}",
      1024,         0,         0,   0.075,chromobius,db40c93e3549aacc86d995f83734c17627e0d29fbae8e6d3e9431e224227ff6e,"{""d"":9,""p"":0.0002592943797404667,""r"":36}",
      1024,         0,         0,   0.099,chromobius,85bcdce8107bc60244ab91e109bb67b88bcc5da5e8029ab70fee3815d05ba2fc,"{""d"":9,""p"":0.0003039195382313198,""r"":36}",
      1024,         0,         0,   0.078,chromobius,db40c93e3549aacc86d995f83734c17627e0d29fbae8e6d3e9431e224227ff6e,"{""d"":9,""p"":0.0002592943797404667,""r"":36}",
      1024,         0,         0,   0.097,chromobius,85bcdce8107bc60244ab91e109bb67b88bcc5da5e8029ab70fee3815d05ba2fc,"{""d"":9,""p"":0.0003039195382313198,""r"":36}",
      1024,         0,         0,   0.079,chromobius,db40c93e3549aacc86d995f83734c17627e0d29fbae8e6d3e9431e224227ff6e,"{""d"":9,""p"":0.0002592943797404667,""r"":36}",
      1024,         0,         0,   0.096,chromobius,85bcdce8107bc60244ab91e109bb67b88bcc5da5e8029ab70fee3815d05ba2fc,"{""d"":9,""p"":0.0003039195382313198,""r"":36}",
      1024,         0,         0,   0.078,chromobius,db40c93e3549aacc86d995f83734c17627e0d29fbae8e6d3e9431e224227ff6e,"{""d"":9,""p"":0.0002592943797404667,""r"":36}",
      1024,         0,         0,   0.079,chromobius,db40c93e3549aacc86d995f83734c17627e0d29fbae8e6d3e9431e224227ff6e,"{""d"":9,""p"":0.0002592943797404667,""r"":36}",
      1024,         1,         0,   0.096,chromobius,85bcdce8107bc60244ab91e109bb67b88bcc5da5e8029ab70fee3815d05ba2fc,"{""d"":9,""p"":0.0003039195382313198,""r"":36}",
      1024,         0,         0,   0.082,chromobius,db40c93e3549aacc86d995f83734c17627e0d29fbae8e6d3e9431e224227ff6e,"{""d"":9,""p"":0.0002592943797404667,""r"":36}",
      1024,         0,         0,   0.096,chromobius,85bcdce8107bc60244ab91e109bb67b88bcc5da5e8029ab70fee3815d05ba2fc,"{""d"":9,""p"":0.0003039195382313198,""r"":36}",
      1024,         0,         0,   0.096,chromobius,85bcdce8107bc60244ab91e109bb67b88bcc5da5e8029ab70fee3815d05ba2fc,"{""d"":9,""p"":0.0003039195382313198,""r"":36}",
      2048,         0,         0,   0.155,chromobius,db40c93e3549aacc86d995f83734c17627e0d29fbae8e6d3e9431e224227ff6e,"{""d"":9,""p"":0.0002592943797404667,""r"":36}",
      2048,         0,         0,   0.166,chromobius,db40c93e3549aacc86d995f83734c17627e0d29fbae8e6d3e9431e224227ff6e,"{""d"":9,""p"":0.0002592943797404667,""r"":36}",
      2048,         0,         0,   0.197,chromobius,85bcdce8107bc60244ab91e109bb67b88bcc5da5e8029ab70fee3815d05ba2fc,"{""d"":9,""p"":0.0003039195382313198,""r"":36}",
      2048,         2,         0,   0.193,chromobius,85bcdce8107bc60244ab91e109bb67b88bcc5da5e8029ab70fee3815d05ba2fc,"{""d"":9,""p"":0.0003039195382313198,""r"":36}",
     97280,         1,         0,    5.98,chromobius,ef319fb3c976f34bd0d9f3548bf94401473161e521a8519f112c51e024784cb6,"{""d"":9,""p"":0.00018873918221350977,""r"":36}",
      3072,         0,         0,   0.229,chromobius,db40c93e3549aacc86d995f83734c17627e0d29fbae8e6d3e9431e224227ff6e,"{""d"":9,""p"":0.0002592943797404667,""r"":36}",
      3072,         0,         0,   0.295,chromobius,85bcdce8107bc60244ab91e109bb67b88bcc5da5e8029ab70fee3815d05ba2fc,"{""d"":9,""p"":0.0003039195382313198,""r"":36}",
      4096,         1,         0,   0.314,chromobius,db40c93e3549aacc86d995f83734c17627e0d29fbae8e6d3e9431e224227ff6e,"{""d"":9,""p"":0.0002592943797404667,""r"":36}",
      3072,         0,         0,   0.298,chromobius,85bcdce8107bc60244ab91e109bb67b88bcc5da5e8029ab70fee3815d05ba2fc,"{""d"":9,""p"":0.0003039195382313198,""r"":36}",
     46080,         1,         0,    3.09,chromobius,9aeb51568bfb43d85d47916214702632d2e51185b5a2892d773c4d6514f6b90e,"{""d"":9,""p"":0.000221221629107045,""r"":36}",
      5120,         0,         0,   0.407,chromobius,db40c93e3549aacc86d995f83734c17627e0d29fbae8e6d3e9431e224227ff6e,"{""d"":9,""p"":0.0002592943797404667,""r"":36}",
      5120,         0,         0,   0.493,chromobius,85bcdce8107bc60244ab91e109bb67b88bcc5da5e8029ab70fee3815d05ba2fc,"{""d"":9,""p"":0.0003039195382313198,""r"":36}",
      7168,         1,         0,   0.570,chromobius,db40c93e3549aacc86d995f83734c17627e0d29fbae8e6d3e9431e224227ff6e,"{""d"":9,""p"":0.0002592943797404667,""r"":36}",
      7168,         0,         0,   0.639,chromobius,85bcdce8107bc60244ab91e109bb67b88bcc5da5e8029ab70fee3815d05ba2fc,"{""d"":9,""p"":0.0003039195382313198,""r"":36}",
     11264,         0,         0,   0.871,chromobius,db40c93e3549aacc86d995f83734c17627e0d29fbae8e6d3e9431e224227ff6e,"{""d"":9,""p"":0.0002592943797404667,""r"":36}",
      8192,         2,         0,   0.795,chromobius,85bcdce8107bc60244ab91e109bb67b88bcc5da5e8029ab70fee3815d05ba2fc,"{""d"":9,""p"":0.0003039195382313198,""r"":36}",
     15360,         0,         0,    1.14,chromobius,db40c93e3549aacc86d995f83734c17627e0d29fbae8e6d3e9431e224227ff6e,"{""d"":9,""p"":0.0002592943797404667,""r"":36}",
     12288,         2,         0,    1.18,chromobius,85bcdce8107bc60244ab91e109bb67b88bcc5da5e8029ab70fee3815d05ba2fc,"{""d"":9,""p"":0.0003039195382313198,""r"":36}",
     20480,         0,         0,    1.56,chromobius,db40c93e3549aacc86d995f83734c17627e0d29fbae8e6d3e9431e224227ff6e,"{""d"":9,""p"":0.0002592943797404667,""r"":36}",
     64512,         0,         0,    4.30,chromobius,9aeb51568bfb43d85d47916214702632d2e51185b5a2892d773c4d6514f6b90e,"{""d"":9,""p"":0.000221221629107045,""r"":36}",
     16384,         0,         0,    1.56,chromobius,85bcdce8107bc60244ab91e109bb67b88bcc5da5e8029ab70fee3815d05ba2fc,"{""d"":9,""p"":0.0003039195382313198,""r"":36}",
      1344,       652,         0,    6.89,chromobius,d371043a9982f5be8326d04b2d6b8795f4ec577bf841e25ea1a81e3ce8024b2b,"{""d"":9,""p"":0.008531678524172805,""r"":36}",
      1984,      1012,         0,    12.1,chromobius,964edf6c7c332a8d5cfa70199637aaa1cc3285ca68dc7736db06ea3284c4af38,"{""d"":9,""p"":0.01,""r"":36}",
       273,         0,         0,   0.028,chromobius,03c8e9f29b1d6baa14724201f89d901da22f33cf231b11974b4ddb7747adc8e6,"{""d"":9,""p"":0.0003562247890262444,""r"":36}",
      1024,         0,         0,   0.105,chromobius,03c8e9f29b1d6baa14724201f89d901da22f33cf231b11974b4ddb7747adc8e6,"{""d"":9,""p"":0.0003562247890262444,""r"":36}",
      1024,         0,         0,   0.102,chromobius,03c8e9f29b1d6baa14724201f89d901da22f33cf231b11974b4ddb7747adc8e6,"{""d"":9,""p"":0.0003562247890262444,""r"":36}",
      1024,         0,         0,   0.095,chromobius,03c8e9f29b1d6baa14724201f89d901da22f33cf231b11974b4ddb7747adc8e6,"{""d"":9,""p"":0.0003562247890262444,""r"":36}",
      1024,         0,         0,   0.098,chromobius,03c8e9f29b1d6baa14724201f89d901da22f33cf231b11974b4ddb7747adc8e6,"{""d"":9,""p"":0.0003562247890262444,""r"":36}",
      1024,         0,         0,   0.095,chromobius,03c8e9f29b1d6baa14724201f89d901da22f33cf231b11974b4ddb7747adc8e6,"{""d"":9,""p"":0.0003562247890262444,""r"":36}",
      1024,         0,         0,   0.097,chromobius,03c8e9f29b1d6baa14724201f89d901da22f33cf231b11974b4ddb7747adc8e6,"{""d"":9,""p"":0.0003562247890262444,""r"":36}",
      2048,         0,         0,   0.193,chromobius,03c8e9f29b1d6baa14724201f89d901da22f33cf231b11974b4ddb7747adc8e6,"{""d"":9,""p"":0.0003562247890262444,""r"":36}",
      2048,         1,         0,   0.198,chromobius,03c8e9f29b1d6baa14724201f89d901da22f33cf231b11974b4ddb7747adc8e6,"{""d"":9,""p"":0.0003562247890262444,""r"":36}",
      3072,         2,         0,   0.313,chromobius,03c8e9f29b1d6baa14724201f89d901da22f33cf231b11974b4ddb7747adc8e6,"{""d"":9,""p"":0.0003562247890262444,""r"":36}",
     28672,         1,         0,    2.20,chromobius,db40c93e3549aacc86d995f83734c17627e0d29fbae8e6d3e9431e224227ff6e,"{""d"":9,""p"":0.0002592943797404667,""r"":36}",
      3072,         1,         0,   0.319,chromobius,03c8e9f29b1d6baa14724201f89d901da22f33cf231b11974b4ddb7747adc8e6,"{""d"":9,""p"":0.0003562247890262444,""r"":36}",
     23552,         2,         0,    2.26,chromobius,85bcdce8107bc60244ab91e109bb67b88bcc5da5e8029ab70fee3815d05ba2fc,"{""d"":9,""p"":0.0003039195382313198,""r"":36}",
      4096,         1,         0,   0.425,chromobius,03c8e9f29b1d6baa14724201f89d901da22f33cf231b11974b4ddb7747adc8e6,"{""d"":9,""p"":0.0003562247890262444,""r"":36}",
    138240,         2,         0,    8.37,chromobius,ef319fb3c976f34bd0d9f3548bf94401473161e521a8519f112c51e024784cb6,"{""d"":9,""p"":0.00018873918221350977,""r"":36}",
      6144,         1,         0,   0.609,chromobius,03c8e9f29b1d6baa14724201f89d901da22f33cf231b11974b4ddb7747adc8e6,"{""d"":9,""p"":0.0003562247890262444,""r"":36}",
      8192,         1,         0,   0.830,chromobius,03c8e9f29b1d6baa14724201f89d901da22f33cf231b11974b4ddb7747adc8e6,"{""d"":9,""p"":0.0003562247890262444,""r"":36}",
     39936,         3,         0,    3.09,chromobius,db40c93e3549aacc86d995f83734c17627e0d29fbae8e6d3e9431e224227ff6e,"{""d"":9,""p"":0.0002592943797404667,""r"":36}",
     12288,         3,         0,    1.21,chromobius,03c8e9f29b1d6baa14724201f89d901da22f33cf231b11974b4ddb7747adc8e6,"{""d"":9,""p"":0.0003562247890262444,""r"":36}",
     31744,         7,         0,    3.13,chromobius,85bcdce8107bc60244ab91e109bb67b88bcc5da5e8029ab70fee3815d05ba2fc,"{""d"":9,""p"":0.0003039195382313198,""r"":36}",
     90112,         2,         0,    6.00,chromobius,9aeb51568bfb43d85d47916214702632d2e51185b5a2892d773c4d6514f6b90e,"{""d"":9,""p"":0.000221221629107045,""r"":36}",
     15360,         1,         0,    1.57,chromobius,03c8e9f29b1d6baa14724201f89d901da22f33cf231b11974b4ddb7747adc8e6,"{""d"":9,""p"":0.0003562247890262444,""r"":36}",
     22528,         5,         0,    2.25,chromobius,03c8e9f29b1d6baa14724201f89d901da22f33cf231b11974b4ddb7747adc8e6,"{""d"":9,""p"":0.0003562247890262444,""r"":36}",
     56320,         4,         0,    4.32,chromobius,db40c93e3549aacc86d995f83734c17627e0d29fbae8e6d3e9431e224227ff6e,"{""d"":9,""p"":0.0002592943797404667,""r"":36}",
     44032,         1,         0,    4.28,chromobius,85bcdce8107bc60244ab91e109bb67b88bcc5da5e8029ab70fee3815d05ba2fc,"{""d"":9,""p"":0.0003039195382313198,""r"":36}",
     30720,         5,         0,    3.05,chromobius,03c8e9f29b1d6baa14724201f89d901da22f33cf231b11974b4ddb7747adc8e6,"{""d"":9,""p"":0.0003562247890262444,""r"":36}",
    126976,         3,         0,    8.37,chromobius,9aeb51568bfb43d85d47916214702632d2e51185b5a2892d773c4d6514f6b90e,"{""d"":9,""p"":0.000221221629107045,""r"":36}",
    192512,         1,         0,    11.7,chromobius,ef319fb3c976f34bd0d9f3548bf94401473161e521a8519f112c51e024784cb6,"{""d"":9,""p"":0.00018873918221350977,""r"":36}",
     79872,         2,         0,    6.00,chromobius,db40c93e3549aacc86d995f83734c17627e0d29fbae8e6d3e9431e224227ff6e,"{""d"":9,""p"":0.0002592943797404667,""r"":36}",
     61440,         5,         0,    6.05,chromobius,85bcdce8107bc60244ab91e109bb67b88bcc5da5e8029ab70fee3815d05ba2fc,"{""d"":9,""p"":0.0003039195382313198,""r"":36}",
     44032,         4,         0,    4.37,chromobius,03c8e9f29b1d6baa14724201f89d901da22f33cf231b11974b4ddb7747adc8e6,"{""d"":9,""p"":0.0003562247890262444,""r"":36}",
    952320,       214,         0,   119.9,chromobius,b2b35cfd333a9434155bbd34c9f15b875d0067aa138b8a9465d8b2371ed08565,"{""d"":9,""p"":0.00041753189365604,""r"":36}",
      2688,      1359,         0,    16.4,chromobius,964edf6c7c332a8d5cfa70199637aaa1cc3285ca68dc7736db06ea3284c4af38,"{""d"":9,""p"":0.01,""r"":36}",
       273,         0,         0,   0.035,chromobius,b2b35cfd333a9434155bbd34c9f15b875d0067aa138b8a9465d8b2371ed08565,"{""d"":9,""p"":0.00041753189365604,""r"":36}",
      1024,         0,         0,   0.138,chromobius,b2b35cfd333a9434155bbd34c9f15b875d0067aa138b8a9465d8b2371ed08565,"{""d"":9,""p"":0.00041753189365604,""r"":36}",
      1024,         0,         0,   0.135,chromobius,b2b35cfd333a9434155bbd34c9f15b875d0067aa138b8a9465d8b2371ed08565,"{""d"":9,""p"":0.00041753189365604,""r"":36}",
      1024,         0,         0,   0.134,chromobius,b2b35cfd333a9434155bbd34c9f15b875d0067aa138b8a9465d8b2371ed08565,"{""d"":9,""p"":0.00041753189365604,""r"":36}",
      1024,         0,         0,   0.133,chromobius,b2b35cfd333a9434155bbd34c9f15b875d0067aa138b8a9465d8b2371ed08565,"{""d"":9,""p"":0.00041753189365604,""r"":36}",
   1701888,        65,         0,   119.8,chromobius,9aeb51568bfb43d85d47916214702632d2e51185b5a2892d773c4d6514f6b90e,"{""d"":9,""p"":0.000221221629107045,""r"":36}",
      1024,         0,         0,   0.128,chromobius,b2b35cfd333a9434155bbd34c9f15b875d0067aa138b8a9465d8b2371ed08565,"{""d"":9,""p"":0.00041753189365604,""r"":36}",
      1024,         1,         0,   0.133,chromobius,b2b35cfd333a9434155bbd34c9f15b875d0067aa138b8a9465d8b2371ed08565,"{""d"":9,""p"":0.00041753189365604,""r"":36}",
      1024,         0,         0,   0.131,chromobius,b2b35cfd333a9434155bbd34c9f15b875d0067aa138b8a9465d8b2371ed08565,"{""d"":9,""p"":0.00041753189365604,""r"":36}",
      2048,         0,         0,   0.272,chromobius,b2b35cfd333a9434155bbd34c9f15b875d0067aa138b8a9465d8b2371ed08565,"{""d"":9,""p"":0.00041753189365604,""r"":36}",
      2048,         0,         0,   0.262,chromobius,b2b35cfd333a9434155bbd34c9f15b875d0067aa138b8a9465d8b2371ed08565,"{""d"":9,""p"":0.00041753189365604,""r"":36}",
      3072,         0,         0,   0.398,chromobius,b2b35cfd333a9434155bbd34c9f15b875d0067aa138b8a9465d8b2371ed08565,"{""d"":9,""p"":0.00041753189365604,""r"":36}",
      4096,         1,         0,   0.523,chromobius,b2b35cfd333a9434155bbd34c9f15b875d0067aa138b8a9465d8b2371ed08565,"{""d"":9,""p"":0.00041753189365604,""r"":36}",
      5120,         3,         0,   0.638,chromobius,b2b35cfd333a9434155bbd34c9f15b875d0067aa138b8a9465d8b2371ed08565,"{""d"":9,""p"":0.00041753189365604,""r"":36}",
      6144,         1,         0,   0.801,chromobius,b2b35cfd333a9434155bbd34c9f15b875d0067aa138b8a9465d8b2371ed08565,"{""d"":9,""p"":0.00041753189365604,""r"":36}",
   1224704,       125,         0,   119.9,chromobius,85bcdce8107bc60244ab91e109bb67b88bcc5da5e8029ab70fee3815d05ba2fc,"{""d"":9,""p"":0.0003039195382313198,""r"":36}",
      9216,         2,         0,    1.17,chromobius,b2b35cfd333a9434155bbd34c9f15b875d0067aa138b8a9465d8b2371ed08565,"{""d"":9,""p"":0.00041753189365604,""r"":36}",
     59392,         7,         0,    6.07,chromobius,03c8e9f29b1d6baa14724201f89d901da22f33cf231b11974b4ddb7747adc8e6,"{""d"":9,""p"":0.0003562247890262444,""r"":36}",
   1525760,        79,         0,   119.9,chromobius,db40c93e3549aacc86d995f83734c17627e0d29fbae8e6d3e9431e224227ff6e,"{""d"":9,""p"":0.0002592943797404667,""r"":36}",
     12288,         6,         0,    1.56,chromobius,b2b35cfd333a9434155bbd34c9f15b875d0067aa138b8a9465d8b2371ed08565,"{""d"":9,""p"":0.00041753189365604,""r"":36}",
    106496,         7,         0,    8.39,chromobius,db40c93e3549aacc86d995f83734c17627e0d29fbae8e6d3e9431e224227ff6e,"{""d"":9,""p"":0.0002592943797404667,""r"":36}",
     91136,         9,         0,    8.41,chromobius,85bcdce8107bc60244ab91e109bb67b88bcc5da5e8029ab70fee3815d05ba2fc,"{""d"":9,""p"":0.0003039195382313198,""r"":36}",
     17408,         3,         0,    2.24,chromobius,b2b35cfd333a9434155bbd34c9f15b875d0067aa138b8a9465d8b2371ed08565,"{""d"":9,""p"":0.00041753189365604,""r"":36}",
    173056,         3,         0,    11.7,chromobius,9aeb51568bfb43d85d47916214702632d2e51185b5a2892d773c4d6514f6b90e,"{""d"":9,""p"":0.000221221629107045,""r"":36}",
     23552,         5,         0,    3.06,chromobius,b2b35cfd333a9434155bbd34c9f15b875d0067aa138b8a9465d8b2371ed08565,"{""d"":9,""p"":0.00041753189365604,""r"":36}",
     82944,        17,         0,    8.41,chromobius,03c8e9f29b1d6baa14724201f89d901da22f33cf231b11974b4ddb7747adc8e6,"{""d"":9,""p"":0.0003562247890262444,""r"":36}",
    266240,         9,         0,    16.4,chromobius,ef319fb3c976f34bd0d9f3548bf94401473161e521a8519f112c51e024784cb6,"{""d"":9,""p"":0.00018873918221350977,""r"":36}",
     33792,        10,         0,    4.33,chromobius,b2b35cfd333a9434155bbd34c9f15b875d0067aa138b8a9465d8b2371ed08565,"{""d"":9,""p"":0.00041753189365604,""r"":36}",
    146432,         8,         0,    11.7,chromobius,db40c93e3549aacc86d995f83734c17627e0d29fbae8e6d3e9431e224227ff6e,"{""d"":9,""p"":0.0002592943797404667,""r"":36}",
    130048,         8,         0,    11.7,chromobius,85bcdce8107bc60244ab91e109bb67b88bcc5da5e8029ab70fee3815d05ba2fc,"{""d"":9,""p"":0.0003039195382313198,""r"":36}",
     47104,        10,         0,    6.07,chromobius,b2b35cfd333a9434155bbd34c9f15b875d0067aa138b8a9465d8b2371ed08565,"{""d"":9,""p"":0.00041753189365604,""r"":36}",
    239616,         5,         0,    16.4,chromobius,9aeb51568bfb43d85d47916214702632d2e51185b5a2892d773c4d6514f6b90e,"{""d"":9,""p"":0.000221221629107045,""r"":36}",
    116736,        22,         0,    11.8,chromobius,03c8e9f29b1d6baa14724201f89d901da22f33cf231b11974b4ddb7747adc8e6,"{""d"":9,""p"":0.0003562247890262444,""r"":36}",
     64512,        16,         0,    8.36,chromobius,b2b35cfd333a9434155bbd34c9f15b875d0067aa138b8a9465d8b2371ed08565,"{""d"":9,""p"":0.00041753189365604,""r"":36}",
   1156096,       164,         0,   119.9,chromobius,03c8e9f29b1d6baa14724201f89d901da22f33cf231b11974b4ddb7747adc8e6,"{""d"":9,""p"":0.0003562247890262444,""r"":36}",
    203776,        13,         0,    16.4,chromobius,db40c93e3549aacc86d995f83734c17627e0d29fbae8e6d3e9431e224227ff6e,"{""d"":9,""p"":0.0002592943797404667,""r"":36}",
    179200,        10,         0,    16.4,chromobius,85bcdce8107bc60244ab91e109bb67b88bcc5da5e8029ab70fee3815d05ba2fc,"{""d"":9,""p"":0.0003039195382313198,""r"":36}",
    374784,         3,         0,    23.0,chromobius,ef319fb3c976f34bd0d9f3548bf94401473161e521a8519f112c51e024784cb6,"{""d"":9,""p"":0.00018873918221350977,""r"":36}",
    163840,        21,         0,    16.5,chromobius,03c8e9f29b1d6baa14724201f89d901da22f33cf231b11974b4ddb7747adc8e6,"{""d"":9,""p"":0.0003562247890262444,""r"":36}",
     91136,        24,         0,    11.7,chromobius,b2b35cfd333a9434155bbd34c9f15b875d0067aa138b8a9465d8b2371ed08565,"{""d"":9,""p"":0.00041753189365604,""r"":36}",
   1969152,        33,         0,   119.7,chromobius,ef319fb3c976f34bd0d9f3548bf94401473161e521a8519f112c51e024784cb6,"{""d"":9,""p"":0.00018873918221350977,""r"":36}",
    333824,        12,         0,    23.0,chromobius,9aeb51568bfb43d85d47916214702632d2e51185b5a2892d773c4d6514f6b90e,"{""d"":9,""p"":0.000221221629107045,""r"":36}",
    291840,         8,         0,    23.0,chromobius,db40c93e3549aacc86d995f83734c17627e0d29fbae8e6d3e9431e224227ff6e,"{""d"":9,""p"":0.0002592943797404667,""r"":36}",
    246784,        21,         0,    23.0,chromobius,85bcdce8107bc60244ab91e109bb67b88bcc5da5e8029ab70fee3815d05ba2fc,"{""d"":9,""p"":0.0003039195382313198,""r"":36}",
    125952,        37,         0,    16.5,chromobius,b2b35cfd333a9434155bbd34c9f15b875d0067aa138b8a9465d8b2371ed08565,"{""d"":9,""p"":0.00041753189365604,""r"":36}",
    228352,        34,         0,    22.9,chromobius,03c8e9f29b1d6baa14724201f89d901da22f33cf231b11974b4ddb7747adc8e6,"{""d"":9,""p"":0.0003562247890262444,""r"":36}",
    520192,         7,         0,    32.1,chromobius,ef319fb3c976f34bd0d9f3548bf94401473161e521a8519f112c51e024784cb6,"{""d"":9,""p"":0.00018873918221350977,""r"":36}",
    463872,         8,         0,    32.1,chromobius,9aeb51568bfb43d85d47916214702632d2e51185b5a2892d773c4d6514f6b90e,"{""d"":9,""p"":0.000221221629107045,""r"":36}",
    178176,        55,         0,    23.0,chromobius,b2b35cfd333a9434155bbd34c9f15b875d0067aa138b8a9465d8b2371ed08565,"{""d"":9,""p"":0.00041753189365604,""r"":36}",
    413696,        26,         0,    32.1,chromobius,db40c93e3549aacc86d995f83734c17627e0d29fbae8e6d3e9431e224227ff6e,"{""d"":9,""p"":0.0002592943797404667,""r"":36}",
    338944,        35,         0,    32.2,chromobius,85bcdce8107bc60244ab91e109bb67b88bcc5da5e8029ab70fee3815d05ba2fc,"{""d"":9,""p"":0.0003039195382313198,""r"":36}",
    307200,        48,         0,    32.1,chromobius,03c8e9f29b1d6baa14724201f89d901da22f33cf231b11974b4ddb7747adc8e6,"{""d"":9,""p"":0.0003562247890262444,""r"":36}",
    251904,        58,         0,    32.2,chromobius,b2b35cfd333a9434155bbd34c9f15b875d0067aa138b8a9465d8b2371ed08565,"{""d"":9,""p"":0.00041753189365604,""r"":36}",
    732160,        13,         0,    44.9,chromobius,ef319fb3c976f34bd0d9f3548bf94401473161e521a8519f112c51e024784cb6,"{""d"":9,""p"":0.00018873918221350977,""r"":36}",
    936960,       226,         0,   120.0,chromobius,b2b35cfd333a9434155bbd34c9f15b875d0067aa138b8a9465d8b2371ed08565,"{""d"":9,""p"":0.00041753189365604,""r"":36}",
   1676288,        46,         0,   119.8,chromobius,9aeb51568bfb43d85d47916214702632d2e51185b5a2892d773c4d6514f6b90e,"{""d"":9,""p"":0.000221221629107045,""r"":36}",
   1227776,       105,         0,   119.9,chromobius,85bcdce8107bc60244ab91e109bb67b88bcc5da5e8029ab70fee3815d05ba2fc,"{""d"":9,""p"":0.0003039195382313198,""r"":36}",
    661504,        23,         0,    44.9,chromobius,9aeb51568bfb43d85d47916214702632d2e51185b5a2892d773c4d6514f6b90e,"{""d"":9,""p"":0.000221221629107045,""r"":36}",
   1473536,        60,         0,   119.8,chromobius,db40c93e3549aacc86d995f83734c17627e0d29fbae8e6d3e9431e224227ff6e,"{""d"":9,""p"":0.0002592943797404667,""r"":36}",
    569344,        23,         0,    45.0,chromobius,db40c93e3549aacc86d995f83734c17627e0d29fbae8e6d3e9431e224227ff6e,"{""d"":9,""p"":0.0002592943797404667,""r"":36}",
    478208,        43,         0,    45.0,chromobius,85bcdce8107bc60244ab91e109bb67b88bcc5da5e8029ab70fee3815d05ba2fc,"{""d"":9,""p"":0.0003039195382313198,""r"":36}",
    431104,        63,         0,    45.0,chromobius,03c8e9f29b1d6baa14724201f89d901da22f33cf231b11974b4ddb7747adc8e6,"{""d"":9,""p"":0.0003562247890262444,""r"":36}",
   1132544,       167,         0,   119.9,chromobius,03c8e9f29b1d6baa14724201f89d901da22f33cf231b11974b4ddb7747adc8e6,"{""d"":9,""p"":0.0003562247890262444,""r"":36}",
    355328,       101,         0,    45.0,chromobius,b2b35cfd333a9434155bbd34c9f15b875d0067aa138b8a9465d8b2371ed08565,"{""d"":9,""p"":0.00041753189365604,""r"":36}",
   1973248,        49,         0,   119.8,chromobius,ef319fb3c976f34bd0d9f3548bf94401473161e521a8519f112c51e024784cb6,"{""d"":9,""p"":0.00018873918221350977,""r"":36}",
   1029120,        19,         0,    62.9,chromobius,ef319fb3c976f34bd0d9f3548bf94401473161e521a8519f112c51e024784cb6,"{""d"":9,""p"":0.00018873918221350977,""r"":36}",
    937984,        27,         0,    62.9,chromobius,9aeb51568bfb43d85d47916214702632d2e51185b5a2892d773c4d6514f6b90e,"{""d"":9,""p"":0.000221221629107045,""r"":36}",
    795648,        46,         0,    62.9,chromobius,db40c93e3549aacc86d995f83734c17627e0d29fbae8e6d3e9431e224227ff6e,"{""d"":9,""p"":0.0002592943797404667,""r"":36}",
    661504,        60,         0,    63.0,chromobius,85bcdce8107bc60244ab91e109bb67b88bcc5da5e8029ab70fee3815d05ba2fc,"{""d"":9,""p"":0.0003039195382313198,""r"":36}",
    611328,        82,         0,    62.9,chromobius,03c8e9f29b1d6baa14724201f89d901da22f33cf231b11974b4ddb7747adc8e6,"{""d"":9,""p"":0.0003562247890262444,""r"":36}",
    507904,       119,         0,    63.0,chromobius,b2b35cfd333a9434155bbd34c9f15b875d0067aa138b8a9465d8b2371ed08565,"{""d"":9,""p"":0.00041753189365604,""r"":36}",
    931840,       226,         0,   119.9,chromobius,b2b35cfd333a9434155bbd34c9f15b875d0067aa138b8a9465d8b2371ed08565,"{""d"":9,""p"":0.00041753189365604,""r"":36}",
    142336,        37,         0,    17.6,chromobius,b2b35cfd333a9434155bbd34c9f15b875d0067aa138b8a9465d8b2371ed08565,"{""d"":9,""p"":0.00041753189365604,""r"":36}",
      1024,         0,         0,   0.135,chromobius,b2b35cfd333a9434155bbd34c9f15b875d0067aa138b8a9465d8b2371ed08565,"{""d"":9,""p"":0.00041753189365604,""r"":36}",
   1156096,        23,         0,    71.9,chromobius,ef319fb3c976f34bd0d9f3548bf94401473161e521a8519f112c51e024784cb6,"{""d"":9,""p"":0.00018873918221350977,""r"":36}",
       273,         0,         0,   0.019,chromobius,ef319fb3c976f34bd0d9f3548bf94401473161e521a8519f112c51e024784cb6,"{""d"":9,""p"":0.00018873918221350977,""r"":36}",
       273,         0,         0,   0.024,chromobius,9aeb51568bfb43d85d47916214702632d2e51185b5a2892d773c4d6514f6b90e,"{""d"":9,""p"":0.000221221629107045,""r"":36}",
      1024,         0,         0,   0.061,chromobius,ef319fb3c976f34bd0d9f3548bf94401473161e521a8519f112c51e024784cb6,"{""d"":9,""p"":0.00018873918221350977,""r"":36}",
      1024,         0,         0,   0.072,chromobius,9aeb51568bfb43d85d47916214702632d2e51185b5a2892d773c4d6514f6b90e,"{""d"":9,""p"":0.000221221629107045,""r"":36}",
      1024,         0,         0,   0.060,chromobius,ef319fb3c976f34bd0d9f3548bf94401473161e521a8519f112c51e024784cb6,"{""d"":9,""p"":0.00018873918221350977,""r"":36}",
      1024,         1,         0,   0.072,chromobius,9aeb51568bfb43d85d47916214702632d2e51185b5a2892d773c4d6514f6b90e,"{""d"":9,""p"":0.000221221629107045,""r"":36}",
      1024,         0,         0,   0.060,chromobius,ef319fb3c976f34bd0d9f3548bf94401473161e521a8519f112c51e024784cb6,"{""d"":9,""p"":0.00018873918221350977,""r"":36}",
      1024,         0,         0,   0.068,chromobius,9aeb51568bfb43d85d47916214702632d2e51185b5a2892d773c4d6514f6b90e,"{""d"":9,""p"":0.000221221629107045,""r"":36}",
      1024,         0,         0,   0.057,chromobius,ef319fb3c976f34bd0d9f3548bf94401473161e521a8519f112c51e024784cb6,"{""d"":9,""p"":0.00018873918221350977,""r"":36}",
      1024,         0,         0,   0.068,chromobius,9aeb51568bfb43d85d47916214702632d2e51185b5a2892d773c4d6514f6b90e,"{""d"":9,""p"":0.000221221629107045,""r"":36}",
      1024,         0,         0,   0.061,chromobius,ef319fb3c976f34bd0d9f3548bf94401473161e521a8519f112c51e024784cb6,"{""d"":9,""p"":0.00018873918221350977,""r"":36}",
      1024,         0,         0,   0.066,chromobius,9aeb51568bfb43d85d47916214702632d2e51185b5a2892d773c4d6514f6b90e,"{""d"":9,""p"":0.000221221629107045,""r"":36}",
      2048,         0,         0,   0.121,chromobius,ef319fb3c976f34bd0d9f3548bf94401473161e521a8519f112c51e024784cb6,"{""d"":9,""p"":0.00018873918221350977,""r"":36}",
   1672192,        36,         0,   119.8,chromobius,9aeb51568bfb43d85d47916214702632d2e51185b5a2892d773c4d6514f6b90e,"{""d"":9,""p"":0.000221221629107045,""r"":36}",
      2048,         0,         0,   0.132,chromobius,9aeb51568bfb43d85d47916214702632d2e51185b5a2892d773c4d6514f6b90e,"{""d"":9,""p"":0.000221221629107045,""r"":36}",
      2048,         0,         0,   0.128,chromobius,ef319fb3c976f34bd0d9f3548bf94401473161e521a8519f112c51e024784cb6,"{""d"":9,""p"":0.00018873918221350977,""r"":36}",
      2048,         0,         0,   0.135,chromobius,9aeb51568bfb43d85d47916214702632d2e51185b5a2892d773c4d6514f6b90e,"{""d"":9,""p"":0.000221221629107045,""r"":36}",
      3072,         0,         0,   0.184,chromobius,ef319fb3c976f34bd0d9f3548bf94401473161e521a8519f112c51e024784cb6,"{""d"":9,""p"":0.00018873918221350977,""r"":36}",
      3072,         0,         0,   0.207,chromobius,9aeb51568bfb43d85d47916214702632d2e51185b5a2892d773c4d6514f6b90e,"{""d"":9,""p"":0.000221221629107045,""r"":36}",
      4096,         0,         0,   0.225,chromobius,ef319fb3c976f34bd0d9f3548bf94401473161e521a8519f112c51e024784cb6,"{""d"":9,""p"":0.00018873918221350977,""r"":36}",
      3072,         0,         0,   0.213,chromobius,9aeb51568bfb43d85d47916214702632d2e51185b5a2892d773c4d6514f6b90e,"{""d"":9,""p"":0.000221221629107045,""r"":36}",
      6144,         0,         0,   0.342,chromobius,ef319fb3c976f34bd0d9f3548bf94401473161e521a8519f112c51e024784cb6,"{""d"":9,""p"":0.00018873918221350977,""r"":36}",
      5120,         0,         0,   0.351,chromobius,9aeb51568bfb43d85d47916214702632d2e51185b5a2892d773c4d6514f6b90e,"{""d"":9,""p"":0.000221221629107045,""r"":36}",
      7168,         1,         0,   0.426,chromobius,ef319fb3c976f34bd0d9f3548bf94401473161e521a8519f112c51e024784cb6,"{""d"":9,""p"":0.00018873918221350977,""r"":36}",
      6144,         0,         0,   0.409,chromobius,9aeb51568bfb43d85d47916214702632d2e51185b5a2892d773c4d6514f6b90e,"{""d"":9,""p"":0.000221221629107045,""r"":36}",
     10240,         0,         0,   0.584,chromobius,ef319fb3c976f34bd0d9f3548bf94401473161e521a8519f112c51e024784cb6,"{""d"":9,""p"":0.00018873918221350977,""r"":36}",
      9216,         0,         0,   0.624,chromobius,9aeb51568bfb43d85d47916214702632d2e51185b5a2892d773c4d6514f6b90e,"{""d"":9,""p"":0.000221221629107045,""r"":36}",
   1050144,        17,         0,    65.3,chromobius,ef319fb3c976f34bd0d9f3548bf94401473161e521a8519f112c51e024784cb6,"{""d"":9,""p"":0.00018873918221350977,""r"":36}",
     14336,         0,         0,   0.838,chromobius,ef319fb3c976f34bd0d9f3548bf94401473161e521a8519f112c51e024784cb6,"{""d"":9,""p"":0.00018873918221350977,""r"":36}",
     11264,         0,         0,   0.838,chromobius,9aeb51568bfb43d85d47916214702632d2e51185b5a2892d773c4d6514f6b90e,"{""d"":9,""p"":0.000221221629107045,""r"":36}",
     19456,         0,         0,    1.13,chromobius,ef319fb3c976f34bd0d9f3548bf94401473161e521a8519f112c51e024784cb6,"{""d"":9,""p"":0.00018873918221350977,""r"":36}",
   1220608,       117,         0,   119.9,chromobius,85bcdce8107bc60244ab91e109bb67b88bcc5da5e8029ab70fee3815d05ba2fc,"{""d"":9,""p"":0.0003039195382313198,""r"":36}",
     17408,         1,         0,    1.11,chromobius,9aeb51568bfb43d85d47916214702632d2e51185b5a2892d773c4d6514f6b90e,"{""d"":9,""p"":0.000221221629107045,""r"":36}",
   1470464,        60,         0,   119.9,chromobius,db40c93e3549aacc86d995f83734c17627e0d29fbae8e6d3e9431e224227ff6e,"{""d"":9,""p"":0.0002592943797404667,""r"":36}",
     26624,         0,         0,    1.58,chromobius,ef319fb3c976f34bd0d9f3548bf94401473161e521a8519f112c51e024784cb6,"{""d"":9,""p"":0.00018873918221350977,""r"":36}",
     25600,         0,         0,    1.61,chromobius,9aeb51568bfb43d85d47916214702632d2e51185b5a2892d773c4d6514f6b90e,"{""d"":9,""p"":0.000221221629107045,""r"":36}",
     36864,         2,         0,    2.18,chromobius,ef319fb3c976f34bd0d9f3548bf94401473161e521a8519f112c51e024784cb6,"{""d"":9,""p"":0.00018873918221350977,""r"":36}",
     34816,         0,         0,    2.20,chromobius,9aeb51568bfb43d85d47916214702632d2e51185b5a2892d773c4d6514f6b90e,"{""d"":9,""p"":0.000221221629107045,""r"":36}",
     52224,         0,         0,    3.05,chromobius,ef319fb3c976f34bd0d9f3548bf94401473161e521a8519f112c51e024784cb6,"{""d"":9,""p"":0.00018873918221350977,""r"":36}",
     48128,         0,         0,    3.10,chromobius,9aeb51568bfb43d85d47916214702632d2e51185b5a2892d773c4d6514f6b90e,"{""d"":9,""p"":0.000221221629107045,""r"":36}",
     74752,         2,         0,    4.27,chromobius,ef319fb3c976f34bd0d9f3548bf94401473161e521a8519f112c51e024784cb6,"{""d"":9,""p"":0.00018873918221350977,""r"":36}",
     65536,         0,         0,    4.28,chromobius,9aeb51568bfb43d85d47916214702632d2e51185b5a2892d773c4d6514f6b90e,"{""d"":9,""p"":0.000221221629107045,""r"":36}",
    301327,         7,         0,    18.0,chromobius,ef319fb3c976f34bd0d9f3548bf94401473161e521a8519f112c51e024784cb6,"{""d"":9,""p"":0.00018873918221350977,""r"":36}",
    243712,         3,         0,    15.0,chromobius,ef319fb3c976f34bd0d9f3548bf94401473161e521a8519f112c51e024784cb6,"{""d"":9,""p"":0.00018873918221350977,""r"":36}",
     44896,         0,         0,    2.55,chromobius,ef319fb3c976f34bd0d9f3548bf94401473161e521a8519f112c51e024784cb6,"{""d"":9,""p"":0.00018873918221350977,""r"":36}",
     29930,         0,         0,    1.79,chromobius,ef319fb3c976f34bd0d9f3548bf94401473161e521a8519f112c51e024784cb6,"{""d"":9,""p"":0.00018873918221350977,""r"":36}",
     29696,         1,         0,    1.85,chromobius,ef319fb3c976f34bd0d9f3548bf94401473161e521a8519f112c51e024784cb6,"{""d"":9,""p"":0.00018873918221350977,""r"":36}",
     27648,         2,         0,    1.73,chromobius,ef319fb3c976f34bd0d9f3548bf94401473161e521a8519f112c51e024784cb6,"{""d"":9,""p"":0.00018873918221350977,""r"":36}",
       839,         0,         0,   0.051,chromobius,ef319fb3c976f34bd0d9f3548bf94401473161e521a8519f112c51e024784cb6,"{""d"":9,""p"":0.00018873918221350977,""r"":36}",
       839,         0,         0,   0.062,chromobius,ef319fb3c976f34bd0d9f3548bf94401473161e521a8519f112c51e024784cb6,"{""d"":9,""p"":0.00018873918221350977,""r"":36}",
       838,         0,         0,   0.062,chromobius,ef319fb3c976f34bd0d9f3548bf94401473161e521a8519f112c51e024784cb6,"{""d"":9,""p"":0.00018873918221350977,""r"":36}",
       273,         0,         0,   0.029,chromobius,85bcdce8107bc60244ab91e109bb67b88bcc5da5e8029ab70fee3815d05ba2fc,"{""d"":9,""p"":0.0003039195382313198,""r"":36}",
       273,         0,         0,   0.026,chromobius,db40c93e3549aacc86d995f83734c17627e0d29fbae8e6d3e9431e224227ff6e,"{""d"":9,""p"":0.0002592943797404667,""r"":36}",
       273,         0,         0,   0.034,chromobius,03c8e9f29b1d6baa14724201f89d901da22f33cf231b11974b4ddb7747adc8e6,"{""d"":9,""p"":0.0003562247890262444,""r"":36}",
      1024,         0,         0,   0.090,chromobius,db40c93e3549aacc86d995f83734c17627e0d29fbae8e6d3e9431e224227ff6e,"{""d"":9,""p"":0.0002592943797404667,""r"":36}",
      1024,         0,         0,   0.107,chromobius,85bcdce8107bc60244ab91e109bb67b88bcc5da5e8029ab70fee3815d05ba2fc,"{""d"":9,""p"":0.0003039195382313198,""r"":36}",
      1024,         0,         0,   0.120,chromobius,03c8e9f29b1d6baa14724201f89d901da22f33cf231b11974b4ddb7747adc8e6,"{""d"":9,""p"":0.0003562247890262444,""r"":36}",
      1024,         1,         0,   0.089,chromobius,db40c93e3549aacc86d995f83734c17627e0d29fbae8e6d3e9431e224227ff6e,"{""d"":9,""p"":0.0002592943797404667,""r"":36}",
      1024,         0,         0,   0.103,chromobius,85bcdce8107bc60244ab91e109bb67b88bcc5da5e8029ab70fee3815d05ba2fc,"{""d"":9,""p"":0.0003039195382313198,""r"":36}",
      1024,         0,         0,   0.120,chromobius,03c8e9f29b1d6baa14724201f89d901da22f33cf231b11974b4ddb7747adc8e6,"{""d"":9,""p"":0.0003562247890262444,""r"":36}",
      1024,         0,         0,   0.088,chromobius,db40c93e3549aacc86d995f83734c17627e0d29fbae8e6d3e9431e224227ff6e,"{""d"":9,""p"":0.0002592943797404667,""r"":36}",
      1024,         0,         0,   0.101,chromobius,85bcdce8107bc60244ab91e109bb67b88bcc5da5e8029ab70fee3815d05ba2fc,"{""d"":9,""p"":0.0003039195382313198,""r"":36}",
      1024,         0,         0,   0.088,chromobius,db40c93e3549aacc86d995f83734c17627e0d29fbae8e6d3e9431e224227ff6e,"{""d"":9,""p"":0.0002592943797404667,""r"":36}",
      1024,         0,         0,   0.121,chromobius,03c8e9f29b1d6baa14724201f89d901da22f33cf231b11974b4ddb7747adc8e6,"{""d"":9,""p"":0.0003562247890262444,""r"":36}",
      1024,         0,         0,   0.102,chromobius,85bcdce8107bc60244ab91e109bb67b88bcc5da5e8029ab70fee3815d05ba2fc,"{""d"":9,""p"":0.0003039195382313198,""r"":36}",
      1024,         0,         0,   0.086,chromobius,db40c93e3549aacc86d995f83734c17627e0d29fbae8e6d3e9431e224227ff6e,"{""d"":9,""p"":0.0002592943797404667,""r"":36}",
      1024,         0,         0,   0.118,chromobius,03c8e9f29b1d6baa14724201f89d901da22f33cf231b11974b4ddb7747adc8e6,"{""d"":9,""p"":0.0003562247890262444,""r"":36}",
      1024,         0,         0,   0.104,chromobius,85bcdce8107bc60244ab91e109bb67b88bcc5da5e8029ab70fee3815d05ba2fc,"{""d"":9,""p"":0.0003039195382313198,""r"":36}",
      1024,         0,         0,   0.088,chromobius,db40c93e3549aacc86d995f83734c17627e0d29fbae8e6d3e9431e224227ff6e,"{""d"":9,""p"":0.0002592943797404667,""r"":36}",
      1024,         0,         0,   0.115,chromobius,03c8e9f29b1d6baa14724201f89d901da22f33cf231b11974b4ddb7747adc8e6,"{""d"":9,""p"":0.0003562247890262444,""r"":36}",
      1024,         0,         0,   0.099,chromobius,85bcdce8107bc60244ab91e109bb67b88bcc5da5e8029ab70fee3815d05ba2fc,"{""d"":9,""p"":0.0003039195382313198,""r"":36}",
      2048,         0,         0,   0.175,chromobius,db40c93e3549aacc86d995f83734c17627e0d29fbae8e6d3e9431e224227ff6e,"{""d"":9,""p"":0.0002592943797404667,""r"":36}",
      1024,         1,         0,   0.118,chromobius,03c8e9f29b1d6baa14724201f89d901da22f33cf231b11974b4ddb7747adc8e6,"{""d"":9,""p"":0.0003562247890262444,""r"":36}",
      2048,         0,         0,   0.208,chromobius,85bcdce8107bc60244ab91e109bb67b88bcc5da5e8029ab70fee3815d05ba2fc,"{""d"":9,""p"":0.0003039195382313198,""r"":36}",
      1024,         0,         0,   0.119,chromobius,03c8e9f29b1d6baa14724201f89d901da22f33cf231b11974b4ddb7747adc8e6,"{""d"":9,""p"":0.0003562247890262444,""r"":36}",
      2048,         0,         0,   0.173,chromobius,db40c93e3549aacc86d995f83734c17627e0d29fbae8e6d3e9431e224227ff6e,"{""d"":9,""p"":0.0002592943797404667,""r"":36}",
      2048,         0,         0,   0.198,chromobius,85bcdce8107bc60244ab91e109bb67b88bcc5da5e8029ab70fee3815d05ba2fc,"{""d"":9,""p"":0.0003039195382313198,""r"":36}",
      2048,         0,         0,   0.231,chromobius,03c8e9f29b1d6baa14724201f89d901da22f33cf231b11974b4ddb7747adc8e6,"{""d"":9,""p"":0.0003562247890262444,""r"":36}",
      3072,         0,         0,   0.250,chromobius,db40c93e3549aacc86d995f83734c17627e0d29fbae8e6d3e9431e224227ff6e,"{""d"":9,""p"":0.0002592943797404667,""r"":36}",
      2048,         0,         0,   0.233,chromobius,03c8e9f29b1d6baa14724201f89d901da22f33cf231b11974b4ddb7747adc8e6,"{""d"":9,""p"":0.0003562247890262444,""r"":36}",
      3072,         0,         0,   0.303,chromobius,85bcdce8107bc60244ab91e109bb67b88bcc5da5e8029ab70fee3815d05ba2fc,"{""d"":9,""p"":0.0003039195382313198,""r"":36}",
      4096,         0,         0,   0.347,chromobius,db40c93e3549aacc86d995f83734c17627e0d29fbae8e6d3e9431e224227ff6e,"{""d"":9,""p"":0.0002592943797404667,""r"":36}",
     88064,         3,         0,    6.00,chromobius,9aeb51568bfb43d85d47916214702632d2e51185b5a2892d773c4d6514f6b90e,"{""d"":9,""p"":0.000221221629107045,""r"":36}",
      3072,         0,         0,   0.318,chromobius,85bcdce8107bc60244ab91e109bb67b88bcc5da5e8029ab70fee3815d05ba2fc,"{""d"":9,""p"":0.0003039195382313198,""r"":36}",
      3072,         0,         0,   0.349,chromobius,03c8e9f29b1d6baa14724201f89d901da22f33cf231b11974b4ddb7747adc8e6,"{""d"":9,""p"":0.0003562247890262444,""r"":36}",
      5120,         1,         0,   0.441,chromobius,db40c93e3549aacc86d995f83734c17627e0d29fbae8e6d3e9431e224227ff6e,"{""d"":9,""p"":0.0002592943797404667,""r"":36}",
      4096,         0,         0,   0.411,chromobius,85bcdce8107bc60244ab91e109bb67b88bcc5da5e8029ab70fee3815d05ba2fc,"{""d"":9,""p"":0.0003039195382313198,""r"":36}",
      4096,         1,         0,   0.474,chromobius,03c8e9f29b1d6baa14724201f89d901da22f33cf231b11974b4ddb7747adc8e6,"{""d"":9,""p"":0.0003562247890262444,""r"":36}",
      7168,         1,         0,   0.603,chromobius,db40c93e3549aacc86d995f83734c17627e0d29fbae8e6d3e9431e224227ff6e,"{""d"":9,""p"":0.0002592943797404667,""r"":36}",
      6144,         1,         0,   0.614,chromobius,85bcdce8107bc60244ab91e109bb67b88bcc5da5e8029ab70fee3815d05ba2fc,"{""d"":9,""p"":0.0003039195382313198,""r"":36}",
      5120,         1,         0,   0.579,chromobius,03c8e9f29b1d6baa14724201f89d901da22f33cf231b11974b4ddb7747adc8e6,"{""d"":9,""p"":0.0003562247890262444,""r"":36}",
     10240,         1,         0,   0.859,chromobius,db40c93e3549aacc86d995f83734c17627e0d29fbae8e6d3e9431e224227ff6e,"{""d"":9,""p"":0.0002592943797404667,""r"":36}",
      8192,         0,         0,   0.827,chromobius,85bcdce8107bc60244ab91e109bb67b88bcc5da5e8029ab70fee3815d05ba2fc,"{""d"":9,""p"":0.0003039195382313198,""r"":36}",
      7168,         0,         0,   0.842,chromobius,03c8e9f29b1d6baa14724201f89d901da22f33cf231b11974b4ddb7747adc8e6,"{""d"":9,""p"":0.0003562247890262444,""r"":36}",
     14336,         0,         0,    1.19,chromobius,db40c93e3549aacc86d995f83734c17627e0d29fbae8e6d3e9431e224227ff6e,"{""d"":9,""p"":0.0002592943797404667,""r"":36}",
     11264,         0,         0,    1.14,chromobius,85bcdce8107bc60244ab91e109bb67b88bcc5da5e8029ab70fee3815d05ba2fc,"{""d"":9,""p"":0.0003039195382313198,""r"":36}",
     10240,         1,         0,    1.16,chromobius,03c8e9f29b1d6baa14724201f89d901da22f33cf231b11974b4ddb7747adc8e6,"{""d"":9,""p"":0.0003562247890262444,""r"":36}",
     18432,         0,         0,    1.57,chromobius,db40c93e3549aacc86d995f83734c17627e0d29fbae8e6d3e9431e224227ff6e,"{""d"":9,""p"":0.0002592943797404667,""r"":36}",
     15360,         0,         0,    1.56,chromobius,85bcdce8107bc60244ab91e109bb67b88bcc5da5e8029ab70fee3815d05ba2fc,"{""d"":9,""p"":0.0003039195382313198,""r"":36}",
     13312,         3,         0,    1.56,chromobius,03c8e9f29b1d6baa14724201f89d901da22f33cf231b11974b4ddb7747adc8e6,"{""d"":9,""p"":0.0003562247890262444,""r"":36}",
     26624,         1,         0,    2.25,chromobius,db40c93e3549aacc86d995f83734c17627e0d29fbae8e6d3e9431e224227ff6e,"{""d"":9,""p"":0.0002592943797404667,""r"":36}",
     22528,         2,         0,    2.23,chromobius,85bcdce8107bc60244ab91e109bb67b88bcc5da5e8029ab70fee3815d05ba2fc,"{""d"":9,""p"":0.0003039195382313198,""r"":36}",
     19456,         3,         0,    2.21,chromobius,03c8e9f29b1d6baa14724201f89d901da22f33cf231b11974b4ddb7747adc8e6,"{""d"":9,""p"":0.0003562247890262444,""r"":36}",
    122880,         4,         0,    8.41,chromobius,9aeb51568bfb43d85d47916214702632d2e51185b5a2892d773c4d6514f6b90e,"{""d"":9,""p"":0.000221221629107045,""r"":36}",
     35840,         0,         0,    3.07,chromobius,db40c93e3549aacc86d995f83734c17627e0d29fbae8e6d3e9431e224227ff6e,"{""d"":9,""p"":0.0002592943797404667,""r"":36}",
     30720,         1,         0,    3.16,chromobius,85bcdce8107bc60244ab91e109bb67b88bcc5da5e8029ab70fee3815d05ba2fc,"{""d"":9,""p"":0.0003039195382313198,""r"":36}",
     26624,         2,         0,    3.13,chromobius,03c8e9f29b1d6baa14724201f89d901da22f33cf231b11974b4ddb7747adc8e6,"{""d"":9,""p"":0.0003562247890262444,""r"":36}",
   1156096,       164,         0,   119.9,chromobius,03c8e9f29b1d6baa14724201f89d901da22f33cf231b11974b4ddb7747adc8e6,"{""d"":9,""p"":0.0003562247890262444,""r"":36}",
     50176,         1,         0,    4.28,chromobius,db40c93e3549aacc86d995f83734c17627e0d29fbae8e6d3e9431e224227ff6e,"{""d"":9,""p"":0.0002592943797404667,""r"":36}",
     36864,         7,         0,    4.27,chromobius,03c8e9f29b1d6baa14724201f89d901da22f33cf231b11974b4ddb7747adc8e6,"{""d"":9,""p"":0.0003562247890262444,""r"":36}",
     43008,         5,         0,    4.30,chromobius,85bcdce8107bc60244ab91e109bb67b88bcc5da5e8029ab70fee3815d05ba2fc,"{""d"":9,""p"":0.0003039195382313198,""r"":36}",
   1320960,        46,         0,    88.1,chromobius,9aeb51568bfb43d85d47916214702632d2e51185b5a2892d773c4d6514f6b90e,"{""d"":9,""p"":0.000221221629107045,""r"":36}",
    169984,         8,         0,    11.7,chromobius,9aeb51568bfb43d85d47916214702632d2e51185b5a2892d773c4d6514f6b90e,"{""d"":9,""p"":0.000221221629107045,""r"":36}",
     70656,         2,         0,    5.98,chromobius,db40c93e3549aacc86d995f83734c17627e0d29fbae8e6d3e9431e224227ff6e,"{""d"":9,""p"":0.0002592943797404667,""r"":36}",
     59392,         3,         0,    5.99,chromobius,85bcdce8107bc60244ab91e109bb67b88bcc5da5e8029ab70fee3815d05ba2fc,"{""d"":9,""p"":0.0003039195382313198,""r"":36}",
     53248,         8,         0,    6.05,chromobius,03c8e9f29b1d6baa14724201f89d901da22f33cf231b11974b4ddb7747adc8e6,"{""d"":9,""p"":0.0003562247890262444,""r"":36}",
   1116160,        49,         0,    88.1,chromobius,db40c93e3549aacc86d995f83734c17627e0d29fbae8e6d3e9431e224227ff6e,"{""d"":9,""p"":0.0002592943797404667,""r"":36}",
    913408,        82,         0,    88.2,chromobius,85bcdce8107bc60244ab91e109bb67b88bcc5da5e8029ab70fee3815d05ba2fc,"{""d"":9,""p"":0.0003039195382313198,""r"":36}",
    103424,         9,         0,    8.37,chromobius,db40c93e3549aacc86d995f83734c17627e0d29fbae8e6d3e9431e224227ff6e,"{""d"":9,""p"":0.0002592943797404667,""r"":36}",
     83968,        10,         0,    8.39,chromobius,85bcdce8107bc60244ab91e109bb67b88bcc5da5e8029ab70fee3815d05ba2fc,"{""d"":9,""p"":0.0003039195382313198,""r"":36}",
     77824,         8,         0,    8.41,chromobius,03c8e9f29b1d6baa14724201f89d901da22f33cf231b11974b4ddb7747adc8e6,"{""d"":9,""p"":0.0003562247890262444,""r"":36}",
    850944,       123,         0,    88.2,chromobius,03c8e9f29b1d6baa14724201f89d901da22f33cf231b11974b4ddb7747adc8e6,"{""d"":9,""p"":0.0003562247890262444,""r"":36}",
    227328,         6,         0,    16.4,chromobius,9aeb51568bfb43d85d47916214702632d2e51185b5a2892d773c4d6514f6b90e,"{""d"":9,""p"":0.000221221629107045,""r"":36}",
    146432,         9,         0,    11.8,chromobius,db40c93e3549aacc86d995f83734c17627e0d29fbae8e6d3e9431e224227ff6e,"{""d"":9,""p"":0.0002592943797404667,""r"":36}",
    116736,        16,         0,    11.7,chromobius,85bcdce8107bc60244ab91e109bb67b88bcc5da5e8029ab70fee3815d05ba2fc,"{""d"":9,""p"":0.0003039195382313198,""r"":36}",
    109568,        12,         0,    11.8,chromobius,03c8e9f29b1d6baa14724201f89d901da22f33cf231b11974b4ddb7747adc8e6,"{""d"":9,""p"":0.0003562247890262444,""r"":36}",
    201728,         7,         0,    16.4,chromobius,db40c93e3549aacc86d995f83734c17627e0d29fbae8e6d3e9431e224227ff6e,"{""d"":9,""p"":0.0002592943797404667,""r"":36}",
    164864,        13,         0,    16.5,chromobius,85bcdce8107bc60244ab91e109bb67b88bcc5da5e8029ab70fee3815d05ba2fc,"{""d"":9,""p"":0.0003039195382313198,""r"":36}",
    152576,        21,         0,    16.5,chromobius,03c8e9f29b1d6baa14724201f89d901da22f33cf231b11974b4ddb7747adc8e6,"{""d"":9,""p"":0.0003562247890262444,""r"":36}",
    316416,         7,         0,    23.0,chromobius,9aeb51568bfb43d85d47916214702632d2e51185b5a2892d773c4d6514f6b90e,"{""d"":9,""p"":0.000221221629107045,""r"":36}",
    284672,        10,         0,    23.0,chromobius,db40c93e3549aacc86d995f83734c17627e0d29fbae8e6d3e9431e224227ff6e,"{""d"":9,""p"":0.0002592943797404667,""r"":36}",
    230400,        18,         0,    23.0,chromobius,85bcdce8107bc60244ab91e109bb67b88bcc5da5e8029ab70fee3815d05ba2fc,"{""d"":9,""p"":0.0003039195382313198,""r"":36}",
    215040,        27,         0,    22.9,chromobius,03c8e9f29b1d6baa14724201f89d901da22f33cf231b11974b4ddb7747adc8e6,"{""d"":9,""p"":0.0003562247890262444,""r"":36}",
    443392,         7,         0,    32.1,chromobius,9aeb51568bfb43d85d47916214702632d2e51185b5a2892d773c4d6514f6b90e,"{""d"":9,""p"":0.000221221629107045,""r"":36}",
   1655808,        40,         0,   119.8,chromobius,9aeb51568bfb43d85d47916214702632d2e51185b5a2892d773c4d6514f6b90e,"{""d"":9,""p"":0.000221221629107045,""r"":36}",
   1199104,        91,         0,   119.9,chromobius,85bcdce8107bc60244ab91e109bb67b88bcc5da5e8029ab70fee3815d05ba2fc,"{""d"":9,""p"":0.0003039195382313198,""r"":36}",
   1549312,        73,         0,   119.8,chromobius,db40c93e3549aacc86d995f83734c17627e0d29fbae8e6d3e9431e224227ff6e,"{""d"":9,""p"":0.0002592943797404667,""r"":36}",
    396288,        24,         0,    32.2,chromobius,db40c93e3549aacc86d995f83734c17627e0d29fbae8e6d3e9431e224227ff6e,"{""d"":9,""p"":0.0002592943797404667,""r"":36}",
    319488,        37,         0,    32.2,chromobius,85bcdce8107bc60244ab91e109bb67b88bcc5da5e8029ab70fee3815d05ba2fc,"{""d"":9,""p"":0.0003039195382313198,""r"":36}",
    297984,        42,         0,    32.1,chromobius,03c8e9f29b1d6baa14724201f89d901da22f33cf231b11974b4ddb7747adc8e6,"{""d"":9,""p"":0.0003562247890262444,""r"":36}",
   1186816,       161,         0,   119.9,chromobius,03c8e9f29b1d6baa14724201f89d901da22f33cf231b11974b4ddb7747adc8e6,"{""d"":9,""p"":0.0003562247890262444,""r"":36}",
   1815552,        60,         0,   119.8,chromobius,9aeb51568bfb43d85d47916214702632d2e51185b5a2892d773c4d6514f6b90e,"{""d"":9,""p"":0.000221221629107045,""r"":36}",
    498890,        16,         0,    36.6,chromobius,9aeb51568bfb43d85d47916214702632d2e51185b5a2892d773c4d6514f6b90e,"{""d"":9,""p"":0.000221221629107045,""r"":36}",
    632832,        21,         0,    45.0,chromobius,9aeb51568bfb43d85d47916214702632d2e51185b5a2892d773c4d6514f6b90e,"{""d"":9,""p"":0.000221221629107045,""r"":36}",
   1555456,        75,         0,   119.8,chromobius,db40c93e3549aacc86d995f83734c17627e0d29fbae8e6d3e9431e224227ff6e,"{""d"":9,""p"":0.0002592943797404667,""r"":36}",
   1282048,       119,         0,   119.9,chromobius,85bcdce8107bc60244ab91e109bb67b88bcc5da5e8029ab70fee3815d05ba2fc,"{""d"":9,""p"":0.0003039195382313198,""r"":36}",
   1132544,       174,         0,   119.9,chromobius,03c8e9f29b1d6baa14724201f89d901da22f33cf231b11974b4ddb7747adc8e6,"{""d"":9,""p"":0.0003562247890262444,""r"":36}",
    558080,        28,         0,    45.0,chromobius,db40c93e3549aacc86d995f83734c17627e0d29fbae8e6d3e9431e224227ff6e,"{""d"":9,""p"":0.0002592943797404667,""r"":36}",
    452608,        44,         0,    45.0,chromobius,85bcdce8107bc60244ab91e109bb67b88bcc5da5e8029ab70fee3815d05ba2fc,"{""d"":9,""p"":0.0003039195382313198,""r"":36}",
    420864,        66,         0,    45.0,chromobius,03c8e9f29b1d6baa14724201f89d901da22f33cf231b11974b4ddb7747adc8e6,"{""d"":9,""p"":0.0003562247890262444,""r"":36}",
    337281,         7,         0,    22.7,chromobius,9aeb51568bfb43d85d47916214702632d2e51185b5a2892d773c4d6514f6b90e,"{""d"":9,""p"":0.000221221629107045,""r"":36}",
    646742,        19,         0,    44.4,chromobius,9aeb51568bfb43d85d47916214702632d2e51185b5a2892d773c4d6514f6b90e,"{""d"":9,""p"":0.000221221629107045,""r"":36}",
    638976,        13,         0,    43.8,chromobius,9aeb51568bfb43d85d47916214702632d2e51185b5a2892d773c4d6514f6b90e,"{""d"":9,""p"":0.000221221629107045,""r"":36}",
      7766,         1,         0,   0.535,chromobius,9aeb51568bfb43d85d47916214702632d2e51185b5a2892d773c4d6514f6b90e,"{""d"":9,""p"":0.000221221629107045,""r"":36}",
    312320,        11,         0,    20.4,chromobius,9aeb51568bfb43d85d47916214702632d2e51185b5a2892d773c4d6514f6b90e,"{""d"":9,""p"":0.000221221629107045,""r"":36}",
    111474,         5,         0,    7.72,chromobius,9aeb51568bfb43d85d47916214702632d2e51185b5a2892d773c4d6514f6b90e,"{""d"":9,""p"":0.000221221629107045,""r"":36}",
    104448,         1,         0,    7.12,chromobius,9aeb51568bfb43d85d47916214702632d2e51185b5a2892d773c4d6514f6b90e,"{""d"":9,""p"":0.000221221629107045,""r"":36}",
    104448,         3,         0,    7.15,chromobius,9aeb51568bfb43d85d47916214702632d2e51185b5a2892d773c4d6514f6b90e,"{""d"":9,""p"":0.000221221629107045,""r"":36}",
      4684,         0,         0,   0.326,chromobius,9aeb51568bfb43d85d47916214702632d2e51185b5a2892d773c4d6514f6b90e,"{""d"":9,""p"":0.000221221629107045,""r"":36}",
      4684,         0,         0,   0.317,chromobius,9aeb51568bfb43d85d47916214702632d2e51185b5a2892d773c4d6514f6b90e,"{""d"":9,""p"":0.000221221629107045,""r"":36}",
      4684,         0,         0,   0.327,chromobius,9aeb51568bfb43d85d47916214702632d2e51185b5a2892d773c4d6514f6b90e,"{""d"":9,""p"":0.000221221629107045,""r"":36}",
       273,         0,         0,   0.028,chromobius,db40c93e3549aacc86d995f83734c17627e0d29fbae8e6d3e9431e224227ff6e,"{""d"":9,""p"":0.0002592943797404667,""r"":36}",
       273,         0,         0,   0.036,chromobius,03c8e9f29b1d6baa14724201f89d901da22f33cf231b11974b4ddb7747adc8e6,"{""d"":9,""p"":0.0003562247890262444,""r"":36}",
       273,         0,         0,   0.032,chromobius,85bcdce8107bc60244ab91e109bb67b88bcc5da5e8029ab70fee3815d05ba2fc,"{""d"":9,""p"":0.0003039195382313198,""r"":36}",
      1024,         0,         0,   0.086,chromobius,db40c93e3549aacc86d995f83734c17627e0d29fbae8e6d3e9431e224227ff6e,"{""d"":9,""p"":0.0002592943797404667,""r"":36}",
      1024,         0,         0,   0.096,chromobius,85bcdce8107bc60244ab91e109bb67b88bcc5da5e8029ab70fee3815d05ba2fc,"{""d"":9,""p"":0.0003039195382313198,""r"":36}",
      1024,         0,         0,   0.110,chromobius,03c8e9f29b1d6baa14724201f89d901da22f33cf231b11974b4ddb7747adc8e6,"{""d"":9,""p"":0.0003562247890262444,""r"":36}",
      1024,         0,         0,   0.083,chromobius,db40c93e3549aacc86d995f83734c17627e0d29fbae8e6d3e9431e224227ff6e,"{""d"":9,""p"":0.0002592943797404667,""r"":36}",
      1024,         0,         0,   0.098,chromobius,85bcdce8107bc60244ab91e109bb67b88bcc5da5e8029ab70fee3815d05ba2fc,"{""d"":9,""p"":0.0003039195382313198,""r"":36}",
      1024,         1,         0,   0.116,chromobius,03c8e9f29b1d6baa14724201f89d901da22f33cf231b11974b4ddb7747adc8e6,"{""d"":9,""p"":0.0003562247890262444,""r"":36}",
      1024,         0,         0,   0.081,chromobius,db40c93e3549aacc86d995f83734c17627e0d29fbae8e6d3e9431e224227ff6e,"{""d"":9,""p"":0.0002592943797404667,""r"":36}",
      1024,         0,         0,   0.099,chromobius,85bcdce8107bc60244ab91e109bb67b88bcc5da5e8029ab70fee3815d05ba2fc,"{""d"":9,""p"":0.0003039195382313198,""r"":36}",
      1024,         0,         0,   0.086,chromobius,db40c93e3549aacc86d995f83734c17627e0d29fbae8e6d3e9431e224227ff6e,"{""d"":9,""p"":0.0002592943797404667,""r"":36}",
      1024,         0,         0,   0.110,chromobius,03c8e9f29b1d6baa14724201f89d901da22f33cf231b11974b4ddb7747adc8e6,"{""d"":9,""p"":0.0003562247890262444,""r"":36}",
      1024,         0,         0,   0.099,chromobius,85bcdce8107bc60244ab91e109bb67b88bcc5da5e8029ab70fee3815d05ba2fc,"{""d"":9,""p"":0.0003039195382313198,""r"":36}",
      1024,         0,         0,   0.084,chromobius,db40c93e3549aacc86d995f83734c17627e0d29fbae8e6d3e9431e224227ff6e,"{""d"":9,""p"":0.0002592943797404667,""r"":36}",
      1024,         0,         0,   0.111,chromobius,03c8e9f29b1d6baa14724201f89d901da22f33cf231b11974b4ddb7747adc8e6,"{""d"":9,""p"":0.0003562247890262444,""r"":36}",
      1024,         0,         0,   0.100,chromobius,85bcdce8107bc60244ab91e109bb67b88bcc5da5e8029ab70fee3815d05ba2fc,"{""d"":9,""p"":0.0003039195382313198,""r"":36}",
      1024,         1,         0,   0.082,chromobius,db40c93e3549aacc86d995f83734c17627e0d29fbae8e6d3e9431e224227ff6e,"{""d"":9,""p"":0.0002592943797404667,""r"":36}",
      1024,         0,         0,   0.115,chromobius,03c8e9f29b1d6baa14724201f89d901da22f33cf231b11974b4ddb7747adc8e6,"{""d"":9,""p"":0.0003562247890262444,""r"":36}",
      1024,         0,         0,   0.102,chromobius,85bcdce8107bc60244ab91e109bb67b88bcc5da5e8029ab70fee3815d05ba2fc,"{""d"":9,""p"":0.0003039195382313198,""r"":36}",
      2048,         0,         0,   0.161,chromobius,db40c93e3549aacc86d995f83734c17627e0d29fbae8e6d3e9431e224227ff6e,"{""d"":9,""p"":0.0002592943797404667,""r"":36}",
      1024,         0,         0,   0.110,chromobius,03c8e9f29b1d6baa14724201f89d901da22f33cf231b11974b4ddb7747adc8e6,"{""d"":9,""p"":0.0003562247890262444,""r"":36}",
      1024,         0,         0,   0.110,chromobius,03c8e9f29b1d6baa14724201f89d901da22f33cf231b11974b4ddb7747adc8e6,"{""d"":9,""p"":0.0003562247890262444,""r"":36}",
      2048,         0,         0,   0.197,chromobius,85bcdce8107bc60244ab91e109bb67b88bcc5da5e8029ab70fee3815d05ba2fc,"{""d"":9,""p"":0.0003039195382313198,""r"":36}",
      2048,         0,         0,   0.169,chromobius,db40c93e3549aacc86d995f83734c17627e0d29fbae8e6d3e9431e224227ff6e,"{""d"":9,""p"":0.0002592943797404667,""r"":36}",
      2048,         0,         0,   0.204,chromobius,85bcdce8107bc60244ab91e109bb67b88bcc5da5e8029ab70fee3815d05ba2fc,"{""d"":9,""p"":0.0003039195382313198,""r"":36}",
      2048,         0,         0,   0.228,chromobius,03c8e9f29b1d6baa14724201f89d901da22f33cf231b11974b4ddb7747adc8e6,"{""d"":9,""p"":0.0003562247890262444,""r"":36}",
      3072,         0,         0,   0.251,chromobius,db40c93e3549aacc86d995f83734c17627e0d29fbae8e6d3e9431e224227ff6e,"{""d"":9,""p"":0.0002592943797404667,""r"":36}",
      2048,         0,         0,   0.225,chromobius,03c8e9f29b1d6baa14724201f89d901da22f33cf231b11974b4ddb7747adc8e6,"{""d"":9,""p"":0.0003562247890262444,""r"":36}",
      3072,         1,         0,   0.295,chromobius,85bcdce8107bc60244ab91e109bb67b88bcc5da5e8029ab70fee3815d05ba2fc,"{""d"":9,""p"":0.0003039195382313198,""r"":36}",
      4096,         0,         0,   0.338,chromobius,db40c93e3549aacc86d995f83734c17627e0d29fbae8e6d3e9431e224227ff6e,"{""d"":9,""p"":0.0002592943797404667,""r"":36}",
      3072,         0,         0,   0.340,chromobius,03c8e9f29b1d6baa14724201f89d901da22f33cf231b11974b4ddb7747adc8e6,"{""d"":9,""p"":0.0003562247890262444,""r"":36}",
      3072,         0,         0,   0.301,chromobius,85bcdce8107bc60244ab91e109bb67b88bcc5da5e8029ab70fee3815d05ba2fc,"{""d"":9,""p"":0.0003039195382313198,""r"":36}",
      5120,         0,         0,   0.435,chromobius,db40c93e3549aacc86d995f83734c17627e0d29fbae8e6d3e9431e224227ff6e,"{""d"":9,""p"":0.0002592943797404667,""r"":36}",
      4096,         0,         0,   0.430,chromobius,85bcdce8107bc60244ab91e109bb67b88bcc5da5e8029ab70fee3815d05ba2fc,"{""d"":9,""p"":0.0003039195382313198,""r"":36}",
      4096,         0,         0,   0.513,chromobius,03c8e9f29b1d6baa14724201f89d901da22f33cf231b11974b4ddb7747adc8e6,"{""d"":9,""p"":0.0003562247890262444,""r"":36}",
      7168,         0,         0,   0.625,chromobius,db40c93e3549aacc86d995f83734c17627e0d29fbae8e6d3e9431e224227ff6e,"{""d"":9,""p"":0.0002592943797404667,""r"":36}",
      6144,         0,         0,   0.628,chromobius,85bcdce8107bc60244ab91e109bb67b88bcc5da5e8029ab70fee3815d05ba2fc,"{""d"":9,""p"":0.0003039195382313198,""r"":36}",
      5120,         0,         0,   0.578,chromobius,03c8e9f29b1d6baa14724201f89d901da22f33cf231b11974b4ddb7747adc8e6,"{""d"":9,""p"":0.0003562247890262444,""r"":36}",
     10240,         1,         0,   0.820,chromobius,db40c93e3549aacc86d995f83734c17627e0d29fbae8e6d3e9431e224227ff6e,"{""d"":9,""p"":0.0002592943797404667,""r"":36}",
      8192,         0,         0,   0.794,chromobius,85bcdce8107bc60244ab91e109bb67b88bcc5da5e8029ab70fee3815d05ba2fc,"{""d"":9,""p"":0.0003039195382313198,""r"":36}",
      8192,         1,         0,   0.887,chromobius,03c8e9f29b1d6baa14724201f89d901da22f33cf231b11974b4ddb7747adc8e6,"{""d"":9,""p"":0.0003562247890262444,""r"":36}",
     14336,         2,         0,    1.12,chromobius,db40c93e3549aacc86d995f83734c17627e0d29fbae8e6d3e9431e224227ff6e,"{""d"":9,""p"":0.0002592943797404667,""r"":36}",
     12288,         1,         0,    1.18,chromobius,85bcdce8107bc60244ab91e109bb67b88bcc5da5e8029ab70fee3815d05ba2fc,"{""d"":9,""p"":0.0003039195382313198,""r"":36}",
     11264,         2,         0,    1.23,chromobius,03c8e9f29b1d6baa14724201f89d901da22f33cf231b11974b4ddb7747adc8e6,"{""d"":9,""p"":0.0003562247890262444,""r"":36}",
     20480,         1,         0,    1.61,chromobius,db40c93e3549aacc86d995f83734c17627e0d29fbae8e6d3e9431e224227ff6e,"{""d"":9,""p"":0.0002592943797404667,""r"":36}",
     16384,         0,         0,    1.58,chromobius,85bcdce8107bc60244ab91e109bb67b88bcc5da5e8029ab70fee3815d05ba2fc,"{""d"":9,""p"":0.0003039195382313198,""r"":36}",
     14336,         3,         0,    1.55,chromobius,03c8e9f29b1d6baa14724201f89d901da22f33cf231b11974b4ddb7747adc8e6,"{""d"":9,""p"":0.0003562247890262444,""r"":36}",
     27648,         0,         0,    2.18,chromobius,db40c93e3549aacc86d995f83734c17627e0d29fbae8e6d3e9431e224227ff6e,"{""d"":9,""p"":0.0002592943797404667,""r"":36}",
     23552,         2,         0,    2.23,chromobius,85bcdce8107bc60244ab91e109bb67b88bcc5da5e8029ab70fee3815d05ba2fc,"{""d"":9,""p"":0.0003039195382313198,""r"":36}",
     20480,         6,         0,    2.23,chromobius,03c8e9f29b1d6baa14724201f89d901da22f33cf231b11974b4ddb7747adc8e6,"{""d"":9,""p"":0.0003562247890262444,""r"":36}",
     39936,         3,         0,    3.11,chromobius,db40c93e3549aacc86d995f83734c17627e0d29fbae8e6d3e9431e224227ff6e,"{""d"":9,""p"":0.0002592943797404667,""r"":36}",
     32768,         3,         0,    3.10,chromobius,85bcdce8107bc60244ab91e109bb67b88bcc5da5e8029ab70fee3815d05ba2fc,"{""d"":9,""p"":0.0003039195382313198,""r"":36}",
     28672,         6,         0,    3.11,chromobius,03c8e9f29b1d6baa14724201f89d901da22f33cf231b11974b4ddb7747adc8e6,"{""d"":9,""p"":0.0003562247890262444,""r"":36}",
     55296,         8,         0,    4.33,chromobius,db40c93e3549aacc86d995f83734c17627e0d29fbae8e6d3e9431e224227ff6e,"{""d"":9,""p"":0.0002592943797404667,""r"":36}",
     45056,         5,         0,    4.29,chromobius,85bcdce8107bc60244ab91e109bb67b88bcc5da5e8029ab70fee3815d05ba2fc,"{""d"":9,""p"":0.0003039195382313198,""r"":36}",
     39936,        10,         0,    4.32,chromobius,03c8e9f29b1d6baa14724201f89d901da22f33cf231b11974b4ddb7747adc8e6,"{""d"":9,""p"":0.0003562247890262444,""r"":36}",
     77824,         0,         0,    6.01,chromobius,db40c93e3549aacc86d995f83734c17627e0d29fbae8e6d3e9431e224227ff6e,"{""d"":9,""p"":0.0002592943797404667,""r"":36}",
     62464,         7,         0,    5.99,chromobius,85bcdce8107bc60244ab91e109bb67b88bcc5da5e8029ab70fee3815d05ba2fc,"{""d"":9,""p"":0.0003039195382313198,""r"":36}",
     55296,         7,         0,    5.99,chromobius,03c8e9f29b1d6baa14724201f89d901da22f33cf231b11974b4ddb7747adc8e6,"{""d"":9,""p"":0.0003562247890262444,""r"":36}",
    108544,         3,         0,    8.40,chromobius,db40c93e3549aacc86d995f83734c17627e0d29fbae8e6d3e9431e224227ff6e,"{""d"":9,""p"":0.0002592943797404667,""r"":36}",
     87040,         9,         0,    8.41,chromobius,85bcdce8107bc60244ab91e109bb67b88bcc5da5e8029ab70fee3815d05ba2fc,"{""d"":9,""p"":0.0003039195382313198,""r"":36}",
     77824,        16,         0,    8.45,chromobius,03c8e9f29b1d6baa14724201f89d901da22f33cf231b11974b4ddb7747adc8e6,"{""d"":9,""p"":0.0003562247890262444,""r"":36}",
    759808,        41,         0,    62.9,chromobius,db40c93e3549aacc86d995f83734c17627e0d29fbae8e6d3e9431e224227ff6e,"{""d"":9,""p"":0.0002592943797404667,""r"":36}",
    644096,        66,         0,    63.0,chromobius,85bcdce8107bc60244ab91e109bb67b88bcc5da5e8029ab70fee3815d05ba2fc,"{""d"":9,""p"":0.0003039195382313198,""r"":36}",
    580608,        89,         0,    63.0,chromobius,03c8e9f29b1d6baa14724201f89d901da22f33cf231b11974b4ddb7747adc8e6,"{""d"":9,""p"":0.0003562247890262444,""r"":36}",
   1204224,        96,         0,   119.9,chromobius,85bcdce8107bc60244ab91e109bb67b88bcc5da5e8029ab70fee3815d05ba2fc,"{""d"":9,""p"":0.0003039195382313198,""r"":36}",
   1506304,        79,         0,   119.8,chromobius,db40c93e3549aacc86d995f83734c17627e0d29fbae8e6d3e9431e224227ff6e,"{""d"":9,""p"":0.0002592943797404667,""r"":36}",
    150528,         7,         0,    11.7,chromobius,db40c93e3549aacc86d995f83734c17627e0d29fbae8e6d3e9431e224227ff6e,"{""d"":9,""p"":0.0002592943797404667,""r"":36}",
    121856,         7,         0,    11.7,chromobius,85bcdce8107bc60244ab91e109bb67b88bcc5da5e8029ab70fee3815d05ba2fc,"{""d"":9,""p"":0.0003039195382313198,""r"":36}",
    107520,        15,         0,    11.7,chromobius,03c8e9f29b1d6baa14724201f89d901da22f33cf231b11974b4ddb7747adc8e6,"{""d"":9,""p"":0.0003562247890262444,""r"":36}",
    209920,        12,         0,    16.4,chromobius,db40c93e3549aacc86d995f83734c17627e0d29fbae8e6d3e9431e224227ff6e,"{""d"":9,""p"":0.0002592943797404667,""r"":36}",
    172032,        19,         0,    16.4,chromobius,85bcdce8107bc60244ab91e109bb67b88bcc5da5e8029ab70fee3815d05ba2fc,"{""d"":9,""p"":0.0003039195382313198,""r"":36}",
    149504,        18,         0,    16.4,chromobius,03c8e9f29b1d6baa14724201f89d901da22f33cf231b11974b4ddb7747adc8e6,"{""d"":9,""p"":0.0003562247890262444,""r"":36}",
   1150976,       159,         0,   119.9,chromobius,03c8e9f29b1d6baa14724201f89d901da22f33cf231b11974b4ddb7747adc8e6,"{""d"":9,""p"":0.0003562247890262444,""r"":36}",
   1496064,        75,         0,   119.8,chromobius,db40c93e3549aacc86d995f83734c17627e0d29fbae8e6d3e9431e224227ff6e,"{""d"":9,""p"":0.0002592943797404667,""r"":36}",
   1265664,        92,         0,   119.8,chromobius,85bcdce8107bc60244ab91e109bb67b88bcc5da5e8029ab70fee3815d05ba2fc,"{""d"":9,""p"":0.0003039195382313198,""r"":36}",
    294912,        19,         0,    23.0,chromobius,db40c93e3549aacc86d995f83734c17627e0d29fbae8e6d3e9431e224227ff6e,"{""d"":9,""p"":0.0002592943797404667,""r"":36}",
    241664,        23,         0,    22.9,chromobius,85bcdce8107bc60244ab91e109bb67b88bcc5da5e8029ab70fee3815d05ba2fc,"{""d"":9,""p"":0.0003039195382313198,""r"":36}",
    209920,        25,         0,    23.0,chromobius,03c8e9f29b1d6baa14724201f89d901da22f33cf231b11974b4ddb7747adc8e6,"{""d"":9,""p"":0.0003562247890262444,""r"":36}",
   1173504,       198,         0,   119.9,chromobius,03c8e9f29b1d6baa14724201f89d901da22f33cf231b11974b4ddb7747adc8e6,"{""d"":9,""p"":0.0003562247890262444,""r"":36}",
    942420,        51,         0,    74.2,chromobius,db40c93e3549aacc86d995f83734c17627e0d29fbae8e6d3e9431e224227ff6e,"{""d"":9,""p"":0.0002592943797404667,""r"":36}",
    409600,        24,         0,    32.2,chromobius,db40c93e3549aacc86d995f83734c17627e0d29fbae8e6d3e9431e224227ff6e,"{""d"":9,""p"":0.0002592943797404667,""r"":36}",
    333824,        27,         0,    32.2,chromobius,85bcdce8107bc60244ab91e109bb67b88bcc5da5e8029ab70fee3815d05ba2fc,"{""d"":9,""p"":0.0003039195382313198,""r"":36}",
    291840,        49,         0,    32.1,chromobius,03c8e9f29b1d6baa14724201f89d901da22f33cf231b11974b4ddb7747adc8e6,"{""d"":9,""p"":0.0003562247890262444,""r"":36}",
   1012666,        49,         0,    83.2,chromobius,db40c93e3549aacc86d995f83734c17627e0d29fbae8e6d3e9431e224227ff6e,"{""d"":9,""p"":0.0002592943797404667,""r"":36}",
    910336,        85,         0,    88.1,chromobius,85bcdce8107bc60244ab91e109bb67b88bcc5da5e8029ab70fee3815d05ba2fc,"{""d"":9,""p"":0.0003039195382313198,""r"":36}",
    812032,       132,         0,    88.2,chromobius,03c8e9f29b1d6baa14724201f89d901da22f33cf231b11974b4ddb7747adc8e6,"{""d"":9,""p"":0.0003562247890262444,""r"":36}",
    657100,        35,         0,    53.4,chromobius,db40c93e3549aacc86d995f83734c17627e0d29fbae8e6d3e9431e224227ff6e,"{""d"":9,""p"":0.0002592943797404667,""r"":36}",
    492825,        21,         0,    38.3,chromobius,db40c93e3549aacc86d995f83734c17627e0d29fbae8e6d3e9431e224227ff6e,"{""d"":9,""p"":0.0002592943797404667,""r"":36}",
    399360,        15,         0,    33.4,chromobius,db40c93e3549aacc86d995f83734c17627e0d29fbae8e6d3e9431e224227ff6e,"{""d"":9,""p"":0.0002592943797404667,""r"":36}",
    479232,        19,         0,    35.5,chromobius,db40c93e3549aacc86d995f83734c17627e0d29fbae8e6d3e9431e224227ff6e,"{""d"":9,""p"":0.0002592943797404667,""r"":36}",
     13593,         0,         0,    1.07,chromobius,db40c93e3549aacc86d995f83734c17627e0d29fbae8e6d3e9431e224227ff6e,"{""d"":9,""p"":0.0002592943797404667,""r"":36}",
    239616,        12,         0,    19.9,chromobius,db40c93e3549aacc86d995f83734c17627e0d29fbae8e6d3e9431e224227ff6e,"{""d"":9,""p"":0.0002592943797404667,""r"":36}",
   1212416,       108,         0,   119.9,chromobius,85bcdce8107bc60244ab91e109bb67b88bcc5da5e8029ab70fee3815d05ba2fc,"{""d"":9,""p"":0.0003039195382313198,""r"":36}",
     86668,         2,         0,    6.49,chromobius,db40c93e3549aacc86d995f83734c17627e0d29fbae8e6d3e9431e224227ff6e,"{""d"":9,""p"":0.0002592943797404667,""r"":36}",
     68608,         4,         0,    5.44,chromobius,db40c93e3549aacc86d995f83734c17627e0d29fbae8e6d3e9431e224227ff6e,"{""d"":9,""p"":0.0002592943797404667,""r"":36}",
     81920,         6,         0,    6.60,chromobius,db40c93e3549aacc86d995f83734c17627e0d29fbae8e6d3e9431e224227ff6e,"{""d"":9,""p"":0.0002592943797404667,""r"":36}",
     70656,         2,         0,    5.49,chromobius,db40c93e3549aacc86d995f83734c17627e0d29fbae8e6d3e9431e224227ff6e,"{""d"":9,""p"":0.0002592943797404667,""r"":36}",
      9705,         0,         0,   0.777,chromobius,db40c93e3549aacc86d995f83734c17627e0d29fbae8e6d3e9431e224227ff6e,"{""d"":9,""p"":0.0002592943797404667,""r"":36}",
      9216,         0,         0,   0.745,chromobius,db40c93e3549aacc86d995f83734c17627e0d29fbae8e6d3e9431e224227ff6e,"{""d"":9,""p"":0.0002592943797404667,""r"":36}",
      9705,         0,         0,   0.740,chromobius,db40c93e3549aacc86d995f83734c17627e0d29fbae8e6d3e9431e224227ff6e,"{""d"":9,""p"":0.0002592943797404667,""r"":36}",
      9705,         1,         0,   0.755,chromobius,db40c93e3549aacc86d995f83734c17627e0d29fbae8e6d3e9431e224227ff6e,"{""d"":9,""p"":0.0002592943797404667,""r"":36}",
       489,         0,         0,   0.041,chromobius,db40c93e3549aacc86d995f83734c17627e0d29fbae8e6d3e9431e224227ff6e,"{""d"":9,""p"":0.0002592943797404667,""r"":36}",
       273,         0,         0,   0.026,chromobius,85bcdce8107bc60244ab91e109bb67b88bcc5da5e8029ab70fee3815d05ba2fc,"{""d"":9,""p"":0.0003039195382313198,""r"":36}",
       273,         0,         0,   0.035,chromobius,03c8e9f29b1d6baa14724201f89d901da22f33cf231b11974b4ddb7747adc8e6,"{""d"":9,""p"":0.0003562247890262444,""r"":36}",
       273,         0,         0,   0.027,chromobius,85bcdce8107bc60244ab91e109bb67b88bcc5da5e8029ab70fee3815d05ba2fc,"{""d"":9,""p"":0.0003039195382313198,""r"":36}",
       273,         0,         0,   0.033,chromobius,03c8e9f29b1d6baa14724201f89d901da22f33cf231b11974b4ddb7747adc8e6,"{""d"":9,""p"":0.0003562247890262444,""r"":36}",
      1024,         0,         0,   0.090,chromobius,85bcdce8107bc60244ab91e109bb67b88bcc5da5e8029ab70fee3815d05ba2fc,"{""d"":9,""p"":0.0003039195382313198,""r"":36}",
      1024,         0,         0,   0.088,chromobius,85bcdce8107bc60244ab91e109bb67b88bcc5da5e8029ab70fee3815d05ba2fc,"{""d"":9,""p"":0.0003039195382313198,""r"":36}",
      1024,         0,         0,   0.109,chromobius,03c8e9f29b1d6baa14724201f89d901da22f33cf231b11974b4ddb7747adc8e6,"{""d"":9,""p"":0.0003562247890262444,""r"":36}",
      1024,         0,         0,   0.114,chromobius,03c8e9f29b1d6baa14724201f89d901da22f33cf231b11974b4ddb7747adc8e6,"{""d"":9,""p"":0.0003562247890262444,""r"":36}",
      1024,         0,         0,   0.087,chromobius,85bcdce8107bc60244ab91e109bb67b88bcc5da5e8029ab70fee3815d05ba2fc,"{""d"":9,""p"":0.0003039195382313198,""r"":36}",
      1024,         0,         0,   0.087,chromobius,85bcdce8107bc60244ab91e109bb67b88bcc5da5e8029ab70fee3815d05ba2fc,"{""d"":9,""p"":0.0003039195382313198,""r"":36}",
      1024,         0,         0,   0.110,chromobius,03c8e9f29b1d6baa14724201f89d901da22f33cf231b11974b4ddb7747adc8e6,"{""d"":9,""p"":0.0003562247890262444,""r"":36}",
      1024,         0,         0,   0.121,chromobius,03c8e9f29b1d6baa14724201f89d901da22f33cf231b11974b4ddb7747adc8e6,"{""d"":9,""p"":0.0003562247890262444,""r"":36}",
      1024,         0,         0,   0.090,chromobius,85bcdce8107bc60244ab91e109bb67b88bcc5da5e8029ab70fee3815d05ba2fc,"{""d"":9,""p"":0.0003039195382313198,""r"":36}",
      1024,         0,         0,   0.084,chromobius,85bcdce8107bc60244ab91e109bb67b88bcc5da5e8029ab70fee3815d05ba2fc,"{""d"":9,""p"":0.0003039195382313198,""r"":36}",
      1024,         1,         0,   0.109,chromobius,03c8e9f29b1d6baa14724201f89d901da22f33cf231b11974b4ddb7747adc8e6,"{""d"":9,""p"":0.0003562247890262444,""r"":36}",
      1024,         0,         0,   0.089,chromobius,85bcdce8107bc60244ab91e109bb67b88bcc5da5e8029ab70fee3815d05ba2fc,"{""d"":9,""p"":0.0003039195382313198,""r"":36}",
      1024,         0,         0,   0.090,chromobius,85bcdce8107bc60244ab91e109bb67b88bcc5da5e8029ab70fee3815d05ba2fc,"{""d"":9,""p"":0.0003039195382313198,""r"":36}",
      1024,         0,         0,   0.123,chromobius,03c8e9f29b1d6baa14724201f89d901da22f33cf231b11974b4ddb7747adc8e6,"{""d"":9,""p"":0.0003562247890262444,""r"":36}",
      1024,         0,         0,   0.089,chromobius,85bcdce8107bc60244ab91e109bb67b88bcc5da5e8029ab70fee3815d05ba2fc,"{""d"":9,""p"":0.0003039195382313198,""r"":36}",
      1024,         1,         0,   0.090,chromobius,85bcdce8107bc60244ab91e109bb67b88bcc5da5e8029ab70fee3815d05ba2fc,"{""d"":9,""p"":0.0003039195382313198,""r"":36}",
      1024,         0,         0,   0.118,chromobius,03c8e9f29b1d6baa14724201f89d901da22f33cf231b11974b4ddb7747adc8e6,"{""d"":9,""p"":0.0003562247890262444,""r"":36}",
      1024,         1,         0,   0.121,chromobius,03c8e9f29b1d6baa14724201f89d901da22f33cf231b11974b4ddb7747adc8e6,"{""d"":9,""p"":0.0003562247890262444,""r"":36}",
      1024,         0,         0,   0.087,chromobius,85bcdce8107bc60244ab91e109bb67b88bcc5da5e8029ab70fee3815d05ba2fc,"{""d"":9,""p"":0.0003039195382313198,""r"":36}",
      1024,         0,         0,   0.090,chromobius,85bcdce8107bc60244ab91e109bb67b88bcc5da5e8029ab70fee3815d05ba2fc,"{""d"":9,""p"":0.0003039195382313198,""r"":36}",
      1024,         1,         0,   0.114,chromobius,03c8e9f29b1d6baa14724201f89d901da22f33cf231b11974b4ddb7747adc8e6,"{""d"":9,""p"":0.0003562247890262444,""r"":36}",
      1024,         0,         0,   0.114,chromobius,03c8e9f29b1d6baa14724201f89d901da22f33cf231b11974b4ddb7747adc8e6,"{""d"":9,""p"":0.0003562247890262444,""r"":36}",
      1024,         0,         0,   0.112,chromobius,03c8e9f29b1d6baa14724201f89d901da22f33cf231b11974b4ddb7747adc8e6,"{""d"":9,""p"":0.0003562247890262444,""r"":36}",
      2048,         0,         0,   0.177,chromobius,85bcdce8107bc60244ab91e109bb67b88bcc5da5e8029ab70fee3815d05ba2fc,"{""d"":9,""p"":0.0003039195382313198,""r"":36}",
      2048,         0,         0,   0.184,chromobius,85bcdce8107bc60244ab91e109bb67b88bcc5da5e8029ab70fee3815d05ba2fc,"{""d"":9,""p"":0.0003039195382313198,""r"":36}",
      1024,         0,         0,   0.121,chromobius,03c8e9f29b1d6baa14724201f89d901da22f33cf231b11974b4ddb7747adc8e6,"{""d"":9,""p"":0.0003562247890262444,""r"":36}",
      1024,         0,         0,   0.116,chromobius,03c8e9f29b1d6baa14724201f89d901da22f33cf231b11974b4ddb7747adc8e6,"{""d"":9,""p"":0.0003562247890262444,""r"":36}",
      2048,         0,         0,   0.166,chromobius,85bcdce8107bc60244ab91e109bb67b88bcc5da5e8029ab70fee3815d05ba2fc,"{""d"":9,""p"":0.0003039195382313198,""r"":36}",
      2048,         1,         0,   0.215,chromobius,03c8e9f29b1d6baa14724201f89d901da22f33cf231b11974b4ddb7747adc8e6,"{""d"":9,""p"":0.0003562247890262444,""r"":36}",
      2048,         0,         0,   0.199,chromobius,85bcdce8107bc60244ab91e109bb67b88bcc5da5e8029ab70fee3815d05ba2fc,"{""d"":9,""p"":0.0003039195382313198,""r"":36}",
      2048,         0,         0,   0.235,chromobius,03c8e9f29b1d6baa14724201f89d901da22f33cf231b11974b4ddb7747adc8e6,"{""d"":9,""p"":0.0003562247890262444,""r"":36}",
      2048,         0,         0,   0.233,chromobius,03c8e9f29b1d6baa14724201f89d901da22f33cf231b11974b4ddb7747adc8e6,"{""d"":9,""p"":0.0003562247890262444,""r"":36}",
      3072,         1,         0,   0.282,chromobius,85bcdce8107bc60244ab91e109bb67b88bcc5da5e8029ab70fee3815d05ba2fc,"{""d"":9,""p"":0.0003039195382313198,""r"":36}",
      3072,         0,         0,   0.287,chromobius,85bcdce8107bc60244ab91e109bb67b88bcc5da5e8029ab70fee3815d05ba2fc,"{""d"":9,""p"":0.0003039195382313198,""r"":36}",
      2048,         1,         0,   0.243,chromobius,03c8e9f29b1d6baa14724201f89d901da22f33cf231b11974b4ddb7747adc8e6,"{""d"":9,""p"":0.0003562247890262444,""r"":36}",
      2048,         0,         0,   0.211,chromobius,03c8e9f29b1d6baa14724201f89d901da22f33cf231b11974b4ddb7747adc8e6,"{""d"":9,""p"":0.0003562247890262444,""r"":36}",
      4096,         1,         0,   0.359,chromobius,85bcdce8107bc60244ab91e109bb67b88bcc5da5e8029ab70fee3815d05ba2fc,"{""d"":9,""p"":0.0003039195382313198,""r"":36}",
      4096,         1,         0,   0.386,chromobius,85bcdce8107bc60244ab91e109bb67b88bcc5da5e8029ab70fee3815d05ba2fc,"{""d"":9,""p"":0.0003039195382313198,""r"":36}",
      3072,         2,         0,   0.318,chromobius,03c8e9f29b1d6baa14724201f89d901da22f33cf231b11974b4ddb7747adc8e6,"{""d"":9,""p"":0.0003562247890262444,""r"":36}",
      3072,         1,         0,   0.355,chromobius,03c8e9f29b1d6baa14724201f89d901da22f33cf231b11974b4ddb7747adc8e6,"{""d"":9,""p"":0.0003562247890262444,""r"":36}",
    456704,        42,         0,    44.9,chromobius,85bcdce8107bc60244ab91e109bb67b88bcc5da5e8029ab70fee3815d05ba2fc,"{""d"":9,""p"":0.0003039195382313198,""r"":36}",
      5120,         2,         0,   0.436,chromobius,85bcdce8107bc60244ab91e109bb67b88bcc5da5e8029ab70fee3815d05ba2fc,"{""d"":9,""p"":0.0003039195382313198,""r"":36}",
      5120,         2,         0,   0.466,chromobius,85bcdce8107bc60244ab91e109bb67b88bcc5da5e8029ab70fee3815d05ba2fc,"{""d"":9,""p"":0.0003039195382313198,""r"":36}",
    420864,        61,         0,    45.0,chromobius,03c8e9f29b1d6baa14724201f89d901da22f33cf231b11974b4ddb7747adc8e6,"{""d"":9,""p"":0.0003562247890262444,""r"":36}",
    358400,        63,         0,    38.0,chromobius,03c8e9f29b1d6baa14724201f89d901da22f33cf231b11974b4ddb7747adc8e6,"{""d"":9,""p"":0.0003562247890262444,""r"":36}",
    735232,       101,         0,    74.4,chromobius,03c8e9f29b1d6baa14724201f89d901da22f33cf231b11974b4ddb7747adc8e6,"{""d"":9,""p"":0.0003562247890262444,""r"":36}",
      4096,         0,         0,   0.456,chromobius,03c8e9f29b1d6baa14724201f89d901da22f33cf231b11974b4ddb7747adc8e6,"{""d"":9,""p"":0.0003562247890262444,""r"":36}",
    908288,       113,         0,    95.3,chromobius,03c8e9f29b1d6baa14724201f89d901da22f33cf231b11974b4ddb7747adc8e6,"{""d"":9,""p"":0.0003562247890262444,""r"":36}",
      4096,         0,         0,   0.477,chromobius,03c8e9f29b1d6baa14724201f89d901da22f33cf231b11974b4ddb7747adc8e6,"{""d"":9,""p"":0.0003562247890262444,""r"":36}",
      1024,         1,         0,   0.121,chromobius,03c8e9f29b1d6baa14724201f89d901da22f33cf231b11974b4ddb7747adc8e6,"{""d"":9,""p"":0.0003562247890262444,""r"":36}",
       273,         0,         0,   0.027,chromobius,85bcdce8107bc60244ab91e109bb67b88bcc5da5e8029ab70fee3815d05ba2fc,"{""d"":9,""p"":0.0003039195382313198,""r"":36}",
       273,         0,         0,   0.030,chromobius,85bcdce8107bc60244ab91e109bb67b88bcc5da5e8029ab70fee3815d05ba2fc,"{""d"":9,""p"":0.0003039195382313198,""r"":36}",
       273,         0,         0,   0.035,chromobius,85bcdce8107bc60244ab91e109bb67b88bcc5da5e8029ab70fee3815d05ba2fc,"{""d"":9,""p"":0.0003039195382313198,""r"":36}",
        17,         0,         0,   0.003,chromobius,85bcdce8107bc60244ab91e109bb67b88bcc5da5e8029ab70fee3815d05ba2fc,"{""d"":9,""p"":0.0003039195382313198,""r"":36}",
       273,         0,         0,   0.034,chromobius,85bcdce8107bc60244ab91e109bb67b88bcc5da5e8029ab70fee3815d05ba2fc,"{""d"":9,""p"":0.0003039195382313198,""r"":36}",
       256,         0,         0,   0.023,chromobius,85bcdce8107bc60244ab91e109bb67b88bcc5da5e8029ab70fee3815d05ba2fc,"{""d"":9,""p"":0.0003039195382313198,""r"":36}",
       273,         0,         0,   0.037,chromobius,85bcdce8107bc60244ab91e109bb67b88bcc5da5e8029ab70fee3815d05ba2fc,"{""d"":9,""p"":0.0003039195382313198,""r"":36}",
      1024,         0,         0,   0.095,chromobius,85bcdce8107bc60244ab91e109bb67b88bcc5da5e8029ab70fee3815d05ba2fc,"{""d"":9,""p"":0.0003039195382313198,""r"":36}",
      1024,         0,         0,   0.102,chromobius,85bcdce8107bc60244ab91e109bb67b88bcc5da5e8029ab70fee3815d05ba2fc,"{""d"":9,""p"":0.0003039195382313198,""r"":36}",
      1024,         0,         0,   0.105,chromobius,85bcdce8107bc60244ab91e109bb67b88bcc5da5e8029ab70fee3815d05ba2fc,"{""d"":9,""p"":0.0003039195382313198,""r"":36}",
      6144,         0,         0,   0.623,chromobius,85bcdce8107bc60244ab91e109bb67b88bcc5da5e8029ab70fee3815d05ba2fc,"{""d"":9,""p"":0.0003039195382313198,""r"":36}",
      1024,         1,         0,   0.125,chromobius,85bcdce8107bc60244ab91e109bb67b88bcc5da5e8029ab70fee3815d05ba2fc,"{""d"":9,""p"":0.0003039195382313198,""r"":36}",
      1024,         0,         0,   0.119,chromobius,85bcdce8107bc60244ab91e109bb67b88bcc5da5e8029ab70fee3815d05ba2fc,"{""d"":9,""p"":0.0003039195382313198,""r"":36}",
      1024,         0,         0,   0.103,chromobius,85bcdce8107bc60244ab91e109bb67b88bcc5da5e8029ab70fee3815d05ba2fc,"{""d"":9,""p"":0.0003039195382313198,""r"":36}",
      1024,         0,         0,   0.123,chromobius,85bcdce8107bc60244ab91e109bb67b88bcc5da5e8029ab70fee3815d05ba2fc,"{""d"":9,""p"":0.0003039195382313198,""r"":36}",
      6144,         0,         0,   0.570,chromobius,85bcdce8107bc60244ab91e109bb67b88bcc5da5e8029ab70fee3815d05ba2fc,"{""d"":9,""p"":0.0003039195382313198,""r"":36}",
      1024,         0,         0,   0.110,chromobius,85bcdce8107bc60244ab91e109bb67b88bcc5da5e8029ab70fee3815d05ba2fc,"{""d"":9,""p"":0.0003039195382313198,""r"":36}",
      1024,         0,         0,   0.144,chromobius,85bcdce8107bc60244ab91e109bb67b88bcc5da5e8029ab70fee3815d05ba2fc,"{""d"":9,""p"":0.0003039195382313198,""r"":36}",
      1024,         0,         0,   0.093,chromobius,85bcdce8107bc60244ab91e109bb67b88bcc5da5e8029ab70fee3815d05ba2fc,"{""d"":9,""p"":0.0003039195382313198,""r"":36}",
      1024,         0,         0,   0.111,chromobius,85bcdce8107bc60244ab91e109bb67b88bcc5da5e8029ab70fee3815d05ba2fc,"{""d"":9,""p"":0.0003039195382313198,""r"":36}",
      1024,         0,         0,   0.105,chromobius,85bcdce8107bc60244ab91e109bb67b88bcc5da5e8029ab70fee3815d05ba2fc,"{""d"":9,""p"":0.0003039195382313198,""r"":36}",
      1024,         0,         0,   0.118,chromobius,85bcdce8107bc60244ab91e109bb67b88bcc5da5e8029ab70fee3815d05ba2fc,"{""d"":9,""p"":0.0003039195382313198,""r"":36}",
      1024,         0,         0,   0.097,chromobius,85bcdce8107bc60244ab91e109bb67b88bcc5da5e8029ab70fee3815d05ba2fc,"{""d"":9,""p"":0.0003039195382313198,""r"":36}",
      1024,         0,         0,   0.112,chromobius,85bcdce8107bc60244ab91e109bb67b88bcc5da5e8029ab70fee3815d05ba2fc,"{""d"":9,""p"":0.0003039195382313198,""r"":36}",
      1024,         0,         0,   0.125,chromobius,85bcdce8107bc60244ab91e109bb67b88bcc5da5e8029ab70fee3815d05ba2fc,"{""d"":9,""p"":0.0003039195382313198,""r"":36}",
      1024,         0,         0,   0.105,chromobius,85bcdce8107bc60244ab91e109bb67b88bcc5da5e8029ab70fee3815d05ba2fc,"{""d"":9,""p"":0.0003039195382313198,""r"":36}",
      1024,         0,         0,   0.109,chromobius,85bcdce8107bc60244ab91e109bb67b88bcc5da5e8029ab70fee3815d05ba2fc,"{""d"":9,""p"":0.0003039195382313198,""r"":36}",
      1024,         0,         0,   0.109,chromobius,85bcdce8107bc60244ab91e109bb67b88bcc5da5e8029ab70fee3815d05ba2fc,"{""d"":9,""p"":0.0003039195382313198,""r"":36}",
      1024,         0,         0,   0.113,chromobius,85bcdce8107bc60244ab91e109bb67b88bcc5da5e8029ab70fee3815d05ba2fc,"{""d"":9,""p"":0.0003039195382313198,""r"":36}",
      1024,         0,         0,   0.111,chromobius,85bcdce8107bc60244ab91e109bb67b88bcc5da5e8029ab70fee3815d05ba2fc,"{""d"":9,""p"":0.0003039195382313198,""r"":36}",
      1024,         0,         0,   0.105,chromobius,85bcdce8107bc60244ab91e109bb67b88bcc5da5e8029ab70fee3815d05ba2fc,"{""d"":9,""p"":0.0003039195382313198,""r"":36}",
      1024,         0,         0,   0.112,chromobius,85bcdce8107bc60244ab91e109bb67b88bcc5da5e8029ab70fee3815d05ba2fc,"{""d"":9,""p"":0.0003039195382313198,""r"":36}",
      1024,         0,         0,   0.105,chromobius,85bcdce8107bc60244ab91e109bb67b88bcc5da5e8029ab70fee3815d05ba2fc,"{""d"":9,""p"":0.0003039195382313198,""r"":36}",
      1024,         0,         0,   0.113,chromobius,85bcdce8107bc60244ab91e109bb67b88bcc5da5e8029ab70fee3815d05ba2fc,"{""d"":9,""p"":0.0003039195382313198,""r"":36}",
      1024,         0,         0,   0.110,chromobius,85bcdce8107bc60244ab91e109bb67b88bcc5da5e8029ab70fee3815d05ba2fc,"{""d"":9,""p"":0.0003039195382313198,""r"":36}",
      1024,         0,         0,   0.108,chromobius,85bcdce8107bc60244ab91e109bb67b88bcc5da5e8029ab70fee3815d05ba2fc,"{""d"":9,""p"":0.0003039195382313198,""r"":36}",
      1024,         0,         0,   0.116,chromobius,85bcdce8107bc60244ab91e109bb67b88bcc5da5e8029ab70fee3815d05ba2fc,"{""d"":9,""p"":0.0003039195382313198,""r"":36}",
      1024,         0,         0,   0.106,chromobius,85bcdce8107bc60244ab91e109bb67b88bcc5da5e8029ab70fee3815d05ba2fc,"{""d"":9,""p"":0.0003039195382313198,""r"":36}",
      1024,         1,         0,   0.109,chromobius,85bcdce8107bc60244ab91e109bb67b88bcc5da5e8029ab70fee3815d05ba2fc,"{""d"":9,""p"":0.0003039195382313198,""r"":36}",
      1024,         0,         0,   0.097,chromobius,85bcdce8107bc60244ab91e109bb67b88bcc5da5e8029ab70fee3815d05ba2fc,"{""d"":9,""p"":0.0003039195382313198,""r"":36}",
      1024,         0,         0,   0.125,chromobius,85bcdce8107bc60244ab91e109bb67b88bcc5da5e8029ab70fee3815d05ba2fc,"{""d"":9,""p"":0.0003039195382313198,""r"":36}",
      1024,         0,         0,   0.116,chromobius,85bcdce8107bc60244ab91e109bb67b88bcc5da5e8029ab70fee3815d05ba2fc,"{""d"":9,""p"":0.0003039195382313198,""r"":36}",
      1024,         0,         0,   0.124,chromobius,85bcdce8107bc60244ab91e109bb67b88bcc5da5e8029ab70fee3815d05ba2fc,"{""d"":9,""p"":0.0003039195382313198,""r"":36}",
      1024,         1,         0,   0.129,chromobius,85bcdce8107bc60244ab91e109bb67b88bcc5da5e8029ab70fee3815d05ba2fc,"{""d"":9,""p"":0.0003039195382313198,""r"":36}",
      1024,         0,         0,   0.117,chromobius,85bcdce8107bc60244ab91e109bb67b88bcc5da5e8029ab70fee3815d05ba2fc,"{""d"":9,""p"":0.0003039195382313198,""r"":36}",
      1024,         0,         0,   0.107,chromobius,85bcdce8107bc60244ab91e109bb67b88bcc5da5e8029ab70fee3815d05ba2fc,"{""d"":9,""p"":0.0003039195382313198,""r"":36}",
      2048,         0,         0,   0.212,chromobius,85bcdce8107bc60244ab91e109bb67b88bcc5da5e8029ab70fee3815d05ba2fc,"{""d"":9,""p"":0.0003039195382313198,""r"":36}",
      1024,         1,         0,   0.120,chromobius,85bcdce8107bc60244ab91e109bb67b88bcc5da5e8029ab70fee3815d05ba2fc,"{""d"":9,""p"":0.0003039195382313198,""r"":36}",
      2048,         0,         0,   0.236,chromobius,85bcdce8107bc60244ab91e109bb67b88bcc5da5e8029ab70fee3815d05ba2fc,"{""d"":9,""p"":0.0003039195382313198,""r"":36}",
      2048,         1,         0,   0.237,chromobius,85bcdce8107bc60244ab91e109bb67b88bcc5da5e8029ab70fee3815d05ba2fc,"{""d"":9,""p"":0.0003039195382313198,""r"":36}",
      7168,         0,         0,   0.826,chromobius,85bcdce8107bc60244ab91e109bb67b88bcc5da5e8029ab70fee3815d05ba2fc,"{""d"":9,""p"":0.0003039195382313198,""r"":36}",
      2048,         0,         0,   0.219,chromobius,85bcdce8107bc60244ab91e109bb67b88bcc5da5e8029ab70fee3815d05ba2fc,"{""d"":9,""p"":0.0003039195382313198,""r"":36}",
      2048,         0,         0,   0.205,chromobius,85bcdce8107bc60244ab91e109bb67b88bcc5da5e8029ab70fee3815d05ba2fc,"{""d"":9,""p"":0.0003039195382313198,""r"":36}",
      8192,         0,         0,   0.881,chromobius,85bcdce8107bc60244ab91e109bb67b88bcc5da5e8029ab70fee3815d05ba2fc,"{""d"":9,""p"":0.0003039195382313198,""r"":36}",
      2048,         0,         0,   0.234,chromobius,85bcdce8107bc60244ab91e109bb67b88bcc5da5e8029ab70fee3815d05ba2fc,"{""d"":9,""p"":0.0003039195382313198,""r"":36}",
      2048,         0,         0,   0.259,chromobius,85bcdce8107bc60244ab91e109bb67b88bcc5da5e8029ab70fee3815d05ba2fc,"{""d"":9,""p"":0.0003039195382313198,""r"":36}",
      2048,         0,         0,   0.252,chromobius,85bcdce8107bc60244ab91e109bb67b88bcc5da5e8029ab70fee3815d05ba2fc,"{""d"":9,""p"":0.0003039195382313198,""r"":36}",
      2048,         0,         0,   0.228,chromobius,85bcdce8107bc60244ab91e109bb67b88bcc5da5e8029ab70fee3815d05ba2fc,"{""d"":9,""p"":0.0003039195382313198,""r"":36}",
      2048,         0,         0,   0.213,chromobius,85bcdce8107bc60244ab91e109bb67b88bcc5da5e8029ab70fee3815d05ba2fc,"{""d"":9,""p"":0.0003039195382313198,""r"":36}",
      2048,         2,         0,   0.256,chromobius,85bcdce8107bc60244ab91e109bb67b88bcc5da5e8029ab70fee3815d05ba2fc,"{""d"":9,""p"":0.0003039195382313198,""r"":36}",
      2048,         0,         0,   0.245,chromobius,85bcdce8107bc60244ab91e109bb67b88bcc5da5e8029ab70fee3815d05ba2fc,"{""d"":9,""p"":0.0003039195382313198,""r"":36}",
      2048,         0,         0,   0.280,chromobius,85bcdce8107bc60244ab91e109bb67b88bcc5da5e8029ab70fee3815d05ba2fc,"{""d"":9,""p"":0.0003039195382313198,""r"":36}",
      2048,         0,         0,   0.275,chromobius,85bcdce8107bc60244ab91e109bb67b88bcc5da5e8029ab70fee3815d05ba2fc,"{""d"":9,""p"":0.0003039195382313198,""r"":36}",
      2048,         0,         0,   0.240,chromobius,85bcdce8107bc60244ab91e109bb67b88bcc5da5e8029ab70fee3815d05ba2fc,"{""d"":9,""p"":0.0003039195382313198,""r"":36}",
      3072,         0,         0,   0.311,chromobius,85bcdce8107bc60244ab91e109bb67b88bcc5da5e8029ab70fee3815d05ba2fc,"{""d"":9,""p"":0.0003039195382313198,""r"":36}",
      3072,         0,         0,   0.343,chromobius,85bcdce8107bc60244ab91e109bb67b88bcc5da5e8029ab70fee3815d05ba2fc,"{""d"":9,""p"":0.0003039195382313198,""r"":36}",
      3072,         0,         0,   0.368,chromobius,85bcdce8107bc60244ab91e109bb67b88bcc5da5e8029ab70fee3815d05ba2fc,"{""d"":9,""p"":0.0003039195382313198,""r"":36}",
      3072,         0,         0,   0.349,chromobius,85bcdce8107bc60244ab91e109bb67b88bcc5da5e8029ab70fee3815d05ba2fc,"{""d"":9,""p"":0.0003039195382313198,""r"":36}",
      3072,         0,         0,   0.384,chromobius,85bcdce8107bc60244ab91e109bb67b88bcc5da5e8029ab70fee3815d05ba2fc,"{""d"":9,""p"":0.0003039195382313198,""r"":36}",
      3072,         1,         0,   0.338,chromobius,85bcdce8107bc60244ab91e109bb67b88bcc5da5e8029ab70fee3815d05ba2fc,"{""d"":9,""p"":0.0003039195382313198,""r"":36}",
      4096,         0,         0,   0.475,chromobius,85bcdce8107bc60244ab91e109bb67b88bcc5da5e8029ab70fee3815d05ba2fc,"{""d"":9,""p"":0.0003039195382313198,""r"":36}",
      5120,         0,         0,   0.483,chromobius,85bcdce8107bc60244ab91e109bb67b88bcc5da5e8029ab70fee3815d05ba2fc,"{""d"":9,""p"":0.0003039195382313198,""r"":36}",
     11264,         0,         0,    1.16,chromobius,85bcdce8107bc60244ab91e109bb67b88bcc5da5e8029ab70fee3815d05ba2fc,"{""d"":9,""p"":0.0003039195382313198,""r"":36}",
      3072,         0,         0,   0.407,chromobius,85bcdce8107bc60244ab91e109bb67b88bcc5da5e8029ab70fee3815d05ba2fc,"{""d"":9,""p"":0.0003039195382313198,""r"":36}",
      5120,         0,         0,   0.465,chromobius,85bcdce8107bc60244ab91e109bb67b88bcc5da5e8029ab70fee3815d05ba2fc,"{""d"":9,""p"":0.0003039195382313198,""r"":36}",
      5120,         0,         0,   0.431,chromobius,85bcdce8107bc60244ab91e109bb67b88bcc5da5e8029ab70fee3815d05ba2fc,"{""d"":9,""p"":0.0003039195382313198,""r"":36}",
      9216,         1,         0,    1.16,chromobius,85bcdce8107bc60244ab91e109bb67b88bcc5da5e8029ab70fee3815d05ba2fc,"{""d"":9,""p"":0.0003039195382313198,""r"":36}",
      4096,         0,         0,   0.515,chromobius,85bcdce8107bc60244ab91e109bb67b88bcc5da5e8029ab70fee3815d05ba2fc,"{""d"":9,""p"":0.0003039195382313198,""r"":36}",
      7168,         0,         0,   0.620,chromobius,85bcdce8107bc60244ab91e109bb67b88bcc5da5e8029ab70fee3815d05ba2fc,"{""d"":9,""p"":0.0003039195382313198,""r"":36}",
      5120,         0,         0,   0.685,chromobius,85bcdce8107bc60244ab91e109bb67b88bcc5da5e8029ab70fee3815d05ba2fc,"{""d"":9,""p"":0.0003039195382313198,""r"":36}",
      5120,         0,         0,   0.591,chromobius,85bcdce8107bc60244ab91e109bb67b88bcc5da5e8029ab70fee3815d05ba2fc,"{""d"":9,""p"":0.0003039195382313198,""r"":36}",
      7168,         0,         0,   0.657,chromobius,85bcdce8107bc60244ab91e109bb67b88bcc5da5e8029ab70fee3815d05ba2fc,"{""d"":9,""p"":0.0003039195382313198,""r"":36}",
      7168,         0,         0,   0.618,chromobius,85bcdce8107bc60244ab91e109bb67b88bcc5da5e8029ab70fee3815d05ba2fc,"{""d"":9,""p"":0.0003039195382313198,""r"":36}",
      5120,         1,         0,   0.610,chromobius,85bcdce8107bc60244ab91e109bb67b88bcc5da5e8029ab70fee3815d05ba2fc,"{""d"":9,""p"":0.0003039195382313198,""r"":36}",
      9216,         1,         0,   0.815,chromobius,85bcdce8107bc60244ab91e109bb67b88bcc5da5e8029ab70fee3815d05ba2fc,"{""d"":9,""p"":0.0003039195382313198,""r"":36}",
      6144,         2,         0,   0.844,chromobius,85bcdce8107bc60244ab91e109bb67b88bcc5da5e8029ab70fee3815d05ba2fc,"{""d"":9,""p"":0.0003039195382313198,""r"":36}",
      7168,         1,         0,   0.851,chromobius,85bcdce8107bc60244ab91e109bb67b88bcc5da5e8029ab70fee3815d05ba2fc,"{""d"":9,""p"":0.0003039195382313198,""r"":36}",
      9216,         1,         0,   0.792,chromobius,85bcdce8107bc60244ab91e109bb67b88bcc5da5e8029ab70fee3815d05ba2fc,"{""d"":9,""p"":0.0003039195382313198,""r"":36}",
      9216,         0,         0,   0.846,chromobius,85bcdce8107bc60244ab91e109bb67b88bcc5da5e8029ab70fee3815d05ba2fc,"{""d"":9,""p"":0.0003039195382313198,""r"":36}",
      7168,         1,         0,   0.856,chromobius,85bcdce8107bc60244ab91e109bb67b88bcc5da5e8029ab70fee3815d05ba2fc,"{""d"":9,""p"":0.0003039195382313198,""r"":36}",
     18432,         2,         0,    1.60,chromobius,85bcdce8107bc60244ab91e109bb67b88bcc5da5e8029ab70fee3815d05ba2fc,"{""d"":9,""p"":0.0003039195382313198,""r"":36}",
     14336,         0,         0,    1.68,chromobius,85bcdce8107bc60244ab91e109bb67b88bcc5da5e8029ab70fee3815d05ba2fc,"{""d"":9,""p"":0.0003039195382313198,""r"":36}",
     10240,         0,         0,    1.13,chromobius,85bcdce8107bc60244ab91e109bb67b88bcc5da5e8029ab70fee3815d05ba2fc,"{""d"":9,""p"":0.0003039195382313198,""r"":36}",
     13312,         1,         0,    1.20,chromobius,85bcdce8107bc60244ab91e109bb67b88bcc5da5e8029ab70fee3815d05ba2fc,"{""d"":9,""p"":0.0003039195382313198,""r"":36}",
     12288,         2,         0,    1.11,chromobius,85bcdce8107bc60244ab91e109bb67b88bcc5da5e8029ab70fee3815d05ba2fc,"{""d"":9,""p"":0.0003039195382313198,""r"":36}",
     13312,         4,         0,    1.15,chromobius,85bcdce8107bc60244ab91e109bb67b88bcc5da5e8029ab70fee3815d05ba2fc,"{""d"":9,""p"":0.0003039195382313198,""r"":36}",
     10240,         0,         0,    1.20,chromobius,85bcdce8107bc60244ab91e109bb67b88bcc5da5e8029ab70fee3815d05ba2fc,"{""d"":9,""p"":0.0003039195382313198,""r"":36}",
     10240,         3,         0,    1.23,chromobius,85bcdce8107bc60244ab91e109bb67b88bcc5da5e8029ab70fee3815d05ba2fc,"{""d"":9,""p"":0.0003039195382313198,""r"":36}",
     25600,         0,         0,    2.26,chromobius,85bcdce8107bc60244ab91e109bb67b88bcc5da5e8029ab70fee3815d05ba2fc,"{""d"":9,""p"":0.0003039195382313198,""r"":36}",
     20480,         3,         0,    2.21,chromobius,85bcdce8107bc60244ab91e109bb67b88bcc5da5e8029ab70fee3815d05ba2fc,"{""d"":9,""p"":0.0003039195382313198,""r"":36}",
     16384,         1,         0,    1.60,chromobius,85bcdce8107bc60244ab91e109bb67b88bcc5da5e8029ab70fee3815d05ba2fc,"{""d"":9,""p"":0.0003039195382313198,""r"":36}",
     18432,         0,         0,    1.63,chromobius,85bcdce8107bc60244ab91e109bb67b88bcc5da5e8029ab70fee3815d05ba2fc,"{""d"":9,""p"":0.0003039195382313198,""r"":36}",
     17408,         3,         0,    1.56,chromobius,85bcdce8107bc60244ab91e109bb67b88bcc5da5e8029ab70fee3815d05ba2fc,"{""d"":9,""p"":0.0003039195382313198,""r"":36}",
     18432,         2,         0,    1.62,chromobius,85bcdce8107bc60244ab91e109bb67b88bcc5da5e8029ab70fee3815d05ba2fc,"{""d"":9,""p"":0.0003039195382313198,""r"":36}",
     15360,         0,         0,    1.64,chromobius,85bcdce8107bc60244ab91e109bb67b88bcc5da5e8029ab70fee3815d05ba2fc,"{""d"":9,""p"":0.0003039195382313198,""r"":36}",
     15360,         3,         0,    1.60,chromobius,85bcdce8107bc60244ab91e109bb67b88bcc5da5e8029ab70fee3815d05ba2fc,"{""d"":9,""p"":0.0003039195382313198,""r"":36}",
     22528,         3,         0,    2.23,chromobius,85bcdce8107bc60244ab91e109bb67b88bcc5da5e8029ab70fee3815d05ba2fc,"{""d"":9,""p"":0.0003039195382313198,""r"":36}",
     24576,         3,         0,    2.20,chromobius,85bcdce8107bc60244ab91e109bb67b88bcc5da5e8029ab70fee3815d05ba2fc,"{""d"":9,""p"":0.0003039195382313198,""r"":36}",
     25600,         2,         0,    2.22,chromobius,85bcdce8107bc60244ab91e109bb67b88bcc5da5e8029ab70fee3815d05ba2fc,"{""d"":9,""p"":0.0003039195382313198,""r"":36}",
     25600,         2,         0,    2.20,chromobius,85bcdce8107bc60244ab91e109bb67b88bcc5da5e8029ab70fee3815d05ba2fc,"{""d"":9,""p"":0.0003039195382313198,""r"":36}",
     23552,         1,         0,    2.20,chromobius,85bcdce8107bc60244ab91e109bb67b88bcc5da5e8029ab70fee3815d05ba2fc,"{""d"":9,""p"":0.0003039195382313198,""r"":36}",
     22528,         2,         0,    2.21,chromobius,85bcdce8107bc60244ab91e109bb67b88bcc5da5e8029ab70fee3815d05ba2fc,"{""d"":9,""p"":0.0003039195382313198,""r"":36}",
     35840,         3,         0,    3.08,chromobius,85bcdce8107bc60244ab91e109bb67b88bcc5da5e8029ab70fee3815d05ba2fc,"{""d"":9,""p"":0.0003039195382313198,""r"":36}",
     32768,         1,         0,    3.11,chromobius,85bcdce8107bc60244ab91e109bb67b88bcc5da5e8029ab70fee3815d05ba2fc,"{""d"":9,""p"":0.0003039195382313198,""r"":36}",
    956461,        95,         0,    92.2,chromobius,85bcdce8107bc60244ab91e109bb67b88bcc5da5e8029ab70fee3815d05ba2fc,"{""d"":9,""p"":0.0003039195382313198,""r"":36}",
     31744,         1,         0,    3.11,chromobius,85bcdce8107bc60244ab91e109bb67b88bcc5da5e8029ab70fee3815d05ba2fc,"{""d"":9,""p"":0.0003039195382313198,""r"":36}",
     35840,         4,         0,    3.06,chromobius,85bcdce8107bc60244ab91e109bb67b88bcc5da5e8029ab70fee3815d05ba2fc,"{""d"":9,""p"":0.0003039195382313198,""r"":36}",
     33792,         5,         0,    3.13,chromobius,85bcdce8107bc60244ab91e109bb67b88bcc5da5e8029ab70fee3815d05ba2fc,"{""d"":9,""p"":0.0003039195382313198,""r"":36}",
     35840,         1,         0,    3.07,chromobius,85bcdce8107bc60244ab91e109bb67b88bcc5da5e8029ab70fee3815d05ba2fc,"{""d"":9,""p"":0.0003039195382313198,""r"":36}",
     32768,         1,         0,    3.10,chromobius,85bcdce8107bc60244ab91e109bb67b88bcc5da5e8029ab70fee3815d05ba2fc,"{""d"":9,""p"":0.0003039195382313198,""r"":36}",
     32768,         2,         0,    3.14,chromobius,85bcdce8107bc60244ab91e109bb67b88bcc5da5e8029ab70fee3815d05ba2fc,"{""d"":9,""p"":0.0003039195382313198,""r"":36}",
     49152,         8,         0,    4.27,chromobius,85bcdce8107bc60244ab91e109bb67b88bcc5da5e8029ab70fee3815d05ba2fc,"{""d"":9,""p"":0.0003039195382313198,""r"":36}",
     45056,         2,         0,    4.26,chromobius,85bcdce8107bc60244ab91e109bb67b88bcc5da5e8029ab70fee3815d05ba2fc,"{""d"":9,""p"":0.0003039195382313198,""r"":36}",
     44032,         5,         0,    4.27,chromobius,85bcdce8107bc60244ab91e109bb67b88bcc5da5e8029ab70fee3815d05ba2fc,"{""d"":9,""p"":0.0003039195382313198,""r"":36}",
     51200,         4,         0,    4.32,chromobius,85bcdce8107bc60244ab91e109bb67b88bcc5da5e8029ab70fee3815d05ba2fc,"{""d"":9,""p"":0.0003039195382313198,""r"":36}",
     44032,         3,         0,    4.28,chromobius,85bcdce8107bc60244ab91e109bb67b88bcc5da5e8029ab70fee3815d05ba2fc,"{""d"":9,""p"":0.0003039195382313198,""r"":36}",
     51200,         5,         0,    4.34,chromobius,85bcdce8107bc60244ab91e109bb67b88bcc5da5e8029ab70fee3815d05ba2fc,"{""d"":9,""p"":0.0003039195382313198,""r"":36}",
     45056,         1,         0,    4.32,chromobius,85bcdce8107bc60244ab91e109bb67b88bcc5da5e8029ab70fee3815d05ba2fc,"{""d"":9,""p"":0.0003039195382313198,""r"":36}",
     43008,         3,         0,    4.26,chromobius,85bcdce8107bc60244ab91e109bb67b88bcc5da5e8029ab70fee3815d05ba2fc,"{""d"":9,""p"":0.0003039195382313198,""r"":36}",
     69632,         6,         0,    6.04,chromobius,85bcdce8107bc60244ab91e109bb67b88bcc5da5e8029ab70fee3815d05ba2fc,"{""d"":9,""p"":0.0003039195382313198,""r"":36}",
     64512,         4,         0,    6.01,chromobius,85bcdce8107bc60244ab91e109bb67b88bcc5da5e8029ab70fee3815d05ba2fc,"{""d"":9,""p"":0.0003039195382313198,""r"":36}",
     61440,         7,         0,    6.00,chromobius,85bcdce8107bc60244ab91e109bb67b88bcc5da5e8029ab70fee3815d05ba2fc,"{""d"":9,""p"":0.0003039195382313198,""r"":36}",
     70656,         8,         0,    6.00,chromobius,85bcdce8107bc60244ab91e109bb67b88bcc5da5e8029ab70fee3815d05ba2fc,"{""d"":9,""p"":0.0003039195382313198,""r"":36}",
     61440,         5,         0,    6.03,chromobius,85bcdce8107bc60244ab91e109bb67b88bcc5da5e8029ab70fee3815d05ba2fc,"{""d"":9,""p"":0.0003039195382313198,""r"":36}",
     61440,         5,         0,    5.97,chromobius,85bcdce8107bc60244ab91e109bb67b88bcc5da5e8029ab70fee3815d05ba2fc,"{""d"":9,""p"":0.0003039195382313198,""r"":36}",
     69632,         3,         0,    6.00,chromobius,85bcdce8107bc60244ab91e109bb67b88bcc5da5e8029ab70fee3815d05ba2fc,"{""d"":9,""p"":0.0003039195382313198,""r"":36}",
     63488,         6,         0,    6.06,chromobius,85bcdce8107bc60244ab91e109bb67b88bcc5da5e8029ab70fee3815d05ba2fc,"{""d"":9,""p"":0.0003039195382313198,""r"":36}",
     95232,        14,         0,    8.37,chromobius,85bcdce8107bc60244ab91e109bb67b88bcc5da5e8029ab70fee3815d05ba2fc,"{""d"":9,""p"":0.0003039195382313198,""r"":36}",
     90112,         5,         0,    8.45,chromobius,85bcdce8107bc60244ab91e109bb67b88bcc5da5e8029ab70fee3815d05ba2fc,"{""d"":9,""p"":0.0003039195382313198,""r"":36}",
     88064,         7,         0,    8.39,chromobius,85bcdce8107bc60244ab91e109bb67b88bcc5da5e8029ab70fee3815d05ba2fc,"{""d"":9,""p"":0.0003039195382313198,""r"":36}",
     94208,        12,         0,    8.43,chromobius,85bcdce8107bc60244ab91e109bb67b88bcc5da5e8029ab70fee3815d05ba2fc,"{""d"":9,""p"":0.0003039195382313198,""r"":36}",
     89088,         5,         0,    8.45,chromobius,85bcdce8107bc60244ab91e109bb67b88bcc5da5e8029ab70fee3815d05ba2fc,"{""d"":9,""p"":0.0003039195382313198,""r"":36}",
     90112,        11,         0,    8.43,chromobius,85bcdce8107bc60244ab91e109bb67b88bcc5da5e8029ab70fee3815d05ba2fc,"{""d"":9,""p"":0.0003039195382313198,""r"":36}",
     94208,         9,         0,    8.44,chromobius,85bcdce8107bc60244ab91e109bb67b88bcc5da5e8029ab70fee3815d05ba2fc,"{""d"":9,""p"":0.0003039195382313198,""r"":36}",
     84992,         8,         0,    8.38,chromobius,85bcdce8107bc60244ab91e109bb67b88bcc5da5e8029ab70fee3815d05ba2fc,"{""d"":9,""p"":0.0003039195382313198,""r"":36}",
    132096,         7,         0,    11.8,chromobius,85bcdce8107bc60244ab91e109bb67b88bcc5da5e8029ab70fee3815d05ba2fc,"{""d"":9,""p"":0.0003039195382313198,""r"":36}",
    120832,        11,         0,    11.7,chromobius,85bcdce8107bc60244ab91e109bb67b88bcc5da5e8029ab70fee3815d05ba2fc,"{""d"":9,""p"":0.0003039195382313198,""r"":36}",
    126976,        10,         0,    11.7,chromobius,85bcdce8107bc60244ab91e109bb67b88bcc5da5e8029ab70fee3815d05ba2fc,"{""d"":9,""p"":0.0003039195382313198,""r"":36}",
    132096,        11,         0,    11.7,chromobius,85bcdce8107bc60244ab91e109bb67b88bcc5da5e8029ab70fee3815d05ba2fc,"{""d"":9,""p"":0.0003039195382313198,""r"":36}",
    128000,        12,         0,    11.7,chromobius,85bcdce8107bc60244ab91e109bb67b88bcc5da5e8029ab70fee3815d05ba2fc,"{""d"":9,""p"":0.0003039195382313198,""r"":36}",
    132096,        10,         0,    11.7,chromobius,85bcdce8107bc60244ab91e109bb67b88bcc5da5e8029ab70fee3815d05ba2fc,"{""d"":9,""p"":0.0003039195382313198,""r"":36}",
    126976,        13,         0,    11.8,chromobius,85bcdce8107bc60244ab91e109bb67b88bcc5da5e8029ab70fee3815d05ba2fc,"{""d"":9,""p"":0.0003039195382313198,""r"":36}",
    118784,         9,         0,    11.8,chromobius,85bcdce8107bc60244ab91e109bb67b88bcc5da5e8029ab70fee3815d05ba2fc,"{""d"":9,""p"":0.0003039195382313198,""r"":36}",
    817398,        58,         0,    81.2,chromobius,85bcdce8107bc60244ab91e109bb67b88bcc5da5e8029ab70fee3815d05ba2fc,"{""d"":9,""p"":0.0003039195382313198,""r"":36}",
    512482,        49,         0,    52.8,chromobius,85bcdce8107bc60244ab91e109bb67b88bcc5da5e8029ab70fee3815d05ba2fc,"{""d"":9,""p"":0.0003039195382313198,""r"":36}",
    490496,        34,         0,    49.3,chromobius,85bcdce8107bc60244ab91e109bb67b88bcc5da5e8029ab70fee3815d05ba2fc,"{""d"":9,""p"":0.0003039195382313198,""r"":36}",
    469775,        46,         0,    42.8,chromobius,85bcdce8107bc60244ab91e109bb67b88bcc5da5e8029ab70fee3815d05ba2fc,"{""d"":9,""p"":0.0003039195382313198,""r"":36}",
    190464,        22,         0,    16.4,chromobius,85bcdce8107bc60244ab91e109bb67b88bcc5da5e8029ab70fee3815d05ba2fc,"{""d"":9,""p"":0.0003039195382313198,""r"":36}",
    185344,         9,         0,    16.4,chromobius,85bcdce8107bc60244ab91e109bb67b88bcc5da5e8029ab70fee3815d05ba2fc,"{""d"":9,""p"":0.0003039195382313198,""r"":36}",
    183296,        20,         0,    16.4,chromobius,85bcdce8107bc60244ab91e109bb67b88bcc5da5e8029ab70fee3815d05ba2fc,"{""d"":9,""p"":0.0003039195382313198,""r"":36}",
    179200,        11,         0,    16.4,chromobius,85bcdce8107bc60244ab91e109bb67b88bcc5da5e8029ab70fee3815d05ba2fc,"{""d"":9,""p"":0.0003039195382313198,""r"":36}",
    175104,        14,         0,    16.4,chromobius,85bcdce8107bc60244ab91e109bb67b88bcc5da5e8029ab70fee3815d05ba2fc,"{""d"":9,""p"":0.0003039195382313198,""r"":36}",
    181248,        19,         0,    16.4,chromobius,85bcdce8107bc60244ab91e109bb67b88bcc5da5e8029ab70fee3815d05ba2fc,"{""d"":9,""p"":0.0003039195382313198,""r"":36}",
    172032,        10,         0,    16.4,chromobius,85bcdce8107bc60244ab91e109bb67b88bcc5da5e8029ab70fee3815d05ba2fc,"{""d"":9,""p"":0.0003039195382313198,""r"":36}",
    167936,        17,         0,    16.4,chromobius,85bcdce8107bc60244ab91e109bb67b88bcc5da5e8029ab70fee3815d05ba2fc,"{""d"":9,""p"":0.0003039195382313198,""r"":36}",
    199288,        19,         0,    17.0,chromobius,85bcdce8107bc60244ab91e109bb67b88bcc5da5e8029ab70fee3815d05ba2fc,"{""d"":9,""p"":0.0003039195382313198,""r"":36}",
    296960,        24,         0,    30.2,chromobius,85bcdce8107bc60244ab91e109bb67b88bcc5da5e8029ab70fee3815d05ba2fc,"{""d"":9,""p"":0.0003039195382313198,""r"":36}",
    253593,        29,         0,    24.7,chromobius,85bcdce8107bc60244ab91e109bb67b88bcc5da5e8029ab70fee3815d05ba2fc,"{""d"":9,""p"":0.0003039195382313198,""r"":36}",
    241664,        16,         0,    24.9,chromobius,85bcdce8107bc60244ab91e109bb67b88bcc5da5e8029ab70fee3815d05ba2fc,"{""d"":9,""p"":0.0003039195382313198,""r"":36}",
    207714,        20,         0,    20.2,chromobius,85bcdce8107bc60244ab91e109bb67b88bcc5da5e8029ab70fee3815d05ba2fc,"{""d"":9,""p"":0.0003039195382313198,""r"":36}",
    191488,        11,         0,    17.5,chromobius,85bcdce8107bc60244ab91e109bb67b88bcc5da5e8029ab70fee3815d05ba2fc,"{""d"":9,""p"":0.0003039195382313198,""r"":36}",
    170266,        14,         0,    15.3,chromobius,85bcdce8107bc60244ab91e109bb67b88bcc5da5e8029ab70fee3815d05ba2fc,"{""d"":9,""p"":0.0003039195382313198,""r"":36}",
    169984,        10,         0,    15.4,chromobius,85bcdce8107bc60244ab91e109bb67b88bcc5da5e8029ab70fee3815d05ba2fc,"{""d"":9,""p"":0.0003039195382313198,""r"":36}",
    170266,        16,         0,    15.2,chromobius,85bcdce8107bc60244ab91e109bb67b88bcc5da5e8029ab70fee3815d05ba2fc,"{""d"":9,""p"":0.0003039195382313198,""r"":36}",
    160768,         8,         0,    15.2,chromobius,85bcdce8107bc60244ab91e109bb67b88bcc5da5e8029ab70fee3815d05ba2fc,"{""d"":9,""p"":0.0003039195382313198,""r"":36}",
    151552,        13,         0,    15.0,chromobius,85bcdce8107bc60244ab91e109bb67b88bcc5da5e8029ab70fee3815d05ba2fc,"{""d"":9,""p"":0.0003039195382313198,""r"":36}",
       282,         0,         0,   0.027,chromobius,85bcdce8107bc60244ab91e109bb67b88bcc5da5e8029ab70fee3815d05ba2fc,"{""d"":9,""p"":0.0003039195382313198,""r"":36}",
    165888,         8,         0,    15.3,chromobius,85bcdce8107bc60244ab91e109bb67b88bcc5da5e8029ab70fee3815d05ba2fc,"{""d"":9,""p"":0.0003039195382313198,""r"":36}",
     30147,         1,         0,    2.71,chromobius,85bcdce8107bc60244ab91e109bb67b88bcc5da5e8029ab70fee3815d05ba2fc,"{""d"":9,""p"":0.0003039195382313198,""r"":36}",
     69379,         6,         0,    6.13,chromobius,85bcdce8107bc60244ab91e109bb67b88bcc5da5e8029ab70fee3815d05ba2fc,"{""d"":9,""p"":0.0003039195382313198,""r"":36}",
     63597,         4,         0,    5.51,chromobius,85bcdce8107bc60244ab91e109bb67b88bcc5da5e8029ab70fee3815d05ba2fc,"{""d"":9,""p"":0.0003039195382313198,""r"":36}",
     62464,         6,         0,    5.77,chromobius,85bcdce8107bc60244ab91e109bb67b88bcc5da5e8029ab70fee3815d05ba2fc,"{""d"":9,""p"":0.0003039195382313198,""r"":36}",
     62464,         5,         0,    6.32,chromobius,85bcdce8107bc60244ab91e109bb67b88bcc5da5e8029ab70fee3815d05ba2fc,"{""d"":9,""p"":0.0003039195382313198,""r"":36}",
     59392,         7,         0,    5.51,chromobius,85bcdce8107bc60244ab91e109bb67b88bcc5da5e8029ab70fee3815d05ba2fc,"{""d"":9,""p"":0.0003039195382313198,""r"":36}",
     58368,         4,         0,    5.55,chromobius,85bcdce8107bc60244ab91e109bb67b88bcc5da5e8029ab70fee3815d05ba2fc,"{""d"":9,""p"":0.0003039195382313198,""r"":36}",
     59392,         4,         0,    5.77,chromobius,85bcdce8107bc60244ab91e109bb67b88bcc5da5e8029ab70fee3815d05ba2fc,"{""d"":9,""p"":0.0003039195382313198,""r"":36}",
     60416,         7,         0,    5.59,chromobius,85bcdce8107bc60244ab91e109bb67b88bcc5da5e8029ab70fee3815d05ba2fc,"{""d"":9,""p"":0.0003039195382313198,""r"":36}",
     61440,        10,         0,    5.97,chromobius,85bcdce8107bc60244ab91e109bb67b88bcc5da5e8029ab70fee3815d05ba2fc,"{""d"":9,""p"":0.0003039195382313198,""r"":36}",
     58297,         8,         0,    5.95,chromobius,85bcdce8107bc60244ab91e109bb67b88bcc5da5e8029ab70fee3815d05ba2fc,"{""d"":9,""p"":0.0003039195382313198,""r"":36}",
     33792,         3,         0,    2.93,chromobius,85bcdce8107bc60244ab91e109bb67b88bcc5da5e8029ab70fee3815d05ba2fc,"{""d"":9,""p"":0.0003039195382313198,""r"":36}",
     57344,         5,         0,    5.66,chromobius,85bcdce8107bc60244ab91e109bb67b88bcc5da5e8029ab70fee3815d05ba2fc,"{""d"":9,""p"":0.0003039195382313198,""r"":36}",
       953,         0,         0,   0.102,chromobius,85bcdce8107bc60244ab91e109bb67b88bcc5da5e8029ab70fee3815d05ba2fc,"{""d"":9,""p"":0.0003039195382313198,""r"":36}",
     10437,         1,         0,   0.979,chromobius,85bcdce8107bc60244ab91e109bb67b88bcc5da5e8029ab70fee3815d05ba2fc,"{""d"":9,""p"":0.0003039195382313198,""r"":36}",
      9568,         0,         0,   0.882,chromobius,85bcdce8107bc60244ab91e109bb67b88bcc5da5e8029ab70fee3815d05ba2fc,"{""d"":9,""p"":0.0003039195382313198,""r"":36}",
      9568,         1,         0,   0.858,chromobius,85bcdce8107bc60244ab91e109bb67b88bcc5da5e8029ab70fee3815d05ba2fc,"{""d"":9,""p"":0.0003039195382313198,""r"":36}",
      9568,         1,         0,   0.910,chromobius,85bcdce8107bc60244ab91e109bb67b88bcc5da5e8029ab70fee3815d05ba2fc,"{""d"":9,""p"":0.0003039195382313198,""r"":36}",
      9568,         1,         0,   0.867,chromobius,85bcdce8107bc60244ab91e109bb67b88bcc5da5e8029ab70fee3815d05ba2fc,"{""d"":9,""p"":0.0003039195382313198,""r"":36}",
      9216,         0,         0,   0.895,chromobius,85bcdce8107bc60244ab91e109bb67b88bcc5da5e8029ab70fee3815d05ba2fc,"{""d"":9,""p"":0.0003039195382313198,""r"":36}",
       798,         0,         0,   0.085,chromobius,85bcdce8107bc60244ab91e109bb67b88bcc5da5e8029ab70fee3815d05ba2fc,"{""d"":9,""p"":0.0003039195382313198,""r"":36}",
      9216,         2,         0,   0.925,chromobius,85bcdce8107bc60244ab91e109bb67b88bcc5da5e8029ab70fee3815d05ba2fc,"{""d"":9,""p"":0.0003039195382313198,""r"":36}",
      9216,         0,         0,   0.888,chromobius,85bcdce8107bc60244ab91e109bb67b88bcc5da5e8029ab70fee3815d05ba2fc,"{""d"":9,""p"":0.0003039195382313198,""r"":36}",
      8770,         1,         0,   0.890,chromobius,85bcdce8107bc60244ab91e109bb67b88bcc5da5e8029ab70fee3815d05ba2fc,"{""d"":9,""p"":0.0003039195382313198,""r"":36}",
      8192,         2,         0,   0.844,chromobius,85bcdce8107bc60244ab91e109bb67b88bcc5da5e8029ab70fee3815d05ba2fc,"{""d"":9,""p"":0.0003039195382313198,""r"":36}",
       352,         0,         0,   0.035,chromobius,85bcdce8107bc60244ab91e109bb67b88bcc5da5e8029ab70fee3815d05ba2fc,"{""d"":9,""p"":0.0003039195382313198,""r"":36}",
      8770,         1,         0,   0.847,chromobius,85bcdce8107bc60244ab91e109bb67b88bcc5da5e8029ab70fee3815d05ba2fc,"{""d"":9,""p"":0.0003039195382313198,""r"":36}",
       798,         0,         0,   0.074,chromobius,85bcdce8107bc60244ab91e109bb67b88bcc5da5e8029ab70fee3815d05ba2fc,"{""d"":9,""p"":0.0003039195382313198,""r"":36}",
       352,         0,         0,   0.035,chromobius,85bcdce8107bc60244ab91e109bb67b88bcc5da5e8029ab70fee3815d05ba2fc,"{""d"":9,""p"":0.0003039195382313198,""r"":36}",
       798,         0,         0,   0.082,chromobius,85bcdce8107bc60244ab91e109bb67b88bcc5da5e8029ab70fee3815d05ba2fc,"{""d"":9,""p"":0.0003039195382313198,""r"":36}",
       352,         0,         0,   0.035,chromobius,85bcdce8107bc60244ab91e109bb67b88bcc5da5e8029ab70fee3815d05ba2fc,"{""d"":9,""p"":0.0003039195382313198,""r"":36}",
      7168,         0,         0,   0.727,chromobius,85bcdce8107bc60244ab91e109bb67b88bcc5da5e8029ab70fee3815d05ba2fc,"{""d"":9,""p"":0.0003039195382313198,""r"":36}",
       798,         0,         0,   0.073,chromobius,85bcdce8107bc60244ab91e109bb67b88bcc5da5e8029ab70fee3815d05ba2fc,"{""d"":9,""p"":0.0003039195382313198,""r"":36}",
        66,         0,         0,   0.008,chromobius,85bcdce8107bc60244ab91e109bb67b88bcc5da5e8029ab70fee3815d05ba2fc,"{""d"":9,""p"":0.0003039195382313198,""r"":36}",
       578,         0,         0,   0.053,chromobius,85bcdce8107bc60244ab91e109bb67b88bcc5da5e8029ab70fee3815d05ba2fc,"{""d"":9,""p"":0.0003039195382313198,""r"":36}",
       787,         0,         0,   0.068,chromobius,85bcdce8107bc60244ab91e109bb67b88bcc5da5e8029ab70fee3815d05ba2fc,"{""d"":9,""p"":0.0003039195382313198,""r"":36}",
       557,         0,         0,   0.048,chromobius,85bcdce8107bc60244ab91e109bb67b88bcc5da5e8029ab70fee3815d05ba2fc,"{""d"":9,""p"":0.0003039195382313198,""r"":36}",
       979,         0,         0,   0.083,chromobius,85bcdce8107bc60244ab91e109bb67b88bcc5da5e8029ab70fee3815d05ba2fc,"{""d"":9,""p"":0.0003039195382313198,""r"":36}",
       649,         0,         0,   0.053,chromobius,85bcdce8107bc60244ab91e109bb67b88bcc5da5e8029ab70fee3815d05ba2fc,"{""d"":9,""p"":0.0003039195382313198,""r"":36}",
       859,         0,         0,   0.052,chromobius,85bcdce8107bc60244ab91e109bb67b88bcc5da5e8029ab70fee3815d05ba2fc,"{""d"":9,""p"":0.0003039195382313198,""r"":36}",
       859,         0,         0,   0.061,chromobius,85bcdce8107bc60244ab91e109bb67b88bcc5da5e8029ab70fee3815d05ba2fc,"{""d"":9,""p"":0.0003039195382313198,""r"":36}",
       859,         0,         0,   0.061,chromobius,85bcdce8107bc60244ab91e109bb67b88bcc5da5e8029ab70fee3815d05ba2fc,"{""d"":9,""p"":0.0003039195382313198,""r"":36}",
      4096,         1,         0,   0.354,chromobius,85bcdce8107bc60244ab91e109bb67b88bcc5da5e8029ab70fee3815d05ba2fc,"{""d"":9,""p"":0.0003039195382313198,""r"":36}",
       121,         0,         0,   0.010,chromobius,85bcdce8107bc60244ab91e109bb67b88bcc5da5e8029ab70fee3815d05ba2fc,"{""d"":9,""p"":0.0003039195382313198,""r"":36}",
       121,         1,         0,   0.012,chromobius,85bcdce8107bc60244ab91e109bb67b88bcc5da5e8029ab70fee3815d05ba2fc,"{""d"":9,""p"":0.0003039195382313198,""r"":36}",
       121,         0,         0,   0.011,chromobius,85bcdce8107bc60244ab91e109bb67b88bcc5da5e8029ab70fee3815d05ba2fc,"{""d"":9,""p"":0.0003039195382313198,""r"":36}",
       121,         0,         0,   0.012,chromobius,85bcdce8107bc60244ab91e109bb67b88bcc5da5e8029ab70fee3815d05ba2fc,"{""d"":9,""p"":0.0003039195382313198,""r"":36}",
       121,         0,         0,   0.012,chromobius,85bcdce8107bc60244ab91e109bb67b88bcc5da5e8029ab70fee3815d05ba2fc,"{""d"":9,""p"":0.0003039195382313198,""r"":36}",
       121,         0,         0,   0.011,chromobius,85bcdce8107bc60244ab91e109bb67b88bcc5da5e8029ab70fee3815d05ba2fc,"{""d"":9,""p"":0.0003039195382313198,""r"":36}",
       121,         0,         0,   0.012,chromobius,85bcdce8107bc60244ab91e109bb67b88bcc5da5e8029ab70fee3815d05ba2fc,"{""d"":9,""p"":0.0003039195382313198,""r"":36}",
       117,         0,         0,   0.012,chromobius,85bcdce8107bc60244ab91e109bb67b88bcc5da5e8029ab70fee3815d05ba2fc,"{""d"":9,""p"":0.0003039195382313198,""r"":36}",
       121,         0,         0,   0.011,chromobius,85bcdce8107bc60244ab91e109bb67b88bcc5da5e8029ab70fee3815d05ba2fc,"{""d"":9,""p"":0.0003039195382313198,""r"":36}",
       121,         0,         0,   0.014,chromobius,85bcdce8107bc60244ab91e109bb67b88bcc5da5e8029ab70fee3815d05ba2fc,"{""d"":9,""p"":0.0003039195382313198,""r"":36}",
       121,         0,         0,   0.011,chromobius,85bcdce8107bc60244ab91e109bb67b88bcc5da5e8029ab70fee3815d05ba2fc,"{""d"":9,""p"":0.0003039195382313198,""r"":36}",
       121,         0,         0,   0.014,chromobius,85bcdce8107bc60244ab91e109bb67b88bcc5da5e8029ab70fee3815d05ba2fc,"{""d"":9,""p"":0.0003039195382313198,""r"":36}",
