     shots,    errors,  discards, seconds,decoder,strong_id,json_metadata,custom_counts
       273,         3,         0,   0.010,chromobius,94cee2f176a0014fc695cd42431fbb486c066b3195a80362052a1c958e9a12d3,"{""d"":5,""p"":0.000221221629107045,""r"":20}",
       273,         0,         0,   0.011,chromobius,c59e09c509753ccabd247ebc6b5b168f1ba6a32a8ae9bd481dc2a3a04b740003,"{""d"":5,""p"":0.0001,""r"":20}",
      1297,         2,         0,   0.016,chromobius,402f27128e7bf2d998ae3042843beecea5ec8cc7b14ec2aec4de27808e6db62b,"{""d"":5,""p"":0.0002592943797404667,""r"":20}",
      1297,         1,         0,   0.011,chromobius,710f3406543c389f5e517454908c1abb22a353f94c7a3a81ad81132d98e8b41a,"{""d"":5,""p"":0.00013738237958832623,""r"":20}",
      1297,         1,         0,   0.011,chromobius,d46e9b373b68c0815bb9f9e13a505b3286c1f40e4f6e73ddfc2d8f4c3d46d075,"{""d"":5,""p"":0.00016102620275609394,""r"":20}",
         1,         0,         0,   0.011,chromobius,86dc0ad830001b03e4d163f05f00410ef271a7c8c95d1997510b234b14458616,"{""d"":5,""p"":0.0003562247890262444,""r"":20}",
      1297,         9,         0,   0.017,chromobius,4b605326b1ef5df3f030b4582af7674d34fee9cb36f929c4a270484be037191a,"{""d"":5,""p"":0.0003039195382313198,""r"":20}",
      2048,         9,         0,   0.014,chromobius,94cee2f176a0014fc695cd42431fbb486c066b3195a80362052a1c958e9a12d3,"{""d"":5,""p"":0.000221221629107045,""r"":20}",
      1297,         1,         0,   0.017,chromobius,b9976db406792aabc4ca2478ecc92ecf5048cc6284bf0bebc216488e9711985c,"{""d"":5,""p"":0.00018873918221350977,""r"":20}",
      4096,         1,         0,   0.017,chromobius,c59e09c509753ccabd247ebc6b5b168f1ba6a32a8ae9bd481dc2a3a04b740003,"{""d"":5,""p"":0.0001,""r"":20}",
         1,         0,         0,   0.018,chromobius,aa4f400eff748fb77c4a12614aba89aeae75b0c35a5e6b35beaa8928a4cd98ba,"{""d"":5,""p"":0.00041753189365604,""r"":20}",
       273,         3,         0,   0.015,chromobius,ca960b37d75f5a4b42f9e00c9d84498e34b637a84dd9d03ec9911826393e6c5a,"{""d"":5,""p"":0.0004893900918477494,""r"":20}",
      3072,         4,         0,   0.017,chromobius,710f3406543c389f5e517454908c1abb22a353f94c7a3a81ad81132d98e8b41a,"{""d"":5,""p"":0.00013738237958832623,""r"":20}",
      1296,         9,         0,   0.015,chromobius,86dc0ad830001b03e4d163f05f00410ef271a7c8c95d1997510b234b14458616,"{""d"":5,""p"":0.0003562247890262444,""r"":20}",
      3072,         7,         0,   0.016,chromobius,d46e9b373b68c0815bb9f9e13a505b3286c1f40e4f6e73ddfc2d8f4c3d46d075,"{""d"":5,""p"":0.00016102620275609394,""r"":20}",
      2048,         6,         0,   0.019,chromobius,402f27128e7bf2d998ae3042843beecea5ec8cc7b14ec2aec4de27808e6db62b,"{""d"":5,""p"":0.0002592943797404667,""r"":20}",
      2048,        16,         0,   0.017,chromobius,4b605326b1ef5df3f030b4582af7674d34fee9cb36f929c4a270484be037191a,"{""d"":5,""p"":0.0003039195382313198,""r"":20}",
      1024,        10,         0,   0.015,chromobius,ca960b37d75f5a4b42f9e00c9d84498e34b637a84dd9d03ec9911826393e6c5a,"{""d"":5,""p"":0.0004893900918477494,""r"":20}",
      3072,         6,         0,   0.019,chromobius,b9976db406792aabc4ca2478ecc92ecf5048cc6284bf0bebc216488e9711985c,"{""d"":5,""p"":0.00018873918221350977,""r"":20}",
      3072,        12,         0,   0.023,chromobius,94cee2f176a0014fc695cd42431fbb486c066b3195a80362052a1c958e9a12d3,"{""d"":5,""p"":0.000221221629107045,""r"":20}",
      1297,        20,         0,   0.025,chromobius,7b52ec7be259f6b66cb725e694d81246d15929fb80894e1061e1ae84a393bd84,"{""d"":5,""p"":0.0005736152510448681,""r"":20}",
      1296,        19,         0,   0.018,chromobius,aa4f400eff748fb77c4a12614aba89aeae75b0c35a5e6b35beaa8928a4cd98ba,"{""d"":5,""p"":0.00041753189365604,""r"":20}",
      6144,         5,         0,   0.021,chromobius,c59e09c509753ccabd247ebc6b5b168f1ba6a32a8ae9bd481dc2a3a04b740003,"{""d"":5,""p"":0.0001,""r"":20}",
         1,         0,         0,   0.043,chromobius,1b7366bd9c6d6fdb5a6ee5b8ef5b62aab060346c79e86d6daba3ce8be42707c0,"{""d"":5,""p"":0.00011721022975334806,""r"":20}",
      2048,        12,         0,   0.020,chromobius,86dc0ad830001b03e4d163f05f00410ef271a7c8c95d1997510b234b14458616,"{""d"":5,""p"":0.0003562247890262444,""r"":20}",
      2048,         8,         0,   0.019,chromobius,402f27128e7bf2d998ae3042843beecea5ec8cc7b14ec2aec4de27808e6db62b,"{""d"":5,""p"":0.0002592943797404667,""r"":20}",
      4096,         7,         0,   0.020,chromobius,d46e9b373b68c0815bb9f9e13a505b3286c1f40e4f6e73ddfc2d8f4c3d46d075,"{""d"":5,""p"":0.00016102620275609394,""r"":20}",
      5120,         4,         0,   0.021,chromobius,710f3406543c389f5e517454908c1abb22a353f94c7a3a81ad81132d98e8b41a,"{""d"":5,""p"":0.00013738237958832623,""r"":20}",
      1024,        22,         0,   0.016,chromobius,7b52ec7be259f6b66cb725e694d81246d15929fb80894e1061e1ae84a393bd84,"{""d"":5,""p"":0.0005736152510448681,""r"":20}",
      3072,        17,         0,   0.027,chromobius,4b605326b1ef5df3f030b4582af7674d34fee9cb36f929c4a270484be037191a,"{""d"":5,""p"":0.0003039195382313198,""r"":20}",
      3208,         2,         0,   0.015,chromobius,1b7366bd9c6d6fdb5a6ee5b8ef5b62aab060346c79e86d6daba3ce8be42707c0,"{""d"":5,""p"":0.00011721022975334806,""r"":20}",
      4096,        10,         0,   0.023,chromobius,b9976db406792aabc4ca2478ecc92ecf5048cc6284bf0bebc216488e9711985c,"{""d"":5,""p"":0.00018873918221350977,""r"":20}",
      2048,        23,         0,   0.024,chromobius,aa4f400eff748fb77c4a12614aba89aeae75b0c35a5e6b35beaa8928a4cd98ba,"{""d"":5,""p"":0.00041753189365604,""r"":20}",
      1024,        12,         0,   0.026,chromobius,ca960b37d75f5a4b42f9e00c9d84498e34b637a84dd9d03ec9911826393e6c5a,"{""d"":5,""p"":0.0004893900918477494,""r"":20}",
      4096,        16,         0,   0.029,chromobius,94cee2f176a0014fc695cd42431fbb486c066b3195a80362052a1c958e9a12d3,"{""d"":5,""p"":0.000221221629107045,""r"":20}",
      9216,        10,         0,   0.030,chromobius,c59e09c509753ccabd247ebc6b5b168f1ba6a32a8ae9bd481dc2a3a04b740003,"{""d"":5,""p"":0.0001,""r"":20}",
      1024,        19,         0,   0.021,chromobius,7b52ec7be259f6b66cb725e694d81246d15929fb80894e1061e1ae84a393bd84,"{""d"":5,""p"":0.0005736152510448681,""r"":20}",
      5120,         6,         0,   0.028,chromobius,d46e9b373b68c0815bb9f9e13a505b3286c1f40e4f6e73ddfc2d8f4c3d46d075,"{""d"":5,""p"":0.00016102620275609394,""r"":20}",
      1024,         2,         0,   0.029,chromobius,402f27128e7bf2d998ae3042843beecea5ec8cc7b14ec2aec4de27808e6db62b,"{""d"":5,""p"":0.0002592943797404667,""r"":20}",
      3072,        22,         0,   0.031,chromobius,86dc0ad830001b03e4d163f05f00410ef271a7c8c95d1997510b234b14458616,"{""d"":5,""p"":0.0003562247890262444,""r"":20}",
      7168,         6,         0,   0.030,chromobius,710f3406543c389f5e517454908c1abb22a353f94c7a3a81ad81132d98e8b41a,"{""d"":5,""p"":0.00013738237958832623,""r"":20}",
      3072,         4,         0,   0.028,chromobius,1b7366bd9c6d6fdb5a6ee5b8ef5b62aab060346c79e86d6daba3ce8be42707c0,"{""d"":5,""p"":0.00011721022975334806,""r"":20}",
      5120,        16,         0,   0.029,chromobius,b9976db406792aabc4ca2478ecc92ecf5048cc6284bf0bebc216488e9711985c,"{""d"":5,""p"":0.00018873918221350977,""r"":20}",
      4096,        19,         0,   0.035,chromobius,4b605326b1ef5df3f030b4582af7674d34fee9cb36f929c4a270484be037191a,"{""d"":5,""p"":0.0003039195382313198,""r"":20}",
      3072,        26,         0,   0.036,chromobius,aa4f400eff748fb77c4a12614aba89aeae75b0c35a5e6b35beaa8928a4cd98ba,"{""d"":5,""p"":0.00041753189365604,""r"":20}",
      5120,        11,         0,   0.040,chromobius,94cee2f176a0014fc695cd42431fbb486c066b3195a80362052a1c958e9a12d3,"{""d"":5,""p"":0.000221221629107045,""r"":20}",
      2048,        29,         0,   0.045,chromobius,ca960b37d75f5a4b42f9e00c9d84498e34b637a84dd9d03ec9911826393e6c5a,"{""d"":5,""p"":0.0004893900918477494,""r"":20}",
      2048,        49,         0,   0.035,chromobius,7b52ec7be259f6b66cb725e694d81246d15929fb80894e1061e1ae84a393bd84,"{""d"":5,""p"":0.0005736152510448681,""r"":20}",
     12288,         4,         0,   0.040,chromobius,c59e09c509753ccabd247ebc6b5b168f1ba6a32a8ae9bd481dc2a3a04b740003,"{""d"":5,""p"":0.0001,""r"":20}",
      8192,        11,         0,   0.041,chromobius,d46e9b373b68c0815bb9f9e13a505b3286c1f40e4f6e73ddfc2d8f4c3d46d075,"{""d"":5,""p"":0.00016102620275609394,""r"":20}",
      3072,        16,         0,   0.041,chromobius,402f27128e7bf2d998ae3042843beecea5ec8cc7b14ec2aec4de27808e6db62b,"{""d"":5,""p"":0.0002592943797404667,""r"":20}",
      9216,         9,         0,   0.039,chromobius,710f3406543c389f5e517454908c1abb22a353f94c7a3a81ad81132d98e8b41a,"{""d"":5,""p"":0.00013738237958832623,""r"":20}",
      4096,        22,         0,   0.041,chromobius,86dc0ad830001b03e4d163f05f00410ef271a7c8c95d1997510b234b14458616,"{""d"":5,""p"":0.0003562247890262444,""r"":20}",
      7168,        14,         0,   0.041,chromobius,b9976db406792aabc4ca2478ecc92ecf5048cc6284bf0bebc216488e9711985c,"{""d"":5,""p"":0.00018873918221350977,""r"":20}",
      8192,         8,         0,   0.046,chromobius,1b7366bd9c6d6fdb5a6ee5b8ef5b62aab060346c79e86d6daba3ce8be42707c0,"{""d"":5,""p"":0.00011721022975334806,""r"":20}",
      5120,        25,         0,   0.044,chromobius,4b605326b1ef5df3f030b4582af7674d34fee9cb36f929c4a270484be037191a,"{""d"":5,""p"":0.0003039195382313198,""r"":20}",
      4096,        38,         0,   0.048,chromobius,aa4f400eff748fb77c4a12614aba89aeae75b0c35a5e6b35beaa8928a4cd98ba,"{""d"":5,""p"":0.00041753189365604,""r"":20}",
      2048,        46,         0,   0.040,chromobius,7b52ec7be259f6b66cb725e694d81246d15929fb80894e1061e1ae84a393bd84,"{""d"":5,""p"":0.0005736152510448681,""r"":20}",
      3072,        39,         0,   0.053,chromobius,ca960b37d75f5a4b42f9e00c9d84498e34b637a84dd9d03ec9911826393e6c5a,"{""d"":5,""p"":0.0004893900918477494,""r"":20}",
      5120,         8,         0,   0.055,chromobius,94cee2f176a0014fc695cd42431fbb486c066b3195a80362052a1c958e9a12d3,"{""d"":5,""p"":0.000221221629107045,""r"":20}",
     16384,         6,         0,   0.055,chromobius,c59e09c509753ccabd247ebc6b5b168f1ba6a32a8ae9bd481dc2a3a04b740003,"{""d"":5,""p"":0.0001,""r"":20}",
     13312,        10,         0,   0.056,chromobius,710f3406543c389f5e517454908c1abb22a353f94c7a3a81ad81132d98e8b41a,"{""d"":5,""p"":0.00013738237958832623,""r"":20}",
     11264,        20,         0,   0.058,chromobius,d46e9b373b68c0815bb9f9e13a505b3286c1f40e4f6e73ddfc2d8f4c3d46d075,"{""d"":5,""p"":0.00016102620275609394,""r"":20}",
      8192,         6,         0,   0.044,chromobius,1b7366bd9c6d6fdb5a6ee5b8ef5b62aab060346c79e86d6daba3ce8be42707c0,"{""d"":5,""p"":0.00011721022975334806,""r"":20}",
      5120,        21,         0,   0.060,chromobius,402f27128e7bf2d998ae3042843beecea5ec8cc7b14ec2aec4de27808e6db62b,"{""d"":5,""p"":0.0002592943797404667,""r"":20}",
      6144,        42,         0,   0.062,chromobius,86dc0ad830001b03e4d163f05f00410ef271a7c8c95d1997510b234b14458616,"{""d"":5,""p"":0.0003562247890262444,""r"":20}",
      9216,        18,         0,   0.058,chromobius,b9976db406792aabc4ca2478ecc92ecf5048cc6284bf0bebc216488e9711985c,"{""d"":5,""p"":0.00018873918221350977,""r"":20}",
      6144,        29,         0,   0.056,chromobius,4b605326b1ef5df3f030b4582af7674d34fee9cb36f929c4a270484be037191a,"{""d"":5,""p"":0.0003039195382313198,""r"":20}",
      2048,        48,         0,   0.057,chromobius,7b52ec7be259f6b66cb725e694d81246d15929fb80894e1061e1ae84a393bd84,"{""d"":5,""p"":0.0005736152510448681,""r"":20}",
      5120,        48,         0,   0.062,chromobius,aa4f400eff748fb77c4a12614aba89aeae75b0c35a5e6b35beaa8928a4cd98ba,"{""d"":5,""p"":0.00041753189365604,""r"":20}",
      4096,        56,         0,   0.071,chromobius,ca960b37d75f5a4b42f9e00c9d84498e34b637a84dd9d03ec9911826393e6c5a,"{""d"":5,""p"":0.0004893900918477494,""r"":20}",
      9216,         6,         0,   0.056,chromobius,1b7366bd9c6d6fdb5a6ee5b8ef5b62aab060346c79e86d6daba3ce8be42707c0,"{""d"":5,""p"":0.00011721022975334806,""r"":20}",
      9216,        23,         0,   0.079,chromobius,94cee2f176a0014fc695cd42431fbb486c066b3195a80362052a1c958e9a12d3,"{""d"":5,""p"":0.000221221629107045,""r"":20}",
     21504,        11,         0,   0.077,chromobius,c59e09c509753ccabd247ebc6b5b168f1ba6a32a8ae9bd481dc2a3a04b740003,"{""d"":5,""p"":0.0001,""r"":20}",
     16384,        14,         0,   0.074,chromobius,710f3406543c389f5e517454908c1abb22a353f94c7a3a81ad81132d98e8b41a,"{""d"":5,""p"":0.00013738237958832623,""r"":20}",
     15360,        29,         0,   0.079,chromobius,d46e9b373b68c0815bb9f9e13a505b3286c1f40e4f6e73ddfc2d8f4c3d46d075,"{""d"":5,""p"":0.00016102620275609394,""r"":20}",
      8192,        38,         0,   0.077,chromobius,402f27128e7bf2d998ae3042843beecea5ec8cc7b14ec2aec4de27808e6db62b,"{""d"":5,""p"":0.0002592943797404667,""r"":20}",
      8192,        55,         0,   0.082,chromobius,86dc0ad830001b03e4d163f05f00410ef271a7c8c95d1997510b234b14458616,"{""d"":5,""p"":0.0003562247890262444,""r"":20}",
     12288,        29,         0,   0.077,chromobius,b9976db406792aabc4ca2478ecc92ecf5048cc6284bf0bebc216488e9711985c,"{""d"":5,""p"":0.00018873918221350977,""r"":20}",
      8192,        28,         0,   0.076,chromobius,4b605326b1ef5df3f030b4582af7674d34fee9cb36f929c4a270484be037191a,"{""d"":5,""p"":0.0003039195382313198,""r"":20}",
      6144,        66,         0,   0.076,chromobius,aa4f400eff748fb77c4a12614aba89aeae75b0c35a5e6b35beaa8928a4cd98ba,"{""d"":5,""p"":0.00041753189365604,""r"":20}",
     15360,         6,         0,   0.076,chromobius,1b7366bd9c6d6fdb5a6ee5b8ef5b62aab060346c79e86d6daba3ce8be42707c0,"{""d"":5,""p"":0.00011721022975334806,""r"":20}",
      4096,        78,         0,   0.106,chromobius,7b52ec7be259f6b66cb725e694d81246d15929fb80894e1061e1ae84a393bd84,"{""d"":5,""p"":0.0005736152510448681,""r"":20}",
      4096,        68,         0,   0.084,chromobius,ca960b37d75f5a4b42f9e00c9d84498e34b637a84dd9d03ec9911826393e6c5a,"{""d"":5,""p"":0.0004893900918477494,""r"":20}",
     13312,        29,         0,   0.110,chromobius,94cee2f176a0014fc695cd42431fbb486c066b3195a80362052a1c958e9a12d3,"{""d"":5,""p"":0.000221221629107045,""r"":20}",
     27648,        14,         0,   0.105,chromobius,c59e09c509753ccabd247ebc6b5b168f1ba6a32a8ae9bd481dc2a3a04b740003,"{""d"":5,""p"":0.0001,""r"":20}",
     24576,        26,         0,   0.107,chromobius,710f3406543c389f5e517454908c1abb22a353f94c7a3a81ad81132d98e8b41a,"{""d"":5,""p"":0.00013738237958832623,""r"":20}",
     20480,        32,         0,   0.104,chromobius,d46e9b373b68c0815bb9f9e13a505b3286c1f40e4f6e73ddfc2d8f4c3d46d075,"{""d"":5,""p"":0.00016102620275609394,""r"":20}",
     12288,        49,         0,   0.109,chromobius,402f27128e7bf2d998ae3042843beecea5ec8cc7b14ec2aec4de27808e6db62b,"{""d"":5,""p"":0.0002592943797404667,""r"":20}",
      8192,        61,         0,   0.109,chromobius,86dc0ad830001b03e4d163f05f00410ef271a7c8c95d1997510b234b14458616,"{""d"":5,""p"":0.0003562247890262444,""r"":20}",
     17408,        41,         0,   0.108,chromobius,b9976db406792aabc4ca2478ecc92ecf5048cc6284bf0bebc216488e9711985c,"{""d"":5,""p"":0.00018873918221350977,""r"":20}",
      9216,        51,         0,   0.109,chromobius,4b605326b1ef5df3f030b4582af7674d34fee9cb36f929c4a270484be037191a,"{""d"":5,""p"":0.0003039195382313198,""r"":20}",
      9216,        95,         0,   0.113,chromobius,aa4f400eff748fb77c4a12614aba89aeae75b0c35a5e6b35beaa8928a4cd98ba,"{""d"":5,""p"":0.00041753189365604,""r"":20}",
     25600,        22,         0,   0.109,chromobius,1b7366bd9c6d6fdb5a6ee5b8ef5b62aab060346c79e86d6daba3ce8be42707c0,"{""d"":5,""p"":0.00011721022975334806,""r"":20}",
      7168,       106,         0,   0.119,chromobius,ca960b37d75f5a4b42f9e00c9d84498e34b637a84dd9d03ec9911826393e6c5a,"{""d"":5,""p"":0.0004893900918477494,""r"":20}",
      5120,       110,         0,   0.126,chromobius,7b52ec7be259f6b66cb725e694d81246d15929fb80894e1061e1ae84a393bd84,"{""d"":5,""p"":0.0005736152510448681,""r"":20}",
     34816,        24,         0,   0.150,chromobius,c59e09c509753ccabd247ebc6b5b168f1ba6a32a8ae9bd481dc2a3a04b740003,"{""d"":5,""p"":0.0001,""r"":20}",
     22528,        71,         0,   0.152,chromobius,94cee2f176a0014fc695cd42431fbb486c066b3195a80362052a1c958e9a12d3,"{""d"":5,""p"":0.000221221629107045,""r"":20}",
     31744,        30,         0,   0.147,chromobius,710f3406543c389f5e517454908c1abb22a353f94c7a3a81ad81132d98e8b41a,"{""d"":5,""p"":0.00013738237958832623,""r"":20}",
     18432,        63,         0,   0.148,chromobius,402f27128e7bf2d998ae3042843beecea5ec8cc7b14ec2aec4de27808e6db62b,"{""d"":5,""p"":0.0002592943797404667,""r"":20}",
     22528,        39,         0,   0.147,chromobius,b9976db406792aabc4ca2478ecc92ecf5048cc6284bf0bebc216488e9711985c,"{""d"":5,""p"":0.00018873918221350977,""r"":20}",
     13312,        82,         0,   0.154,chromobius,4b605326b1ef5df3f030b4582af7674d34fee9cb36f929c4a270484be037191a,"{""d"":5,""p"":0.0003039195382313198,""r"":20}",
     28672,        34,         0,   0.174,chromobius,d46e9b373b68c0815bb9f9e13a505b3286c1f40e4f6e73ddfc2d8f4c3d46d075,"{""d"":5,""p"":0.00016102620275609394,""r"":20}",
     12288,        86,         0,   0.171,chromobius,86dc0ad830001b03e4d163f05f00410ef271a7c8c95d1997510b234b14458616,"{""d"":5,""p"":0.0003562247890262444,""r"":20}",
     12288,       156,         0,   0.154,chromobius,aa4f400eff748fb77c4a12614aba89aeae75b0c35a5e6b35beaa8928a4cd98ba,"{""d"":5,""p"":0.00041753189365604,""r"":20}",
     36864,        29,         0,   0.148,chromobius,1b7366bd9c6d6fdb5a6ee5b8ef5b62aab060346c79e86d6daba3ce8be42707c0,"{""d"":5,""p"":0.00011721022975334806,""r"":20}",
      8192,       162,         0,   0.153,chromobius,7b52ec7be259f6b66cb725e694d81246d15929fb80894e1061e1ae84a393bd84,"{""d"":5,""p"":0.0005736152510448681,""r"":20}",
     11264,       170,         0,   0.158,chromobius,ca960b37d75f5a4b42f9e00c9d84498e34b637a84dd9d03ec9911826393e6c5a,"{""d"":5,""p"":0.0004893900918477494,""r"":20}",
     54272,        31,         0,   0.206,chromobius,c59e09c509753ccabd247ebc6b5b168f1ba6a32a8ae9bd481dc2a3a04b740003,"{""d"":5,""p"":0.0001,""r"":20}",
     31744,        31,         0,   0.206,chromobius,710f3406543c389f5e517454908c1abb22a353f94c7a3a81ad81132d98e8b41a,"{""d"":5,""p"":0.00013738237958832623,""r"":20}",
     29696,        99,         0,   0.208,chromobius,94cee2f176a0014fc695cd42431fbb486c066b3195a80362052a1c958e9a12d3,"{""d"":5,""p"":0.000221221629107045,""r"":20}",
     25600,        91,         0,   0.205,chromobius,402f27128e7bf2d998ae3042843beecea5ec8cc7b14ec2aec4de27808e6db62b,"{""d"":5,""p"":0.0002592943797404667,""r"":20}",
     28672,        51,         0,   0.205,chromobius,b9976db406792aabc4ca2478ecc92ecf5048cc6284bf0bebc216488e9711985c,"{""d"":5,""p"":0.00018873918221350977,""r"":20}",
     32768,        51,         0,   0.205,chromobius,d46e9b373b68c0815bb9f9e13a505b3286c1f40e4f6e73ddfc2d8f4c3d46d075,"{""d"":5,""p"":0.00016102620275609394,""r"":20}",
     17408,        86,         0,   0.212,chromobius,4b605326b1ef5df3f030b4582af7674d34fee9cb36f929c4a270484be037191a,"{""d"":5,""p"":0.0003039195382313198,""r"":20}",
     12288,       104,         0,   0.200,chromobius,aa4f400eff748fb77c4a12614aba89aeae75b0c35a5e6b35beaa8928a4cd98ba,"{""d"":5,""p"":0.00041753189365604,""r"":20}",
     18432,       122,         0,   0.218,chromobius,86dc0ad830001b03e4d163f05f00410ef271a7c8c95d1997510b234b14458616,"{""d"":5,""p"":0.0003562247890262444,""r"":20}",
     51200,        35,         0,   0.207,chromobius,1b7366bd9c6d6fdb5a6ee5b8ef5b62aab060346c79e86d6daba3ce8be42707c0,"{""d"":5,""p"":0.00011721022975334806,""r"":20}",
     14336,       200,         0,   0.209,chromobius,ca960b37d75f5a4b42f9e00c9d84498e34b637a84dd9d03ec9911826393e6c5a,"{""d"":5,""p"":0.0004893900918477494,""r"":20}",
      8192,       160,         0,   0.223,chromobius,7b52ec7be259f6b66cb725e694d81246d15929fb80894e1061e1ae84a393bd84,"{""d"":5,""p"":0.0005736152510448681,""r"":20}",
     70656,        47,         0,   0.287,chromobius,c59e09c509753ccabd247ebc6b5b168f1ba6a32a8ae9bd481dc2a3a04b740003,"{""d"":5,""p"":0.0001,""r"":20}",
     66560,        70,         0,   0.288,chromobius,710f3406543c389f5e517454908c1abb22a353f94c7a3a81ad81132d98e8b41a,"{""d"":5,""p"":0.00013738237958832623,""r"":20}",
     40960,       125,         0,   0.288,chromobius,94cee2f176a0014fc695cd42431fbb486c066b3195a80362052a1c958e9a12d3,"{""d"":5,""p"":0.000221221629107045,""r"":20}",
     35840,       137,         0,   0.289,chromobius,402f27128e7bf2d998ae3042843beecea5ec8cc7b14ec2aec4de27808e6db62b,"{""d"":5,""p"":0.0002592943797404667,""r"":20}",
     51200,       105,         0,   0.291,chromobius,b9976db406792aabc4ca2478ecc92ecf5048cc6284bf0bebc216488e9711985c,"{""d"":5,""p"":0.00018873918221350977,""r"":20}",
     58368,        77,         0,   0.291,chromobius,d46e9b373b68c0815bb9f9e13a505b3286c1f40e4f6e73ddfc2d8f4c3d46d075,"{""d"":5,""p"":0.00016102620275609394,""r"":20}",
     24576,       122,         0,   0.290,chromobius,4b605326b1ef5df3f030b4582af7674d34fee9cb36f929c4a270484be037191a,"{""d"":5,""p"":0.0003039195382313198,""r"":20}",
     23552,       246,         0,   0.294,chromobius,aa4f400eff748fb77c4a12614aba89aeae75b0c35a5e6b35beaa8928a4cd98ba,"{""d"":5,""p"":0.00041753189365604,""r"":20}",
     24576,       169,         0,   0.296,chromobius,86dc0ad830001b03e4d163f05f00410ef271a7c8c95d1997510b234b14458616,"{""d"":5,""p"":0.0003562247890262444,""r"":20}",
     76800,        59,         0,   0.287,chromobius,1b7366bd9c6d6fdb5a6ee5b8ef5b62aab060346c79e86d6daba3ce8be42707c0,"{""d"":5,""p"":0.00011721022975334806,""r"":20}",
     20480,       296,         0,   0.292,chromobius,ca960b37d75f5a4b42f9e00c9d84498e34b637a84dd9d03ec9911826393e6c5a,"{""d"":5,""p"":0.0004893900918477494,""r"":20}",
     13312,       294,         0,   0.292,chromobius,7b52ec7be259f6b66cb725e694d81246d15929fb80894e1061e1ae84a393bd84,"{""d"":5,""p"":0.0005736152510448681,""r"":20}",
     93184,        98,         0,   0.401,chromobius,710f3406543c389f5e517454908c1abb22a353f94c7a3a81ad81132d98e8b41a,"{""d"":5,""p"":0.00013738237958832623,""r"":20}",
     94208,        54,         0,   0.402,chromobius,c59e09c509753ccabd247ebc6b5b168f1ba6a32a8ae9bd481dc2a3a04b740003,"{""d"":5,""p"":0.0001,""r"":20}",
     62464,       166,         0,   0.405,chromobius,94cee2f176a0014fc695cd42431fbb486c066b3195a80362052a1c958e9a12d3,"{""d"":5,""p"":0.000221221629107045,""r"":20}",
     50176,       184,         0,   0.400,chromobius,402f27128e7bf2d998ae3042843beecea5ec8cc7b14ec2aec4de27808e6db62b,"{""d"":5,""p"":0.0002592943797404667,""r"":20}",
     70656,       144,         0,   0.401,chromobius,b9976db406792aabc4ca2478ecc92ecf5048cc6284bf0bebc216488e9711985c,"{""d"":5,""p"":0.00018873918221350977,""r"":20}",
     81920,       124,         0,   0.403,chromobius,d46e9b373b68c0815bb9f9e13a505b3286c1f40e4f6e73ddfc2d8f4c3d46d075,"{""d"":5,""p"":0.00016102620275609394,""r"":20}",
     38912,       216,         0,   0.405,chromobius,4b605326b1ef5df3f030b4582af7674d34fee9cb36f929c4a270484be037191a,"{""d"":5,""p"":0.0003039195382313198,""r"":20}",
     34816,       330,         0,   0.410,chromobius,aa4f400eff748fb77c4a12614aba89aeae75b0c35a5e6b35beaa8928a4cd98ba,"{""d"":5,""p"":0.00041753189365604,""r"":20}",
     31744,       225,         0,   0.411,chromobius,86dc0ad830001b03e4d163f05f00410ef271a7c8c95d1997510b234b14458616,"{""d"":5,""p"":0.0003562247890262444,""r"":20}",
    110592,        87,         0,   0.402,chromobius,1b7366bd9c6d6fdb5a6ee5b8ef5b62aab060346c79e86d6daba3ce8be42707c0,"{""d"":5,""p"":0.00011721022975334806,""r"":20}",
     27648,       408,         0,   0.410,chromobius,ca960b37d75f5a4b42f9e00c9d84498e34b637a84dd9d03ec9911826393e6c5a,"{""d"":5,""p"":0.0004893900918477494,""r"":20}",
     19456,       388,         0,   0.420,chromobius,7b52ec7be259f6b66cb725e694d81246d15929fb80894e1061e1ae84a393bd84,"{""d"":5,""p"":0.0005736152510448681,""r"":20}",
    129024,       151,         0,   0.562,chromobius,710f3406543c389f5e517454908c1abb22a353f94c7a3a81ad81132d98e8b41a,"{""d"":5,""p"":0.00013738237958832623,""r"":20}",
    126976,        72,         0,   0.562,chromobius,c59e09c509753ccabd247ebc6b5b168f1ba6a32a8ae9bd481dc2a3a04b740003,"{""d"":5,""p"":0.0001,""r"":20}",
     80896,       246,         0,   0.565,chromobius,94cee2f176a0014fc695cd42431fbb486c066b3195a80362052a1c958e9a12d3,"{""d"":5,""p"":0.000221221629107045,""r"":20}",
     96256,       176,         0,   0.563,chromobius,b9976db406792aabc4ca2478ecc92ecf5048cc6284bf0bebc216488e9711985c,"{""d"":5,""p"":0.00018873918221350977,""r"":20}",
     49152,       259,         0,   0.565,chromobius,4b605326b1ef5df3f030b4582af7674d34fee9cb36f929c4a270484be037191a,"{""d"":5,""p"":0.0003039195382313198,""r"":20}",
    109568,       154,         0,   0.565,chromobius,d46e9b373b68c0815bb9f9e13a505b3286c1f40e4f6e73ddfc2d8f4c3d46d075,"{""d"":5,""p"":0.00016102620275609394,""r"":20}",
     66560,       267,         0,   0.594,chromobius,402f27128e7bf2d998ae3042843beecea5ec8cc7b14ec2aec4de27808e6db62b,"{""d"":5,""p"":0.0002592943797404667,""r"":20}",
     47104,       492,         0,   0.567,chromobius,aa4f400eff748fb77c4a12614aba89aeae75b0c35a5e6b35beaa8928a4cd98ba,"{""d"":5,""p"":0.00041753189365604,""r"":20}",
     43008,       320,         0,   0.567,chromobius,86dc0ad830001b03e4d163f05f00410ef271a7c8c95d1997510b234b14458616,"{""d"":5,""p"":0.0003562247890262444,""r"":20}",
    126976,        88,         0,   0.565,chromobius,1b7366bd9c6d6fdb5a6ee5b8ef5b62aab060346c79e86d6daba3ce8be42707c0,"{""d"":5,""p"":0.00011721022975334806,""r"":20}",
     34816,       485,         0,   0.569,chromobius,ca960b37d75f5a4b42f9e00c9d84498e34b637a84dd9d03ec9911826393e6c5a,"{""d"":5,""p"":0.0004893900918477494,""r"":20}",
     26624,       544,         0,   0.572,chromobius,7b52ec7be259f6b66cb725e694d81246d15929fb80894e1061e1ae84a393bd84,"{""d"":5,""p"":0.0005736152510448681,""r"":20}",
    181248,       188,         0,   0.787,chromobius,710f3406543c389f5e517454908c1abb22a353f94c7a3a81ad81132d98e8b41a,"{""d"":5,""p"":0.00013738237958832623,""r"":20}",
    180224,        96,         0,   0.786,chromobius,c59e09c509753ccabd247ebc6b5b168f1ba6a32a8ae9bd481dc2a3a04b740003,"{""d"":5,""p"":0.0001,""r"":20}",
     97280,       264,         0,   0.789,chromobius,94cee2f176a0014fc695cd42431fbb486c066b3195a80362052a1c958e9a12d3,"{""d"":5,""p"":0.000221221629107045,""r"":20}",
    138240,       275,         0,   0.788,chromobius,b9976db406792aabc4ca2478ecc92ecf5048cc6284bf0bebc216488e9711985c,"{""d"":5,""p"":0.00018873918221350977,""r"":20}",
     69632,       366,         0,   0.789,chromobius,4b605326b1ef5df3f030b4582af7674d34fee9cb36f929c4a270484be037191a,"{""d"":5,""p"":0.0003039195382313198,""r"":20}",
     92160,       354,         0,   0.787,chromobius,402f27128e7bf2d998ae3042843beecea5ec8cc7b14ec2aec4de27808e6db62b,"{""d"":5,""p"":0.0002592943797404667,""r"":20}",
    155648,       223,         0,   0.787,chromobius,d46e9b373b68c0815bb9f9e13a505b3286c1f40e4f6e73ddfc2d8f4c3d46d075,"{""d"":5,""p"":0.00016102620275609394,""r"":20}",
     65536,       687,         0,   0.794,chromobius,aa4f400eff748fb77c4a12614aba89aeae75b0c35a5e6b35beaa8928a4cd98ba,"{""d"":5,""p"":0.00041753189365604,""r"":20}",
    173056,       115,         0,   0.785,chromobius,1b7366bd9c6d6fdb5a6ee5b8ef5b62aab060346c79e86d6daba3ce8be42707c0,"{""d"":5,""p"":0.00011721022975334806,""r"":20}",
     61440,       432,         0,   0.809,chromobius,86dc0ad830001b03e4d163f05f00410ef271a7c8c95d1997510b234b14458616,"{""d"":5,""p"":0.0003562247890262444,""r"":20}",
     48128,       730,         0,   0.803,chromobius,ca960b37d75f5a4b42f9e00c9d84498e34b637a84dd9d03ec9911826393e6c5a,"{""d"":5,""p"":0.0004893900918477494,""r"":20}",
     38912,       736,         0,   0.818,chromobius,7b52ec7be259f6b66cb725e694d81246d15929fb80894e1061e1ae84a393bd84,"{""d"":5,""p"":0.0005736152510448681,""r"":20}",
    270336,       163,         0,    1.10,chromobius,c59e09c509753ccabd247ebc6b5b168f1ba6a32a8ae9bd481dc2a3a04b740003,"{""d"":5,""p"":0.0001,""r"":20}",
    228352,       245,         0,    1.10,chromobius,710f3406543c389f5e517454908c1abb22a353f94c7a3a81ad81132d98e8b41a,"{""d"":5,""p"":0.00013738237958832623,""r"":20}",
    165888,       456,         0,    1.10,chromobius,94cee2f176a0014fc695cd42431fbb486c066b3195a80362052a1c958e9a12d3,"{""d"":5,""p"":0.000221221629107045,""r"":20}",
    177152,       374,         0,    1.10,chromobius,b9976db406792aabc4ca2478ecc92ecf5048cc6284bf0bebc216488e9711985c,"{""d"":5,""p"":0.00018873918221350977,""r"":20}",
    107520,       612,         0,    1.10,chromobius,4b605326b1ef5df3f030b4582af7674d34fee9cb36f929c4a270484be037191a,"{""d"":5,""p"":0.0003039195382313198,""r"":20}",
    205824,       304,         0,    1.10,chromobius,d46e9b373b68c0815bb9f9e13a505b3286c1f40e4f6e73ddfc2d8f4c3d46d075,"{""d"":5,""p"":0.00016102620275609394,""r"":20}",
    140288,       500,         0,    1.11,chromobius,402f27128e7bf2d998ae3042843beecea5ec8cc7b14ec2aec4de27808e6db62b,"{""d"":5,""p"":0.0002592943797404667,""r"":20}",
     81920,       802,         0,    1.11,chromobius,aa4f400eff748fb77c4a12614aba89aeae75b0c35a5e6b35beaa8928a4cd98ba,"{""d"":5,""p"":0.00041753189365604,""r"":20}",
    283648,       218,         0,    1.10,chromobius,1b7366bd9c6d6fdb5a6ee5b8ef5b62aab060346c79e86d6daba3ce8be42707c0,"{""d"":5,""p"":0.00011721022975334806,""r"":20}",
     81920,       601,         0,    1.12,chromobius,86dc0ad830001b03e4d163f05f00410ef271a7c8c95d1997510b234b14458616,"{""d"":5,""p"":0.0003562247890262444,""r"":20}",
     79872,      1104,         0,    1.11,chromobius,ca960b37d75f5a4b42f9e00c9d84498e34b637a84dd9d03ec9911826393e6c5a,"{""d"":5,""p"":0.0004893900918477494,""r"":20}",
     53248,      1012,         0,    1.11,chromobius,7b52ec7be259f6b66cb725e694d81246d15929fb80894e1061e1ae84a393bd84,"{""d"":5,""p"":0.0005736152510448681,""r"":20}",
     89088,      1300,         0,    1.28,chromobius,ca960b37d75f5a4b42f9e00c9d84498e34b637a84dd9d03ec9911826393e6c5a,"{""d"":5,""p"":0.0004893900918477494,""r"":20}",
      1297,        32,         0,   0.026,chromobius,dc00d631665fa41bb62a6c9331fc030916628ea6fbbabb3b12d36e7affea62a0,"{""d"":5,""p"":0.0006723357536499335,""r"":20}",
      1024,        20,         0,   0.020,chromobius,dc00d631665fa41bb62a6c9331fc030916628ea6fbbabb3b12d36e7affea62a0,"{""d"":5,""p"":0.0006723357536499335,""r"":20}",
      2048,        61,         0,   0.039,chromobius,dc00d631665fa41bb62a6c9331fc030916628ea6fbbabb3b12d36e7affea62a0,"{""d"":5,""p"":0.0006723357536499335,""r"":20}",
     65536,      1315,         0,    1.40,chromobius,7b52ec7be259f6b66cb725e694d81246d15929fb80894e1061e1ae84a393bd84,"{""d"":5,""p"":0.0005736152510448681,""r"":20}",
    339968,       197,         0,    1.52,chromobius,c59e09c509753ccabd247ebc6b5b168f1ba6a32a8ae9bd481dc2a3a04b740003,"{""d"":5,""p"":0.0001,""r"":20}",
    338944,       352,         0,    1.54,chromobius,710f3406543c389f5e517454908c1abb22a353f94c7a3a81ad81132d98e8b41a,"{""d"":5,""p"":0.00013738237958832623,""r"":20}",
    223232,       694,         0,    1.54,chromobius,94cee2f176a0014fc695cd42431fbb486c066b3195a80362052a1c958e9a12d3,"{""d"":5,""p"":0.000221221629107045,""r"":20}",
    254976,       485,         0,    1.54,chromobius,b9976db406792aabc4ca2478ecc92ecf5048cc6284bf0bebc216488e9711985c,"{""d"":5,""p"":0.00018873918221350977,""r"":20}",
      2048,        67,         0,   0.049,chromobius,dc00d631665fa41bb62a6c9331fc030916628ea6fbbabb3b12d36e7affea62a0,"{""d"":5,""p"":0.0006723357536499335,""r"":20}",
    195584,       753,         0,    1.54,chromobius,402f27128e7bf2d998ae3042843beecea5ec8cc7b14ec2aec4de27808e6db62b,"{""d"":5,""p"":0.0002592943797404667,""r"":20}",
    295936,       409,         0,    1.53,chromobius,d46e9b373b68c0815bb9f9e13a505b3286c1f40e4f6e73ddfc2d8f4c3d46d075,"{""d"":5,""p"":0.00016102620275609394,""r"":20}",
    139264,       708,         0,    1.55,chromobius,4b605326b1ef5df3f030b4582af7674d34fee9cb36f929c4a270484be037191a,"{""d"":5,""p"":0.0003039195382313198,""r"":20}",
    126976,      1260,         0,    1.55,chromobius,aa4f400eff748fb77c4a12614aba89aeae75b0c35a5e6b35beaa8928a4cd98ba,"{""d"":5,""p"":0.00041753189365604,""r"":20}",
    390144,       297,         0,    1.54,chromobius,1b7366bd9c6d6fdb5a6ee5b8ef5b62aab060346c79e86d6daba3ce8be42707c0,"{""d"":5,""p"":0.00011721022975334806,""r"":20}",
      2048,        54,         0,   0.065,chromobius,dc00d631665fa41bb62a6c9331fc030916628ea6fbbabb3b12d36e7affea62a0,"{""d"":5,""p"":0.0006723357536499335,""r"":20}",
    117760,       884,         0,    1.55,chromobius,86dc0ad830001b03e4d163f05f00410ef271a7c8c95d1997510b234b14458616,"{""d"":5,""p"":0.0003562247890262444,""r"":20}",
      1297,        51,         0,   0.055,chromobius,318bac23463d351ab6d0df11346425de1034d6d59a881d3d3903644dc0821174,"{""d"":5,""p"":0.0007880462815669912,""r"":20}",
      1024,        48,         0,   0.030,chromobius,318bac23463d351ab6d0df11346425de1034d6d59a881d3d3903644dc0821174,"{""d"":5,""p"":0.0007880462815669912,""r"":20}",
      3072,       108,         0,   0.069,chromobius,dc00d631665fa41bb62a6c9331fc030916628ea6fbbabb3b12d36e7affea62a0,"{""d"":5,""p"":0.0006723357536499335,""r"":20}",
      1024,        34,         0,   0.023,chromobius,318bac23463d351ab6d0df11346425de1034d6d59a881d3d3903644dc0821174,"{""d"":5,""p"":0.0007880462815669912,""r"":20}",
      2048,        68,         0,   0.048,chromobius,318bac23463d351ab6d0df11346425de1034d6d59a881d3d3903644dc0821174,"{""d"":5,""p"":0.0007880462815669912,""r"":20}",
      3072,        96,         0,   0.094,chromobius,dc00d631665fa41bb62a6c9331fc030916628ea6fbbabb3b12d36e7affea62a0,"{""d"":5,""p"":0.0006723357536499335,""r"":20}",
      2048,        71,         0,   0.050,chromobius,318bac23463d351ab6d0df11346425de1034d6d59a881d3d3903644dc0821174,"{""d"":5,""p"":0.0007880462815669912,""r"":20}",
      2048,        83,         0,   0.074,chromobius,318bac23463d351ab6d0df11346425de1034d6d59a881d3d3903644dc0821174,"{""d"":5,""p"":0.0007880462815669912,""r"":20}",
      5120,       141,         0,   0.105,chromobius,dc00d631665fa41bb62a6c9331fc030916628ea6fbbabb3b12d36e7affea62a0,"{""d"":5,""p"":0.0006723357536499335,""r"":20}",
      4096,       158,         0,   0.094,chromobius,318bac23463d351ab6d0df11346425de1034d6d59a881d3d3903644dc0821174,"{""d"":5,""p"":0.0007880462815669912,""r"":20}",
      8192,       225,         0,   0.158,chromobius,dc00d631665fa41bb62a6c9331fc030916628ea6fbbabb3b12d36e7affea62a0,"{""d"":5,""p"":0.0006723357536499335,""r"":20}",
      5120,       197,         0,   0.120,chromobius,318bac23463d351ab6d0df11346425de1034d6d59a881d3d3903644dc0821174,"{""d"":5,""p"":0.0007880462815669912,""r"":20}",
      7168,       266,         0,   0.165,chromobius,318bac23463d351ab6d0df11346425de1034d6d59a881d3d3903644dc0821174,"{""d"":5,""p"":0.0007880462815669912,""r"":20}",
     11264,       293,         0,   0.216,chromobius,dc00d631665fa41bb62a6c9331fc030916628ea6fbbabb3b12d36e7affea62a0,"{""d"":5,""p"":0.0006723357536499335,""r"":20}",
     60416,       614,         0,   0.711,chromobius,aa4f400eff748fb77c4a12614aba89aeae75b0c35a5e6b35beaa8928a4cd98ba,"{""d"":5,""p"":0.00041753189365604,""r"":20}",
      1297,        70,         0,   0.037,chromobius,21bd282dc83e4de32004752fb1da98331cb0c759f5c28126a4f7c6c11d9497a5,"{""d"":5,""p"":0.0009236708571873865,""r"":20}",
      9216,       341,         0,   0.210,chromobius,318bac23463d351ab6d0df11346425de1034d6d59a881d3d3903644dc0821174,"{""d"":5,""p"":0.0007880462815669912,""r"":20}",
      1024,        63,         0,   0.029,chromobius,21bd282dc83e4de32004752fb1da98331cb0c759f5c28126a4f7c6c11d9497a5,"{""d"":5,""p"":0.0009236708571873865,""r"":20}",
      1024,        57,         0,   0.028,chromobius,21bd282dc83e4de32004752fb1da98331cb0c759f5c28126a4f7c6c11d9497a5,"{""d"":5,""p"":0.0009236708571873865,""r"":20}",
      2048,       117,         0,   0.054,chromobius,21bd282dc83e4de32004752fb1da98331cb0c759f5c28126a4f7c6c11d9497a5,"{""d"":5,""p"":0.0009236708571873865,""r"":20}",
     15360,       460,         0,   0.298,chromobius,dc00d631665fa41bb62a6c9331fc030916628ea6fbbabb3b12d36e7affea62a0,"{""d"":5,""p"":0.0006723357536499335,""r"":20}",
      2048,       131,         0,   0.058,chromobius,21bd282dc83e4de32004752fb1da98331cb0c759f5c28126a4f7c6c11d9497a5,"{""d"":5,""p"":0.0009236708571873865,""r"":20}",
      2048,       131,         0,   0.056,chromobius,21bd282dc83e4de32004752fb1da98331cb0c759f5c28126a4f7c6c11d9497a5,"{""d"":5,""p"":0.0009236708571873865,""r"":20}",
      3072,       173,         0,   0.085,chromobius,21bd282dc83e4de32004752fb1da98331cb0c759f5c28126a4f7c6c11d9497a5,"{""d"":5,""p"":0.0009236708571873865,""r"":20}",
     12288,       522,         0,   0.293,chromobius,318bac23463d351ab6d0df11346425de1034d6d59a881d3d3903644dc0821174,"{""d"":5,""p"":0.0007880462815669912,""r"":20}",
      4096,       215,         0,   0.113,chromobius,21bd282dc83e4de32004752fb1da98331cb0c759f5c28126a4f7c6c11d9497a5,"{""d"":5,""p"":0.0009236708571873865,""r"":20}",
     21504,       611,         0,   0.420,chromobius,dc00d631665fa41bb62a6c9331fc030916628ea6fbbabb3b12d36e7affea62a0,"{""d"":5,""p"":0.0006723357536499335,""r"":20}",
      6144,       311,         0,   0.165,chromobius,21bd282dc83e4de32004752fb1da98331cb0c759f5c28126a4f7c6c11d9497a5,"{""d"":5,""p"":0.0009236708571873865,""r"":20}",
     18432,       683,         0,   0.420,chromobius,318bac23463d351ab6d0df11346425de1034d6d59a881d3d3903644dc0821174,"{""d"":5,""p"":0.0007880462815669912,""r"":20}",
      8192,       424,         0,   0.223,chromobius,21bd282dc83e4de32004752fb1da98331cb0c759f5c28126a4f7c6c11d9497a5,"{""d"":5,""p"":0.0009236708571873865,""r"":20}",
     29696,       860,         0,   0.576,chromobius,dc00d631665fa41bb62a6c9331fc030916628ea6fbbabb3b12d36e7affea62a0,"{""d"":5,""p"":0.0006723357536499335,""r"":20}",
     11264,       591,         0,   0.302,chromobius,21bd282dc83e4de32004752fb1da98331cb0c759f5c28126a4f7c6c11d9497a5,"{""d"":5,""p"":0.0009236708571873865,""r"":20}",
    569344,       344,         0,    2.15,chromobius,c59e09c509753ccabd247ebc6b5b168f1ba6a32a8ae9bd481dc2a3a04b740003,"{""d"":5,""p"":0.0001,""r"":20}",
    506880,       520,         0,    2.16,chromobius,710f3406543c389f5e517454908c1abb22a353f94c7a3a81ad81132d98e8b41a,"{""d"":5,""p"":0.00013738237958832623,""r"":20}",
    286720,       783,         0,    2.17,chromobius,94cee2f176a0014fc695cd42431fbb486c066b3195a80362052a1c958e9a12d3,"{""d"":5,""p"":0.000221221629107045,""r"":20}",
    378880,       771,         0,    2.16,chromobius,b9976db406792aabc4ca2478ecc92ecf5048cc6284bf0bebc216488e9711985c,"{""d"":5,""p"":0.00018873918221350977,""r"":20}",
    274432,      1018,         0,    2.16,chromobius,402f27128e7bf2d998ae3042843beecea5ec8cc7b14ec2aec4de27808e6db62b,"{""d"":5,""p"":0.0002592943797404667,""r"":20}",
    440320,       659,         0,    2.16,chromobius,d46e9b373b68c0815bb9f9e13a505b3286c1f40e4f6e73ddfc2d8f4c3d46d075,"{""d"":5,""p"":0.00016102620275609394,""r"":20}",
    240640,      1283,         0,    2.16,chromobius,4b605326b1ef5df3f030b4582af7674d34fee9cb36f929c4a270484be037191a,"{""d"":5,""p"":0.0003039195382313198,""r"":20}",
     25600,      1017,         0,   0.573,chromobius,318bac23463d351ab6d0df11346425de1034d6d59a881d3d3903644dc0821174,"{""d"":5,""p"":0.0007880462815669912,""r"":20}",
    472064,       363,         0,    2.16,chromobius,1b7366bd9c6d6fdb5a6ee5b8ef5b62aab060346c79e86d6daba3ce8be42707c0,"{""d"":5,""p"":0.00011721022975334806,""r"":20}",
    177152,      1273,         0,    2.17,chromobius,86dc0ad830001b03e4d163f05f00410ef271a7c8c95d1997510b234b14458616,"{""d"":5,""p"":0.0003562247890262444,""r"":20}",
     15360,       822,         0,   0.426,chromobius,21bd282dc83e4de32004752fb1da98331cb0c759f5c28126a4f7c6c11d9497a5,"{""d"":5,""p"":0.0009236708571873865,""r"":20}",
     41984,      1212,         0,   0.807,chromobius,dc00d631665fa41bb62a6c9331fc030916628ea6fbbabb3b12d36e7affea62a0,"{""d"":5,""p"":0.0006723357536499335,""r"":20}",
     21504,      1115,         0,   0.574,chromobius,21bd282dc83e4de32004752fb1da98331cb0c759f5c28126a4f7c6c11d9497a5,"{""d"":5,""p"":0.0009236708571873865,""r"":20}",
     35840,      1336,         0,   0.808,chromobius,318bac23463d351ab6d0df11346425de1034d6d59a881d3d3903644dc0821174,"{""d"":5,""p"":0.0007880462815669912,""r"":20}",
      4096,       150,         0,   0.091,chromobius,318bac23463d351ab6d0df11346425de1034d6d59a881d3d3903644dc0821174,"{""d"":5,""p"":0.0007880462815669912,""r"":20}",
       273,        23,         0,   0.010,chromobius,03543bccaa6c9aca1ade1f5f665b1e408f93a4b967ebd7d78bfdb1103f130f7e,"{""d"":5,""p"":0.001082636733874054,""r"":20}",
      1024,        55,         0,   0.035,chromobius,03543bccaa6c9aca1ade1f5f665b1e408f93a4b967ebd7d78bfdb1103f130f7e,"{""d"":5,""p"":0.001082636733874054,""r"":20}",
      1024,        87,         0,   0.037,chromobius,03543bccaa6c9aca1ade1f5f665b1e408f93a4b967ebd7d78bfdb1103f130f7e,"{""d"":5,""p"":0.001082636733874054,""r"":20}",
      1024,        76,         0,   0.046,chromobius,03543bccaa6c9aca1ade1f5f665b1e408f93a4b967ebd7d78bfdb1103f130f7e,"{""d"":5,""p"":0.001082636733874054,""r"":20}",
     95232,       669,         0,    1.11,chromobius,86dc0ad830001b03e4d163f05f00410ef271a7c8c95d1997510b234b14458616,"{""d"":5,""p"":0.0003562247890262444,""r"":20}",
     27648,       767,         0,   0.536,chromobius,dc00d631665fa41bb62a6c9331fc030916628ea6fbbabb3b12d36e7affea62a0,"{""d"":5,""p"":0.0006723357536499335,""r"":20}",
      1024,        71,         0,   0.047,chromobius,03543bccaa6c9aca1ade1f5f665b1e408f93a4b967ebd7d78bfdb1103f130f7e,"{""d"":5,""p"":0.001082636733874054,""r"":20}",
       273,        26,         0,   0.011,chromobius,d089d892494894532d29ce46494a4bb57e24731a1a9417b21ad88c66e8dea742,"{""d"":5,""p"":0.0012689610031679222,""r"":20}",
       273,        41,         0,   0.016,chromobius,f2ba857c37b99acdbdabbd7729a18c06f5c9ce331a88c74e26d132ac731fd90a,"{""d"":5,""p"":0.0014873521072935117,""r"":20}",
      2048,       136,         0,   0.066,chromobius,03543bccaa6c9aca1ade1f5f665b1e408f93a4b967ebd7d78bfdb1103f130f7e,"{""d"":5,""p"":0.001082636733874054,""r"":20}",
      1024,        91,         0,   0.038,chromobius,d089d892494894532d29ce46494a4bb57e24731a1a9417b21ad88c66e8dea742,"{""d"":5,""p"":0.0012689610031679222,""r"":20}",
      1024,       138,         0,   0.059,chromobius,f2ba857c37b99acdbdabbd7729a18c06f5c9ce331a88c74e26d132ac731fd90a,"{""d"":5,""p"":0.0014873521072935117,""r"":20}",
      1024,        94,         0,   0.038,chromobius,d089d892494894532d29ce46494a4bb57e24731a1a9417b21ad88c66e8dea742,"{""d"":5,""p"":0.0012689610031679222,""r"":20}",
     15360,       794,         0,   0.495,chromobius,21bd282dc83e4de32004752fb1da98331cb0c759f5c28126a4f7c6c11d9497a5,"{""d"":5,""p"":0.0009236708571873865,""r"":20}",
      3072,       209,         0,   0.099,chromobius,03543bccaa6c9aca1ade1f5f665b1e408f93a4b967ebd7d78bfdb1103f130f7e,"{""d"":5,""p"":0.001082636733874054,""r"":20}",
      1024,        78,         0,   0.037,chromobius,d089d892494894532d29ce46494a4bb57e24731a1a9417b21ad88c66e8dea742,"{""d"":5,""p"":0.0012689610031679222,""r"":20}",
      1024,       162,         0,   0.065,chromobius,f2ba857c37b99acdbdabbd7729a18c06f5c9ce331a88c74e26d132ac731fd90a,"{""d"":5,""p"":0.0014873521072935117,""r"":20}",
      1024,       103,         0,   0.039,chromobius,d089d892494894532d29ce46494a4bb57e24731a1a9417b21ad88c66e8dea742,"{""d"":5,""p"":0.0012689610031679222,""r"":20}",
       273,        49,         0,   0.015,chromobius,01bf2ba3421ddcf4770c10a22661c513cc3986b417af7d3064f454f9044a881f,"{""d"":5,""p"":0.0017433288221999873,""r"":20}",
      1024,       137,         0,   0.046,chromobius,f2ba857c37b99acdbdabbd7729a18c06f5c9ce331a88c74e26d132ac731fd90a,"{""d"":5,""p"":0.0014873521072935117,""r"":20}",
      3072,       235,         0,   0.105,chromobius,03543bccaa6c9aca1ade1f5f665b1e408f93a4b967ebd7d78bfdb1103f130f7e,"{""d"":5,""p"":0.001082636733874054,""r"":20}",
      1024,       151,         0,   0.045,chromobius,f2ba857c37b99acdbdabbd7729a18c06f5c9ce331a88c74e26d132ac731fd90a,"{""d"":5,""p"":0.0014873521072935117,""r"":20}",
      1024,       175,         0,   0.057,chromobius,01bf2ba3421ddcf4770c10a22661c513cc3986b417af7d3064f454f9044a881f,"{""d"":5,""p"":0.0017433288221999873,""r"":20}",
      2048,       200,         0,   0.101,chromobius,d089d892494894532d29ce46494a4bb57e24731a1a9417b21ad88c66e8dea742,"{""d"":5,""p"":0.0012689610031679222,""r"":20}",
      1024,       196,         0,   0.055,chromobius,01bf2ba3421ddcf4770c10a22661c513cc3986b417af7d3064f454f9044a881f,"{""d"":5,""p"":0.0017433288221999873,""r"":20}",
      2048,       270,         0,   0.092,chromobius,f2ba857c37b99acdbdabbd7729a18c06f5c9ce331a88c74e26d132ac731fd90a,"{""d"":5,""p"":0.0014873521072935117,""r"":20}",
      2048,       197,         0,   0.077,chromobius,d089d892494894532d29ce46494a4bb57e24731a1a9417b21ad88c66e8dea742,"{""d"":5,""p"":0.0012689610031679222,""r"":20}",
      1024,       191,         0,   0.057,chromobius,01bf2ba3421ddcf4770c10a22661c513cc3986b417af7d3064f454f9044a881f,"{""d"":5,""p"":0.0017433288221999873,""r"":20}",
      4096,       284,         0,   0.157,chromobius,03543bccaa6c9aca1ade1f5f665b1e408f93a4b967ebd7d78bfdb1103f130f7e,"{""d"":5,""p"":0.001082636733874054,""r"":20}",
      1024,       182,         0,   0.058,chromobius,01bf2ba3421ddcf4770c10a22661c513cc3986b417af7d3064f454f9044a881f,"{""d"":5,""p"":0.0017433288221999873,""r"":20}",
      2048,       279,         0,   0.092,chromobius,f2ba857c37b99acdbdabbd7729a18c06f5c9ce331a88c74e26d132ac731fd90a,"{""d"":5,""p"":0.0014873521072935117,""r"":20}",
      1024,       185,         0,   0.056,chromobius,01bf2ba3421ddcf4770c10a22661c513cc3986b417af7d3064f454f9044a881f,"{""d"":5,""p"":0.0017433288221999873,""r"":20}",
      3072,       287,         0,   0.141,chromobius,d089d892494894532d29ce46494a4bb57e24731a1a9417b21ad88c66e8dea742,"{""d"":5,""p"":0.0012689610031679222,""r"":20}",
    199680,      1076,         0,    1.72,chromobius,4b605326b1ef5df3f030b4582af7674d34fee9cb36f929c4a270484be037191a,"{""d"":5,""p"":0.0003039195382313198,""r"":20}",
      3072,       401,         0,   0.138,chromobius,f2ba857c37b99acdbdabbd7729a18c06f5c9ce331a88c74e26d132ac731fd90a,"{""d"":5,""p"":0.0014873521072935117,""r"":20}",
      6144,       458,         0,   0.217,chromobius,03543bccaa6c9aca1ade1f5f665b1e408f93a4b967ebd7d78bfdb1103f130f7e,"{""d"":5,""p"":0.001082636733874054,""r"":20}",
      2048,       393,         0,   0.134,chromobius,01bf2ba3421ddcf4770c10a22661c513cc3986b417af7d3064f454f9044a881f,"{""d"":5,""p"":0.0017433288221999873,""r"":20}",
       273,        65,         0,   0.036,chromobius,d1bd037719b24b4a9c005b0df9e34048adb2b27717801597913096ec04b4ae20,"{""d"":5,""p"":0.0020433597178569417,""r"":20}",
      4096,       405,         0,   0.168,chromobius,d089d892494894532d29ce46494a4bb57e24731a1a9417b21ad88c66e8dea742,"{""d"":5,""p"":0.0012689610031679222,""r"":20}",
      1024,       252,         0,   0.070,chromobius,d1bd037719b24b4a9c005b0df9e34048adb2b27717801597913096ec04b4ae20,"{""d"":5,""p"":0.0020433597178569417,""r"":20}",
      2048,       374,         0,   0.113,chromobius,01bf2ba3421ddcf4770c10a22661c513cc3986b417af7d3064f454f9044a881f,"{""d"":5,""p"":0.0017433288221999873,""r"":20}",
      4096,       572,         0,   0.193,chromobius,f2ba857c37b99acdbdabbd7729a18c06f5c9ce331a88c74e26d132ac731fd90a,"{""d"":5,""p"":0.0014873521072935117,""r"":20}",
      1024,       247,         0,   0.090,chromobius,d1bd037719b24b4a9c005b0df9e34048adb2b27717801597913096ec04b4ae20,"{""d"":5,""p"":0.0020433597178569417,""r"":20}",
      1024,       251,         0,   0.092,chromobius,d1bd037719b24b4a9c005b0df9e34048adb2b27717801597913096ec04b4ae20,"{""d"":5,""p"":0.0020433597178569417,""r"":20}",
      5120,       538,         0,   0.216,chromobius,d089d892494894532d29ce46494a4bb57e24731a1a9417b21ad88c66e8dea742,"{""d"":5,""p"":0.0012689610031679222,""r"":20}",
      3072,       561,         0,   0.168,chromobius,01bf2ba3421ddcf4770c10a22661c513cc3986b417af7d3064f454f9044a881f,"{""d"":5,""p"":0.0017433288221999873,""r"":20}",
      9216,       686,         0,   0.293,chromobius,03543bccaa6c9aca1ade1f5f665b1e408f93a4b967ebd7d78bfdb1103f130f7e,"{""d"":5,""p"":0.001082636733874054,""r"":20}",
      1024,       254,         0,   0.073,chromobius,d1bd037719b24b4a9c005b0df9e34048adb2b27717801597913096ec04b4ae20,"{""d"":5,""p"":0.0020433597178569417,""r"":20}",
      5120,       678,         0,   0.228,chromobius,f2ba857c37b99acdbdabbd7729a18c06f5c9ce331a88c74e26d132ac731fd90a,"{""d"":5,""p"":0.0014873521072935117,""r"":20}",
      1024,       253,         0,   0.077,chromobius,d1bd037719b24b4a9c005b0df9e34048adb2b27717801597913096ec04b4ae20,"{""d"":5,""p"":0.0020433597178569417,""r"":20}",
      4096,       731,         0,   0.223,chromobius,01bf2ba3421ddcf4770c10a22661c513cc3986b417af7d3064f454f9044a881f,"{""d"":5,""p"":0.0017433288221999873,""r"":20}",
      1024,       250,         0,   0.117,chromobius,d1bd037719b24b4a9c005b0df9e34048adb2b27717801597913096ec04b4ae20,"{""d"":5,""p"":0.0020433597178569417,""r"":20}",
      6144,       581,         0,   0.297,chromobius,d089d892494894532d29ce46494a4bb57e24731a1a9417b21ad88c66e8dea742,"{""d"":5,""p"":0.0012689610031679222,""r"":20}",
      2048,       494,         0,   0.144,chromobius,d1bd037719b24b4a9c005b0df9e34048adb2b27717801597913096ec04b4ae20,"{""d"":5,""p"":0.0020433597178569417,""r"":20}",
      7168,       977,         0,   0.320,chromobius,f2ba857c37b99acdbdabbd7729a18c06f5c9ce331a88c74e26d132ac731fd90a,"{""d"":5,""p"":0.0014873521072935117,""r"":20}",
     13312,       981,         0,   0.417,chromobius,03543bccaa6c9aca1ade1f5f665b1e408f93a4b967ebd7d78bfdb1103f130f7e,"{""d"":5,""p"":0.001082636733874054,""r"":20}",
      2048,       479,         0,   0.167,chromobius,d1bd037719b24b4a9c005b0df9e34048adb2b27717801597913096ec04b4ae20,"{""d"":5,""p"":0.0020433597178569417,""r"":20}",
      6144,      1101,         0,   0.329,chromobius,01bf2ba3421ddcf4770c10a22661c513cc3986b417af7d3064f454f9044a881f,"{""d"":5,""p"":0.0017433288221999873,""r"":20}",
      9216,       891,         0,   0.416,chromobius,d089d892494894532d29ce46494a4bb57e24731a1a9417b21ad88c66e8dea742,"{""d"":5,""p"":0.0012689610031679222,""r"":20}",
      3072,       711,         0,   0.246,chromobius,d1bd037719b24b4a9c005b0df9e34048adb2b27717801597913096ec04b4ae20,"{""d"":5,""p"":0.0020433597178569417,""r"":20}",
      5120,       924,         0,   0.273,chromobius,01bf2ba3421ddcf4770c10a22661c513cc3986b417af7d3064f454f9044a881f,"{""d"":5,""p"":0.0017433288221999873,""r"":20}",
      9216,      1272,         0,   0.413,chromobius,f2ba857c37b99acdbdabbd7729a18c06f5c9ce331a88c74e26d132ac731fd90a,"{""d"":5,""p"":0.0014873521072935117,""r"":20}",
       273,        78,         0,   0.024,chromobius,8924904a161077b0f8f4442797dbd68a7df08bace18701fcd9b94ca0465d2cb8,"{""d"":5,""p"":0.002395026619987486,""r"":20}",
    788480,       419,         0,    3.01,chromobius,c59e09c509753ccabd247ebc6b5b168f1ba6a32a8ae9bd481dc2a3a04b740003,"{""d"":5,""p"":0.0001,""r"":20}",
       273,        99,         0,   0.026,chromobius,0cfe468e82324ec3fdcf505cbe84a77b8cca0ee870de830bdca08df082304e0f,"{""d"":5,""p"":0.0028072162039411755,""r"":20}",
    704512,       721,         0,    3.02,chromobius,710f3406543c389f5e517454908c1abb22a353f94c7a3a81ad81132d98e8b41a,"{""d"":5,""p"":0.00013738237958832623,""r"":20}",
    389120,      1125,         0,    3.03,chromobius,94cee2f176a0014fc695cd42431fbb486c066b3195a80362052a1c958e9a12d3,"{""d"":5,""p"":0.000221221629107045,""r"":20}",
    546816,      1065,         0,    3.02,chromobius,b9976db406792aabc4ca2478ecc92ecf5048cc6284bf0bebc216488e9711985c,"{""d"":5,""p"":0.00018873918221350977,""r"":20}",
    382976,      1498,         0,    3.03,chromobius,402f27128e7bf2d998ae3042843beecea5ec8cc7b14ec2aec4de27808e6db62b,"{""d"":5,""p"":0.0002592943797404667,""r"":20}",
    627712,       987,         0,    3.02,chromobius,d46e9b373b68c0815bb9f9e13a505b3286c1f40e4f6e73ddfc2d8f4c3d46d075,"{""d"":5,""p"":0.00016102620275609394,""r"":20}",
      1024,       309,         0,   0.079,chromobius,8924904a161077b0f8f4442797dbd68a7df08bace18701fcd9b94ca0465d2cb8,"{""d"":5,""p"":0.002395026619987486,""r"":20}",
    736256,       561,         0,    3.02,chromobius,1b7366bd9c6d6fdb5a6ee5b8ef5b62aab060346c79e86d6daba3ce8be42707c0,"{""d"":5,""p"":0.00011721022975334806,""r"":20}",
      1024,       378,         0,   0.114,chromobius,0cfe468e82324ec3fdcf505cbe84a77b8cca0ee870de830bdca08df082304e0f,"{""d"":5,""p"":0.0028072162039411755,""r"":20}",
     18432,      1303,         0,   0.595,chromobius,03543bccaa6c9aca1ade1f5f665b1e408f93a4b967ebd7d78bfdb1103f130f7e,"{""d"":5,""p"":0.001082636733874054,""r"":20}",
       273,       111,         0,   0.036,chromobius,f9d697dee454a46008bb44e18ee856b56d80f088e03b6c44b914510f58c3642b,"{""d"":5,""p"":0.0032903445623126675,""r"":20}",
      1024,       294,         0,   0.077,chromobius,8924904a161077b0f8f4442797dbd68a7df08bace18701fcd9b94ca0465d2cb8,"{""d"":5,""p"":0.002395026619987486,""r"":20}",
      1024,       367,         0,   0.104,chromobius,0cfe468e82324ec3fdcf505cbe84a77b8cca0ee870de830bdca08df082304e0f,"{""d"":5,""p"":0.0028072162039411755,""r"":20}",
      1024,       300,         0,   0.077,chromobius,8924904a161077b0f8f4442797dbd68a7df08bace18701fcd9b94ca0465d2cb8,"{""d"":5,""p"":0.002395026619987486,""r"":20}",
      5120,      1206,         0,   0.350,chromobius,d1bd037719b24b4a9c005b0df9e34048adb2b27717801597913096ec04b4ae20,"{""d"":5,""p"":0.0020433597178569417,""r"":20}",
      1024,       444,         0,   0.141,chromobius,f9d697dee454a46008bb44e18ee856b56d80f088e03b6c44b914510f58c3642b,"{""d"":5,""p"":0.0032903445623126675,""r"":20}",
      1024,       310,         0,   0.082,chromobius,8924904a161077b0f8f4442797dbd68a7df08bace18701fcd9b94ca0465d2cb8,"{""d"":5,""p"":0.002395026619987486,""r"":20}",
      6144,       435,         0,   0.223,chromobius,03543bccaa6c9aca1ade1f5f665b1e408f93a4b967ebd7d78bfdb1103f130f7e,"{""d"":5,""p"":0.001082636733874054,""r"":20}",
     13312,      1335,         0,   0.547,chromobius,d089d892494894532d29ce46494a4bb57e24731a1a9417b21ad88c66e8dea742,"{""d"":5,""p"":0.0012689610031679222,""r"":20}",
      1024,       379,         0,   0.143,chromobius,0cfe468e82324ec3fdcf505cbe84a77b8cca0ee870de830bdca08df082304e0f,"{""d"":5,""p"":0.0028072162039411755,""r"":20}",
      1024,       308,         0,   0.081,chromobius,8924904a161077b0f8f4442797dbd68a7df08bace18701fcd9b94ca0465d2cb8,"{""d"":5,""p"":0.002395026619987486,""r"":20}",
      1024,       429,         0,   0.116,chromobius,f9d697dee454a46008bb44e18ee856b56d80f088e03b6c44b914510f58c3642b,"{""d"":5,""p"":0.0032903445623126675,""r"":20}",
       273,       129,         0,   0.037,chromobius,c7d62fb2d27c888dfaaea53fca6bf2ac22bd6d4c06cbcf19be201a2227dee824,"{""d"":5,""p"":0.0038566204211634724,""r"":20}",
      1024,       331,         0,   0.101,chromobius,0cfe468e82324ec3fdcf505cbe84a77b8cca0ee870de830bdca08df082304e0f,"{""d"":5,""p"":0.0028072162039411755,""r"":20}",
      3072,       704,         0,   0.224,chromobius,d1bd037719b24b4a9c005b0df9e34048adb2b27717801597913096ec04b4ae20,"{""d"":5,""p"":0.0020433597178569417,""r"":20}",
      3072,       284,         0,   0.115,chromobius,d089d892494894532d29ce46494a4bb57e24731a1a9417b21ad88c66e8dea742,"{""d"":5,""p"":0.0012689610031679222,""r"":20}",
      1024,       272,         0,   0.095,chromobius,8924904a161077b0f8f4442797dbd68a7df08bace18701fcd9b94ca0465d2cb8,"{""d"":5,""p"":0.002395026619987486,""r"":20}",
      1024,       424,         0,   0.110,chromobius,f9d697dee454a46008bb44e18ee856b56d80f088e03b6c44b914510f58c3642b,"{""d"":5,""p"":0.0032903445623126675,""r"":20}",
      1024,       383,         0,   0.092,chromobius,0cfe468e82324ec3fdcf505cbe84a77b8cca0ee870de830bdca08df082304e0f,"{""d"":5,""p"":0.0028072162039411755,""r"":20}",
       273,       134,         0,   0.055,chromobius,ed46d6e942f3fa0b3a0c0f78a64ffb3e762baf39c5b2c631c139f2715ac25da9,"{""d"":5,""p"":0.004520353656360241,""r"":20}",
      1024,       451,         0,   0.131,chromobius,c7d62fb2d27c888dfaaea53fca6bf2ac22bd6d4c06cbcf19be201a2227dee824,"{""d"":5,""p"":0.0038566204211634724,""r"":20}",
      1024,       410,         0,   0.111,chromobius,f9d697dee454a46008bb44e18ee856b56d80f088e03b6c44b914510f58c3642b,"{""d"":5,""p"":0.0032903445623126675,""r"":20}",
       273,       129,         0,   0.056,chromobius,c8f9798a6a968c2a7ef1a1b71acdbb40447d776564b058363e91ba7a3f083c21,"{""d"":5,""p"":0.005298316906283708,""r"":20}",
      1024,       379,         0,   0.092,chromobius,0cfe468e82324ec3fdcf505cbe84a77b8cca0ee870de830bdca08df082304e0f,"{""d"":5,""p"":0.0028072162039411755,""r"":20}",
      2048,       606,         0,   0.166,chromobius,8924904a161077b0f8f4442797dbd68a7df08bace18701fcd9b94ca0465d2cb8,"{""d"":5,""p"":0.002395026619987486,""r"":20}",
      1024,       465,         0,   0.135,chromobius,c7d62fb2d27c888dfaaea53fca6bf2ac22bd6d4c06cbcf19be201a2227dee824,"{""d"":5,""p"":0.0038566204211634724,""r"":20}",
      1024,       404,         0,   0.109,chromobius,f9d697dee454a46008bb44e18ee856b56d80f088e03b6c44b914510f58c3642b,"{""d"":5,""p"":0.0032903445623126675,""r"":20}",
      1024,       477,         0,   0.166,chromobius,ed46d6e942f3fa0b3a0c0f78a64ffb3e762baf39c5b2c631c139f2715ac25da9,"{""d"":5,""p"":0.004520353656360241,""r"":20}",
      2048,       561,         0,   0.155,chromobius,8924904a161077b0f8f4442797dbd68a7df08bace18701fcd9b94ca0465d2cb8,"{""d"":5,""p"":0.002395026619987486,""r"":20}",
      2048,       742,         0,   0.184,chromobius,0cfe468e82324ec3fdcf505cbe84a77b8cca0ee870de830bdca08df082304e0f,"{""d"":5,""p"":0.0028072162039411755,""r"":20}",
      1024,       415,         0,   0.110,chromobius,f9d697dee454a46008bb44e18ee856b56d80f088e03b6c44b914510f58c3642b,"{""d"":5,""p"":0.0032903445623126675,""r"":20}",
      1024,       502,         0,   0.219,chromobius,c8f9798a6a968c2a7ef1a1b71acdbb40447d776564b058363e91ba7a3f083c21,"{""d"":5,""p"":0.005298316906283708,""r"":20}",
      1024,       493,         0,   0.137,chromobius,c7d62fb2d27c888dfaaea53fca6bf2ac22bd6d4c06cbcf19be201a2227dee824,"{""d"":5,""p"":0.0038566204211634724,""r"":20}",
      1024,       426,         0,   0.112,chromobius,f9d697dee454a46008bb44e18ee856b56d80f088e03b6c44b914510f58c3642b,"{""d"":5,""p"":0.0032903445623126675,""r"":20}",
      1024,       465,         0,   0.129,chromobius,c7d62fb2d27c888dfaaea53fca6bf2ac22bd6d4c06cbcf19be201a2227dee824,"{""d"":5,""p"":0.0038566204211634724,""r"":20}",
      1024,       474,         0,   0.241,chromobius,ed46d6e942f3fa0b3a0c0f78a64ffb3e762baf39c5b2c631c139f2715ac25da9,"{""d"":5,""p"":0.004520353656360241,""r"":20}",
      2048,       724,         0,   0.187,chromobius,0cfe468e82324ec3fdcf505cbe84a77b8cca0ee870de830bdca08df082304e0f,"{""d"":5,""p"":0.0028072162039411755,""r"":20}",
      1024,       503,         0,   0.185,chromobius,c8f9798a6a968c2a7ef1a1b71acdbb40447d776564b058363e91ba7a3f083c21,"{""d"":5,""p"":0.005298316906283708,""r"":20}",
      3072,       915,         0,   0.236,chromobius,8924904a161077b0f8f4442797dbd68a7df08bace18701fcd9b94ca0465d2cb8,"{""d"":5,""p"":0.002395026619987486,""r"":20}",
      1024,       447,         0,   0.130,chromobius,c7d62fb2d27c888dfaaea53fca6bf2ac22bd6d4c06cbcf19be201a2227dee824,"{""d"":5,""p"":0.0038566204211634724,""r"":20}",
      2048,       859,         0,   0.229,chromobius,f9d697dee454a46008bb44e18ee856b56d80f088e03b6c44b914510f58c3642b,"{""d"":5,""p"":0.0032903445623126675,""r"":20}",
      1024,       504,         0,   0.228,chromobius,ed46d6e942f3fa0b3a0c0f78a64ffb3e762baf39c5b2c631c139f2715ac25da9,"{""d"":5,""p"":0.004520353656360241,""r"":20}",
      1024,       480,         0,   0.130,chromobius,c7d62fb2d27c888dfaaea53fca6bf2ac22bd6d4c06cbcf19be201a2227dee824,"{""d"":5,""p"":0.0038566204211634724,""r"":20}",
      1024,       513,         0,   0.215,chromobius,c8f9798a6a968c2a7ef1a1b71acdbb40447d776564b058363e91ba7a3f083c21,"{""d"":5,""p"":0.005298316906283708,""r"":20}",
      3072,      1127,         0,   0.282,chromobius,0cfe468e82324ec3fdcf505cbe84a77b8cca0ee870de830bdca08df082304e0f,"{""d"":5,""p"":0.0028072162039411755,""r"":20}",
      4096,      1230,         0,   0.311,chromobius,8924904a161077b0f8f4442797dbd68a7df08bace18701fcd9b94ca0465d2cb8,"{""d"":5,""p"":0.002395026619987486,""r"":20}",
      1024,       470,         0,   0.130,chromobius,c7d62fb2d27c888dfaaea53fca6bf2ac22bd6d4c06cbcf19be201a2227dee824,"{""d"":5,""p"":0.0038566204211634724,""r"":20}",
      1024,       492,         0,   0.183,chromobius,ed46d6e942f3fa0b3a0c0f78a64ffb3e762baf39c5b2c631c139f2715ac25da9,"{""d"":5,""p"":0.004520353656360241,""r"":20}",
      1024,       358,         0,   0.093,chromobius,0cfe468e82324ec3fdcf505cbe84a77b8cca0ee870de830bdca08df082304e0f,"{""d"":5,""p"":0.0028072162039411755,""r"":20}",
      2048,       817,         0,   0.222,chromobius,f9d697dee454a46008bb44e18ee856b56d80f088e03b6c44b914510f58c3642b,"{""d"":5,""p"":0.0032903445623126675,""r"":20}",
      1024,       505,         0,   0.201,chromobius,c8f9798a6a968c2a7ef1a1b71acdbb40447d776564b058363e91ba7a3f083c21,"{""d"":5,""p"":0.005298316906283708,""r"":20}",
       273,       136,         0,   0.071,chromobius,0f02493cf091bd8735c7c738bd8c8abf243467e108fad77f94096c552b00fcdd,"{""d"":5,""p"":0.006210169418915616,""r"":20}",
      1024,       435,         0,   0.132,chromobius,f9d697dee454a46008bb44e18ee856b56d80f088e03b6c44b914510f58c3642b,"{""d"":5,""p"":0.0032903445623126675,""r"":20}",
       273,       140,         0,   0.071,chromobius,de45bf4c1e5bb9f4dc69e4cf407a36abe99027386c2e749502f6da82f42bae78,"{""d"":5,""p"":0.007278953843983146,""r"":20}",
      1024,       483,         0,   0.155,chromobius,ed46d6e942f3fa0b3a0c0f78a64ffb3e762baf39c5b2c631c139f2715ac25da9,"{""d"":5,""p"":0.004520353656360241,""r"":20}",
      1024,       495,         0,   0.178,chromobius,c8f9798a6a968c2a7ef1a1b71acdbb40447d776564b058363e91ba7a3f083c21,"{""d"":5,""p"":0.005298316906283708,""r"":20}",
      2048,       909,         0,   0.301,chromobius,c7d62fb2d27c888dfaaea53fca6bf2ac22bd6d4c06cbcf19be201a2227dee824,"{""d"":5,""p"":0.0038566204211634724,""r"":20}",
       273,       161,         0,   0.085,chromobius,69686fe5a11ada2276283733d931c5285c5b8060848d92f97eb1590fd75d3ec0,"{""d"":5,""p"":0.008531678524172805,""r"":20}",
      1024,       519,         0,   0.156,chromobius,ed46d6e942f3fa0b3a0c0f78a64ffb3e762baf39c5b2c631c139f2715ac25da9,"{""d"":5,""p"":0.004520353656360241,""r"":20}",
      1024,       501,         0,   0.247,chromobius,0f02493cf091bd8735c7c738bd8c8abf243467e108fad77f94096c552b00fcdd,"{""d"":5,""p"":0.006210169418915616,""r"":20}",
      1024,       495,         0,   0.185,chromobius,c8f9798a6a968c2a7ef1a1b71acdbb40447d776564b058363e91ba7a3f083c21,"{""d"":5,""p"":0.005298316906283708,""r"":20}",
      1024,       452,         0,   0.152,chromobius,ed46d6e942f3fa0b3a0c0f78a64ffb3e762baf39c5b2c631c139f2715ac25da9,"{""d"":5,""p"":0.004520353656360241,""r"":20}",
      1024,       514,         0,   0.316,chromobius,de45bf4c1e5bb9f4dc69e4cf407a36abe99027386c2e749502f6da82f42bae78,"{""d"":5,""p"":0.007278953843983146,""r"":20}",
      1024,       478,         0,   0.181,chromobius,c8f9798a6a968c2a7ef1a1b71acdbb40447d776564b058363e91ba7a3f083c21,"{""d"":5,""p"":0.005298316906283708,""r"":20}",
      1024,       516,         0,   0.309,chromobius,69686fe5a11ada2276283733d931c5285c5b8060848d92f97eb1590fd75d3ec0,"{""d"":5,""p"":0.008531678524172805,""r"":20}",
      1024,       485,         0,   0.155,chromobius,ed46d6e942f3fa0b3a0c0f78a64ffb3e762baf39c5b2c631c139f2715ac25da9,"{""d"":5,""p"":0.004520353656360241,""r"":20}",
      2048,       973,         0,   0.347,chromobius,c7d62fb2d27c888dfaaea53fca6bf2ac22bd6d4c06cbcf19be201a2227dee824,"{""d"":5,""p"":0.0038566204211634724,""r"":20}",
      1024,       537,         0,   0.272,chromobius,0f02493cf091bd8735c7c738bd8c8abf243467e108fad77f94096c552b00fcdd,"{""d"":5,""p"":0.006210169418915616,""r"":20}",
        17,         8,         0,   0.013,chromobius,72e38ead9319adc4c7d8aa39cef38410ae727b8c5caa68ddf44d8c433336f36f,"{""d"":5,""p"":0.01,""r"":20}",
      1024,       538,         0,   0.294,chromobius,de45bf4c1e5bb9f4dc69e4cf407a36abe99027386c2e749502f6da82f42bae78,"{""d"":5,""p"":0.007278953843983146,""r"":20}",
       256,       123,         0,   0.078,chromobius,72e38ead9319adc4c7d8aa39cef38410ae727b8c5caa68ddf44d8c433336f36f,"{""d"":5,""p"":0.01,""r"":20}",
    302080,       861,         0,    2.15,chromobius,94cee2f176a0014fc695cd42431fbb486c066b3195a80362052a1c958e9a12d3,"{""d"":5,""p"":0.000221221629107045,""r"":20}",
      1024,       526,         0,   0.197,chromobius,c8f9798a6a968c2a7ef1a1b71acdbb40447d776564b058363e91ba7a3f083c21,"{""d"":5,""p"":0.005298316906283708,""r"":20}",
      1024,       519,         0,   0.220,chromobius,0f02493cf091bd8735c7c738bd8c8abf243467e108fad77f94096c552b00fcdd,"{""d"":5,""p"":0.006210169418915616,""r"":20}",
      1297,         0,         0,   0.018,chromobius,c231a2c617033823668e2229d87e3313af9499a902dd252c02b0c6c5a73551b9,"{""d"":7,""p"":0.0001,""r"":28}",
      1024,       516,         0,   0.312,chromobius,69686fe5a11ada2276283733d931c5285c5b8060848d92f97eb1590fd75d3ec0,"{""d"":5,""p"":0.008531678524172805,""r"":20}",
      2048,       983,         0,   0.318,chromobius,ed46d6e942f3fa0b3a0c0f78a64ffb3e762baf39c5b2c631c139f2715ac25da9,"{""d"":5,""p"":0.004520353656360241,""r"":20}",
      2048,         0,         0,   0.019,chromobius,c231a2c617033823668e2229d87e3313af9499a902dd252c02b0c6c5a73551b9,"{""d"":7,""p"":0.0001,""r"":28}",
      2048,         0,         0,   0.021,chromobius,c231a2c617033823668e2229d87e3313af9499a902dd252c02b0c6c5a73551b9,"{""d"":7,""p"":0.0001,""r"":28}",
      2048,         0,         0,   0.042,chromobius,c231a2c617033823668e2229d87e3313af9499a902dd252c02b0c6c5a73551b9,"{""d"":7,""p"":0.0001,""r"":28}",
      1024,       504,         0,   0.243,chromobius,de45bf4c1e5bb9f4dc69e4cf407a36abe99027386c2e749502f6da82f42bae78,"{""d"":5,""p"":0.007278953843983146,""r"":20}",
      4096,         2,         0,   0.042,chromobius,c231a2c617033823668e2229d87e3313af9499a902dd252c02b0c6c5a73551b9,"{""d"":7,""p"":0.0001,""r"":28}",
      1297,         1,         0,   0.019,chromobius,e237c3fe94c11a918b39f51cae3a6e363feef7644e7f0baa16aca32c95b765b6,"{""d"":7,""p"":0.00011721022975334806,""r"":28}",
      2048,         0,         0,   0.023,chromobius,e237c3fe94c11a918b39f51cae3a6e363feef7644e7f0baa16aca32c95b765b6,"{""d"":7,""p"":0.00011721022975334806,""r"":28}",
      5120,         1,         0,   0.064,chromobius,c231a2c617033823668e2229d87e3313af9499a902dd252c02b0c6c5a73551b9,"{""d"":7,""p"":0.0001,""r"":28}",
      1024,       483,         0,   0.273,chromobius,0f02493cf091bd8735c7c738bd8c8abf243467e108fad77f94096c552b00fcdd,"{""d"":5,""p"":0.006210169418915616,""r"":20}",
      2048,         0,         0,   0.027,chromobius,e237c3fe94c11a918b39f51cae3a6e363feef7644e7f0baa16aca32c95b765b6,"{""d"":7,""p"":0.00011721022975334806,""r"":28}",
      2048,       997,         0,   0.364,chromobius,c8f9798a6a968c2a7ef1a1b71acdbb40447d776564b058363e91ba7a3f083c21,"{""d"":5,""p"":0.005298316906283708,""r"":20}",
      1024,       514,         0,   0.377,chromobius,72e38ead9319adc4c7d8aa39cef38410ae727b8c5caa68ddf44d8c433336f36f,"{""d"":5,""p"":0.01,""r"":20}",
      3072,         0,         0,   0.035,chromobius,e237c3fe94c11a918b39f51cae3a6e363feef7644e7f0baa16aca32c95b765b6,"{""d"":7,""p"":0.00011721022975334806,""r"":28}",
      6144,         2,         0,   0.081,chromobius,c231a2c617033823668e2229d87e3313af9499a902dd252c02b0c6c5a73551b9,"{""d"":7,""p"":0.0001,""r"":28}",
      1024,       504,         0,   0.274,chromobius,69686fe5a11ada2276283733d931c5285c5b8060848d92f97eb1590fd75d3ec0,"{""d"":5,""p"":0.008531678524172805,""r"":20}",
      4096,         1,         0,   0.048,chromobius,e237c3fe94c11a918b39f51cae3a6e363feef7644e7f0baa16aca32c95b765b6,"{""d"":7,""p"":0.00011721022975334806,""r"":28}",
      1024,       523,         0,   0.245,chromobius,de45bf4c1e5bb9f4dc69e4cf407a36abe99027386c2e749502f6da82f42bae78,"{""d"":5,""p"":0.007278953843983146,""r"":20}",
      2048,         0,         0,   0.053,chromobius,e237c3fe94c11a918b39f51cae3a6e363feef7644e7f0baa16aca32c95b765b6,"{""d"":7,""p"":0.00011721022975334806,""r"":28}",
      1297,         2,         0,   0.048,chromobius,4a36b7e21a3f27d16a040063e2c5deb44e611e0ee373e0558f774b06c456436f,"{""d"":7,""p"":0.00013738237958832623,""r"":28}",
     11264,         2,         0,   0.105,chromobius,c231a2c617033823668e2229d87e3313af9499a902dd252c02b0c6c5a73551b9,"{""d"":7,""p"":0.0001,""r"":28}",
      1024,         0,         0,   0.014,chromobius,4a36b7e21a3f27d16a040063e2c5deb44e611e0ee373e0558f774b06c456436f,"{""d"":7,""p"":0.00013738237958832623,""r"":28}",
      2048,         1,         0,   0.032,chromobius,4a36b7e21a3f27d16a040063e2c5deb44e611e0ee373e0558f774b06c456436f,"{""d"":7,""p"":0.00013738237958832623,""r"":28}",
      6144,         3,         0,   0.084,chromobius,e237c3fe94c11a918b39f51cae3a6e363feef7644e7f0baa16aca32c95b765b6,"{""d"":7,""p"":0.00011721022975334806,""r"":28}",
      2048,         3,         0,   0.034,chromobius,4a36b7e21a3f27d16a040063e2c5deb44e611e0ee373e0558f774b06c456436f,"{""d"":7,""p"":0.00013738237958832623,""r"":28}",
      1024,       498,         0,   0.252,chromobius,0f02493cf091bd8735c7c738bd8c8abf243467e108fad77f94096c552b00fcdd,"{""d"":5,""p"":0.006210169418915616,""r"":20}",
      2048,         1,         0,   0.047,chromobius,4a36b7e21a3f27d16a040063e2c5deb44e611e0ee373e0558f774b06c456436f,"{""d"":7,""p"":0.00013738237958832623,""r"":28}",
     15360,         3,         0,   0.154,chromobius,c231a2c617033823668e2229d87e3313af9499a902dd252c02b0c6c5a73551b9,"{""d"":7,""p"":0.0001,""r"":28}",
      7168,         3,         0,   0.112,chromobius,e237c3fe94c11a918b39f51cae3a6e363feef7644e7f0baa16aca32c95b765b6,"{""d"":7,""p"":0.00011721022975334806,""r"":28}",
      1024,       516,         0,   0.280,chromobius,69686fe5a11ada2276283733d931c5285c5b8060848d92f97eb1590fd75d3ec0,"{""d"":5,""p"":0.008531678524172805,""r"":20}",
      4096,         1,         0,   0.062,chromobius,4a36b7e21a3f27d16a040063e2c5deb44e611e0ee373e0558f774b06c456436f,"{""d"":7,""p"":0.00013738237958832623,""r"":28}",
      1024,       540,         0,   0.249,chromobius,de45bf4c1e5bb9f4dc69e4cf407a36abe99027386c2e749502f6da82f42bae78,"{""d"":5,""p"":0.007278953843983146,""r"":20}",
      1024,       492,         0,   0.380,chromobius,72e38ead9319adc4c7d8aa39cef38410ae727b8c5caa68ddf44d8c433336f36f,"{""d"":5,""p"":0.01,""r"":20}",
      4096,         0,         0,   0.083,chromobius,4a36b7e21a3f27d16a040063e2c5deb44e611e0ee373e0558f774b06c456436f,"{""d"":7,""p"":0.00013738237958832623,""r"":28}",
     11264,         3,         0,   0.161,chromobius,e237c3fe94c11a918b39f51cae3a6e363feef7644e7f0baa16aca32c95b765b6,"{""d"":7,""p"":0.00011721022975334806,""r"":28}",
      1024,       493,         0,   0.281,chromobius,0f02493cf091bd8735c7c738bd8c8abf243467e108fad77f94096c552b00fcdd,"{""d"":5,""p"":0.006210169418915616,""r"":20}",
     22528,         6,         0,   0.213,chromobius,c231a2c617033823668e2229d87e3313af9499a902dd252c02b0c6c5a73551b9,"{""d"":7,""p"":0.0001,""r"":28}",
      8192,         1,         0,   0.117,chromobius,4a36b7e21a3f27d16a040063e2c5deb44e611e0ee373e0558f774b06c456436f,"{""d"":7,""p"":0.00013738237958832623,""r"":28}",
      1024,       526,         0,   0.244,chromobius,de45bf4c1e5bb9f4dc69e4cf407a36abe99027386c2e749502f6da82f42bae78,"{""d"":5,""p"":0.007278953843983146,""r"":20}",
      1024,       495,         0,   0.278,chromobius,69686fe5a11ada2276283733d931c5285c5b8060848d92f97eb1590fd75d3ec0,"{""d"":5,""p"":0.008531678524172805,""r"":20}",
     15360,         1,         0,   0.211,chromobius,e237c3fe94c11a918b39f51cae3a6e363feef7644e7f0baa16aca32c95b765b6,"{""d"":7,""p"":0.00011721022975334806,""r"":28}",
      9216,         3,         0,   0.157,chromobius,4a36b7e21a3f27d16a040063e2c5deb44e611e0ee373e0558f774b06c456436f,"{""d"":7,""p"":0.00013738237958832623,""r"":28}",
      1024,       502,         0,   0.393,chromobius,72e38ead9319adc4c7d8aa39cef38410ae727b8c5caa68ddf44d8c433336f36f,"{""d"":5,""p"":0.01,""r"":20}",
      1024,       513,         0,   0.277,chromobius,0f02493cf091bd8735c7c738bd8c8abf243467e108fad77f94096c552b00fcdd,"{""d"":5,""p"":0.006210169418915616,""r"":20}",
     29696,         6,         0,   0.293,chromobius,c231a2c617033823668e2229d87e3313af9499a902dd252c02b0c6c5a73551b9,"{""d"":7,""p"":0.0001,""r"":28}",
      1024,       526,         0,   0.247,chromobius,de45bf4c1e5bb9f4dc69e4cf407a36abe99027386c2e749502f6da82f42bae78,"{""d"":5,""p"":0.007278953843983146,""r"":20}",
      1024,       507,         0,   0.278,chromobius,69686fe5a11ada2276283733d931c5285c5b8060848d92f97eb1590fd75d3ec0,"{""d"":5,""p"":0.008531678524172805,""r"":20}",
     14336,         5,         0,   0.208,chromobius,4a36b7e21a3f27d16a040063e2c5deb44e611e0ee373e0558f774b06c456436f,"{""d"":7,""p"":0.00013738237958832623,""r"":28}",
     25600,        14,         0,   0.296,chromobius,e237c3fe94c11a918b39f51cae3a6e363feef7644e7f0baa16aca32c95b765b6,"{""d"":7,""p"":0.00011721022975334806,""r"":28}",
      1024,       495,         0,   0.220,chromobius,0f02493cf091bd8735c7c738bd8c8abf243467e108fad77f94096c552b00fcdd,"{""d"":5,""p"":0.006210169418915616,""r"":20}",
      1024,       511,         0,   0.247,chromobius,de45bf4c1e5bb9f4dc69e4cf407a36abe99027386c2e749502f6da82f42bae78,"{""d"":5,""p"":0.007278953843983146,""r"":20}",
      1024,       504,         0,   0.312,chromobius,72e38ead9319adc4c7d8aa39cef38410ae727b8c5caa68ddf44d8c433336f36f,"{""d"":5,""p"":0.01,""r"":20}",
      1024,       516,         0,   0.280,chromobius,69686fe5a11ada2276283733d931c5285c5b8060848d92f97eb1590fd75d3ec0,"{""d"":5,""p"":0.008531678524172805,""r"":20}",
     23552,         7,         0,   0.294,chromobius,4a36b7e21a3f27d16a040063e2c5deb44e611e0ee373e0558f774b06c456436f,"{""d"":7,""p"":0.00013738237958832623,""r"":28}",
     35840,         9,         0,   0.408,chromobius,c231a2c617033823668e2229d87e3313af9499a902dd252c02b0c6c5a73551b9,"{""d"":7,""p"":0.0001,""r"":28}",
      1024,       501,         0,   0.215,chromobius,0f02493cf091bd8735c7c738bd8c8abf243467e108fad77f94096c552b00fcdd,"{""d"":5,""p"":0.006210169418915616,""r"":20}",
      1024,       533,         0,   0.243,chromobius,de45bf4c1e5bb9f4dc69e4cf407a36abe99027386c2e749502f6da82f42bae78,"{""d"":5,""p"":0.007278953843983146,""r"":20}",
     36864,        10,         0,   0.410,chromobius,e237c3fe94c11a918b39f51cae3a6e363feef7644e7f0baa16aca32c95b765b6,"{""d"":7,""p"":0.00011721022975334806,""r"":28}",
    692224,      1383,         0,    3.90,chromobius,b9976db406792aabc4ca2478ecc92ecf5048cc6284bf0bebc216488e9711985c,"{""d"":5,""p"":0.00018873918221350977,""r"":20}",
      1024,       513,         0,   0.318,chromobius,72e38ead9319adc4c7d8aa39cef38410ae727b8c5caa68ddf44d8c433336f36f,"{""d"":5,""p"":0.01,""r"":20}",
      1024,       501,         0,   0.277,chromobius,69686fe5a11ada2276283733d931c5285c5b8060848d92f97eb1590fd75d3ec0,"{""d"":5,""p"":0.008531678524172805,""r"":20}",
      1024,       500,         0,   0.228,chromobius,0f02493cf091bd8735c7c738bd8c8abf243467e108fad77f94096c552b00fcdd,"{""d"":5,""p"":0.006210169418915616,""r"":20}",
      1297,         0,         0,   0.023,chromobius,ead362d2e561f309859baf28e940191a512d296dfeaf9fa95a8acab020214138,"{""d"":7,""p"":0.00016102620275609394,""r"":28}",
      1024,         0,         0,   0.016,chromobius,ead362d2e561f309859baf28e940191a512d296dfeaf9fa95a8acab020214138,"{""d"":7,""p"":0.00016102620275609394,""r"":28}",
      1297,         1,         0,   0.026,chromobius,4379df360ef72cd398a33dfd12c2aa2910be0cc966516b227a32b869053e1f71,"{""d"":7,""p"":0.00018873918221350977,""r"":28}",
      2048,         2,         0,   0.031,chromobius,ead362d2e561f309859baf28e940191a512d296dfeaf9fa95a8acab020214138,"{""d"":7,""p"":0.00016102620275609394,""r"":28}",
      1024,       530,         0,   0.245,chromobius,de45bf4c1e5bb9f4dc69e4cf407a36abe99027386c2e749502f6da82f42bae78,"{""d"":5,""p"":0.007278953843983146,""r"":20}",
      1024,         0,         0,   0.018,chromobius,4379df360ef72cd398a33dfd12c2aa2910be0cc966516b227a32b869053e1f71,"{""d"":7,""p"":0.00018873918221350977,""r"":28}",
     29696,         7,         0,   0.406,chromobius,4a36b7e21a3f27d16a040063e2c5deb44e611e0ee373e0558f774b06c456436f,"{""d"":7,""p"":0.00013738237958832623,""r"":28}",
      2048,         1,         0,   0.032,chromobius,ead362d2e561f309859baf28e940191a512d296dfeaf9fa95a8acab020214138,"{""d"":7,""p"":0.00016102620275609394,""r"":28}",
      1024,         0,         0,   0.020,chromobius,4379df360ef72cd398a33dfd12c2aa2910be0cc966516b227a32b869053e1f71,"{""d"":7,""p"":0.00018873918221350977,""r"":28}",
      3072,         2,         0,   0.049,chromobius,ead362d2e561f309859baf28e940191a512d296dfeaf9fa95a8acab020214138,"{""d"":7,""p"":0.00016102620275609394,""r"":28}",
      2048,         2,         0,   0.061,chromobius,4379df360ef72cd398a33dfd12c2aa2910be0cc966516b227a32b869053e1f71,"{""d"":7,""p"":0.00018873918221350977,""r"":28}",
      1297,         0,         0,   0.027,chromobius,4c19e83f76f32eec0db52a2822374ef7f4dc006a26cea33b54a6950661613d2a,"{""d"":7,""p"":0.000221221629107045,""r"":28}",
      4096,         1,         0,   0.062,chromobius,ead362d2e561f309859baf28e940191a512d296dfeaf9fa95a8acab020214138,"{""d"":7,""p"":0.00016102620275609394,""r"":28}",
      2048,         2,         0,   0.050,chromobius,4379df360ef72cd398a33dfd12c2aa2910be0cc966516b227a32b869053e1f71,"{""d"":7,""p"":0.00018873918221350977,""r"":28}",
      1024,       509,         0,   0.285,chromobius,69686fe5a11ada2276283733d931c5285c5b8060848d92f97eb1590fd75d3ec0,"{""d"":5,""p"":0.008531678524172805,""r"":20}",
   1195008,       633,         0,    4.21,chromobius,c59e09c509753ccabd247ebc6b5b168f1ba6a32a8ae9bd481dc2a3a04b740003,"{""d"":5,""p"":0.0001,""r"":20}",
      1024,         3,         0,   0.019,chromobius,4c19e83f76f32eec0db52a2822374ef7f4dc006a26cea33b54a6950661613d2a,"{""d"":7,""p"":0.000221221629107045,""r"":28}",
    896000,      1004,         0,    4.23,chromobius,710f3406543c389f5e517454908c1abb22a353f94c7a3a81ad81132d98e8b41a,"{""d"":5,""p"":0.00013738237958832623,""r"":20}",
      1024,         2,         0,   0.020,chromobius,4c19e83f76f32eec0db52a2822374ef7f4dc006a26cea33b54a6950661613d2a,"{""d"":7,""p"":0.000221221629107045,""r"":28}",
      1024,       463,         0,   0.344,chromobius,72e38ead9319adc4c7d8aa39cef38410ae727b8c5caa68ddf44d8c433336f36f,"{""d"":5,""p"":0.01,""r"":20}",
    869376,      1255,         0,    4.23,chromobius,d46e9b373b68c0815bb9f9e13a505b3286c1f40e4f6e73ddfc2d8f4c3d46d075,"{""d"":5,""p"":0.00016102620275609394,""r"":20}",
      3072,         3,         0,   0.057,chromobius,4379df360ef72cd398a33dfd12c2aa2910be0cc966516b227a32b869053e1f71,"{""d"":7,""p"":0.00018873918221350977,""r"":28}",
      2048,         3,         0,   0.039,chromobius,4c19e83f76f32eec0db52a2822374ef7f4dc006a26cea33b54a6950661613d2a,"{""d"":7,""p"":0.000221221629107045,""r"":28}",
     51200,         8,         0,   0.567,chromobius,c231a2c617033823668e2229d87e3313af9499a902dd252c02b0c6c5a73551b9,"{""d"":7,""p"":0.0001,""r"":28}",
      5120,         0,         0,   0.077,chromobius,ead362d2e561f309859baf28e940191a512d296dfeaf9fa95a8acab020214138,"{""d"":7,""p"":0.00016102620275609394,""r"":28}",
   1054720,       795,         0,    4.21,chromobius,1b7366bd9c6d6fdb5a6ee5b8ef5b62aab060346c79e86d6daba3ce8be42707c0,"{""d"":5,""p"":0.00011721022975334806,""r"":20}",
      2048,         3,         0,   0.040,chromobius,4c19e83f76f32eec0db52a2822374ef7f4dc006a26cea33b54a6950661613d2a,"{""d"":7,""p"":0.000221221629107045,""r"":28}",
      4096,         1,         0,   0.087,chromobius,4379df360ef72cd398a33dfd12c2aa2910be0cc966516b227a32b869053e1f71,"{""d"":7,""p"":0.00018873918221350977,""r"":28}",
      3072,         6,         0,   0.061,chromobius,4c19e83f76f32eec0db52a2822374ef7f4dc006a26cea33b54a6950661613d2a,"{""d"":7,""p"":0.000221221629107045,""r"":28}",
      7168,         4,         0,   0.116,chromobius,ead362d2e561f309859baf28e940191a512d296dfeaf9fa95a8acab020214138,"{""d"":7,""p"":0.00016102620275609394,""r"":28}",
     44032,        12,         0,   0.565,chromobius,e237c3fe94c11a918b39f51cae3a6e363feef7644e7f0baa16aca32c95b765b6,"{""d"":7,""p"":0.00011721022975334806,""r"":28}",
      4096,         3,         0,   0.080,chromobius,4c19e83f76f32eec0db52a2822374ef7f4dc006a26cea33b54a6950661613d2a,"{""d"":7,""p"":0.000221221629107045,""r"":28}",
      5120,         4,         0,   0.124,chromobius,4379df360ef72cd398a33dfd12c2aa2910be0cc966516b227a32b869053e1f71,"{""d"":7,""p"":0.00018873918221350977,""r"":28}",
      1024,       456,         0,   0.284,chromobius,69686fe5a11ada2276283733d931c5285c5b8060848d92f97eb1590fd75d3ec0,"{""d"":5,""p"":0.008531678524172805,""r"":20}",
     10240,         1,         0,   0.157,chromobius,ead362d2e561f309859baf28e940191a512d296dfeaf9fa95a8acab020214138,"{""d"":7,""p"":0.00016102620275609394,""r"":28}",
      5120,         7,         0,   0.128,chromobius,4c19e83f76f32eec0db52a2822374ef7f4dc006a26cea33b54a6950661613d2a,"{""d"":7,""p"":0.000221221629107045,""r"":28}",
      1024,       501,         0,   0.382,chromobius,72e38ead9319adc4c7d8aa39cef38410ae727b8c5caa68ddf44d8c433336f36f,"{""d"":5,""p"":0.01,""r"":20}",
      8192,         8,         0,   0.150,chromobius,4379df360ef72cd398a33dfd12c2aa2910be0cc966516b227a32b869053e1f71,"{""d"":7,""p"":0.00018873918221350977,""r"":28}",
      1297,         3,         0,   0.041,chromobius,9d5ae15aed89a7201e4b85a900d908f1f0e4101735835a12ca6ed03d8fc1a459,"{""d"":7,""p"":0.0002592943797404667,""r"":28}",
     41984,        17,         0,   0.569,chromobius,4a36b7e21a3f27d16a040063e2c5deb44e611e0ee373e0558f774b06c456436f,"{""d"":7,""p"":0.00013738237958832623,""r"":28}",
      1024,         2,         0,   0.023,chromobius,9d5ae15aed89a7201e4b85a900d908f1f0e4101735835a12ca6ed03d8fc1a459,"{""d"":7,""p"":0.0002592943797404667,""r"":28}",
      1024,         0,         0,   0.023,chromobius,9d5ae15aed89a7201e4b85a900d908f1f0e4101735835a12ca6ed03d8fc1a459,"{""d"":7,""p"":0.0002592943797404667,""r"":28}",
      7168,         7,         0,   0.155,chromobius,4c19e83f76f32eec0db52a2822374ef7f4dc006a26cea33b54a6950661613d2a,"{""d"":7,""p"":0.000221221629107045,""r"":28}",
      2048,         3,         0,   0.046,chromobius,9d5ae15aed89a7201e4b85a900d908f1f0e4101735835a12ca6ed03d8fc1a459,"{""d"":7,""p"":0.0002592943797404667,""r"":28}",
     11264,         5,         0,   0.209,chromobius,ead362d2e561f309859baf28e940191a512d296dfeaf9fa95a8acab020214138,"{""d"":7,""p"":0.00016102620275609394,""r"":28}",
      2048,         2,         0,   0.048,chromobius,9d5ae15aed89a7201e4b85a900d908f1f0e4101735835a12ca6ed03d8fc1a459,"{""d"":7,""p"":0.0002592943797404667,""r"":28}",
      8192,         6,         0,   0.221,chromobius,4379df360ef72cd398a33dfd12c2aa2910be0cc966516b227a32b869053e1f71,"{""d"":7,""p"":0.00018873918221350977,""r"":28}",
      3072,         7,         0,   0.075,chromobius,9d5ae15aed89a7201e4b85a900d908f1f0e4101735835a12ca6ed03d8fc1a459,"{""d"":7,""p"":0.0002592943797404667,""r"":28}",
     11264,         8,         0,   0.220,chromobius,4c19e83f76f32eec0db52a2822374ef7f4dc006a26cea33b54a6950661613d2a,"{""d"":7,""p"":0.000221221629107045,""r"":28}",
      4096,         5,         0,   0.098,chromobius,9d5ae15aed89a7201e4b85a900d908f1f0e4101735835a12ca6ed03d8fc1a459,"{""d"":7,""p"":0.0002592943797404667,""r"":28}",
      1024,       512,         0,   0.378,chromobius,72e38ead9319adc4c7d8aa39cef38410ae727b8c5caa68ddf44d8c433336f36f,"{""d"":5,""p"":0.01,""r"":20}",
     19456,        15,         0,   0.292,chromobius,ead362d2e561f309859baf28e940191a512d296dfeaf9fa95a8acab020214138,"{""d"":7,""p"":0.00016102620275609394,""r"":28}",
     75776,        14,         0,   0.795,chromobius,c231a2c617033823668e2229d87e3313af9499a902dd252c02b0c6c5a73551b9,"{""d"":7,""p"":0.0001,""r"":28}",
      5120,         6,         0,   0.122,chromobius,9d5ae15aed89a7201e4b85a900d908f1f0e4101735835a12ca6ed03d8fc1a459,"{""d"":7,""p"":0.0002592943797404667,""r"":28}",
     12288,         7,         0,   0.300,chromobius,4379df360ef72cd398a33dfd12c2aa2910be0cc966516b227a32b869053e1f71,"{""d"":7,""p"":0.00018873918221350977,""r"":28}",
      6144,         6,         0,   0.150,chromobius,9d5ae15aed89a7201e4b85a900d908f1f0e4101735835a12ca6ed03d8fc1a459,"{""d"":7,""p"":0.0002592943797404667,""r"":28}",
     53248,        12,         0,   0.804,chromobius,e237c3fe94c11a918b39f51cae3a6e363feef7644e7f0baa16aca32c95b765b6,"{""d"":7,""p"":0.00011721022975334806,""r"":28}",
     15360,        20,         0,   0.304,chromobius,4c19e83f76f32eec0db52a2822374ef7f4dc006a26cea33b54a6950661613d2a,"{""d"":7,""p"":0.000221221629107045,""r"":28}",
      1024,       535,         0,   0.387,chromobius,72e38ead9319adc4c7d8aa39cef38410ae727b8c5caa68ddf44d8c433336f36f,"{""d"":5,""p"":0.01,""r"":20}",
     59392,        24,         0,   0.801,chromobius,4a36b7e21a3f27d16a040063e2c5deb44e611e0ee373e0558f774b06c456436f,"{""d"":7,""p"":0.00013738237958832623,""r"":28}",
     27648,        12,         0,   0.411,chromobius,ead362d2e561f309859baf28e940191a512d296dfeaf9fa95a8acab020214138,"{""d"":7,""p"":0.00016102620275609394,""r"":28}",
      9216,        11,         0,   0.227,chromobius,9d5ae15aed89a7201e4b85a900d908f1f0e4101735835a12ca6ed03d8fc1a459,"{""d"":7,""p"":0.0002592943797404667,""r"":28}",
     17408,        13,         0,   0.417,chromobius,4379df360ef72cd398a33dfd12c2aa2910be0cc966516b227a32b869053e1f71,"{""d"":7,""p"":0.00018873918221350977,""r"":28}",
     20480,        15,         0,   0.407,chromobius,4c19e83f76f32eec0db52a2822374ef7f4dc006a26cea33b54a6950661613d2a,"{""d"":7,""p"":0.000221221629107045,""r"":28}",
      1024,       505,         0,   0.385,chromobius,72e38ead9319adc4c7d8aa39cef38410ae727b8c5caa68ddf44d8c433336f36f,"{""d"":5,""p"":0.01,""r"":20}",
     13312,        23,         0,   0.304,chromobius,9d5ae15aed89a7201e4b85a900d908f1f0e4101735835a12ca6ed03d8fc1a459,"{""d"":7,""p"":0.0002592943797404667,""r"":28}",
       273,         0,         0,   0.016,chromobius,b6e2d8cbb246ade578edc36bec96423bc615910a1b46a4125ee149c8d12fdcea,"{""d"":7,""p"":0.0003039195382313198,""r"":28}",
      1024,         2,         0,   0.028,chromobius,b6e2d8cbb246ade578edc36bec96423bc615910a1b46a4125ee149c8d12fdcea,"{""d"":7,""p"":0.0003039195382313198,""r"":28}",
      1024,         2,         0,   0.046,chromobius,b6e2d8cbb246ade578edc36bec96423bc615910a1b46a4125ee149c8d12fdcea,"{""d"":7,""p"":0.0003039195382313198,""r"":28}",
      1024,         2,         0,   0.041,chromobius,b6e2d8cbb246ade578edc36bec96423bc615910a1b46a4125ee149c8d12fdcea,"{""d"":7,""p"":0.0003039195382313198,""r"":28}",
     32768,        17,         0,   0.566,chromobius,ead362d2e561f309859baf28e940191a512d296dfeaf9fa95a8acab020214138,"{""d"":7,""p"":0.00016102620275609394,""r"":28}",
      1024,         1,         0,   0.051,chromobius,b6e2d8cbb246ade578edc36bec96423bc615910a1b46a4125ee149c8d12fdcea,"{""d"":7,""p"":0.0003039195382313198,""r"":28}",
      2048,         3,         0,   0.067,chromobius,b6e2d8cbb246ade578edc36bec96423bc615910a1b46a4125ee149c8d12fdcea,"{""d"":7,""p"":0.0003039195382313198,""r"":28}",
     29696,        12,         0,   0.569,chromobius,4379df360ef72cd398a33dfd12c2aa2910be0cc966516b227a32b869053e1f71,"{""d"":7,""p"":0.00018873918221350977,""r"":28}",
    106496,        17,         0,    1.11,chromobius,c231a2c617033823668e2229d87e3313af9499a902dd252c02b0c6c5a73551b9,"{""d"":7,""p"":0.0001,""r"":28}",
     15360,        22,         0,   0.421,chromobius,9d5ae15aed89a7201e4b85a900d908f1f0e4101735835a12ca6ed03d8fc1a459,"{""d"":7,""p"":0.0002592943797404667,""r"":28}",
      3072,         8,         0,   0.088,chromobius,b6e2d8cbb246ade578edc36bec96423bc615910a1b46a4125ee149c8d12fdcea,"{""d"":7,""p"":0.0003039195382313198,""r"":28}",
     24576,        24,         0,   0.595,chromobius,4c19e83f76f32eec0db52a2822374ef7f4dc006a26cea33b54a6950661613d2a,"{""d"":7,""p"":0.000221221629107045,""r"":28}",
      4096,        11,         0,   0.121,chromobius,b6e2d8cbb246ade578edc36bec96423bc615910a1b46a4125ee149c8d12fdcea,"{""d"":7,""p"":0.0003039195382313198,""r"":28}",
     79872,        18,         0,    1.12,chromobius,e237c3fe94c11a918b39f51cae3a6e363feef7644e7f0baa16aca32c95b765b6,"{""d"":7,""p"":0.00011721022975334806,""r"":28}",
      6144,        17,         0,   0.168,chromobius,b6e2d8cbb246ade578edc36bec96423bc615910a1b46a4125ee149c8d12fdcea,"{""d"":7,""p"":0.0003039195382313198,""r"":28}",
     82944,        20,         0,    1.12,chromobius,4a36b7e21a3f27d16a040063e2c5deb44e611e0ee373e0558f774b06c456436f,"{""d"":7,""p"":0.00013738237958832623,""r"":28}",
      7168,        24,         0,   0.207,chromobius,b6e2d8cbb246ade578edc36bec96423bc615910a1b46a4125ee149c8d12fdcea,"{""d"":7,""p"":0.0003039195382313198,""r"":28}",
    414720,       611,         0,    2.48,chromobius,d46e9b373b68c0815bb9f9e13a505b3286c1f40e4f6e73ddfc2d8f4c3d46d075,"{""d"":5,""p"":0.00016102620275609394,""r"":20}",
     24576,        42,         0,   0.583,chromobius,9d5ae15aed89a7201e4b85a900d908f1f0e4101735835a12ca6ed03d8fc1a459,"{""d"":7,""p"":0.0002592943797404667,""r"":28}",
     50176,        32,         0,   0.801,chromobius,ead362d2e561f309859baf28e940191a512d296dfeaf9fa95a8acab020214138,"{""d"":7,""p"":0.00016102620275609394,""r"":28}",
       273,         1,         0,   0.012,chromobius,fdcdaa8a6d0e4f8443a122a24813993d8a0ccab1310d147fd7989333c6afb0ba,"{""d"":7,""p"":0.0003562247890262444,""r"":28}",
      1024,         3,         0,   0.036,chromobius,fdcdaa8a6d0e4f8443a122a24813993d8a0ccab1310d147fd7989333c6afb0ba,"{""d"":7,""p"":0.0003562247890262444,""r"":28}",
     36864,        22,         0,   0.793,chromobius,4379df360ef72cd398a33dfd12c2aa2910be0cc966516b227a32b869053e1f71,"{""d"":7,""p"":0.00018873918221350977,""r"":28}",
      1024,         3,         0,   0.059,chromobius,fdcdaa8a6d0e4f8443a122a24813993d8a0ccab1310d147fd7989333c6afb0ba,"{""d"":7,""p"":0.0003562247890262444,""r"":28}",
      8192,        18,         0,   0.292,chromobius,b6e2d8cbb246ade578edc36bec96423bc615910a1b46a4125ee149c8d12fdcea,"{""d"":7,""p"":0.0003039195382313198,""r"":28}",
      1024,         2,         0,   0.046,chromobius,fdcdaa8a6d0e4f8443a122a24813993d8a0ccab1310d147fd7989333c6afb0ba,"{""d"":7,""p"":0.0003562247890262444,""r"":28}",
     34816,        30,         0,   0.801,chromobius,4c19e83f76f32eec0db52a2822374ef7f4dc006a26cea33b54a6950661613d2a,"{""d"":7,""p"":0.000221221629107045,""r"":28}",
      1024,         4,         0,   0.058,chromobius,fdcdaa8a6d0e4f8443a122a24813993d8a0ccab1310d147fd7989333c6afb0ba,"{""d"":7,""p"":0.0003562247890262444,""r"":28}",
      2048,         5,         0,   0.082,chromobius,fdcdaa8a6d0e4f8443a122a24813993d8a0ccab1310d147fd7989333c6afb0ba,"{""d"":7,""p"":0.0003562247890262444,""r"":28}",
      2048,         9,         0,   0.075,chromobius,fdcdaa8a6d0e4f8443a122a24813993d8a0ccab1310d147fd7989333c6afb0ba,"{""d"":7,""p"":0.0003562247890262444,""r"":28}",
      4096,        22,         0,   0.137,chromobius,fdcdaa8a6d0e4f8443a122a24813993d8a0ccab1310d147fd7989333c6afb0ba,"{""d"":7,""p"":0.0003562247890262444,""r"":28}",
     13312,        25,         0,   0.426,chromobius,b6e2d8cbb246ade578edc36bec96423bc615910a1b46a4125ee149c8d12fdcea,"{""d"":7,""p"":0.0003039195382313198,""r"":28}",
      5120,        15,         0,   0.169,chromobius,fdcdaa8a6d0e4f8443a122a24813993d8a0ccab1310d147fd7989333c6afb0ba,"{""d"":7,""p"":0.0003562247890262444,""r"":28}",
     26624,        42,         0,   0.810,chromobius,9d5ae15aed89a7201e4b85a900d908f1f0e4101735835a12ca6ed03d8fc1a459,"{""d"":7,""p"":0.0002592943797404667,""r"":28}",
      6144,        24,         0,   0.209,chromobius,fdcdaa8a6d0e4f8443a122a24813993d8a0ccab1310d147fd7989333c6afb0ba,"{""d"":7,""p"":0.0003562247890262444,""r"":28}",
    149504,        29,         0,    1.55,chromobius,c231a2c617033823668e2229d87e3313af9499a902dd252c02b0c6c5a73551b9,"{""d"":7,""p"":0.0001,""r"":28}",
    113664,        20,         0,    1.56,chromobius,e237c3fe94c11a918b39f51cae3a6e363feef7644e7f0baa16aca32c95b765b6,"{""d"":7,""p"":0.00011721022975334806,""r"":28}",
     65536,        46,         0,    1.12,chromobius,ead362d2e561f309859baf28e940191a512d296dfeaf9fa95a8acab020214138,"{""d"":7,""p"":0.00016102620275609394,""r"":28}",
     20480,        57,         0,   0.586,chromobius,b6e2d8cbb246ade578edc36bec96423bc615910a1b46a4125ee149c8d12fdcea,"{""d"":7,""p"":0.0003039195382313198,""r"":28}",
     52224,        48,         0,    1.11,chromobius,4379df360ef72cd398a33dfd12c2aa2910be0cc966516b227a32b869053e1f71,"{""d"":7,""p"":0.00018873918221350977,""r"":28}",
      9216,        35,         0,   0.316,chromobius,fdcdaa8a6d0e4f8443a122a24813993d8a0ccab1310d147fd7989333c6afb0ba,"{""d"":7,""p"":0.0003562247890262444,""r"":28}",
    114688,        34,         0,    1.55,chromobius,4a36b7e21a3f27d16a040063e2c5deb44e611e0ee373e0558f774b06c456436f,"{""d"":7,""p"":0.00013738237958832623,""r"":28}",
     43008,        47,         0,    1.11,chromobius,4c19e83f76f32eec0db52a2822374ef7f4dc006a26cea33b54a6950661613d2a,"{""d"":7,""p"":0.000221221629107045,""r"":28}",
     12288,        43,         0,   0.431,chromobius,fdcdaa8a6d0e4f8443a122a24813993d8a0ccab1310d147fd7989333c6afb0ba,"{""d"":7,""p"":0.0003562247890262444,""r"":28}",
     36864,        70,         0,    1.13,chromobius,9d5ae15aed89a7201e4b85a900d908f1f0e4101735835a12ca6ed03d8fc1a459,"{""d"":7,""p"":0.0002592943797404667,""r"":28}",
     28672,        65,         0,   0.807,chromobius,b6e2d8cbb246ade578edc36bec96423bc615910a1b46a4125ee149c8d12fdcea,"{""d"":7,""p"":0.0003039195382313198,""r"":28}",
     17408,        50,         0,   0.594,chromobius,fdcdaa8a6d0e4f8443a122a24813993d8a0ccab1310d147fd7989333c6afb0ba,"{""d"":7,""p"":0.0003562247890262444,""r"":28}",
     98304,        50,         0,    1.55,chromobius,ead362d2e561f309859baf28e940191a512d296dfeaf9fa95a8acab020214138,"{""d"":7,""p"":0.00016102620275609394,""r"":28}",
     69632,        43,         0,    1.56,chromobius,4379df360ef72cd398a33dfd12c2aa2910be0cc966516b227a32b869053e1f71,"{""d"":7,""p"":0.00018873918221350977,""r"":28}",
     60416,        65,         0,    1.55,chromobius,4c19e83f76f32eec0db52a2822374ef7f4dc006a26cea33b54a6950661613d2a,"{""d"":7,""p"":0.000221221629107045,""r"":28}",
     23552,        85,         0,   0.791,chromobius,fdcdaa8a6d0e4f8443a122a24813993d8a0ccab1310d147fd7989333c6afb0ba,"{""d"":7,""p"":0.0003562247890262444,""r"":28}",
    207872,        34,         0,    2.17,chromobius,c231a2c617033823668e2229d87e3313af9499a902dd252c02b0c6c5a73551b9,"{""d"":7,""p"":0.0001,""r"":28}",
     38912,        92,         0,    1.11,chromobius,b6e2d8cbb246ade578edc36bec96423bc615910a1b46a4125ee149c8d12fdcea,"{""d"":7,""p"":0.0003039195382313198,""r"":28}",
    141312,        44,         0,    2.18,chromobius,e237c3fe94c11a918b39f51cae3a6e363feef7644e7f0baa16aca32c95b765b6,"{""d"":7,""p"":0.00011721022975334806,""r"":28}",
   1685504,       950,         0,    5.87,chromobius,c59e09c509753ccabd247ebc6b5b168f1ba6a32a8ae9bd481dc2a3a04b740003,"{""d"":5,""p"":0.0001,""r"":20}",
   1354752,      1401,         0,    5.89,chromobius,710f3406543c389f5e517454908c1abb22a353f94c7a3a81ad81132d98e8b41a,"{""d"":5,""p"":0.00013738237958832623,""r"":20}",
   1567744,      1202,         0,    5.88,chromobius,1b7366bd9c6d6fdb5a6ee5b8ef5b62aab060346c79e86d6daba3ce8be42707c0,"{""d"":5,""p"":0.00011721022975334806,""r"":20}",
     51200,        79,         0,    1.58,chromobius,9d5ae15aed89a7201e4b85a900d908f1f0e4101735835a12ca6ed03d8fc1a459,"{""d"":7,""p"":0.0002592943797404667,""r"":28}",
    158720,        76,         0,    2.17,chromobius,4a36b7e21a3f27d16a040063e2c5deb44e611e0ee373e0558f774b06c456436f,"{""d"":7,""p"":0.00013738237958832623,""r"":28}",
    118784,       115,         0,   0.525,chromobius,710f3406543c389f5e517454908c1abb22a353f94c7a3a81ad81132d98e8b41a,"{""d"":5,""p"":0.00013738237958832623,""r"":20}",
       273,         1,         0,   0.014,chromobius,9cb6fe268404e3b83e6891e273365c82e0e7f6f9a5c76e2e1fc224ede16edc52,"{""d"":7,""p"":0.00041753189365604,""r"":28}",
      1024,         3,         0,   0.045,chromobius,9cb6fe268404e3b83e6891e273365c82e0e7f6f9a5c76e2e1fc224ede16edc52,"{""d"":7,""p"":0.00041753189365604,""r"":28}",
      1024,         6,         0,   0.068,chromobius,9cb6fe268404e3b83e6891e273365c82e0e7f6f9a5c76e2e1fc224ede16edc52,"{""d"":7,""p"":0.00041753189365604,""r"":28}",
      1024,         6,         0,   0.047,chromobius,9cb6fe268404e3b83e6891e273365c82e0e7f6f9a5c76e2e1fc224ede16edc52,"{""d"":7,""p"":0.00041753189365604,""r"":28}",
     31744,       122,         0,    1.16,chromobius,fdcdaa8a6d0e4f8443a122a24813993d8a0ccab1310d147fd7989333c6afb0ba,"{""d"":7,""p"":0.0003562247890262444,""r"":28}",
      1024,         4,         0,   0.071,chromobius,9cb6fe268404e3b83e6891e273365c82e0e7f6f9a5c76e2e1fc224ede16edc52,"{""d"":7,""p"":0.00041753189365604,""r"":28}",
      2048,         9,         0,   0.087,chromobius,9cb6fe268404e3b83e6891e273365c82e0e7f6f9a5c76e2e1fc224ede16edc52,"{""d"":7,""p"":0.00041753189365604,""r"":28}",
      2048,        10,         0,   0.117,chromobius,9cb6fe268404e3b83e6891e273365c82e0e7f6f9a5c76e2e1fc224ede16edc52,"{""d"":7,""p"":0.00041753189365604,""r"":28}",
      2048,        10,         0,   0.108,chromobius,9cb6fe268404e3b83e6891e273365c82e0e7f6f9a5c76e2e1fc224ede16edc52,"{""d"":7,""p"":0.00041753189365604,""r"":28}",
     49152,       108,         0,    1.54,chromobius,b6e2d8cbb246ade578edc36bec96423bc615910a1b46a4125ee149c8d12fdcea,"{""d"":7,""p"":0.0003039195382313198,""r"":28}",
      3072,        17,         0,   0.160,chromobius,9cb6fe268404e3b83e6891e273365c82e0e7f6f9a5c76e2e1fc224ede16edc52,"{""d"":7,""p"":0.00041753189365604,""r"":28}",
    120832,        60,         0,    2.18,chromobius,ead362d2e561f309859baf28e940191a512d296dfeaf9fa95a8acab020214138,"{""d"":7,""p"":0.00016102620275609394,""r"":28}",
    105472,        74,         0,    2.17,chromobius,4379df360ef72cd398a33dfd12c2aa2910be0cc966516b227a32b869053e1f71,"{""d"":7,""p"":0.00018873918221350977,""r"":28}",
      4096,        28,         0,   0.224,chromobius,9cb6fe268404e3b83e6891e273365c82e0e7f6f9a5c76e2e1fc224ede16edc52,"{""d"":7,""p"":0.00041753189365604,""r"":28}",
     98304,       106,         0,    2.19,chromobius,4c19e83f76f32eec0db52a2822374ef7f4dc006a26cea33b54a6950661613d2a,"{""d"":7,""p"":0.000221221629107045,""r"":28}",
      6144,        36,         0,   0.299,chromobius,9cb6fe268404e3b83e6891e273365c82e0e7f6f9a5c76e2e1fc224ede16edc52,"{""d"":7,""p"":0.00041753189365604,""r"":28}",
     82944,       128,         0,    2.17,chromobius,9d5ae15aed89a7201e4b85a900d908f1f0e4101735835a12ca6ed03d8fc1a459,"{""d"":7,""p"":0.0002592943797404667,""r"":28}",
      8192,        45,         0,   0.433,chromobius,9cb6fe268404e3b83e6891e273365c82e0e7f6f9a5c76e2e1fc224ede16edc52,"{""d"":7,""p"":0.00041753189365604,""r"":28}",
     37888,       132,         0,    1.57,chromobius,fdcdaa8a6d0e4f8443a122a24813993d8a0ccab1310d147fd7989333c6afb0ba,"{""d"":7,""p"":0.0003562247890262444,""r"":28}",
    287744,        41,         0,    3.03,chromobius,c231a2c617033823668e2229d87e3313af9499a902dd252c02b0c6c5a73551b9,"{""d"":7,""p"":0.0001,""r"":28}",
     11264,        63,         0,   0.590,chromobius,9cb6fe268404e3b83e6891e273365c82e0e7f6f9a5c76e2e1fc224ede16edc52,"{""d"":7,""p"":0.00041753189365604,""r"":28}",
    225280,        63,         0,    3.04,chromobius,e237c3fe94c11a918b39f51cae3a6e363feef7644e7f0baa16aca32c95b765b6,"{""d"":7,""p"":0.00011721022975334806,""r"":28}",
    230400,        88,         0,    3.04,chromobius,4a36b7e21a3f27d16a040063e2c5deb44e611e0ee373e0558f774b06c456436f,"{""d"":7,""p"":0.00013738237958832623,""r"":28}",
     70656,       158,         0,    2.20,chromobius,b6e2d8cbb246ade578edc36bec96423bc615910a1b46a4125ee149c8d12fdcea,"{""d"":7,""p"":0.0003039195382313198,""r"":28}",
     15360,        61,         0,   0.828,chromobius,9cb6fe268404e3b83e6891e273365c82e0e7f6f9a5c76e2e1fc224ede16edc52,"{""d"":7,""p"":0.00041753189365604,""r"":28}",
    181248,       102,         0,    3.05,chromobius,ead362d2e561f309859baf28e940191a512d296dfeaf9fa95a8acab020214138,"{""d"":7,""p"":0.00016102620275609394,""r"":28}",
     64512,       238,         0,    2.18,chromobius,fdcdaa8a6d0e4f8443a122a24813993d8a0ccab1310d147fd7989333c6afb0ba,"{""d"":7,""p"":0.0003562247890262444,""r"":28}",
    131072,        90,         0,    3.04,chromobius,4379df360ef72cd398a33dfd12c2aa2910be0cc966516b227a32b869053e1f71,"{""d"":7,""p"":0.00018873918221350977,""r"":28}",
    147456,       151,         0,    3.04,chromobius,4c19e83f76f32eec0db52a2822374ef7f4dc006a26cea33b54a6950661613d2a,"{""d"":7,""p"":0.000221221629107045,""r"":28}",
     23552,       128,         0,    1.14,chromobius,9cb6fe268404e3b83e6891e273365c82e0e7f6f9a5c76e2e1fc224ede16edc52,"{""d"":7,""p"":0.00041753189365604,""r"":28}",
     96256,       170,         0,    3.05,chromobius,9d5ae15aed89a7201e4b85a900d908f1f0e4101735835a12ca6ed03d8fc1a459,"{""d"":7,""p"":0.0002592943797404667,""r"":28}",
   1379328,      1097,         0,    5.24,chromobius,1b7366bd9c6d6fdb5a6ee5b8ef5b62aab060346c79e86d6daba3ce8be42707c0,"{""d"":5,""p"":0.00011721022975334806,""r"":20}",
       273,         5,         0,   0.016,chromobius,7432645dfb0e9240df5de1b960e767679ecc4d12ef3f6a8dcf2b995488f5278b,"{""d"":7,""p"":0.0004893900918477494,""r"":28}",
      1024,         5,         0,   0.052,chromobius,7432645dfb0e9240df5de1b960e767679ecc4d12ef3f6a8dcf2b995488f5278b,"{""d"":7,""p"":0.0004893900918477494,""r"":28}",
      1024,         8,         0,   0.049,chromobius,7432645dfb0e9240df5de1b960e767679ecc4d12ef3f6a8dcf2b995488f5278b,"{""d"":7,""p"":0.0004893900918477494,""r"":28}",
      1024,         9,         0,   0.078,chromobius,7432645dfb0e9240df5de1b960e767679ecc4d12ef3f6a8dcf2b995488f5278b,"{""d"":7,""p"":0.0004893900918477494,""r"":28}",
      1024,         5,         0,   0.065,chromobius,7432645dfb0e9240df5de1b960e767679ecc4d12ef3f6a8dcf2b995488f5278b,"{""d"":7,""p"":0.0004893900918477494,""r"":28}",
      2048,        24,         0,   0.121,chromobius,7432645dfb0e9240df5de1b960e767679ecc4d12ef3f6a8dcf2b995488f5278b,"{""d"":7,""p"":0.0004893900918477494,""r"":28}",
      2048,        21,         0,   0.129,chromobius,7432645dfb0e9240df5de1b960e767679ecc4d12ef3f6a8dcf2b995488f5278b,"{""d"":7,""p"":0.0004893900918477494,""r"":28}",
      2048,        14,         0,   0.130,chromobius,7432645dfb0e9240df5de1b960e767679ecc4d12ef3f6a8dcf2b995488f5278b,"{""d"":7,""p"":0.0004893900918477494,""r"":28}",
      3072,        19,         0,   0.187,chromobius,7432645dfb0e9240df5de1b960e767679ecc4d12ef3f6a8dcf2b995488f5278b,"{""d"":7,""p"":0.0004893900918477494,""r"":28}",
     37888,       196,         0,    1.57,chromobius,9cb6fe268404e3b83e6891e273365c82e0e7f6f9a5c76e2e1fc224ede16edc52,"{""d"":7,""p"":0.00041753189365604,""r"":28}",
      4096,        26,         0,   0.256,chromobius,7432645dfb0e9240df5de1b960e767679ecc4d12ef3f6a8dcf2b995488f5278b,"{""d"":7,""p"":0.0004893900918477494,""r"":28}",
     95232,       212,         0,    3.08,chromobius,b6e2d8cbb246ade578edc36bec96423bc615910a1b46a4125ee149c8d12fdcea,"{""d"":7,""p"":0.0003039195382313198,""r"":28}",
      5120,        34,         0,   0.324,chromobius,7432645dfb0e9240df5de1b960e767679ecc4d12ef3f6a8dcf2b995488f5278b,"{""d"":7,""p"":0.0004893900918477494,""r"":28}",
    402432,        71,         0,    4.24,chromobius,c231a2c617033823668e2229d87e3313af9499a902dd252c02b0c6c5a73551b9,"{""d"":7,""p"":0.0001,""r"":28}",
    313344,        98,         0,    4.24,chromobius,e237c3fe94c11a918b39f51cae3a6e363feef7644e7f0baa16aca32c95b765b6,"{""d"":7,""p"":0.00011721022975334806,""r"":28}",
      7168,        53,         0,   0.424,chromobius,7432645dfb0e9240df5de1b960e767679ecc4d12ef3f6a8dcf2b995488f5278b,"{""d"":7,""p"":0.0004893900918477494,""r"":28}",
    315392,       126,         0,    4.25,chromobius,4a36b7e21a3f27d16a040063e2c5deb44e611e0ee373e0558f774b06c456436f,"{""d"":7,""p"":0.00013738237958832623,""r"":28}",
     72704,       243,         0,    3.04,chromobius,fdcdaa8a6d0e4f8443a122a24813993d8a0ccab1310d147fd7989333c6afb0ba,"{""d"":7,""p"":0.0003562247890262444,""r"":28}",
      9216,        70,         0,   0.572,chromobius,7432645dfb0e9240df5de1b960e767679ecc4d12ef3f6a8dcf2b995488f5278b,"{""d"":7,""p"":0.0004893900918477494,""r"":28}",
   2140160,      1212,         0,    8.24,chromobius,c59e09c509753ccabd247ebc6b5b168f1ba6a32a8ae9bd481dc2a3a04b740003,"{""d"":5,""p"":0.0001,""r"":20}",
     55296,       275,         0,    2.18,chromobius,9cb6fe268404e3b83e6891e273365c82e0e7f6f9a5c76e2e1fc224ede16edc52,"{""d"":7,""p"":0.00041753189365604,""r"":28}",
     13312,       111,         0,   0.832,chromobius,7432645dfb0e9240df5de1b960e767679ecc4d12ef3f6a8dcf2b995488f5278b,"{""d"":7,""p"":0.0004893900918477494,""r"":28}",
    209920,        97,         0,    4.26,chromobius,ead362d2e561f309859baf28e940191a512d296dfeaf9fa95a8acab020214138,"{""d"":7,""p"":0.00016102620275609394,""r"":28}",
    223232,       151,         0,    4.25,chromobius,4379df360ef72cd398a33dfd12c2aa2910be0cc966516b227a32b869053e1f71,"{""d"":7,""p"":0.00018873918221350977,""r"":28}",
    210944,       210,         0,    4.26,chromobius,4c19e83f76f32eec0db52a2822374ef7f4dc006a26cea33b54a6950661613d2a,"{""d"":7,""p"":0.000221221629107045,""r"":28}",
    178176,       281,         0,    4.27,chromobius,9d5ae15aed89a7201e4b85a900d908f1f0e4101735835a12ca6ed03d8fc1a459,"{""d"":7,""p"":0.0002592943797404667,""r"":28}",
     18432,       161,         0,    1.15,chromobius,7432645dfb0e9240df5de1b960e767679ecc4d12ef3f6a8dcf2b995488f5278b,"{""d"":7,""p"":0.0004893900918477494,""r"":28}",
    109568,       242,         0,    4.29,chromobius,b6e2d8cbb246ade578edc36bec96423bc615910a1b46a4125ee149c8d12fdcea,"{""d"":7,""p"":0.0003039195382313198,""r"":28}",
     26624,       215,         0,    1.56,chromobius,7432645dfb0e9240df5de1b960e767679ecc4d12ef3f6a8dcf2b995488f5278b,"{""d"":7,""p"":0.0004893900918477494,""r"":28}",
     72704,       368,         0,    3.09,chromobius,9cb6fe268404e3b83e6891e273365c82e0e7f6f9a5c76e2e1fc224ede16edc52,"{""d"":7,""p"":0.00041753189365604,""r"":28}",
     99328,       316,         0,    4.29,chromobius,fdcdaa8a6d0e4f8443a122a24813993d8a0ccab1310d147fd7989333c6afb0ba,"{""d"":7,""p"":0.0003562247890262444,""r"":28}",
    551936,       108,         0,    5.93,chromobius,c231a2c617033823668e2229d87e3313af9499a902dd252c02b0c6c5a73551b9,"{""d"":7,""p"":0.0001,""r"":28}",
    446464,       128,         0,    5.94,chromobius,e237c3fe94c11a918b39f51cae3a6e363feef7644e7f0baa16aca32c95b765b6,"{""d"":7,""p"":0.00011721022975334806,""r"":28}",
   1277952,       707,         0,    4.99,chromobius,c59e09c509753ccabd247ebc6b5b168f1ba6a32a8ae9bd481dc2a3a04b740003,"{""d"":5,""p"":0.0001,""r"":20}",
    429056,       143,         0,    5.93,chromobius,4a36b7e21a3f27d16a040063e2c5deb44e611e0ee373e0558f774b06c456436f,"{""d"":7,""p"":0.00013738237958832623,""r"":28}",
       273,         5,         0,   0.018,chromobius,ba0a4d529435be15c87c68a47844f2447c78259e5c81ab72f4fe7d8399909f58,"{""d"":7,""p"":0.0005736152510448681,""r"":28}",
      1024,         9,         0,   0.086,chromobius,ba0a4d529435be15c87c68a47844f2447c78259e5c81ab72f4fe7d8399909f58,"{""d"":7,""p"":0.0005736152510448681,""r"":28}",
     44032,       341,         0,    2.21,chromobius,7432645dfb0e9240df5de1b960e767679ecc4d12ef3f6a8dcf2b995488f5278b,"{""d"":7,""p"":0.0004893900918477494,""r"":28}",
      1024,        14,         0,   0.066,chromobius,ba0a4d529435be15c87c68a47844f2447c78259e5c81ab72f4fe7d8399909f58,"{""d"":7,""p"":0.0005736152510448681,""r"":28}",
      1024,        13,         0,   0.065,chromobius,ba0a4d529435be15c87c68a47844f2447c78259e5c81ab72f4fe7d8399909f58,"{""d"":7,""p"":0.0005736152510448681,""r"":28}",
      1024,        13,         0,   0.091,chromobius,ba0a4d529435be15c87c68a47844f2447c78259e5c81ab72f4fe7d8399909f58,"{""d"":7,""p"":0.0005736152510448681,""r"":28}",
      1024,        11,         0,   0.069,chromobius,ba0a4d529435be15c87c68a47844f2447c78259e5c81ab72f4fe7d8399909f58,"{""d"":7,""p"":0.0005736152510448681,""r"":28}",
      2048,        19,         0,   0.121,chromobius,ba0a4d529435be15c87c68a47844f2447c78259e5c81ab72f4fe7d8399909f58,"{""d"":7,""p"":0.0005736152510448681,""r"":28}",
      2048,        31,         0,   0.121,chromobius,ba0a4d529435be15c87c68a47844f2447c78259e5c81ab72f4fe7d8399909f58,"{""d"":7,""p"":0.0005736152510448681,""r"":28}",
      3072,        42,         0,   0.177,chromobius,ba0a4d529435be15c87c68a47844f2447c78259e5c81ab72f4fe7d8399909f58,"{""d"":7,""p"":0.0005736152510448681,""r"":28}",
      4096,        56,         0,   0.250,chromobius,ba0a4d529435be15c87c68a47844f2447c78259e5c81ab72f4fe7d8399909f58,"{""d"":7,""p"":0.0005736152510448681,""r"":28}",
    319488,       169,         0,    5.95,chromobius,ead362d2e561f309859baf28e940191a512d296dfeaf9fa95a8acab020214138,"{""d"":7,""p"":0.00016102620275609394,""r"":28}",
    280576,       222,         0,    5.96,chromobius,4379df360ef72cd398a33dfd12c2aa2910be0cc966516b227a32b869053e1f71,"{""d"":7,""p"":0.00018873918221350977,""r"":28}",
      5120,        60,         0,   0.305,chromobius,ba0a4d529435be15c87c68a47844f2447c78259e5c81ab72f4fe7d8399909f58,"{""d"":7,""p"":0.0005736152510448681,""r"":28}",
    283648,       298,         0,    5.97,chromobius,4c19e83f76f32eec0db52a2822374ef7f4dc006a26cea33b54a6950661613d2a,"{""d"":7,""p"":0.000221221629107045,""r"":28}",
      7168,        77,         0,   0.432,chromobius,ba0a4d529435be15c87c68a47844f2447c78259e5c81ab72f4fe7d8399909f58,"{""d"":7,""p"":0.0005736152510448681,""r"":28}",
    238592,       344,         0,    5.97,chromobius,9d5ae15aed89a7201e4b85a900d908f1f0e4101735835a12ca6ed03d8fc1a459,"{""d"":7,""p"":0.0002592943797404667,""r"":28}",
     10240,       146,         0,   0.589,chromobius,ba0a4d529435be15c87c68a47844f2447c78259e5c81ab72f4fe7d8399909f58,"{""d"":7,""p"":0.0005736152510448681,""r"":28}",
     81920,       381,         0,    4.26,chromobius,9cb6fe268404e3b83e6891e273365c82e0e7f6f9a5c76e2e1fc224ede16edc52,"{""d"":7,""p"":0.00041753189365604,""r"":28}",
     60416,       482,         0,    3.05,chromobius,7432645dfb0e9240df5de1b960e767679ecc4d12ef3f6a8dcf2b995488f5278b,"{""d"":7,""p"":0.0004893900918477494,""r"":28}",
     13312,       174,         0,   0.822,chromobius,ba0a4d529435be15c87c68a47844f2447c78259e5c81ab72f4fe7d8399909f58,"{""d"":7,""p"":0.0005736152510448681,""r"":28}",
    182272,       451,         0,    5.97,chromobius,b6e2d8cbb246ade578edc36bec96423bc615910a1b46a4125ee149c8d12fdcea,"{""d"":7,""p"":0.0003039195382313198,""r"":28}",
     19456,       206,         0,    1.14,chromobius,ba0a4d529435be15c87c68a47844f2447c78259e5c81ab72f4fe7d8399909f58,"{""d"":7,""p"":0.0005736152510448681,""r"":28}",
    161792,       557,         0,    5.97,chromobius,fdcdaa8a6d0e4f8443a122a24813993d8a0ccab1310d147fd7989333c6afb0ba,"{""d"":7,""p"":0.0003562247890262444,""r"":28}",
     27648,       300,         0,    1.60,chromobius,ba0a4d529435be15c87c68a47844f2447c78259e5c81ab72f4fe7d8399909f58,"{""d"":7,""p"":0.0005736152510448681,""r"":28}",
     88064,       649,         0,    4.30,chromobius,7432645dfb0e9240df5de1b960e767679ecc4d12ef3f6a8dcf2b995488f5278b,"{""d"":7,""p"":0.0004893900918477494,""r"":28}",
    752640,       133,         0,    8.30,chromobius,c231a2c617033823668e2229d87e3313af9499a902dd252c02b0c6c5a73551b9,"{""d"":7,""p"":0.0001,""r"":28}",
    524288,       158,         0,    8.31,chromobius,e237c3fe94c11a918b39f51cae3a6e363feef7644e7f0baa16aca32c95b765b6,"{""d"":7,""p"":0.00011721022975334806,""r"":28}",
     37888,       460,         0,    2.22,chromobius,ba0a4d529435be15c87c68a47844f2447c78259e5c81ab72f4fe7d8399909f58,"{""d"":7,""p"":0.0005736152510448681,""r"":28}",
    444416,       161,         0,    8.32,chromobius,4a36b7e21a3f27d16a040063e2c5deb44e611e0ee373e0558f774b06c456436f,"{""d"":7,""p"":0.00013738237958832623,""r"":28}",
    113664,       558,         0,    5.98,chromobius,9cb6fe268404e3b83e6891e273365c82e0e7f6f9a5c76e2e1fc224ede16edc52,"{""d"":7,""p"":0.00041753189365604,""r"":28}",
    493568,       257,         0,    8.33,chromobius,ead362d2e561f309859baf28e940191a512d296dfeaf9fa95a8acab020214138,"{""d"":7,""p"":0.00016102620275609394,""r"":28}",
    335872,       276,         0,    8.35,chromobius,4379df360ef72cd398a33dfd12c2aa2910be0cc966516b227a32b869053e1f71,"{""d"":7,""p"":0.00018873918221350977,""r"":28}",
    377856,       412,         0,    8.34,chromobius,4c19e83f76f32eec0db52a2822374ef7f4dc006a26cea33b54a6950661613d2a,"{""d"":7,""p"":0.000221221629107045,""r"":28}",
    324608,       502,         0,    8.34,chromobius,9d5ae15aed89a7201e4b85a900d908f1f0e4101735835a12ca6ed03d8fc1a459,"{""d"":7,""p"":0.0002592943797404667,""r"":28}",
     52224,       590,         0,    3.04,chromobius,ba0a4d529435be15c87c68a47844f2447c78259e5c81ab72f4fe7d8399909f58,"{""d"":7,""p"":0.0005736152510448681,""r"":28}",
    277504,       646,         0,    8.33,chromobius,b6e2d8cbb246ade578edc36bec96423bc615910a1b46a4125ee149c8d12fdcea,"{""d"":7,""p"":0.0003039195382313198,""r"":28}",
    231424,       819,         0,    8.37,chromobius,fdcdaa8a6d0e4f8443a122a24813993d8a0ccab1310d147fd7989333c6afb0ba,"{""d"":7,""p"":0.0003562247890262444,""r"":28}",
    120832,       926,         0,    6.00,chromobius,7432645dfb0e9240df5de1b960e767679ecc4d12ef3f6a8dcf2b995488f5278b,"{""d"":7,""p"":0.0004893900918477494,""r"":28}",
     73728,       834,         0,    4.27,chromobius,ba0a4d529435be15c87c68a47844f2447c78259e5c81ab72f4fe7d8399909f58,"{""d"":7,""p"":0.0005736152510448681,""r"":28}",
    155648,       799,         0,    8.36,chromobius,9cb6fe268404e3b83e6891e273365c82e0e7f6f9a5c76e2e1fc224ede16edc52,"{""d"":7,""p"":0.00041753189365604,""r"":28}",
   1045504,       170,         0,    11.6,chromobius,c231a2c617033823668e2229d87e3313af9499a902dd252c02b0c6c5a73551b9,"{""d"":7,""p"":0.0001,""r"":28}",
    724992,       162,         0,    11.6,chromobius,e237c3fe94c11a918b39f51cae3a6e363feef7644e7f0baa16aca32c95b765b6,"{""d"":7,""p"":0.00011721022975334806,""r"":28}",
    633856,       232,         0,    11.6,chromobius,4a36b7e21a3f27d16a040063e2c5deb44e611e0ee373e0558f774b06c456436f,"{""d"":7,""p"":0.00013738237958832623,""r"":28}",
    685056,       343,         0,    11.7,chromobius,ead362d2e561f309859baf28e940191a512d296dfeaf9fa95a8acab020214138,"{""d"":7,""p"":0.00016102620275609394,""r"":28}",
    468992,       351,         0,    11.6,chromobius,4379df360ef72cd398a33dfd12c2aa2910be0cc966516b227a32b869053e1f71,"{""d"":7,""p"":0.00018873918221350977,""r"":28}",
    104448,      1218,         0,    6.01,chromobius,ba0a4d529435be15c87c68a47844f2447c78259e5c81ab72f4fe7d8399909f58,"{""d"":7,""p"":0.0005736152510448681,""r"":28}",
    530432,       570,         0,    11.7,chromobius,4c19e83f76f32eec0db52a2822374ef7f4dc006a26cea33b54a6950661613d2a,"{""d"":7,""p"":0.000221221629107045,""r"":28}",
    168960,      1261,         0,    8.37,chromobius,7432645dfb0e9240df5de1b960e767679ecc4d12ef3f6a8dcf2b995488f5278b,"{""d"":7,""p"":0.0004893900918477494,""r"":28}",
    460800,       725,         0,    11.7,chromobius,9d5ae15aed89a7201e4b85a900d908f1f0e4101735835a12ca6ed03d8fc1a459,"{""d"":7,""p"":0.0002592943797404667,""r"":28}",
    395264,       884,         0,    11.7,chromobius,b6e2d8cbb246ade578edc36bec96423bc615910a1b46a4125ee149c8d12fdcea,"{""d"":7,""p"":0.0003039195382313198,""r"":28}",
    327680,      1152,         0,    11.7,chromobius,fdcdaa8a6d0e4f8443a122a24813993d8a0ccab1310d147fd7989333c6afb0ba,"{""d"":7,""p"":0.0003562247890262444,""r"":28}",
     63488,       730,         0,    3.58,chromobius,ba0a4d529435be15c87c68a47844f2447c78259e5c81ab72f4fe7d8399909f58,"{""d"":7,""p"":0.0005736152510448681,""r"":28}",
       273,         3,         0,   0.027,chromobius,3a190c47ddc7711f2f56601982957d42cfcbc64a1223a215c3fd36f22c58bbdf,"{""d"":7,""p"":0.0006723357536499335,""r"":28}",
      1024,        16,         0,   0.097,chromobius,3a190c47ddc7711f2f56601982957d42cfcbc64a1223a215c3fd36f22c58bbdf,"{""d"":7,""p"":0.0006723357536499335,""r"":28}",
      1024,        15,         0,   0.074,chromobius,3a190c47ddc7711f2f56601982957d42cfcbc64a1223a215c3fd36f22c58bbdf,"{""d"":7,""p"":0.0006723357536499335,""r"":28}",
      1024,        14,         0,   0.105,chromobius,3a190c47ddc7711f2f56601982957d42cfcbc64a1223a215c3fd36f22c58bbdf,"{""d"":7,""p"":0.0006723357536499335,""r"":28}",
      1024,        20,         0,   0.083,chromobius,3a190c47ddc7711f2f56601982957d42cfcbc64a1223a215c3fd36f22c58bbdf,"{""d"":7,""p"":0.0006723357536499335,""r"":28}",
      1024,        21,         0,   0.091,chromobius,3a190c47ddc7711f2f56601982957d42cfcbc64a1223a215c3fd36f22c58bbdf,"{""d"":7,""p"":0.0006723357536499335,""r"":28}",
     76800,       564,         0,    3.80,chromobius,7432645dfb0e9240df5de1b960e767679ecc4d12ef3f6a8dcf2b995488f5278b,"{""d"":7,""p"":0.0004893900918477494,""r"":28}",
      1024,        14,         0,   0.085,chromobius,3a190c47ddc7711f2f56601982957d42cfcbc64a1223a215c3fd36f22c58bbdf,"{""d"":7,""p"":0.0006723357536499335,""r"":28}",
       273,         6,         0,   0.045,chromobius,3c1aa3dcfbbeac8be78228c1394561933cab2667f5e08748fa9cf86c47509696,"{""d"":7,""p"":0.0007880462815669912,""r"":28}",
      2048,        42,         0,   0.170,chromobius,3a190c47ddc7711f2f56601982957d42cfcbc64a1223a215c3fd36f22c58bbdf,"{""d"":7,""p"":0.0006723357536499335,""r"":28}",
      1024,        22,         0,   0.104,chromobius,3c1aa3dcfbbeac8be78228c1394561933cab2667f5e08748fa9cf86c47509696,"{""d"":7,""p"":0.0007880462815669912,""r"":28}",
      1024,        35,         0,   0.101,chromobius,3c1aa3dcfbbeac8be78228c1394561933cab2667f5e08748fa9cf86c47509696,"{""d"":7,""p"":0.0007880462815669912,""r"":28}",
      2048,        40,         0,   0.168,chromobius,3a190c47ddc7711f2f56601982957d42cfcbc64a1223a215c3fd36f22c58bbdf,"{""d"":7,""p"":0.0006723357536499335,""r"":28}",
      1024,        21,         0,   0.114,chromobius,3c1aa3dcfbbeac8be78228c1394561933cab2667f5e08748fa9cf86c47509696,"{""d"":7,""p"":0.0007880462815669912,""r"":28}",
      1024,        32,         0,   0.104,chromobius,3c1aa3dcfbbeac8be78228c1394561933cab2667f5e08748fa9cf86c47509696,"{""d"":7,""p"":0.0007880462815669912,""r"":28}",
      1024,        16,         0,   0.086,chromobius,3c1aa3dcfbbeac8be78228c1394561933cab2667f5e08748fa9cf86c47509696,"{""d"":7,""p"":0.0007880462815669912,""r"":28}",
      3072,        49,         0,   0.263,chromobius,3a190c47ddc7711f2f56601982957d42cfcbc64a1223a215c3fd36f22c58bbdf,"{""d"":7,""p"":0.0006723357536499335,""r"":28}",
      1024,        27,         0,   0.104,chromobius,3c1aa3dcfbbeac8be78228c1394561933cab2667f5e08748fa9cf86c47509696,"{""d"":7,""p"":0.0007880462815669912,""r"":28}",
      2048,        60,         0,   0.200,chromobius,3c1aa3dcfbbeac8be78228c1394561933cab2667f5e08748fa9cf86c47509696,"{""d"":7,""p"":0.0007880462815669912,""r"":28}",
      4096,        67,         0,   0.336,chromobius,3a190c47ddc7711f2f56601982957d42cfcbc64a1223a215c3fd36f22c58bbdf,"{""d"":7,""p"":0.0006723357536499335,""r"":28}",
      2048,        66,         0,   0.191,chromobius,3c1aa3dcfbbeac8be78228c1394561933cab2667f5e08748fa9cf86c47509696,"{""d"":7,""p"":0.0007880462815669912,""r"":28}",
      3072,        76,         0,   0.323,chromobius,3c1aa3dcfbbeac8be78228c1394561933cab2667f5e08748fa9cf86c47509696,"{""d"":7,""p"":0.0007880462815669912,""r"":28}",
      6144,        90,         0,   0.470,chromobius,3a190c47ddc7711f2f56601982957d42cfcbc64a1223a215c3fd36f22c58bbdf,"{""d"":7,""p"":0.0006723357536499335,""r"":28}",
      3072,        69,         0,   0.326,chromobius,3c1aa3dcfbbeac8be78228c1394561933cab2667f5e08748fa9cf86c47509696,"{""d"":7,""p"":0.0007880462815669912,""r"":28}",
      9216,       165,         0,   0.596,chromobius,3a190c47ddc7711f2f56601982957d42cfcbc64a1223a215c3fd36f22c58bbdf,"{""d"":7,""p"":0.0006723357536499335,""r"":28}",
      5120,       105,         0,   0.489,chromobius,3c1aa3dcfbbeac8be78228c1394561933cab2667f5e08748fa9cf86c47509696,"{""d"":7,""p"":0.0007880462815669912,""r"":28}",
     12288,       228,         0,   0.802,chromobius,3a190c47ddc7711f2f56601982957d42cfcbc64a1223a215c3fd36f22c58bbdf,"{""d"":7,""p"":0.0006723357536499335,""r"":28}",
    236544,      1214,         0,    11.7,chromobius,9cb6fe268404e3b83e6891e273365c82e0e7f6f9a5c76e2e1fc224ede16edc52,"{""d"":7,""p"":0.00041753189365604,""r"":28}",
      7168,       190,         0,   0.646,chromobius,3c1aa3dcfbbeac8be78228c1394561933cab2667f5e08748fa9cf86c47509696,"{""d"":7,""p"":0.0007880462815669912,""r"":28}",
      8192,       221,         0,   0.818,chromobius,3c1aa3dcfbbeac8be78228c1394561933cab2667f5e08748fa9cf86c47509696,"{""d"":7,""p"":0.0007880462815669912,""r"":28}",
     17408,       308,         0,    1.18,chromobius,3a190c47ddc7711f2f56601982957d42cfcbc64a1223a215c3fd36f22c58bbdf,"{""d"":7,""p"":0.0006723357536499335,""r"":28}",
     12288,       307,         0,    1.18,chromobius,3c1aa3dcfbbeac8be78228c1394561933cab2667f5e08748fa9cf86c47509696,"{""d"":7,""p"":0.0007880462815669912,""r"":28}",
     24576,       417,         0,    1.55,chromobius,3a190c47ddc7711f2f56601982957d42cfcbc64a1223a215c3fd36f22c58bbdf,"{""d"":7,""p"":0.0006723357536499335,""r"":28}",
     16384,       387,         0,    1.59,chromobius,3c1aa3dcfbbeac8be78228c1394561933cab2667f5e08748fa9cf86c47509696,"{""d"":7,""p"":0.0007880462815669912,""r"":28}",
     33792,       605,         0,    2.19,chromobius,3a190c47ddc7711f2f56601982957d42cfcbc64a1223a215c3fd36f22c58bbdf,"{""d"":7,""p"":0.0006723357536499335,""r"":28}",
     22528,       550,         0,    2.21,chromobius,3c1aa3dcfbbeac8be78228c1394561933cab2667f5e08748fa9cf86c47509696,"{""d"":7,""p"":0.0007880462815669912,""r"":28}",
   1494016,       286,         0,    16.3,chromobius,c231a2c617033823668e2229d87e3313af9499a902dd252c02b0c6c5a73551b9,"{""d"":7,""p"":0.0001,""r"":28}",
   1206272,       308,         0,    16.3,chromobius,e237c3fe94c11a918b39f51cae3a6e363feef7644e7f0baa16aca32c95b765b6,"{""d"":7,""p"":0.00011721022975334806,""r"":28}",
    944128,       354,         0,    16.3,chromobius,4a36b7e21a3f27d16a040063e2c5deb44e611e0ee373e0558f774b06c456436f,"{""d"":7,""p"":0.00013738237958832623,""r"":28}",
     47104,       847,         0,    3.10,chromobius,3a190c47ddc7711f2f56601982957d42cfcbc64a1223a215c3fd36f22c58bbdf,"{""d"":7,""p"":0.0006723357536499335,""r"":28}",
    163840,       782,         0,    8.14,chromobius,9cb6fe268404e3b83e6891e273365c82e0e7f6f9a5c76e2e1fc224ede16edc52,"{""d"":7,""p"":0.00041753189365604,""r"":28}",
    333824,      1121,         0,    12.2,chromobius,fdcdaa8a6d0e4f8443a122a24813993d8a0ccab1310d147fd7989333c6afb0ba,"{""d"":7,""p"":0.0003562247890262444,""r"":28}",
       273,        12,         0,   0.034,chromobius,91864f6dd8665835868e553489965972be94974edea6477b006b9e9f6291b9d9,"{""d"":7,""p"":0.001082636733874054,""r"":28}",
       273,        11,         0,   0.031,chromobius,18af323f77103cd6755394ff7f00cf43387877124fa0e500c04b55b058c505ab,"{""d"":7,""p"":0.0009236708571873865,""r"":28}",
      1024,        43,         0,   0.120,chromobius,91864f6dd8665835868e553489965972be94974edea6477b006b9e9f6291b9d9,"{""d"":7,""p"":0.001082636733874054,""r"":28}",
      1024,        36,         0,   0.093,chromobius,18af323f77103cd6755394ff7f00cf43387877124fa0e500c04b55b058c505ab,"{""d"":7,""p"":0.0009236708571873865,""r"":28}",
      1024,        43,         0,   0.094,chromobius,18af323f77103cd6755394ff7f00cf43387877124fa0e500c04b55b058c505ab,"{""d"":7,""p"":0.0009236708571873865,""r"":28}",
      1024,        60,         0,   0.118,chromobius,91864f6dd8665835868e553489965972be94974edea6477b006b9e9f6291b9d9,"{""d"":7,""p"":0.001082636733874054,""r"":28}",
      1024,        34,         0,   0.094,chromobius,18af323f77103cd6755394ff7f00cf43387877124fa0e500c04b55b058c505ab,"{""d"":7,""p"":0.0009236708571873865,""r"":28}",
      1024,        48,         0,   0.119,chromobius,91864f6dd8665835868e553489965972be94974edea6477b006b9e9f6291b9d9,"{""d"":7,""p"":0.001082636733874054,""r"":28}",
      1024,        35,         0,   0.097,chromobius,18af323f77103cd6755394ff7f00cf43387877124fa0e500c04b55b058c505ab,"{""d"":7,""p"":0.0009236708571873865,""r"":28}",
      1024,        47,         0,   0.117,chromobius,91864f6dd8665835868e553489965972be94974edea6477b006b9e9f6291b9d9,"{""d"":7,""p"":0.001082636733874054,""r"":28}",
      1024,        41,         0,   0.098,chromobius,18af323f77103cd6755394ff7f00cf43387877124fa0e500c04b55b058c505ab,"{""d"":7,""p"":0.0009236708571873865,""r"":28}",
      1024,        63,         0,   0.119,chromobius,91864f6dd8665835868e553489965972be94974edea6477b006b9e9f6291b9d9,"{""d"":7,""p"":0.001082636733874054,""r"":28}",
      1024,        37,         0,   0.099,chromobius,18af323f77103cd6755394ff7f00cf43387877124fa0e500c04b55b058c505ab,"{""d"":7,""p"":0.0009236708571873865,""r"":28}",
     33792,       907,         0,    3.07,chromobius,3c1aa3dcfbbeac8be78228c1394561933cab2667f5e08748fa9cf86c47509696,"{""d"":7,""p"":0.0007880462815669912,""r"":28}",
      1024,        69,         0,   0.120,chromobius,91864f6dd8665835868e553489965972be94974edea6477b006b9e9f6291b9d9,"{""d"":7,""p"":0.001082636733874054,""r"":28}",
      2048,        81,         0,   0.190,chromobius,18af323f77103cd6755394ff7f00cf43387877124fa0e500c04b55b058c505ab,"{""d"":7,""p"":0.0009236708571873865,""r"":28}",
      1024,        56,         0,   0.113,chromobius,91864f6dd8665835868e553489965972be94974edea6477b006b9e9f6291b9d9,"{""d"":7,""p"":0.001082636733874054,""r"":28}",
    958464,       482,         0,    16.3,chromobius,ead362d2e561f309859baf28e940191a512d296dfeaf9fa95a8acab020214138,"{""d"":7,""p"":0.00016102620275609394,""r"":28}",
      2048,        92,         0,   0.201,chromobius,18af323f77103cd6755394ff7f00cf43387877124fa0e500c04b55b058c505ab,"{""d"":7,""p"":0.0009236708571873865,""r"":28}",
    727040,       521,         0,    16.3,chromobius,4379df360ef72cd398a33dfd12c2aa2910be0cc966516b227a32b869053e1f71,"{""d"":7,""p"":0.00018873918221350977,""r"":28}",
      2048,        99,         0,   0.233,chromobius,91864f6dd8665835868e553489965972be94974edea6477b006b9e9f6291b9d9,"{""d"":7,""p"":0.001082636733874054,""r"":28}",
    772096,       817,         0,    16.3,chromobius,4c19e83f76f32eec0db52a2822374ef7f4dc006a26cea33b54a6950661613d2a,"{""d"":7,""p"":0.000221221629107045,""r"":28}",
      3072,       117,         0,   0.298,chromobius,18af323f77103cd6755394ff7f00cf43387877124fa0e500c04b55b058c505ab,"{""d"":7,""p"":0.0009236708571873865,""r"":28}",
      2048,       126,         0,   0.235,chromobius,91864f6dd8665835868e553489965972be94974edea6477b006b9e9f6291b9d9,"{""d"":7,""p"":0.001082636733874054,""r"":28}",
      3072,       119,         0,   0.296,chromobius,18af323f77103cd6755394ff7f00cf43387877124fa0e500c04b55b058c505ab,"{""d"":7,""p"":0.0009236708571873865,""r"":28}",
      3072,       200,         0,   0.351,chromobius,91864f6dd8665835868e553489965972be94974edea6477b006b9e9f6291b9d9,"{""d"":7,""p"":0.001082636733874054,""r"":28}",
    660480,       997,         0,    16.4,chromobius,9d5ae15aed89a7201e4b85a900d908f1f0e4101735835a12ca6ed03d8fc1a459,"{""d"":7,""p"":0.0002592943797404667,""r"":28}",
      5120,       205,         0,   0.500,chromobius,18af323f77103cd6755394ff7f00cf43387877124fa0e500c04b55b058c505ab,"{""d"":7,""p"":0.0009236708571873865,""r"":28}",
      4096,       242,         0,   0.458,chromobius,91864f6dd8665835868e553489965972be94974edea6477b006b9e9f6291b9d9,"{""d"":7,""p"":0.001082636733874054,""r"":28}",
      5120,       305,         0,   0.574,chromobius,91864f6dd8665835868e553489965972be94974edea6477b006b9e9f6291b9d9,"{""d"":7,""p"":0.001082636733874054,""r"":28}",
      6144,       224,         0,   0.627,chromobius,18af323f77103cd6755394ff7f00cf43387877124fa0e500c04b55b058c505ab,"{""d"":7,""p"":0.0009236708571873865,""r"":28}",
    521216,      1204,         0,    16.4,chromobius,b6e2d8cbb246ade578edc36bec96423bc615910a1b46a4125ee149c8d12fdcea,"{""d"":7,""p"":0.0003039195382313198,""r"":28}",
      7168,       443,         0,   0.803,chromobius,91864f6dd8665835868e553489965972be94974edea6477b006b9e9f6291b9d9,"{""d"":7,""p"":0.001082636733874054,""r"":28}",
      8192,       339,         0,   0.818,chromobius,18af323f77103cd6755394ff7f00cf43387877124fa0e500c04b55b058c505ab,"{""d"":7,""p"":0.0009236708571873865,""r"":28}",
     53248,       937,         0,    4.27,chromobius,3a190c47ddc7711f2f56601982957d42cfcbc64a1223a215c3fd36f22c58bbdf,"{""d"":7,""p"":0.0006723357536499335,""r"":28}",
     10240,       583,         0,    1.16,chromobius,91864f6dd8665835868e553489965972be94974edea6477b006b9e9f6291b9d9,"{""d"":7,""p"":0.001082636733874054,""r"":28}",
     12288,       443,         0,    1.21,chromobius,18af323f77103cd6755394ff7f00cf43387877124fa0e500c04b55b058c505ab,"{""d"":7,""p"":0.0009236708571873865,""r"":28}",
     55296,      1491,         0,    4.27,chromobius,3c1aa3dcfbbeac8be78228c1394561933cab2667f5e08748fa9cf86c47509696,"{""d"":7,""p"":0.0007880462815669912,""r"":28}",
     14336,       429,         0,    1.18,chromobius,3c1aa3dcfbbeac8be78228c1394561933cab2667f5e08748fa9cf86c47509696,"{""d"":7,""p"":0.0007880462815669912,""r"":28}",
       273,        22,         0,   0.037,chromobius,640b7985962bb5f4dd88c3c59282ccd39827876e81d69af931dab4d09ba781de,"{""d"":7,""p"":0.0012689610031679222,""r"":28}",
     14336,       857,         0,    1.66,chromobius,91864f6dd8665835868e553489965972be94974edea6477b006b9e9f6291b9d9,"{""d"":7,""p"":0.001082636733874054,""r"":28}",
      1024,        89,         0,   0.128,chromobius,640b7985962bb5f4dd88c3c59282ccd39827876e81d69af931dab4d09ba781de,"{""d"":7,""p"":0.0012689610031679222,""r"":28}",
     16384,       683,         0,    1.70,chromobius,18af323f77103cd6755394ff7f00cf43387877124fa0e500c04b55b058c505ab,"{""d"":7,""p"":0.0009236708571873865,""r"":28}",
      1024,        88,         0,   0.138,chromobius,640b7985962bb5f4dd88c3c59282ccd39827876e81d69af931dab4d09ba781de,"{""d"":7,""p"":0.0012689610031679222,""r"":28}",
      1024,        89,         0,   0.131,chromobius,640b7985962bb5f4dd88c3c59282ccd39827876e81d69af931dab4d09ba781de,"{""d"":7,""p"":0.0012689610031679222,""r"":28}",
      1024,       115,         0,   0.134,chromobius,640b7985962bb5f4dd88c3c59282ccd39827876e81d69af931dab4d09ba781de,"{""d"":7,""p"":0.0012689610031679222,""r"":28}",
      1024,        94,         0,   0.130,chromobius,640b7985962bb5f4dd88c3c59282ccd39827876e81d69af931dab4d09ba781de,"{""d"":7,""p"":0.0012689610031679222,""r"":28}",
      1024,        89,         0,   0.129,chromobius,640b7985962bb5f4dd88c3c59282ccd39827876e81d69af931dab4d09ba781de,"{""d"":7,""p"":0.0012689610031679222,""r"":28}",
      1024,        84,         0,   0.135,chromobius,640b7985962bb5f4dd88c3c59282ccd39827876e81d69af931dab4d09ba781de,"{""d"":7,""p"":0.0012689610031679222,""r"":28}",
      2048,       170,         0,   0.269,chromobius,640b7985962bb5f4dd88c3c59282ccd39827876e81d69af931dab4d09ba781de,"{""d"":7,""p"":0.0012689610031679222,""r"":28}",
      2048,       174,         0,   0.282,chromobius,640b7985962bb5f4dd88c3c59282ccd39827876e81d69af931dab4d09ba781de,"{""d"":7,""p"":0.0012689610031679222,""r"":28}",
      3072,       257,         0,   0.388,chromobius,640b7985962bb5f4dd88c3c59282ccd39827876e81d69af931dab4d09ba781de,"{""d"":7,""p"":0.0012689610031679222,""r"":28}",
     19456,      1139,         0,    2.18,chromobius,91864f6dd8665835868e553489965972be94974edea6477b006b9e9f6291b9d9,"{""d"":7,""p"":0.001082636733874054,""r"":28}",
      4096,       380,         0,   0.523,chromobius,640b7985962bb5f4dd88c3c59282ccd39827876e81d69af931dab4d09ba781de,"{""d"":7,""p"":0.0012689610031679222,""r"":28}",
     18432,       731,         0,    2.27,chromobius,18af323f77103cd6755394ff7f00cf43387877124fa0e500c04b55b058c505ab,"{""d"":7,""p"":0.0009236708571873865,""r"":28}",
     61440,      1107,         0,    5.04,chromobius,3a190c47ddc7711f2f56601982957d42cfcbc64a1223a215c3fd36f22c58bbdf,"{""d"":7,""p"":0.0006723357536499335,""r"":28}",
       273,        33,         0,   0.043,chromobius,5face7b25009eef3b1ee9923bcdf5727eb4d67e86f6cbd347a222b475c5b87d9,"{""d"":7,""p"":0.0014873521072935117,""r"":28}",
      5120,       469,         0,   0.662,chromobius,640b7985962bb5f4dd88c3c59282ccd39827876e81d69af931dab4d09ba781de,"{""d"":7,""p"":0.0012689610031679222,""r"":28}",
      1024,       119,         0,   0.156,chromobius,5face7b25009eef3b1ee9923bcdf5727eb4d67e86f6cbd347a222b475c5b87d9,"{""d"":7,""p"":0.0014873521072935117,""r"":28}",
      1024,       135,         0,   0.161,chromobius,5face7b25009eef3b1ee9923bcdf5727eb4d67e86f6cbd347a222b475c5b87d9,"{""d"":7,""p"":0.0014873521072935117,""r"":28}",
      1024,       131,         0,   0.159,chromobius,5face7b25009eef3b1ee9923bcdf5727eb4d67e86f6cbd347a222b475c5b87d9,"{""d"":7,""p"":0.0014873521072935117,""r"":28}",
     11264,       650,         0,    1.33,chromobius,91864f6dd8665835868e553489965972be94974edea6477b006b9e9f6291b9d9,"{""d"":7,""p"":0.001082636733874054,""r"":28}",
      1024,       114,         0,   0.200,chromobius,5face7b25009eef3b1ee9923bcdf5727eb4d67e86f6cbd347a222b475c5b87d9,"{""d"":7,""p"":0.0014873521072935117,""r"":28}",
       273,        44,         0,   0.056,chromobius,5b47716aa8d1a529ad40e107b8b1a8913d73c7d5402b2afce25a4c7b54faf366,"{""d"":7,""p"":0.0017433288221999873,""r"":28}",
      1024,       147,         0,   0.169,chromobius,5face7b25009eef3b1ee9923bcdf5727eb4d67e86f6cbd347a222b475c5b87d9,"{""d"":7,""p"":0.0014873521072935117,""r"":28}",
      6144,       539,         0,   0.822,chromobius,640b7985962bb5f4dd88c3c59282ccd39827876e81d69af931dab4d09ba781de,"{""d"":7,""p"":0.0012689610031679222,""r"":28}",
      1024,       192,         0,   0.190,chromobius,5b47716aa8d1a529ad40e107b8b1a8913d73c7d5402b2afce25a4c7b54faf366,"{""d"":7,""p"":0.0017433288221999873,""r"":28}",
      1024,       145,         0,   0.159,chromobius,5face7b25009eef3b1ee9923bcdf5727eb4d67e86f6cbd347a222b475c5b87d9,"{""d"":7,""p"":0.0014873521072935117,""r"":28}",
      1024,       186,         0,   0.192,chromobius,5b47716aa8d1a529ad40e107b8b1a8913d73c7d5402b2afce25a4c7b54faf366,"{""d"":7,""p"":0.0017433288221999873,""r"":28}",
      1024,       133,         0,   0.164,chromobius,5face7b25009eef3b1ee9923bcdf5727eb4d67e86f6cbd347a222b475c5b87d9,"{""d"":7,""p"":0.0014873521072935117,""r"":28}",
      1024,       136,         0,   0.163,chromobius,5face7b25009eef3b1ee9923bcdf5727eb4d67e86f6cbd347a222b475c5b87d9,"{""d"":7,""p"":0.0014873521072935117,""r"":28}",
      1024,       219,         0,   0.195,chromobius,5b47716aa8d1a529ad40e107b8b1a8913d73c7d5402b2afce25a4c7b54faf366,"{""d"":7,""p"":0.0017433288221999873,""r"":28}",
      1024,       184,         0,   0.201,chromobius,5b47716aa8d1a529ad40e107b8b1a8913d73c7d5402b2afce25a4c7b54faf366,"{""d"":7,""p"":0.0017433288221999873,""r"":28}",
      2048,       248,         0,   0.336,chromobius,5face7b25009eef3b1ee9923bcdf5727eb4d67e86f6cbd347a222b475c5b87d9,"{""d"":7,""p"":0.0014873521072935117,""r"":28}",
      1024,       163,         0,   0.210,chromobius,5b47716aa8d1a529ad40e107b8b1a8913d73c7d5402b2afce25a4c7b54faf366,"{""d"":7,""p"":0.0017433288221999873,""r"":28}",
      1024,       224,         0,   0.204,chromobius,5b47716aa8d1a529ad40e107b8b1a8913d73c7d5402b2afce25a4c7b54faf366,"{""d"":7,""p"":0.0017433288221999873,""r"":28}",
      2048,       244,         0,   0.322,chromobius,5face7b25009eef3b1ee9923bcdf5727eb4d67e86f6cbd347a222b475c5b87d9,"{""d"":7,""p"":0.0014873521072935117,""r"":28}",
      9216,       856,         0,    1.24,chromobius,640b7985962bb5f4dd88c3c59282ccd39827876e81d69af931dab4d09ba781de,"{""d"":7,""p"":0.0012689610031679222,""r"":28}",
      1024,       167,         0,   0.205,chromobius,5b47716aa8d1a529ad40e107b8b1a8913d73c7d5402b2afce25a4c7b54faf366,"{""d"":7,""p"":0.0017433288221999873,""r"":28}",
      1024,       199,         0,   0.189,chromobius,5b47716aa8d1a529ad40e107b8b1a8913d73c7d5402b2afce25a4c7b54faf366,"{""d"":7,""p"":0.0017433288221999873,""r"":28}",
      3072,       380,         0,   0.486,chromobius,5face7b25009eef3b1ee9923bcdf5727eb4d67e86f6cbd347a222b475c5b87d9,"{""d"":7,""p"":0.0014873521072935117,""r"":28}",
     30720,      1242,         0,    3.06,chromobius,18af323f77103cd6755394ff7f00cf43387877124fa0e500c04b55b058c505ab,"{""d"":7,""p"":0.0009236708571873865,""r"":28}",
      2048,       361,         0,   0.398,chromobius,5b47716aa8d1a529ad40e107b8b1a8913d73c7d5402b2afce25a4c7b54faf366,"{""d"":7,""p"":0.0017433288221999873,""r"":28}",
      4096,       530,         0,   0.665,chromobius,5face7b25009eef3b1ee9923bcdf5727eb4d67e86f6cbd347a222b475c5b87d9,"{""d"":7,""p"":0.0014873521072935117,""r"":28}",
      2048,       358,         0,   0.386,chromobius,5b47716aa8d1a529ad40e107b8b1a8913d73c7d5402b2afce25a4c7b54faf366,"{""d"":7,""p"":0.0017433288221999873,""r"":28}",
      3072,       551,         0,   0.593,chromobius,5b47716aa8d1a529ad40e107b8b1a8913d73c7d5402b2afce25a4c7b54faf366,"{""d"":7,""p"":0.0017433288221999873,""r"":28}",
     12288,      1066,         0,    1.63,chromobius,640b7985962bb5f4dd88c3c59282ccd39827876e81d69af931dab4d09ba781de,"{""d"":7,""p"":0.0012689610031679222,""r"":28}",
     13312,       493,         0,    1.29,chromobius,18af323f77103cd6755394ff7f00cf43387877124fa0e500c04b55b058c505ab,"{""d"":7,""p"":0.0009236708571873865,""r"":28}",
      5120,       676,         0,   0.849,chromobius,5face7b25009eef3b1ee9923bcdf5727eb4d67e86f6cbd347a222b475c5b87d9,"{""d"":7,""p"":0.0014873521072935117,""r"":28}",
       273,        81,         0,   0.079,chromobius,0510bd83534eb391ba1647cb7fcf14123123b394c6aca9fdb583bf2da48b7062,"{""d"":7,""p"":0.0020433597178569417,""r"":28}",
      3072,       614,         0,   0.604,chromobius,5b47716aa8d1a529ad40e107b8b1a8913d73c7d5402b2afce25a4c7b54faf366,"{""d"":7,""p"":0.0017433288221999873,""r"":28}",
      1024,       264,         0,   0.306,chromobius,0510bd83534eb391ba1647cb7fcf14123123b394c6aca9fdb583bf2da48b7062,"{""d"":7,""p"":0.0020433597178569417,""r"":28}",
      5120,       474,         0,   0.693,chromobius,640b7985962bb5f4dd88c3c59282ccd39827876e81d69af931dab4d09ba781de,"{""d"":7,""p"":0.0012689610031679222,""r"":28}",
      1024,       268,         0,   0.266,chromobius,0510bd83534eb391ba1647cb7fcf14123123b394c6aca9fdb583bf2da48b7062,"{""d"":7,""p"":0.0020433597178569417,""r"":28}",
       273,        89,         0,   0.099,chromobius,c63ae0f3fcde756197e87d451cbd127de687bf667e16d0ee6dda360931d0cc61,"{""d"":7,""p"":0.002395026619987486,""r"":28}",
      1024,       240,         0,   0.305,chromobius,0510bd83534eb391ba1647cb7fcf14123123b394c6aca9fdb583bf2da48b7062,"{""d"":7,""p"":0.0020433597178569417,""r"":28}",
      1024,       363,         0,   0.280,chromobius,c63ae0f3fcde756197e87d451cbd127de687bf667e16d0ee6dda360931d0cc61,"{""d"":7,""p"":0.002395026619987486,""r"":28}",
      7168,       898,         0,    1.20,chromobius,5face7b25009eef3b1ee9923bcdf5727eb4d67e86f6cbd347a222b475c5b87d9,"{""d"":7,""p"":0.0014873521072935117,""r"":28}",
      4096,       722,         0,   0.848,chromobius,5b47716aa8d1a529ad40e107b8b1a8913d73c7d5402b2afce25a4c7b54faf366,"{""d"":7,""p"":0.0017433288221999873,""r"":28}",
      1024,       327,         0,   0.295,chromobius,c63ae0f3fcde756197e87d451cbd127de687bf667e16d0ee6dda360931d0cc61,"{""d"":7,""p"":0.002395026619987486,""r"":28}",
      1024,       245,         0,   0.309,chromobius,0510bd83534eb391ba1647cb7fcf14123123b394c6aca9fdb583bf2da48b7062,"{""d"":7,""p"":0.0020433597178569417,""r"":28}",
      1024,       323,         0,   0.282,chromobius,c63ae0f3fcde756197e87d451cbd127de687bf667e16d0ee6dda360931d0cc61,"{""d"":7,""p"":0.002395026619987486,""r"":28}",
      1024,       271,         0,   0.312,chromobius,0510bd83534eb391ba1647cb7fcf14123123b394c6aca9fdb583bf2da48b7062,"{""d"":7,""p"":0.0020433597178569417,""r"":28}",
      1024,       348,         0,   0.273,chromobius,c63ae0f3fcde756197e87d451cbd127de687bf667e16d0ee6dda360931d0cc61,"{""d"":7,""p"":0.002395026619987486,""r"":28}",
      1024,       262,         0,   0.322,chromobius,0510bd83534eb391ba1647cb7fcf14123123b394c6aca9fdb583bf2da48b7062,"{""d"":7,""p"":0.0020433597178569417,""r"":28}",
      1024,       350,         0,   0.287,chromobius,c63ae0f3fcde756197e87d451cbd127de687bf667e16d0ee6dda360931d0cc61,"{""d"":7,""p"":0.002395026619987486,""r"":28}",
      5120,       960,         0,   0.934,chromobius,5b47716aa8d1a529ad40e107b8b1a8913d73c7d5402b2afce25a4c7b54faf366,"{""d"":7,""p"":0.0017433288221999873,""r"":28}",
      1024,       268,         0,   0.308,chromobius,0510bd83534eb391ba1647cb7fcf14123123b394c6aca9fdb583bf2da48b7062,"{""d"":7,""p"":0.0020433597178569417,""r"":28}",
    331776,       768,         0,    12.4,chromobius,b6e2d8cbb246ade578edc36bec96423bc615910a1b46a4125ee149c8d12fdcea,"{""d"":7,""p"":0.0003039195382313198,""r"":28}",
      7168,       939,         0,    1.15,chromobius,5face7b25009eef3b1ee9923bcdf5727eb4d67e86f6cbd347a222b475c5b87d9,"{""d"":7,""p"":0.0014873521072935117,""r"":28}",
       273,       110,         0,   0.096,chromobius,67bf527c8ab2799610d132fb8ab358737db3c700855718dcca3dcf0951d6593f,"{""d"":7,""p"":0.0028072162039411755,""r"":28}",
      1024,       351,         0,   0.312,chromobius,c63ae0f3fcde756197e87d451cbd127de687bf667e16d0ee6dda360931d0cc61,"{""d"":7,""p"":0.002395026619987486,""r"":28}",
        17,        10,         0,   0.010,chromobius,c648c946488142094e554790b84f186d8b49503d074e0299c65df21cd6cb8e45,"{""d"":7,""p"":0.0038566204211634724,""r"":28}",
      1024,       237,         0,   0.241,chromobius,0510bd83534eb391ba1647cb7fcf14123123b394c6aca9fdb583bf2da48b7062,"{""d"":7,""p"":0.0020433597178569417,""r"":28}",
       273,       130,         0,   0.167,chromobius,d84751561e2d2a8edeb464650b275d2a94fdae7f2880ec511f0aca79305fd7d4,"{""d"":7,""p"":0.0032903445623126675,""r"":28}",
       256,       123,         0,   0.125,chromobius,c648c946488142094e554790b84f186d8b49503d074e0299c65df21cd6cb8e45,"{""d"":7,""p"":0.0038566204211634724,""r"":28}",
      1024,       253,         0,   0.245,chromobius,0510bd83534eb391ba1647cb7fcf14123123b394c6aca9fdb583bf2da48b7062,"{""d"":7,""p"":0.0020433597178569417,""r"":28}",
      1024,       338,         0,   0.286,chromobius,c63ae0f3fcde756197e87d451cbd127de687bf667e16d0ee6dda360931d0cc61,"{""d"":7,""p"":0.002395026619987486,""r"":28}",
       512,       239,         0,   0.261,chromobius,d84751561e2d2a8edeb464650b275d2a94fdae7f2880ec511f0aca79305fd7d4,"{""d"":7,""p"":0.0032903445623126675,""r"":28}",
      1024,       415,         0,   0.450,chromobius,67bf527c8ab2799610d132fb8ab358737db3c700855718dcca3dcf0951d6593f,"{""d"":7,""p"":0.0028072162039411755,""r"":28}",
      1024,       313,         0,   0.289,chromobius,c63ae0f3fcde756197e87d451cbd127de687bf667e16d0ee6dda360931d0cc61,"{""d"":7,""p"":0.002395026619987486,""r"":28}",
      1024,       526,         0,   0.519,chromobius,c648c946488142094e554790b84f186d8b49503d074e0299c65df21cd6cb8e45,"{""d"":7,""p"":0.0038566204211634724,""r"":28}",
      1024,       377,         0,   0.414,chromobius,67bf527c8ab2799610d132fb8ab358737db3c700855718dcca3dcf0951d6593f,"{""d"":7,""p"":0.0028072162039411755,""r"":28}",
      2048,       543,         0,   0.511,chromobius,0510bd83534eb391ba1647cb7fcf14123123b394c6aca9fdb583bf2da48b7062,"{""d"":7,""p"":0.0020433597178569417,""r"":28}",
      1024,       338,         0,   0.295,chromobius,c63ae0f3fcde756197e87d451cbd127de687bf667e16d0ee6dda360931d0cc61,"{""d"":7,""p"":0.002395026619987486,""r"":28}",
      1024,       494,         0,   0.536,chromobius,d84751561e2d2a8edeb464650b275d2a94fdae7f2880ec511f0aca79305fd7d4,"{""d"":7,""p"":0.0032903445623126675,""r"":28}",
      1024,       341,         0,   0.301,chromobius,c63ae0f3fcde756197e87d451cbd127de687bf667e16d0ee6dda360931d0cc61,"{""d"":7,""p"":0.002395026619987486,""r"":28}",
      1024,       504,         0,   0.518,chromobius,c648c946488142094e554790b84f186d8b49503d074e0299c65df21cd6cb8e45,"{""d"":7,""p"":0.0038566204211634724,""r"":28}",
      1024,       405,         0,   0.439,chromobius,67bf527c8ab2799610d132fb8ab358737db3c700855718dcca3dcf0951d6593f,"{""d"":7,""p"":0.0028072162039411755,""r"":28}",
      2048,       514,         0,   0.483,chromobius,0510bd83534eb391ba1647cb7fcf14123123b394c6aca9fdb583bf2da48b7062,"{""d"":7,""p"":0.0020433597178569417,""r"":28}",
      1024,       474,         0,   0.536,chromobius,d84751561e2d2a8edeb464650b275d2a94fdae7f2880ec511f0aca79305fd7d4,"{""d"":7,""p"":0.0032903445623126675,""r"":28}",
      1024,       416,         0,   0.453,chromobius,67bf527c8ab2799610d132fb8ab358737db3c700855718dcca3dcf0951d6593f,"{""d"":7,""p"":0.0028072162039411755,""r"":28}",
      1024,       486,         0,   0.530,chromobius,c648c946488142094e554790b84f186d8b49503d074e0299c65df21cd6cb8e45,"{""d"":7,""p"":0.0038566204211634724,""r"":28}",
      2048,       688,         0,   0.594,chromobius,c63ae0f3fcde756197e87d451cbd127de687bf667e16d0ee6dda360931d0cc61,"{""d"":7,""p"":0.002395026619987486,""r"":28}",
      1024,       454,         0,   0.548,chromobius,d84751561e2d2a8edeb464650b275d2a94fdae7f2880ec511f0aca79305fd7d4,"{""d"":7,""p"":0.0032903445623126675,""r"":28}",
      3072,       782,         0,   0.765,chromobius,0510bd83534eb391ba1647cb7fcf14123123b394c6aca9fdb583bf2da48b7062,"{""d"":7,""p"":0.0020433597178569417,""r"":28}",
      1024,       403,         0,   0.431,chromobius,67bf527c8ab2799610d132fb8ab358737db3c700855718dcca3dcf0951d6593f,"{""d"":7,""p"":0.0028072162039411755,""r"":28}",
      1024,       512,         0,   0.522,chromobius,c648c946488142094e554790b84f186d8b49503d074e0299c65df21cd6cb8e45,"{""d"":7,""p"":0.0038566204211634724,""r"":28}",
      2048,       693,         0,   0.577,chromobius,c63ae0f3fcde756197e87d451cbd127de687bf667e16d0ee6dda360931d0cc61,"{""d"":7,""p"":0.002395026619987486,""r"":28}",
      1024,       398,         0,   0.443,chromobius,67bf527c8ab2799610d132fb8ab358737db3c700855718dcca3dcf0951d6593f,"{""d"":7,""p"":0.0028072162039411755,""r"":28}",
      1024,       481,         0,   0.572,chromobius,d84751561e2d2a8edeb464650b275d2a94fdae7f2880ec511f0aca79305fd7d4,"{""d"":7,""p"":0.0032903445623126675,""r"":28}",
      1024,       345,         0,   0.290,chromobius,c63ae0f3fcde756197e87d451cbd127de687bf667e16d0ee6dda360931d0cc61,"{""d"":7,""p"":0.002395026619987486,""r"":28}",
        17,         9,         0,   0.016,chromobius,09cce3e891f2ee74e16615cd630cfea3a9b2e98e0bb7ce3bfc94ebd350193d2a,"{""d"":7,""p"":0.004520353656360241,""r"":28}",
      1024,       516,         0,   0.536,chromobius,c648c946488142094e554790b84f186d8b49503d074e0299c65df21cd6cb8e45,"{""d"":7,""p"":0.0038566204211634724,""r"":28}",
      1024,       382,         0,   0.372,chromobius,67bf527c8ab2799610d132fb8ab358737db3c700855718dcca3dcf0951d6593f,"{""d"":7,""p"":0.0028072162039411755,""r"":28}",
       256,       126,         0,   0.181,chromobius,09cce3e891f2ee74e16615cd630cfea3a9b2e98e0bb7ce3bfc94ebd350193d2a,"{""d"":7,""p"":0.004520353656360241,""r"":28}",
      4096,      1004,         0,   0.942,chromobius,0510bd83534eb391ba1647cb7fcf14123123b394c6aca9fdb583bf2da48b7062,"{""d"":7,""p"":0.0020433597178569417,""r"":28}",
      1024,       466,         0,   0.431,chromobius,d84751561e2d2a8edeb464650b275d2a94fdae7f2880ec511f0aca79305fd7d4,"{""d"":7,""p"":0.0032903445623126675,""r"":28}",
        17,         7,         0,   0.013,chromobius,a0b47c2f690471ecdb61bf1ce117316c5ef065d91ba89c5b6fc14a8c380986aa,"{""d"":7,""p"":0.005298316906283708,""r"":28}",
       512,       234,         0,   0.313,chromobius,09cce3e891f2ee74e16615cd630cfea3a9b2e98e0bb7ce3bfc94ebd350193d2a,"{""d"":7,""p"":0.004520353656360241,""r"":28}",
      1024,       411,         0,   0.355,chromobius,67bf527c8ab2799610d132fb8ab358737db3c700855718dcca3dcf0951d6593f,"{""d"":7,""p"":0.0028072162039411755,""r"":28}",
       256,       138,         0,   0.188,chromobius,a0b47c2f690471ecdb61bf1ce117316c5ef065d91ba89c5b6fc14a8c380986aa,"{""d"":7,""p"":0.005298316906283708,""r"":28}",
      1024,       488,         0,   0.573,chromobius,c648c946488142094e554790b84f186d8b49503d074e0299c65df21cd6cb8e45,"{""d"":7,""p"":0.0038566204211634724,""r"":28}",
      1024,       448,         0,   0.510,chromobius,d84751561e2d2a8edeb464650b275d2a94fdae7f2880ec511f0aca79305fd7d4,"{""d"":7,""p"":0.0032903445623126675,""r"":28}",
       512,       251,         0,   0.304,chromobius,09cce3e891f2ee74e16615cd630cfea3a9b2e98e0bb7ce3bfc94ebd350193d2a,"{""d"":7,""p"":0.004520353656360241,""r"":28}",
      1024,       427,         0,   0.347,chromobius,67bf527c8ab2799610d132fb8ab358737db3c700855718dcca3dcf0951d6593f,"{""d"":7,""p"":0.0028072162039411755,""r"":28}",
       512,       248,         0,   0.378,chromobius,a0b47c2f690471ecdb61bf1ce117316c5ef065d91ba89c5b6fc14a8c380986aa,"{""d"":7,""p"":0.005298316906283708,""r"":28}",
       512,       256,         0,   0.295,chromobius,09cce3e891f2ee74e16615cd630cfea3a9b2e98e0bb7ce3bfc94ebd350193d2a,"{""d"":7,""p"":0.004520353656360241,""r"":28}",
      1024,       489,         0,   0.525,chromobius,c648c946488142094e554790b84f186d8b49503d074e0299c65df21cd6cb8e45,"{""d"":7,""p"":0.0038566204211634724,""r"":28}",
      1024,       381,         0,   0.347,chromobius,67bf527c8ab2799610d132fb8ab358737db3c700855718dcca3dcf0951d6593f,"{""d"":7,""p"":0.0028072162039411755,""r"":28}",
       512,       252,         0,   0.375,chromobius,a0b47c2f690471ecdb61bf1ce117316c5ef065d91ba89c5b6fc14a8c380986aa,"{""d"":7,""p"":0.005298316906283708,""r"":28}",
      1024,       444,         0,   0.586,chromobius,d84751561e2d2a8edeb464650b275d2a94fdae7f2880ec511f0aca79305fd7d4,"{""d"":7,""p"":0.0032903445623126675,""r"":28}",
      1024,       471,         0,   0.524,chromobius,c648c946488142094e554790b84f186d8b49503d074e0299c65df21cd6cb8e45,"{""d"":7,""p"":0.0038566204211634724,""r"":28}",
       512,       242,         0,   0.370,chromobius,a0b47c2f690471ecdb61bf1ce117316c5ef065d91ba89c5b6fc14a8c380986aa,"{""d"":7,""p"":0.005298316906283708,""r"":28}",
      1024,       528,         0,   0.578,chromobius,09cce3e891f2ee74e16615cd630cfea3a9b2e98e0bb7ce3bfc94ebd350193d2a,"{""d"":7,""p"":0.004520353656360241,""r"":28}",
      1024,       457,         0,   0.553,chromobius,d84751561e2d2a8edeb464650b275d2a94fdae7f2880ec511f0aca79305fd7d4,"{""d"":7,""p"":0.0032903445623126675,""r"":28}",
      2048,       832,         0,   0.685,chromobius,67bf527c8ab2799610d132fb8ab358737db3c700855718dcca3dcf0951d6593f,"{""d"":7,""p"":0.0028072162039411755,""r"":28}",
       512,       252,         0,   0.369,chromobius,a0b47c2f690471ecdb61bf1ce117316c5ef065d91ba89c5b6fc14a8c380986aa,"{""d"":7,""p"":0.005298316906283708,""r"":28}",
      1024,       498,         0,   0.539,chromobius,c648c946488142094e554790b84f186d8b49503d074e0299c65df21cd6cb8e45,"{""d"":7,""p"":0.0038566204211634724,""r"":28}",
      1024,       437,         0,   0.341,chromobius,67bf527c8ab2799610d132fb8ab358737db3c700855718dcca3dcf0951d6593f,"{""d"":7,""p"":0.0028072162039411755,""r"":28}",
      1024,       504,         0,   0.612,chromobius,09cce3e891f2ee74e16615cd630cfea3a9b2e98e0bb7ce3bfc94ebd350193d2a,"{""d"":7,""p"":0.004520353656360241,""r"":28}",
        17,         6,         0,   0.018,chromobius,a55761ee652586efad852b6690e1833844de8939682a46c067961b3d3570bbc2,"{""d"":7,""p"":0.006210169418915616,""r"":28}",
      1024,       456,         0,   0.496,chromobius,d84751561e2d2a8edeb464650b275d2a94fdae7f2880ec511f0aca79305fd7d4,"{""d"":7,""p"":0.0032903445623126675,""r"":28}",
       512,       262,         0,   0.408,chromobius,a0b47c2f690471ecdb61bf1ce117316c5ef065d91ba89c5b6fc14a8c380986aa,"{""d"":7,""p"":0.005298316906283708,""r"":28}",
       256,       128,         0,   0.272,chromobius,a55761ee652586efad852b6690e1833844de8939682a46c067961b3d3570bbc2,"{""d"":7,""p"":0.006210169418915616,""r"":28}",
      1024,       465,         0,   0.393,chromobius,d84751561e2d2a8edeb464650b275d2a94fdae7f2880ec511f0aca79305fd7d4,"{""d"":7,""p"":0.0032903445623126675,""r"":28}",
      1024,       494,         0,   0.617,chromobius,c648c946488142094e554790b84f186d8b49503d074e0299c65df21cd6cb8e45,"{""d"":7,""p"":0.0038566204211634724,""r"":28}",
      1024,       529,         0,   0.610,chromobius,09cce3e891f2ee74e16615cd630cfea3a9b2e98e0bb7ce3bfc94ebd350193d2a,"{""d"":7,""p"":0.004520353656360241,""r"":28}",
       512,       245,         0,   0.464,chromobius,a0b47c2f690471ecdb61bf1ce117316c5ef065d91ba89c5b6fc14a8c380986aa,"{""d"":7,""p"":0.005298316906283708,""r"":28}",
        17,        10,         0,   0.035,chromobius,7d1ea694265d615a0f6e8fd02517fd3600130acf33b860f465f3032b52901406,"{""d"":7,""p"":0.007278953843983146,""r"":28}",
        17,         9,         0,   0.024,chromobius,16165f94f42d3d30f3b04e88f22db81542d77338bef9c02b108a423a80eaf3b0,"{""d"":7,""p"":0.008531678524172805,""r"":28}",
       512,       249,         0,   0.466,chromobius,a55761ee652586efad852b6690e1833844de8939682a46c067961b3d3570bbc2,"{""d"":7,""p"":0.006210169418915616,""r"":28}",
       256,       117,         0,   0.242,chromobius,7d1ea694265d615a0f6e8fd02517fd3600130acf33b860f465f3032b52901406,"{""d"":7,""p"":0.007278953843983146,""r"":28}",
       256,       122,         0,   0.374,chromobius,16165f94f42d3d30f3b04e88f22db81542d77338bef9c02b108a423a80eaf3b0,"{""d"":7,""p"":0.008531678524172805,""r"":28}",
       512,       252,         0,   0.469,chromobius,a0b47c2f690471ecdb61bf1ce117316c5ef065d91ba89c5b6fc14a8c380986aa,"{""d"":7,""p"":0.005298316906283708,""r"":28}",
      1024,       505,         0,   0.616,chromobius,09cce3e891f2ee74e16615cd630cfea3a9b2e98e0bb7ce3bfc94ebd350193d2a,"{""d"":7,""p"":0.004520353656360241,""r"":28}",
       512,       249,         0,   0.424,chromobius,a55761ee652586efad852b6690e1833844de8939682a46c067961b3d3570bbc2,"{""d"":7,""p"":0.006210169418915616,""r"":28}",
       512,       245,         0,   0.492,chromobius,7d1ea694265d615a0f6e8fd02517fd3600130acf33b860f465f3032b52901406,"{""d"":7,""p"":0.007278953843983146,""r"":28}",
       256,       137,         0,   0.389,chromobius,16165f94f42d3d30f3b04e88f22db81542d77338bef9c02b108a423a80eaf3b0,"{""d"":7,""p"":0.008531678524172805,""r"":28}",
   1945600,       351,         0,    22.8,chromobius,c231a2c617033823668e2229d87e3313af9499a902dd252c02b0c6c5a73551b9,"{""d"":7,""p"":0.0001,""r"":28}",
       512,       260,         0,   0.493,chromobius,a0b47c2f690471ecdb61bf1ce117316c5ef065d91ba89c5b6fc14a8c380986aa,"{""d"":7,""p"":0.005298316906283708,""r"":28}",
   1654784,       415,         0,    22.8,chromobius,e237c3fe94c11a918b39f51cae3a6e363feef7644e7f0baa16aca32c95b765b6,"{""d"":7,""p"":0.00011721022975334806,""r"":28}",
       512,       254,         0,   0.431,chromobius,a55761ee652586efad852b6690e1833844de8939682a46c067961b3d3570bbc2,"{""d"":7,""p"":0.006210169418915616,""r"":28}",
       256,       124,         0,   0.387,chromobius,16165f94f42d3d30f3b04e88f22db81542d77338bef9c02b108a423a80eaf3b0,"{""d"":7,""p"":0.008531678524172805,""r"":28}",
   1382400,       507,         0,    22.8,chromobius,4a36b7e21a3f27d16a040063e2c5deb44e611e0ee373e0558f774b06c456436f,"{""d"":7,""p"":0.00013738237958832623,""r"":28}",
      1024,       512,         0,   0.612,chromobius,09cce3e891f2ee74e16615cd630cfea3a9b2e98e0bb7ce3bfc94ebd350193d2a,"{""d"":7,""p"":0.004520353656360241,""r"":28}",
       512,       255,         0,   0.497,chromobius,7d1ea694265d615a0f6e8fd02517fd3600130acf33b860f465f3032b52901406,"{""d"":7,""p"":0.007278953843983146,""r"":28}",
       512,       253,         0,   0.480,chromobius,a0b47c2f690471ecdb61bf1ce117316c5ef065d91ba89c5b6fc14a8c380986aa,"{""d"":7,""p"":0.005298316906283708,""r"":28}",
       256,       123,         0,   0.310,chromobius,16165f94f42d3d30f3b04e88f22db81542d77338bef9c02b108a423a80eaf3b0,"{""d"":7,""p"":0.008531678524172805,""r"":28}",
       512,       248,         0,   0.477,chromobius,a55761ee652586efad852b6690e1833844de8939682a46c067961b3d3570bbc2,"{""d"":7,""p"":0.006210169418915616,""r"":28}",
       256,       136,         0,   0.288,chromobius,16165f94f42d3d30f3b04e88f22db81542d77338bef9c02b108a423a80eaf3b0,"{""d"":7,""p"":0.008531678524172805,""r"":28}",
      1024,       494,         0,   0.617,chromobius,09cce3e891f2ee74e16615cd630cfea3a9b2e98e0bb7ce3bfc94ebd350193d2a,"{""d"":7,""p"":0.004520353656360241,""r"":28}",
       512,       244,         0,   0.615,chromobius,7d1ea694265d615a0f6e8fd02517fd3600130acf33b860f465f3032b52901406,"{""d"":7,""p"":0.007278953843983146,""r"":28}",
       512,       266,         0,   0.472,chromobius,a0b47c2f690471ecdb61bf1ce117316c5ef065d91ba89c5b6fc14a8c380986aa,"{""d"":7,""p"":0.005298316906283708,""r"":28}",
       512,       270,         0,   0.549,chromobius,a55761ee652586efad852b6690e1833844de8939682a46c067961b3d3570bbc2,"{""d"":7,""p"":0.006210169418915616,""r"":28}",
       512,       270,         0,   0.596,chromobius,16165f94f42d3d30f3b04e88f22db81542d77338bef9c02b108a423a80eaf3b0,"{""d"":7,""p"":0.008531678524172805,""r"":28}",
      1024,       542,         0,   0.604,chromobius,09cce3e891f2ee74e16615cd630cfea3a9b2e98e0bb7ce3bfc94ebd350193d2a,"{""d"":7,""p"":0.004520353656360241,""r"":28}",
       512,       263,         0,   0.660,chromobius,7d1ea694265d615a0f6e8fd02517fd3600130acf33b860f465f3032b52901406,"{""d"":7,""p"":0.007278953843983146,""r"":28}",
   1205248,       647,         0,    22.8,chromobius,ead362d2e561f309859baf28e940191a512d296dfeaf9fa95a8acab020214138,"{""d"":7,""p"":0.00016102620275609394,""r"":28}",
       512,       265,         0,   0.543,chromobius,a55761ee652586efad852b6690e1833844de8939682a46c067961b3d3570bbc2,"{""d"":7,""p"":0.006210169418915616,""r"":28}",
   1117184,       799,         0,    22.8,chromobius,4379df360ef72cd398a33dfd12c2aa2910be0cc966516b227a32b869053e1f71,"{""d"":7,""p"":0.00018873918221350977,""r"":28}",
   1020928,      1115,         0,    22.9,chromobius,4c19e83f76f32eec0db52a2822374ef7f4dc006a26cea33b54a6950661613d2a,"{""d"":7,""p"":0.000221221629107045,""r"":28}",
      1024,       505,         0,   0.939,chromobius,a0b47c2f690471ecdb61bf1ce117316c5ef065d91ba89c5b6fc14a8c380986aa,"{""d"":7,""p"":0.005298316906283708,""r"":28}",
       512,       271,         0,   0.602,chromobius,16165f94f42d3d30f3b04e88f22db81542d77338bef9c02b108a423a80eaf3b0,"{""d"":7,""p"":0.008531678524172805,""r"":28}",
      1024,       515,         0,   0.615,chromobius,09cce3e891f2ee74e16615cd630cfea3a9b2e98e0bb7ce3bfc94ebd350193d2a,"{""d"":7,""p"":0.004520353656360241,""r"":28}",
       512,       264,         0,   0.632,chromobius,7d1ea694265d615a0f6e8fd02517fd3600130acf33b860f465f3032b52901406,"{""d"":7,""p"":0.007278953843983146,""r"":28}",
       512,       255,         0,   0.525,chromobius,a55761ee652586efad852b6690e1833844de8939682a46c067961b3d3570bbc2,"{""d"":7,""p"":0.006210169418915616,""r"":28}",
        17,         8,         0,   0.031,chromobius,61dfa68f3d972394953243e041030c81b22a082ce5e58b5e8baa6ad622e2c67c,"{""d"":7,""p"":0.01,""r"":28}",
    878592,      1375,         0,    22.9,chromobius,9d5ae15aed89a7201e4b85a900d908f1f0e4101735835a12ca6ed03d8fc1a459,"{""d"":7,""p"":0.0002592943797404667,""r"":28}",
       256,       120,         0,   0.383,chromobius,61dfa68f3d972394953243e041030c81b22a082ce5e58b5e8baa6ad622e2c67c,"{""d"":7,""p"":0.01,""r"":28}",
       512,       249,         0,   0.666,chromobius,16165f94f42d3d30f3b04e88f22db81542d77338bef9c02b108a423a80eaf3b0,"{""d"":7,""p"":0.008531678524172805,""r"":28}",
       512,       265,         0,   0.478,chromobius,a55761ee652586efad852b6690e1833844de8939682a46c067961b3d3570bbc2,"{""d"":7,""p"":0.006210169418915616,""r"":28}",
      1024,       509,         0,   0.798,chromobius,a0b47c2f690471ecdb61bf1ce117316c5ef065d91ba89c5b6fc14a8c380986aa,"{""d"":7,""p"":0.005298316906283708,""r"":28}",
       512,       268,         0,   0.564,chromobius,7d1ea694265d615a0f6e8fd02517fd3600130acf33b860f465f3032b52901406,"{""d"":7,""p"":0.007278953843983146,""r"":28}",
       256,       131,         0,   0.343,chromobius,61dfa68f3d972394953243e041030c81b22a082ce5e58b5e8baa6ad622e2c67c,"{""d"":7,""p"":0.01,""r"":28}",
       512,       258,         0,   0.533,chromobius,a55761ee652586efad852b6690e1833844de8939682a46c067961b3d3570bbc2,"{""d"":7,""p"":0.006210169418915616,""r"":28}",
       512,       250,         0,   0.601,chromobius,16165f94f42d3d30f3b04e88f22db81542d77338bef9c02b108a423a80eaf3b0,"{""d"":7,""p"":0.008531678524172805,""r"":28}",
       256,       127,         0,   0.323,chromobius,61dfa68f3d972394953243e041030c81b22a082ce5e58b5e8baa6ad622e2c67c,"{""d"":7,""p"":0.01,""r"":28}",
       512,       269,         0,   0.634,chromobius,7d1ea694265d615a0f6e8fd02517fd3600130acf33b860f465f3032b52901406,"{""d"":7,""p"":0.007278953843983146,""r"":28}",
       256,       140,         0,   0.346,chromobius,61dfa68f3d972394953243e041030c81b22a082ce5e58b5e8baa6ad622e2c67c,"{""d"":7,""p"":0.01,""r"":28}",
       512,       248,         0,   0.542,chromobius,a55761ee652586efad852b6690e1833844de8939682a46c067961b3d3570bbc2,"{""d"":7,""p"":0.006210169418915616,""r"":28}",
       512,       232,         0,   0.593,chromobius,16165f94f42d3d30f3b04e88f22db81542d77338bef9c02b108a423a80eaf3b0,"{""d"":7,""p"":0.008531678524172805,""r"":28}",
       256,       128,         0,   0.343,chromobius,61dfa68f3d972394953243e041030c81b22a082ce5e58b5e8baa6ad622e2c67c,"{""d"":7,""p"":0.01,""r"":28}",
       512,       269,         0,   0.665,chromobius,7d1ea694265d615a0f6e8fd02517fd3600130acf33b860f465f3032b52901406,"{""d"":7,""p"":0.007278953843983146,""r"":28}",
      1536,       754,         0,    1.38,chromobius,a0b47c2f690471ecdb61bf1ce117316c5ef065d91ba89c5b6fc14a8c380986aa,"{""d"":7,""p"":0.005298316906283708,""r"":28}",
       256,       116,         0,   0.351,chromobius,61dfa68f3d972394953243e041030c81b22a082ce5e58b5e8baa6ad622e2c67c,"{""d"":7,""p"":0.01,""r"":28}",
       512,       230,         0,   0.595,chromobius,16165f94f42d3d30f3b04e88f22db81542d77338bef9c02b108a423a80eaf3b0,"{""d"":7,""p"":0.008531678524172805,""r"":28}",
     86016,       155,         0,    2.12,chromobius,9d5ae15aed89a7201e4b85a900d908f1f0e4101735835a12ca6ed03d8fc1a459,"{""d"":7,""p"":0.0002592943797404667,""r"":28}",
       512,       260,         0,   0.612,chromobius,7d1ea694265d615a0f6e8fd02517fd3600130acf33b860f465f3032b52901406,"{""d"":7,""p"":0.007278953843983146,""r"":28}",
       256,       124,         0,   0.366,chromobius,61dfa68f3d972394953243e041030c81b22a082ce5e58b5e8baa6ad622e2c67c,"{""d"":7,""p"":0.01,""r"":28}",
       273,         0,         0,   0.011,chromobius,1d23bf20f5c29822f6d2f3ecf6802648caaf118b4a87c3e814e21da403617994,"{""d"":9,""p"":0.0001,""r"":36}",
      1024,       507,         0,    1.02,chromobius,a55761ee652586efad852b6690e1833844de8939682a46c067961b3d3570bbc2,"{""d"":7,""p"":0.006210169418915616,""r"":28}",
      1024,         0,         0,   0.041,chromobius,1d23bf20f5c29822f6d2f3ecf6802648caaf118b4a87c3e814e21da403617994,"{""d"":9,""p"":0.0001,""r"":36}",
      1024,         0,         0,   0.029,chromobius,1d23bf20f5c29822f6d2f3ecf6802648caaf118b4a87c3e814e21da403617994,"{""d"":9,""p"":0.0001,""r"":36}",
      1024,         0,         0,   0.028,chromobius,1d23bf20f5c29822f6d2f3ecf6802648caaf118b4a87c3e814e21da403617994,"{""d"":9,""p"":0.0001,""r"":36}",
      2048,         0,         0,   0.084,chromobius,1d23bf20f5c29822f6d2f3ecf6802648caaf118b4a87c3e814e21da403617994,"{""d"":9,""p"":0.0001,""r"":36}",
      2048,         0,         0,   0.064,chromobius,1d23bf20f5c29822f6d2f3ecf6802648caaf118b4a87c3e814e21da403617994,"{""d"":9,""p"":0.0001,""r"":36}",
      3072,         0,         0,   0.107,chromobius,1d23bf20f5c29822f6d2f3ecf6802648caaf118b4a87c3e814e21da403617994,"{""d"":9,""p"":0.0001,""r"":36}",
       256,       121,         0,   0.432,chromobius,61dfa68f3d972394953243e041030c81b22a082ce5e58b5e8baa6ad622e2c67c,"{""d"":7,""p"":0.01,""r"":28}",
       512,       281,         0,   0.719,chromobius,16165f94f42d3d30f3b04e88f22db81542d77338bef9c02b108a423a80eaf3b0,"{""d"":7,""p"":0.008531678524172805,""r"":28}",
      3072,         0,         0,   0.110,chromobius,1d23bf20f5c29822f6d2f3ecf6802648caaf118b4a87c3e814e21da403617994,"{""d"":9,""p"":0.0001,""r"":36}",
       512,       260,         0,   0.629,chromobius,7d1ea694265d615a0f6e8fd02517fd3600130acf33b860f465f3032b52901406,"{""d"":7,""p"":0.007278953843983146,""r"":28}",
      1536,       739,         0,    1.22,chromobius,a0b47c2f690471ecdb61bf1ce117316c5ef065d91ba89c5b6fc14a8c380986aa,"{""d"":7,""p"":0.005298316906283708,""r"":28}",
      5120,         0,         0,   0.161,chromobius,1d23bf20f5c29822f6d2f3ecf6802648caaf118b4a87c3e814e21da403617994,"{""d"":9,""p"":0.0001,""r"":36}",
       273,         0,         0,   0.011,chromobius,ec46974c5dc7b328f0a6ce98a0245e453cfc5fc1397ca70bc722e4c40629cc36,"{""d"":9,""p"":0.00011721022975334806,""r"":36}",
       256,       136,         0,   0.386,chromobius,61dfa68f3d972394953243e041030c81b22a082ce5e58b5e8baa6ad622e2c67c,"{""d"":7,""p"":0.01,""r"":28}",
      1024,         0,         0,   0.047,chromobius,ec46974c5dc7b328f0a6ce98a0245e453cfc5fc1397ca70bc722e4c40629cc36,"{""d"":9,""p"":0.00011721022975334806,""r"":36}",
      1024,         0,         0,   0.036,chromobius,ec46974c5dc7b328f0a6ce98a0245e453cfc5fc1397ca70bc722e4c40629cc36,"{""d"":9,""p"":0.00011721022975334806,""r"":36}",
      1024,       506,         0,   0.837,chromobius,a55761ee652586efad852b6690e1833844de8939682a46c067961b3d3570bbc2,"{""d"":7,""p"":0.006210169418915616,""r"":28}",
      6144,         1,         0,   0.229,chromobius,1d23bf20f5c29822f6d2f3ecf6802648caaf118b4a87c3e814e21da403617994,"{""d"":9,""p"":0.0001,""r"":36}",
      1024,         0,         0,   0.040,chromobius,ec46974c5dc7b328f0a6ce98a0245e453cfc5fc1397ca70bc722e4c40629cc36,"{""d"":9,""p"":0.00011721022975334806,""r"":36}",
      1024,         0,         0,   0.042,chromobius,ec46974c5dc7b328f0a6ce98a0245e453cfc5fc1397ca70bc722e4c40629cc36,"{""d"":9,""p"":0.00011721022975334806,""r"":36}",
      2048,         0,         0,   0.077,chromobius,ec46974c5dc7b328f0a6ce98a0245e453cfc5fc1397ca70bc722e4c40629cc36,"{""d"":9,""p"":0.00011721022975334806,""r"":36}",
      3072,         0,         0,   0.102,chromobius,ec46974c5dc7b328f0a6ce98a0245e453cfc5fc1397ca70bc722e4c40629cc36,"{""d"":9,""p"":0.00011721022975334806,""r"":36}",
       256,       129,         0,   0.358,chromobius,61dfa68f3d972394953243e041030c81b22a082ce5e58b5e8baa6ad622e2c67c,"{""d"":7,""p"":0.01,""r"":28}",
       512,       252,         0,   0.604,chromobius,7d1ea694265d615a0f6e8fd02517fd3600130acf33b860f465f3032b52901406,"{""d"":7,""p"":0.007278953843983146,""r"":28}",
      9216,         1,         0,   0.296,chromobius,1d23bf20f5c29822f6d2f3ecf6802648caaf118b4a87c3e814e21da403617994,"{""d"":9,""p"":0.0001,""r"":36}",
      4096,         0,         0,   0.134,chromobius,ec46974c5dc7b328f0a6ce98a0245e453cfc5fc1397ca70bc722e4c40629cc36,"{""d"":9,""p"":0.00011721022975334806,""r"":36}",
      5120,         0,         0,   0.150,chromobius,ec46974c5dc7b328f0a6ce98a0245e453cfc5fc1397ca70bc722e4c40629cc36,"{""d"":9,""p"":0.00011721022975334806,""r"":36}",
       256,       121,         0,   0.435,chromobius,61dfa68f3d972394953243e041030c81b22a082ce5e58b5e8baa6ad622e2c67c,"{""d"":7,""p"":0.01,""r"":28}",
     14336,         0,         0,   0.412,chromobius,1d23bf20f5c29822f6d2f3ecf6802648caaf118b4a87c3e814e21da403617994,"{""d"":9,""p"":0.0001,""r"":36}",
      7168,         0,         0,   0.217,chromobius,ec46974c5dc7b328f0a6ce98a0245e453cfc5fc1397ca70bc722e4c40629cc36,"{""d"":9,""p"":0.00011721022975334806,""r"":36}",
      1024,       509,         0,    1.30,chromobius,16165f94f42d3d30f3b04e88f22db81542d77338bef9c02b108a423a80eaf3b0,"{""d"":7,""p"":0.008531678524172805,""r"":28}",
      9216,         0,         0,   0.301,chromobius,ec46974c5dc7b328f0a6ce98a0245e453cfc5fc1397ca70bc722e4c40629cc36,"{""d"":9,""p"":0.00011721022975334806,""r"":36}",
     19456,         0,         0,   0.574,chromobius,1d23bf20f5c29822f6d2f3ecf6802648caaf118b4a87c3e814e21da403617994,"{""d"":9,""p"":0.0001,""r"":36}",
      1024,       530,         0,    1.05,chromobius,7d1ea694265d615a0f6e8fd02517fd3600130acf33b860f465f3032b52901406,"{""d"":7,""p"":0.007278953843983146,""r"":28}",
     12288,         0,         0,   0.406,chromobius,ec46974c5dc7b328f0a6ce98a0245e453cfc5fc1397ca70bc722e4c40629cc36,"{""d"":9,""p"":0.00011721022975334806,""r"":36}",
       512,       246,         0,   0.888,chromobius,61dfa68f3d972394953243e041030c81b22a082ce5e58b5e8baa6ad622e2c67c,"{""d"":7,""p"":0.01,""r"":28}",
      1536,       775,         0,    1.64,chromobius,a55761ee652586efad852b6690e1833844de8939682a46c067961b3d3570bbc2,"{""d"":7,""p"":0.006210169418915616,""r"":28}",
     18432,         1,         0,   0.588,chromobius,ec46974c5dc7b328f0a6ce98a0245e453cfc5fc1397ca70bc722e4c40629cc36,"{""d"":9,""p"":0.00011721022975334806,""r"":36}",
     28672,         1,         0,   0.807,chromobius,1d23bf20f5c29822f6d2f3ecf6802648caaf118b4a87c3e814e21da403617994,"{""d"":9,""p"":0.0001,""r"":36}",
      1024,       507,         0,    1.23,chromobius,16165f94f42d3d30f3b04e88f22db81542d77338bef9c02b108a423a80eaf3b0,"{""d"":7,""p"":0.008531678524172805,""r"":28}",
       512,       251,         0,   0.897,chromobius,61dfa68f3d972394953243e041030c81b22a082ce5e58b5e8baa6ad622e2c67c,"{""d"":7,""p"":0.01,""r"":28}",
      1024,       518,         0,    1.15,chromobius,a55761ee652586efad852b6690e1833844de8939682a46c067961b3d3570bbc2,"{""d"":7,""p"":0.006210169418915616,""r"":28}",
      1536,       780,         0,    1.51,chromobius,7d1ea694265d615a0f6e8fd02517fd3600130acf33b860f465f3032b52901406,"{""d"":7,""p"":0.007278953843983146,""r"":28}",
     26624,         1,         0,   0.821,chromobius,ec46974c5dc7b328f0a6ce98a0245e453cfc5fc1397ca70bc722e4c40629cc36,"{""d"":9,""p"":0.00011721022975334806,""r"":36}",
       273,         0,         0,   0.014,chromobius,dcdd56350a4c4a353bb0b017122eb75ab81882898e6e2ac63fa45e637ab90167,"{""d"":9,""p"":0.00013738237958832623,""r"":36}",
      1024,         0,         0,   0.040,chromobius,dcdd56350a4c4a353bb0b017122eb75ab81882898e6e2ac63fa45e637ab90167,"{""d"":9,""p"":0.00013738237958832623,""r"":36}",
      1024,         0,         0,   0.042,chromobius,dcdd56350a4c4a353bb0b017122eb75ab81882898e6e2ac63fa45e637ab90167,"{""d"":9,""p"":0.00013738237958832623,""r"":36}",
      1024,         0,         0,   0.044,chromobius,dcdd56350a4c4a353bb0b017122eb75ab81882898e6e2ac63fa45e637ab90167,"{""d"":9,""p"":0.00013738237958832623,""r"":36}",
      1024,         0,         0,   0.043,chromobius,dcdd56350a4c4a353bb0b017122eb75ab81882898e6e2ac63fa45e637ab90167,"{""d"":9,""p"":0.00013738237958832623,""r"":36}",
     39936,         1,         0,    1.12,chromobius,1d23bf20f5c29822f6d2f3ecf6802648caaf118b4a87c3e814e21da403617994,"{""d"":9,""p"":0.0001,""r"":36}",
      2048,         0,         0,   0.087,chromobius,dcdd56350a4c4a353bb0b017122eb75ab81882898e6e2ac63fa45e637ab90167,"{""d"":9,""p"":0.00013738237958832623,""r"":36}",
      3072,         0,         0,   0.108,chromobius,dcdd56350a4c4a353bb0b017122eb75ab81882898e6e2ac63fa45e637ab90167,"{""d"":9,""p"":0.00013738237958832623,""r"":36}",
      3072,         0,         0,   0.107,chromobius,dcdd56350a4c4a353bb0b017122eb75ab81882898e6e2ac63fa45e637ab90167,"{""d"":9,""p"":0.00013738237958832623,""r"":36}",
      4096,         0,         0,   0.158,chromobius,dcdd56350a4c4a353bb0b017122eb75ab81882898e6e2ac63fa45e637ab90167,"{""d"":9,""p"":0.00013738237958832623,""r"":36}",
       768,       408,         0,    1.28,chromobius,61dfa68f3d972394953243e041030c81b22a082ce5e58b5e8baa6ad622e2c67c,"{""d"":7,""p"":0.01,""r"":28}",
      6144,         0,         0,   0.245,chromobius,dcdd56350a4c4a353bb0b017122eb75ab81882898e6e2ac63fa45e637ab90167,"{""d"":9,""p"":0.00013738237958832623,""r"":36}",
      1536,       751,         0,    1.85,chromobius,16165f94f42d3d30f3b04e88f22db81542d77338bef9c02b108a423a80eaf3b0,"{""d"":7,""p"":0.008531678524172805,""r"":28}",
     28672,         2,         0,    1.14,chromobius,ec46974c5dc7b328f0a6ce98a0245e453cfc5fc1397ca70bc722e4c40629cc36,"{""d"":9,""p"":0.00011721022975334806,""r"":36}",
      7168,         0,         0,   0.292,chromobius,dcdd56350a4c4a353bb0b017122eb75ab81882898e6e2ac63fa45e637ab90167,"{""d"":9,""p"":0.00013738237958832623,""r"":36}",
      1536,       749,         0,    1.56,chromobius,7d1ea694265d615a0f6e8fd02517fd3600130acf33b860f465f3032b52901406,"{""d"":7,""p"":0.007278953843983146,""r"":28}",
     11264,         0,         0,   0.457,chromobius,dcdd56350a4c4a353bb0b017122eb75ab81882898e6e2ac63fa45e637ab90167,"{""d"":9,""p"":0.00013738237958832623,""r"":36}",
       273,         0,         0,   0.014,chromobius,d6784a8e55c2b965d15999280eb55343c182ce45450501c85be4004d24c87212,"{""d"":9,""p"":0.00016102620275609394,""r"":36}",
      1024,         0,         0,   0.044,chromobius,d6784a8e55c2b965d15999280eb55343c182ce45450501c85be4004d24c87212,"{""d"":9,""p"":0.00016102620275609394,""r"":36}",
      1024,         0,         0,   0.064,chromobius,d6784a8e55c2b965d15999280eb55343c182ce45450501c85be4004d24c87212,"{""d"":9,""p"":0.00016102620275609394,""r"":36}",
      1024,         0,         0,   0.052,chromobius,d6784a8e55c2b965d15999280eb55343c182ce45450501c85be4004d24c87212,"{""d"":9,""p"":0.00016102620275609394,""r"":36}",
     52224,         0,         0,    1.57,chromobius,1d23bf20f5c29822f6d2f3ecf6802648caaf118b4a87c3e814e21da403617994,"{""d"":9,""p"":0.0001,""r"":36}",
      1024,         0,         0,   0.057,chromobius,d6784a8e55c2b965d15999280eb55343c182ce45450501c85be4004d24c87212,"{""d"":9,""p"":0.00016102620275609394,""r"":36}",
      1024,         0,         0,   0.062,chromobius,d6784a8e55c2b965d15999280eb55343c182ce45450501c85be4004d24c87212,"{""d"":9,""p"":0.00016102620275609394,""r"":36}",
      2048,         0,         0,   0.104,chromobius,d6784a8e55c2b965d15999280eb55343c182ce45450501c85be4004d24c87212,"{""d"":9,""p"":0.00016102620275609394,""r"":36}",
      2048,         0,         0,   0.110,chromobius,d6784a8e55c2b965d15999280eb55343c182ce45450501c85be4004d24c87212,"{""d"":9,""p"":0.00016102620275609394,""r"":36}",
     13312,         0,         0,   0.609,chromobius,dcdd56350a4c4a353bb0b017122eb75ab81882898e6e2ac63fa45e637ab90167,"{""d"":9,""p"":0.00013738237958832623,""r"":36}",
      3072,         1,         0,   0.184,chromobius,d6784a8e55c2b965d15999280eb55343c182ce45450501c85be4004d24c87212,"{""d"":9,""p"":0.00016102620275609394,""r"":36}",
      4096,         1,         0,   0.225,chromobius,d6784a8e55c2b965d15999280eb55343c182ce45450501c85be4004d24c87212,"{""d"":9,""p"":0.00016102620275609394,""r"":36}",
     37888,         1,         0,    1.55,chromobius,ec46974c5dc7b328f0a6ce98a0245e453cfc5fc1397ca70bc722e4c40629cc36,"{""d"":9,""p"":0.00011721022975334806,""r"":36}",
      1280,       634,         0,    1.85,chromobius,61dfa68f3d972394953243e041030c81b22a082ce5e58b5e8baa6ad622e2c67c,"{""d"":7,""p"":0.01,""r"":28}",
      6144,         0,         0,   0.298,chromobius,d6784a8e55c2b965d15999280eb55343c182ce45450501c85be4004d24c87212,"{""d"":9,""p"":0.00016102620275609394,""r"":36}",
     19456,         0,         0,   0.825,chromobius,dcdd56350a4c4a353bb0b017122eb75ab81882898e6e2ac63fa45e637ab90167,"{""d"":9,""p"":0.00013738237958832623,""r"":36}",
      9216,         0,         0,   0.414,chromobius,d6784a8e55c2b965d15999280eb55343c182ce45450501c85be4004d24c87212,"{""d"":9,""p"":0.00016102620275609394,""r"":36}",
      2048,      1044,         0,    2.79,chromobius,16165f94f42d3d30f3b04e88f22db81542d77338bef9c02b108a423a80eaf3b0,"{""d"":7,""p"":0.008531678524172805,""r"":28}",
     10240,         0,         0,   0.589,chromobius,d6784a8e55c2b965d15999280eb55343c182ce45450501c85be4004d24c87212,"{""d"":9,""p"":0.00016102620275609394,""r"":36}",
       273,         0,         0,   0.018,chromobius,b9ea9993d0ae6ef4b28fe589141b92f857e08e41be14cc20336d2e39a2289fd6,"{""d"":9,""p"":0.00018873918221350977,""r"":36}",
     57344,         1,         0,    2.18,chromobius,1d23bf20f5c29822f6d2f3ecf6802648caaf118b4a87c3e814e21da403617994,"{""d"":9,""p"":0.0001,""r"":36}",
      1024,         0,         0,   0.058,chromobius,b9ea9993d0ae6ef4b28fe589141b92f857e08e41be14cc20336d2e39a2289fd6,"{""d"":9,""p"":0.00018873918221350977,""r"":36}",
      1024,         0,         0,   0.058,chromobius,b9ea9993d0ae6ef4b28fe589141b92f857e08e41be14cc20336d2e39a2289fd6,"{""d"":9,""p"":0.00018873918221350977,""r"":36}",
      1024,         2,         0,   0.063,chromobius,b9ea9993d0ae6ef4b28fe589141b92f857e08e41be14cc20336d2e39a2289fd6,"{""d"":9,""p"":0.00018873918221350977,""r"":36}",
     21504,         0,         0,    1.13,chromobius,dcdd56350a4c4a353bb0b017122eb75ab81882898e6e2ac63fa45e637ab90167,"{""d"":9,""p"":0.00013738237958832623,""r"":36}",
      1024,         0,         0,   0.070,chromobius,b9ea9993d0ae6ef4b28fe589141b92f857e08e41be14cc20336d2e39a2289fd6,"{""d"":9,""p"":0.00018873918221350977,""r"":36}",
      1024,         0,         0,   0.071,chromobius,b9ea9993d0ae6ef4b28fe589141b92f857e08e41be14cc20336d2e39a2289fd6,"{""d"":9,""p"":0.00018873918221350977,""r"":36}",
      2048,         1,         0,   0.146,chromobius,b9ea9993d0ae6ef4b28fe589141b92f857e08e41be14cc20336d2e39a2289fd6,"{""d"":9,""p"":0.00018873918221350977,""r"":36}",
      2048,         0,         0,   0.129,chromobius,b9ea9993d0ae6ef4b28fe589141b92f857e08e41be14cc20336d2e39a2289fd6,"{""d"":9,""p"":0.00018873918221350977,""r"":36}",
     13312,         0,         0,   0.795,chromobius,d6784a8e55c2b965d15999280eb55343c182ce45450501c85be4004d24c87212,"{""d"":9,""p"":0.00016102620275609394,""r"":36}",
      3072,         2,         0,   0.216,chromobius,b9ea9993d0ae6ef4b28fe589141b92f857e08e41be14cc20336d2e39a2289fd6,"{""d"":9,""p"":0.00018873918221350977,""r"":36}",
     53248,         0,         0,    2.20,chromobius,ec46974c5dc7b328f0a6ce98a0245e453cfc5fc1397ca70bc722e4c40629cc36,"{""d"":9,""p"":0.00011721022975334806,""r"":36}",
      1280,       646,         0,    2.30,chromobius,61dfa68f3d972394953243e041030c81b22a082ce5e58b5e8baa6ad622e2c67c,"{""d"":7,""p"":0.01,""r"":28}",
      3072,         1,         0,   0.258,chromobius,b9ea9993d0ae6ef4b28fe589141b92f857e08e41be14cc20336d2e39a2289fd6,"{""d"":9,""p"":0.00018873918221350977,""r"":36}",
      4096,         0,         0,   0.294,chromobius,b9ea9993d0ae6ef4b28fe589141b92f857e08e41be14cc20336d2e39a2289fd6,"{""d"":9,""p"":0.00018873918221350977,""r"":36}",
     27648,         2,         0,    1.57,chromobius,dcdd56350a4c4a353bb0b017122eb75ab81882898e6e2ac63fa45e637ab90167,"{""d"":9,""p"":0.00013738237958832623,""r"":36}",
      7168,         1,         0,   0.447,chromobius,b9ea9993d0ae6ef4b28fe589141b92f857e08e41be14cc20336d2e39a2289fd6,"{""d"":9,""p"":0.00018873918221350977,""r"":36}",
     21504,         0,         0,    1.16,chromobius,d6784a8e55c2b965d15999280eb55343c182ce45450501c85be4004d24c87212,"{""d"":9,""p"":0.00016102620275609394,""r"":36}",
      9216,         2,         0,   0.606,chromobius,b9ea9993d0ae6ef4b28fe589141b92f857e08e41be14cc20336d2e39a2289fd6,"{""d"":9,""p"":0.00018873918221350977,""r"":36}",
     77824,         3,         0,    3.08,chromobius,1d23bf20f5c29822f6d2f3ecf6802648caaf118b4a87c3e814e21da403617994,"{""d"":9,""p"":0.0001,""r"":36}",
     11264,         0,         0,   0.823,chromobius,b9ea9993d0ae6ef4b28fe589141b92f857e08e41be14cc20336d2e39a2289fd6,"{""d"":9,""p"":0.00018873918221350977,""r"":36}",
     28672,         2,         0,    1.57,chromobius,d6784a8e55c2b965d15999280eb55343c182ce45450501c85be4004d24c87212,"{""d"":9,""p"":0.00016102620275609394,""r"":36}",
     73728,         1,         0,    3.10,chromobius,ec46974c5dc7b328f0a6ce98a0245e453cfc5fc1397ca70bc722e4c40629cc36,"{""d"":9,""p"":0.00011721022975334806,""r"":36}",
     40960,         0,         0,    2.17,chromobius,dcdd56350a4c4a353bb0b017122eb75ab81882898e6e2ac63fa45e637ab90167,"{""d"":9,""p"":0.00013738237958832623,""r"":36}",
      1792,       871,         0,    3.22,chromobius,61dfa68f3d972394953243e041030c81b22a082ce5e58b5e8baa6ad622e2c67c,"{""d"":7,""p"":0.01,""r"":28}",
     16384,         1,         0,    1.18,chromobius,b9ea9993d0ae6ef4b28fe589141b92f857e08e41be14cc20336d2e39a2289fd6,"{""d"":9,""p"":0.00018873918221350977,""r"":36}",
     38912,         3,         0,    2.26,chromobius,d6784a8e55c2b965d15999280eb55343c182ce45450501c85be4004d24c87212,"{""d"":9,""p"":0.00016102620275609394,""r"":36}",
     25600,         1,         0,    1.61,chromobius,b9ea9993d0ae6ef4b28fe589141b92f857e08e41be14cc20336d2e39a2289fd6,"{""d"":9,""p"":0.00018873918221350977,""r"":36}",
      1280,       640,         0,    2.06,chromobius,61dfa68f3d972394953243e041030c81b22a082ce5e58b5e8baa6ad622e2c67c,"{""d"":7,""p"":0.01,""r"":28}",
       273,         0,         0,   0.039,chromobius,deab0d6f6397f320439040a7f05d9cb17deefefd33b9c068280d7380227255fb,"{""d"":9,""p"":0.000221221629107045,""r"":36}",
      1024,         0,         0,   0.071,chromobius,deab0d6f6397f320439040a7f05d9cb17deefefd33b9c068280d7380227255fb,"{""d"":9,""p"":0.000221221629107045,""r"":36}",
      1024,         0,         0,   0.070,chromobius,deab0d6f6397f320439040a7f05d9cb17deefefd33b9c068280d7380227255fb,"{""d"":9,""p"":0.000221221629107045,""r"":36}",
      1024,         0,         0,   0.064,chromobius,deab0d6f6397f320439040a7f05d9cb17deefefd33b9c068280d7380227255fb,"{""d"":9,""p"":0.000221221629107045,""r"":36}",
      1024,         0,         0,   0.067,chromobius,deab0d6f6397f320439040a7f05d9cb17deefefd33b9c068280d7380227255fb,"{""d"":9,""p"":0.000221221629107045,""r"":36}",
      1024,         1,         0,   0.071,chromobius,deab0d6f6397f320439040a7f05d9cb17deefefd33b9c068280d7380227255fb,"{""d"":9,""p"":0.000221221629107045,""r"":36}",
      2048,         1,         0,   0.135,chromobius,deab0d6f6397f320439040a7f05d9cb17deefefd33b9c068280d7380227255fb,"{""d"":9,""p"":0.000221221629107045,""r"":36}",
     61440,         1,         0,    3.08,chromobius,dcdd56350a4c4a353bb0b017122eb75ab81882898e6e2ac63fa45e637ab90167,"{""d"":9,""p"":0.00013738237958832623,""r"":36}",
      2048,         0,         0,   0.141,chromobius,deab0d6f6397f320439040a7f05d9cb17deefefd33b9c068280d7380227255fb,"{""d"":9,""p"":0.000221221629107045,""r"":36}",
      3072,         1,         0,   0.205,chromobius,deab0d6f6397f320439040a7f05d9cb17deefefd33b9c068280d7380227255fb,"{""d"":9,""p"":0.000221221629107045,""r"":36}",
    111616,         2,         0,    4.27,chromobius,1d23bf20f5c29822f6d2f3ecf6802648caaf118b4a87c3e814e21da403617994,"{""d"":9,""p"":0.0001,""r"":36}",
      3072,         2,         0,   0.235,chromobius,deab0d6f6397f320439040a7f05d9cb17deefefd33b9c068280d7380227255fb,"{""d"":9,""p"":0.000221221629107045,""r"":36}",
      5120,         0,         0,   0.335,chromobius,deab0d6f6397f320439040a7f05d9cb17deefefd33b9c068280d7380227255fb,"{""d"":9,""p"":0.000221221629107045,""r"":36}",
     30720,         4,         0,    2.18,chromobius,b9ea9993d0ae6ef4b28fe589141b92f857e08e41be14cc20336d2e39a2289fd6,"{""d"":9,""p"":0.00018873918221350977,""r"":36}",
    103424,         1,         0,    4.30,chromobius,ec46974c5dc7b328f0a6ce98a0245e453cfc5fc1397ca70bc722e4c40629cc36,"{""d"":9,""p"":0.00011721022975334806,""r"":36}",
      5120,         1,         0,   0.433,chromobius,deab0d6f6397f320439040a7f05d9cb17deefefd33b9c068280d7380227255fb,"{""d"":9,""p"":0.000221221629107045,""r"":36}",
     55296,         5,         0,    3.04,chromobius,d6784a8e55c2b965d15999280eb55343c182ce45450501c85be4004d24c87212,"{""d"":9,""p"":0.00016102620275609394,""r"":36}",
      7168,         1,         0,   0.595,chromobius,deab0d6f6397f320439040a7f05d9cb17deefefd33b9c068280d7380227255fb,"{""d"":9,""p"":0.000221221629107045,""r"":36}",
     12288,         3,         0,   0.861,chromobius,deab0d6f6397f320439040a7f05d9cb17deefefd33b9c068280d7380227255fb,"{""d"":9,""p"":0.000221221629107045,""r"":36}",
     13312,         4,         0,    1.15,chromobius,deab0d6f6397f320439040a7f05d9cb17deefefd33b9c068280d7380227255fb,"{""d"":9,""p"":0.000221221629107045,""r"":36}",
     45056,         5,         0,    3.12,chromobius,b9ea9993d0ae6ef4b28fe589141b92f857e08e41be14cc20336d2e39a2289fd6,"{""d"":9,""p"":0.00018873918221350977,""r"":36}",
     79872,         3,         0,    4.26,chromobius,dcdd56350a4c4a353bb0b017122eb75ab81882898e6e2ac63fa45e637ab90167,"{""d"":9,""p"":0.00013738237958832623,""r"":36}",
     22528,         2,         0,    1.60,chromobius,deab0d6f6397f320439040a7f05d9cb17deefefd33b9c068280d7380227255fb,"{""d"":9,""p"":0.000221221629107045,""r"":36}",
     77824,         8,         0,    4.30,chromobius,d6784a8e55c2b965d15999280eb55343c182ce45450501c85be4004d24c87212,"{""d"":9,""p"":0.00016102620275609394,""r"":36}",
    153600,         1,         0,    5.96,chromobius,1d23bf20f5c29822f6d2f3ecf6802648caaf118b4a87c3e814e21da403617994,"{""d"":9,""p"":0.0001,""r"":36}",
    151552,         3,         0,    5.99,chromobius,ec46974c5dc7b328f0a6ce98a0245e453cfc5fc1397ca70bc722e4c40629cc36,"{""d"":9,""p"":0.00011721022975334806,""r"":36}",
     28672,         6,         0,    2.25,chromobius,deab0d6f6397f320439040a7f05d9cb17deefefd33b9c068280d7380227255fb,"{""d"":9,""p"":0.000221221629107045,""r"":36}",
     65536,         5,         0,    4.30,chromobius,b9ea9993d0ae6ef4b28fe589141b92f857e08e41be14cc20336d2e39a2289fd6,"{""d"":9,""p"":0.00018873918221350977,""r"":36}",
   1025024,      1079,         0,    27.3,chromobius,4c19e83f76f32eec0db52a2822374ef7f4dc006a26cea33b54a6950661613d2a,"{""d"":7,""p"":0.000221221629107045,""r"":28}",
       273,         0,         0,   0.020,chromobius,8aed6d8c2f706482e89a0c183a459bd8da875f207394db81ec285a55edcecda7,"{""d"":9,""p"":0.0002592943797404667,""r"":36}",
      1024,         0,         0,   0.070,chromobius,8aed6d8c2f706482e89a0c183a459bd8da875f207394db81ec285a55edcecda7,"{""d"":9,""p"":0.0002592943797404667,""r"":36}",
      1024,         1,         0,   0.071,chromobius,8aed6d8c2f706482e89a0c183a459bd8da875f207394db81ec285a55edcecda7,"{""d"":9,""p"":0.0002592943797404667,""r"":36}",
      1024,         0,         0,   0.072,chromobius,8aed6d8c2f706482e89a0c183a459bd8da875f207394db81ec285a55edcecda7,"{""d"":9,""p"":0.0002592943797404667,""r"":36}",
      1024,         1,         0,   0.066,chromobius,8aed6d8c2f706482e89a0c183a459bd8da875f207394db81ec285a55edcecda7,"{""d"":9,""p"":0.0002592943797404667,""r"":36}",
      1024,         1,         0,   0.067,chromobius,8aed6d8c2f706482e89a0c183a459bd8da875f207394db81ec285a55edcecda7,"{""d"":9,""p"":0.0002592943797404667,""r"":36}",
      2048,         3,         0,   0.133,chromobius,8aed6d8c2f706482e89a0c183a459bd8da875f207394db81ec285a55edcecda7,"{""d"":9,""p"":0.0002592943797404667,""r"":36}",
    113664,         1,         0,    6.00,chromobius,dcdd56350a4c4a353bb0b017122eb75ab81882898e6e2ac63fa45e637ab90167,"{""d"":9,""p"":0.00013738237958832623,""r"":36}",
      2048,         0,         0,   0.132,chromobius,8aed6d8c2f706482e89a0c183a459bd8da875f207394db81ec285a55edcecda7,"{""d"":9,""p"":0.0002592943797404667,""r"":36}",
      3072,         1,         0,   0.208,chromobius,8aed6d8c2f706482e89a0c183a459bd8da875f207394db81ec285a55edcecda7,"{""d"":9,""p"":0.0002592943797404667,""r"":36}",
     40960,         9,         0,    3.11,chromobius,deab0d6f6397f320439040a7f05d9cb17deefefd33b9c068280d7380227255fb,"{""d"":9,""p"":0.000221221629107045,""r"":36}",
      3072,         2,         0,   0.217,chromobius,8aed6d8c2f706482e89a0c183a459bd8da875f207394db81ec285a55edcecda7,"{""d"":9,""p"":0.0002592943797404667,""r"":36}",
      5120,         1,         0,   0.348,chromobius,8aed6d8c2f706482e89a0c183a459bd8da875f207394db81ec285a55edcecda7,"{""d"":9,""p"":0.0002592943797404667,""r"":36}",
      6144,         2,         0,   0.419,chromobius,8aed6d8c2f706482e89a0c183a459bd8da875f207394db81ec285a55edcecda7,"{""d"":9,""p"":0.0002592943797404667,""r"":36}",
    106496,         6,         0,    5.98,chromobius,d6784a8e55c2b965d15999280eb55343c182ce45450501c85be4004d24c87212,"{""d"":9,""p"":0.00016102620275609394,""r"":36}",
      8192,         3,         0,   0.574,chromobius,8aed6d8c2f706482e89a0c183a459bd8da875f207394db81ec285a55edcecda7,"{""d"":9,""p"":0.0002592943797404667,""r"":36}",
   2519040,       474,         0,    31.9,chromobius,c231a2c617033823668e2229d87e3313af9499a902dd252c02b0c6c5a73551b9,"{""d"":7,""p"":0.0001,""r"":28}",
   2151424,       540,         0,    31.9,chromobius,e237c3fe94c11a918b39f51cae3a6e363feef7644e7f0baa16aca32c95b765b6,"{""d"":7,""p"":0.00011721022975334806,""r"":28}",
   1909760,       695,         0,    31.9,chromobius,4a36b7e21a3f27d16a040063e2c5deb44e611e0ee373e0558f774b06c456436f,"{""d"":7,""p"":0.00013738237958832623,""r"":28}",
     11264,         2,         0,   0.819,chromobius,8aed6d8c2f706482e89a0c183a459bd8da875f207394db81ec285a55edcecda7,"{""d"":9,""p"":0.0002592943797404667,""r"":36}",
   1563648,       810,         0,    32.0,chromobius,ead362d2e561f309859baf28e940191a512d296dfeaf9fa95a8acab020214138,"{""d"":7,""p"":0.00016102620275609394,""r"":28}",
     16384,         6,         0,    1.16,chromobius,8aed6d8c2f706482e89a0c183a459bd8da875f207394db81ec285a55edcecda7,"{""d"":9,""p"":0.0002592943797404667,""r"":36}",
   1438720,      1020,         0,    32.0,chromobius,4379df360ef72cd398a33dfd12c2aa2910be0cc966516b227a32b869053e1f71,"{""d"":7,""p"":0.00018873918221350977,""r"":28}",
     92160,         4,         0,    6.00,chromobius,b9ea9993d0ae6ef4b28fe589141b92f857e08e41be14cc20336d2e39a2289fd6,"{""d"":9,""p"":0.00018873918221350977,""r"":36}",
    245760,         6,         0,    8.34,chromobius,1d23bf20f5c29822f6d2f3ecf6802648caaf118b4a87c3e814e21da403617994,"{""d"":9,""p"":0.0001,""r"":36}",
     55296,         4,         0,    4.30,chromobius,deab0d6f6397f320439040a7f05d9cb17deefefd33b9c068280d7380227255fb,"{""d"":9,""p"":0.000221221629107045,""r"":36}",
    224256,         3,         0,    8.34,chromobius,ec46974c5dc7b328f0a6ce98a0245e453cfc5fc1397ca70bc722e4c40629cc36,"{""d"":9,""p"":0.00011721022975334806,""r"":36}",
     24576,         9,         0,    1.62,chromobius,8aed6d8c2f706482e89a0c183a459bd8da875f207394db81ec285a55edcecda7,"{""d"":9,""p"":0.0002592943797404667,""r"":36}",
     32768,         8,         0,    2.22,chromobius,8aed6d8c2f706482e89a0c183a459bd8da875f207394db81ec285a55edcecda7,"{""d"":9,""p"":0.0002592943797404667,""r"":36}",
    208896,         7,         0,    8.35,chromobius,dcdd56350a4c4a353bb0b017122eb75ab81882898e6e2ac63fa45e637ab90167,"{""d"":9,""p"":0.00013738237958832623,""r"":36}",
    148480,         5,         0,    8.37,chromobius,d6784a8e55c2b965d15999280eb55343c182ce45450501c85be4004d24c87212,"{""d"":9,""p"":0.00016102620275609394,""r"":36}",
     44032,        17,         0,    3.05,chromobius,8aed6d8c2f706482e89a0c183a459bd8da875f207394db81ec285a55edcecda7,"{""d"":9,""p"":0.0002592943797404667,""r"":36}",
     79872,        13,         0,    5.98,chromobius,deab0d6f6397f320439040a7f05d9cb17deefefd33b9c068280d7380227255fb,"{""d"":9,""p"":0.000221221629107045,""r"":36}",
    130048,        12,         0,    8.37,chromobius,b9ea9993d0ae6ef4b28fe589141b92f857e08e41be14cc20336d2e39a2289fd6,"{""d"":9,""p"":0.00018873918221350977,""r"":36}",
     57344,        20,         0,    4.29,chromobius,8aed6d8c2f706482e89a0c183a459bd8da875f207394db81ec285a55edcecda7,"{""d"":9,""p"":0.0002592943797404667,""r"":36}",
    374784,         4,         0,    11.7,chromobius,1d23bf20f5c29822f6d2f3ecf6802648caaf118b4a87c3e814e21da403617994,"{""d"":9,""p"":0.0001,""r"":36}",
    339968,         8,         0,    11.7,chromobius,ec46974c5dc7b328f0a6ce98a0245e453cfc5fc1397ca70bc722e4c40629cc36,"{""d"":9,""p"":0.00011721022975334806,""r"":36}",
    111616,        22,         0,    8.40,chromobius,deab0d6f6397f320439040a7f05d9cb17deefefd33b9c068280d7380227255fb,"{""d"":9,""p"":0.000221221629107045,""r"":36}",
    267264,        11,         0,    11.7,chromobius,dcdd56350a4c4a353bb0b017122eb75ab81882898e6e2ac63fa45e637ab90167,"{""d"":9,""p"":0.00013738237958832623,""r"":36}",
     70656,        19,         0,    6.05,chromobius,8aed6d8c2f706482e89a0c183a459bd8da875f207394db81ec285a55edcecda7,"{""d"":9,""p"":0.0002592943797404667,""r"":36}",
    208896,        22,         0,    11.7,chromobius,d6784a8e55c2b965d15999280eb55343c182ce45450501c85be4004d24c87212,"{""d"":9,""p"":0.00016102620275609394,""r"":36}",
    214016,        16,         0,    11.7,chromobius,b9ea9993d0ae6ef4b28fe589141b92f857e08e41be14cc20336d2e39a2289fd6,"{""d"":9,""p"":0.00018873918221350977,""r"":36}",
     98304,        27,         0,    8.43,chromobius,8aed6d8c2f706482e89a0c183a459bd8da875f207394db81ec285a55edcecda7,"{""d"":9,""p"":0.0002592943797404667,""r"":36}",
    155648,        26,         0,    11.7,chromobius,deab0d6f6397f320439040a7f05d9cb17deefefd33b9c068280d7380227255fb,"{""d"":9,""p"":0.000221221629107045,""r"":36}",
    541696,         7,         0,    16.4,chromobius,1d23bf20f5c29822f6d2f3ecf6802648caaf118b4a87c3e814e21da403617994,"{""d"":9,""p"":0.0001,""r"":36}",
    489472,         9,         0,    16.4,chromobius,ec46974c5dc7b328f0a6ce98a0245e453cfc5fc1397ca70bc722e4c40629cc36,"{""d"":9,""p"":0.00011721022975334806,""r"":36}",
    338944,        12,         0,    16.4,chromobius,dcdd56350a4c4a353bb0b017122eb75ab81882898e6e2ac63fa45e637ab90167,"{""d"":9,""p"":0.00013738237958832623,""r"":36}",
    289792,        20,         0,    16.4,chromobius,d6784a8e55c2b965d15999280eb55343c182ce45450501c85be4004d24c87212,"{""d"":9,""p"":0.00016102620275609394,""r"":36}",
   1789952,      1324,         0,    35.2,chromobius,4379df360ef72cd398a33dfd12c2aa2910be0cc966516b227a32b869053e1f71,"{""d"":7,""p"":0.00018873918221350977,""r"":28}",
       273,         0,         0,   0.033,chromobius,f9259dfe053640749ff1c97da724bc7efa484cbb7cd3b818099640f9dd8d855f,"{""d"":9,""p"":0.0003039195382313198,""r"":36}",
      1024,         0,         0,   0.085,chromobius,f9259dfe053640749ff1c97da724bc7efa484cbb7cd3b818099640f9dd8d855f,"{""d"":9,""p"":0.0003039195382313198,""r"":36}",
      1024,         0,         0,   0.091,chromobius,f9259dfe053640749ff1c97da724bc7efa484cbb7cd3b818099640f9dd8d855f,"{""d"":9,""p"":0.0003039195382313198,""r"":36}",
      1024,         1,         0,   0.113,chromobius,f9259dfe053640749ff1c97da724bc7efa484cbb7cd3b818099640f9dd8d855f,"{""d"":9,""p"":0.0003039195382313198,""r"":36}",
      1024,         0,         0,   0.092,chromobius,f9259dfe053640749ff1c97da724bc7efa484cbb7cd3b818099640f9dd8d855f,"{""d"":9,""p"":0.0003039195382313198,""r"":36}",
      1024,         2,         0,   0.110,chromobius,f9259dfe053640749ff1c97da724bc7efa484cbb7cd3b818099640f9dd8d855f,"{""d"":9,""p"":0.0003039195382313198,""r"":36}",
      1024,         0,         0,   0.106,chromobius,f9259dfe053640749ff1c97da724bc7efa484cbb7cd3b818099640f9dd8d855f,"{""d"":9,""p"":0.0003039195382313198,""r"":36}",
      1024,         1,         0,   0.131,chromobius,f9259dfe053640749ff1c97da724bc7efa484cbb7cd3b818099640f9dd8d855f,"{""d"":9,""p"":0.0003039195382313198,""r"":36}",
      2048,         2,         0,   0.218,chromobius,f9259dfe053640749ff1c97da724bc7efa484cbb7cd3b818099640f9dd8d855f,"{""d"":9,""p"":0.0003039195382313198,""r"":36}",
    278528,        35,         0,    16.4,chromobius,b9ea9993d0ae6ef4b28fe589141b92f857e08e41be14cc20336d2e39a2289fd6,"{""d"":9,""p"":0.00018873918221350977,""r"":36}",
      3072,         2,         0,   0.303,chromobius,f9259dfe053640749ff1c97da724bc7efa484cbb7cd3b818099640f9dd8d855f,"{""d"":9,""p"":0.0003039195382313198,""r"":36}",
      3072,         0,         0,   0.315,chromobius,f9259dfe053640749ff1c97da724bc7efa484cbb7cd3b818099640f9dd8d855f,"{""d"":9,""p"":0.0003039195382313198,""r"":36}",
    137216,        53,         0,    11.7,chromobius,8aed6d8c2f706482e89a0c183a459bd8da875f207394db81ec285a55edcecda7,"{""d"":9,""p"":0.0002592943797404667,""r"":36}",
      5120,         1,         0,   0.481,chromobius,f9259dfe053640749ff1c97da724bc7efa484cbb7cd3b818099640f9dd8d855f,"{""d"":9,""p"":0.0003039195382313198,""r"":36}",
      6144,         4,         0,   0.606,chromobius,f9259dfe053640749ff1c97da724bc7efa484cbb7cd3b818099640f9dd8d855f,"{""d"":9,""p"":0.0003039195382313198,""r"":36}",
      8192,         3,         0,   0.834,chromobius,f9259dfe053640749ff1c97da724bc7efa484cbb7cd3b818099640f9dd8d855f,"{""d"":9,""p"":0.0003039195382313198,""r"":36}",
     12288,         1,         0,    1.22,chromobius,f9259dfe053640749ff1c97da724bc7efa484cbb7cd3b818099640f9dd8d855f,"{""d"":9,""p"":0.0003039195382313198,""r"":36}",
     16384,        10,         0,    1.62,chromobius,f9259dfe053640749ff1c97da724bc7efa484cbb7cd3b818099640f9dd8d855f,"{""d"":9,""p"":0.0003039195382313198,""r"":36}",
   4005888,       685,         0,    44.6,chromobius,c231a2c617033823668e2229d87e3313af9499a902dd252c02b0c6c5a73551b9,"{""d"":7,""p"":0.0001,""r"":28}",
   3419136,       896,         0,    44.7,chromobius,e237c3fe94c11a918b39f51cae3a6e363feef7644e7f0baa16aca32c95b765b6,"{""d"":7,""p"":0.00011721022975334806,""r"":28}",
    265216,        48,         0,    16.4,chromobius,deab0d6f6397f320439040a7f05d9cb17deefefd33b9c068280d7380227255fb,"{""d"":9,""p"":0.000221221629107045,""r"":36}",
   3035136,      1084,         0,    44.7,chromobius,4a36b7e21a3f27d16a040063e2c5deb44e611e0ee373e0558f774b06c456436f,"{""d"":7,""p"":0.00013738237958832623,""r"":28}",
     21504,        12,         0,    2.19,chromobius,f9259dfe053640749ff1c97da724bc7efa484cbb7cd3b818099640f9dd8d855f,"{""d"":9,""p"":0.0003039195382313198,""r"":36}",
   2574336,      1346,         0,    44.7,chromobius,ead362d2e561f309859baf28e940191a512d296dfeaf9fa95a8acab020214138,"{""d"":7,""p"":0.00016102620275609394,""r"":28}",
     30720,        21,         0,    3.10,chromobius,f9259dfe053640749ff1c97da724bc7efa484cbb7cd3b818099640f9dd8d855f,"{""d"":9,""p"":0.0003039195382313198,""r"":36}",
     43008,        22,         0,    4.33,chromobius,f9259dfe053640749ff1c97da724bc7efa484cbb7cd3b818099640f9dd8d855f,"{""d"":9,""p"":0.0003039195382313198,""r"":36}",
    778240,        15,         0,    22.9,chromobius,1d23bf20f5c29822f6d2f3ecf6802648caaf118b4a87c3e814e21da403617994,"{""d"":9,""p"":0.0001,""r"":36}",
    649216,        15,         0,    22.9,chromobius,ec46974c5dc7b328f0a6ce98a0245e453cfc5fc1397ca70bc722e4c40629cc36,"{""d"":9,""p"":0.00011721022975334806,""r"":36}",
    189440,        47,         0,    16.4,chromobius,8aed6d8c2f706482e89a0c183a459bd8da875f207394db81ec285a55edcecda7,"{""d"":9,""p"":0.0002592943797404667,""r"":36}",
    470016,        19,         0,    22.9,chromobius,dcdd56350a4c4a353bb0b017122eb75ab81882898e6e2ac63fa45e637ab90167,"{""d"":9,""p"":0.00013738237958832623,""r"":36}",
    498688,        29,         0,    22.9,chromobius,d6784a8e55c2b965d15999280eb55343c182ce45450501c85be4004d24c87212,"{""d"":9,""p"":0.00016102620275609394,""r"":36}",
     62464,        30,         0,    5.99,chromobius,f9259dfe053640749ff1c97da724bc7efa484cbb7cd3b818099640f9dd8d855f,"{""d"":9,""p"":0.0003039195382313198,""r"":36}",
    355328,        45,         0,    22.9,chromobius,b9ea9993d0ae6ef4b28fe589141b92f857e08e41be14cc20336d2e39a2289fd6,"{""d"":9,""p"":0.00018873918221350977,""r"":36}",
    996352,       499,         0,    16.8,chromobius,ead362d2e561f309859baf28e940191a512d296dfeaf9fa95a8acab020214138,"{""d"":7,""p"":0.00016102620275609394,""r"":28}",
       273,         0,         0,   0.032,chromobius,565eb223f48545f4f8ffae47be81adaf014b34de041e08e2833c4b06de393851,"{""d"":9,""p"":0.0003562247890262444,""r"":36}",
      1024,         0,         0,   0.099,chromobius,565eb223f48545f4f8ffae47be81adaf014b34de041e08e2833c4b06de393851,"{""d"":9,""p"":0.0003562247890262444,""r"":36}",
      1024,         0,         0,   0.096,chromobius,565eb223f48545f4f8ffae47be81adaf014b34de041e08e2833c4b06de393851,"{""d"":9,""p"":0.0003562247890262444,""r"":36}",
      1024,         1,         0,   0.095,chromobius,565eb223f48545f4f8ffae47be81adaf014b34de041e08e2833c4b06de393851,"{""d"":9,""p"":0.0003562247890262444,""r"":36}",
      1024,         1,         0,   0.104,chromobius,565eb223f48545f4f8ffae47be81adaf014b34de041e08e2833c4b06de393851,"{""d"":9,""p"":0.0003562247890262444,""r"":36}",
      1024,         1,         0,   0.095,chromobius,565eb223f48545f4f8ffae47be81adaf014b34de041e08e2833c4b06de393851,"{""d"":9,""p"":0.0003562247890262444,""r"":36}",
      1024,         1,         0,   0.092,chromobius,565eb223f48545f4f8ffae47be81adaf014b34de041e08e2833c4b06de393851,"{""d"":9,""p"":0.0003562247890262444,""r"":36}",
      2048,         0,         0,   0.193,chromobius,565eb223f48545f4f8ffae47be81adaf014b34de041e08e2833c4b06de393851,"{""d"":9,""p"":0.0003562247890262444,""r"":36}",
      2048,         2,         0,   0.194,chromobius,565eb223f48545f4f8ffae47be81adaf014b34de041e08e2833c4b06de393851,"{""d"":9,""p"":0.0003562247890262444,""r"":36}",
      3072,         3,         0,   0.288,chromobius,565eb223f48545f4f8ffae47be81adaf014b34de041e08e2833c4b06de393851,"{""d"":9,""p"":0.0003562247890262444,""r"":36}",
      3072,         2,         0,   0.290,chromobius,565eb223f48545f4f8ffae47be81adaf014b34de041e08e2833c4b06de393851,"{""d"":9,""p"":0.0003562247890262444,""r"":36}",
      5120,         2,         0,   0.471,chromobius,565eb223f48545f4f8ffae47be81adaf014b34de041e08e2833c4b06de393851,"{""d"":9,""p"":0.0003562247890262444,""r"":36}",
      6144,         4,         0,   0.570,chromobius,565eb223f48545f4f8ffae47be81adaf014b34de041e08e2833c4b06de393851,"{""d"":9,""p"":0.0003562247890262444,""r"":36}",
      9216,         9,         0,   0.855,chromobius,565eb223f48545f4f8ffae47be81adaf014b34de041e08e2833c4b06de393851,"{""d"":9,""p"":0.0003562247890262444,""r"":36}",
     80896,        28,         0,    8.36,chromobius,f9259dfe053640749ff1c97da724bc7efa484cbb7cd3b818099640f9dd8d855f,"{""d"":9,""p"":0.0003039195382313198,""r"":36}",
    374784,        79,         0,    22.9,chromobius,deab0d6f6397f320439040a7f05d9cb17deefefd33b9c068280d7380227255fb,"{""d"":9,""p"":0.000221221629107045,""r"":36}",
     12288,         9,         0,    1.15,chromobius,565eb223f48545f4f8ffae47be81adaf014b34de041e08e2833c4b06de393851,"{""d"":9,""p"":0.0003562247890262444,""r"":36}",
     17408,        12,         0,    1.60,chromobius,565eb223f48545f4f8ffae47be81adaf014b34de041e08e2833c4b06de393851,"{""d"":9,""p"":0.0003562247890262444,""r"":36}",
     24576,        22,         0,    2.24,chromobius,565eb223f48545f4f8ffae47be81adaf014b34de041e08e2833c4b06de393851,"{""d"":9,""p"":0.0003562247890262444,""r"":36}",
     32768,        23,         0,    3.08,chromobius,565eb223f48545f4f8ffae47be81adaf014b34de041e08e2833c4b06de393851,"{""d"":9,""p"":0.0003562247890262444,""r"":36}",
    265216,        81,         0,    23.0,chromobius,8aed6d8c2f706482e89a0c183a459bd8da875f207394db81ec285a55edcecda7,"{""d"":9,""p"":0.0002592943797404667,""r"":36}",
    114688,        51,         0,    11.7,chromobius,f9259dfe053640749ff1c97da724bc7efa484cbb7cd3b818099640f9dd8d855f,"{""d"":9,""p"":0.0003039195382313198,""r"":36}",
     47104,        32,         0,    4.35,chromobius,565eb223f48545f4f8ffae47be81adaf014b34de041e08e2833c4b06de393851,"{""d"":9,""p"":0.0003562247890262444,""r"":36}",
   1093632,        13,         0,    32.0,chromobius,1d23bf20f5c29822f6d2f3ecf6802648caaf118b4a87c3e814e21da403617994,"{""d"":9,""p"":0.0001,""r"":36}",
     64512,        50,         0,    5.97,chromobius,565eb223f48545f4f8ffae47be81adaf014b34de041e08e2833c4b06de393851,"{""d"":9,""p"":0.0003562247890262444,""r"":36}",
    957440,        31,         0,    32.0,chromobius,ec46974c5dc7b328f0a6ce98a0245e453cfc5fc1397ca70bc722e4c40629cc36,"{""d"":9,""p"":0.00011721022975334806,""r"":36}",
    638976,        25,         0,    32.1,chromobius,dcdd56350a4c4a353bb0b017122eb75ab81882898e6e2ac63fa45e637ab90167,"{""d"":9,""p"":0.00013738237958832623,""r"":36}",
    670720,        41,         0,    32.1,chromobius,d6784a8e55c2b965d15999280eb55343c182ce45450501c85be4004d24c87212,"{""d"":9,""p"":0.00016102620275609394,""r"":36}",
    484352,        39,         0,    32.1,chromobius,b9ea9993d0ae6ef4b28fe589141b92f857e08e41be14cc20336d2e39a2289fd6,"{""d"":9,""p"":0.00018873918221350977,""r"":36}",
     92160,        83,         0,    8.39,chromobius,565eb223f48545f4f8ffae47be81adaf014b34de041e08e2833c4b06de393851,"{""d"":9,""p"":0.0003562247890262444,""r"":36}",
    159744,        78,         0,    16.5,chromobius,f9259dfe053640749ff1c97da724bc7efa484cbb7cd3b818099640f9dd8d855f,"{""d"":9,""p"":0.0003039195382313198,""r"":36}",
    500736,       105,         0,    32.1,chromobius,deab0d6f6397f320439040a7f05d9cb17deefefd33b9c068280d7380227255fb,"{""d"":9,""p"":0.000221221629107045,""r"":36}",
   3913728,      1408,         0,    59.6,chromobius,4a36b7e21a3f27d16a040063e2c5deb44e611e0ee373e0558f774b06c456436f,"{""d"":7,""p"":0.00013738237958832623,""r"":28}",
       273,         1,         0,   0.047,chromobius,113bf078e74249f4d8b22953049a0dc6fbe9cf4acac4758ae1c9926e09b6b55e,"{""d"":9,""p"":0.00041753189365604,""r"":36}",
      1024,         2,         0,   0.139,chromobius,113bf078e74249f4d8b22953049a0dc6fbe9cf4acac4758ae1c9926e09b6b55e,"{""d"":9,""p"":0.00041753189365604,""r"":36}",
      1024,         1,         0,   0.130,chromobius,113bf078e74249f4d8b22953049a0dc6fbe9cf4acac4758ae1c9926e09b6b55e,"{""d"":9,""p"":0.00041753189365604,""r"":36}",
    126976,       116,         0,    11.8,chromobius,565eb223f48545f4f8ffae47be81adaf014b34de041e08e2833c4b06de393851,"{""d"":9,""p"":0.0003562247890262444,""r"":36}",
      1024,         0,         0,   0.125,chromobius,113bf078e74249f4d8b22953049a0dc6fbe9cf4acac4758ae1c9926e09b6b55e,"{""d"":9,""p"":0.00041753189365604,""r"":36}",
      1024,         3,         0,   0.124,chromobius,113bf078e74249f4d8b22953049a0dc6fbe9cf4acac4758ae1c9926e09b6b55e,"{""d"":9,""p"":0.00041753189365604,""r"":36}",
      1024,         1,         0,   0.125,chromobius,113bf078e74249f4d8b22953049a0dc6fbe9cf4acac4758ae1c9926e09b6b55e,"{""d"":9,""p"":0.00041753189365604,""r"":36}",
      1024,         2,         0,   0.126,chromobius,113bf078e74249f4d8b22953049a0dc6fbe9cf4acac4758ae1c9926e09b6b55e,"{""d"":9,""p"":0.00041753189365604,""r"":36}",
      1024,         0,         0,   0.127,chromobius,113bf078e74249f4d8b22953049a0dc6fbe9cf4acac4758ae1c9926e09b6b55e,"{""d"":9,""p"":0.00041753189365604,""r"":36}",
      2048,         0,         0,   0.243,chromobius,113bf078e74249f4d8b22953049a0dc6fbe9cf4acac4758ae1c9926e09b6b55e,"{""d"":9,""p"":0.00041753189365604,""r"":36}",
      2048,         4,         0,   0.247,chromobius,113bf078e74249f4d8b22953049a0dc6fbe9cf4acac4758ae1c9926e09b6b55e,"{""d"":9,""p"":0.00041753189365604,""r"":36}",
      3072,         4,         0,   0.369,chromobius,113bf078e74249f4d8b22953049a0dc6fbe9cf4acac4758ae1c9926e09b6b55e,"{""d"":9,""p"":0.00041753189365604,""r"":36}",
      4096,         9,         0,   0.495,chromobius,113bf078e74249f4d8b22953049a0dc6fbe9cf4acac4758ae1c9926e09b6b55e,"{""d"":9,""p"":0.00041753189365604,""r"":36}",
   5640192,      1001,         0,    62.4,chromobius,c231a2c617033823668e2229d87e3313af9499a902dd252c02b0c6c5a73551b9,"{""d"":7,""p"":0.0001,""r"":28}",
   4625408,      1257,         0,    62.5,chromobius,e237c3fe94c11a918b39f51cae3a6e363feef7644e7f0baa16aca32c95b765b6,"{""d"":7,""p"":0.00011721022975334806,""r"":28}",
      5120,         7,         0,   0.636,chromobius,113bf078e74249f4d8b22953049a0dc6fbe9cf4acac4758ae1c9926e09b6b55e,"{""d"":9,""p"":0.00041753189365604,""r"":36}",
      6144,        10,         0,   0.818,chromobius,113bf078e74249f4d8b22953049a0dc6fbe9cf4acac4758ae1c9926e09b6b55e,"{""d"":9,""p"":0.00041753189365604,""r"":36}",
      9216,        14,         0,    1.17,chromobius,113bf078e74249f4d8b22953049a0dc6fbe9cf4acac4758ae1c9926e09b6b55e,"{""d"":9,""p"":0.00041753189365604,""r"":36}",
    377856,       105,         0,    32.1,chromobius,8aed6d8c2f706482e89a0c183a459bd8da875f207394db81ec285a55edcecda7,"{""d"":9,""p"":0.0002592943797404667,""r"":36}",
     13312,        19,         0,    1.65,chromobius,113bf078e74249f4d8b22953049a0dc6fbe9cf4acac4758ae1c9926e09b6b55e,"{""d"":9,""p"":0.00041753189365604,""r"":36}",
     18432,        23,         0,    2.20,chromobius,113bf078e74249f4d8b22953049a0dc6fbe9cf4acac4758ae1c9926e09b6b55e,"{""d"":9,""p"":0.00041753189365604,""r"":36}",
     25600,        30,         0,    3.23,chromobius,113bf078e74249f4d8b22953049a0dc6fbe9cf4acac4758ae1c9926e09b6b55e,"{""d"":9,""p"":0.00041753189365604,""r"":36}",
    233472,       106,         0,    23.0,chromobius,f9259dfe053640749ff1c97da724bc7efa484cbb7cd3b818099640f9dd8d855f,"{""d"":9,""p"":0.0003039195382313198,""r"":36}",
     24576,        42,         0,    4.27,chromobius,113bf078e74249f4d8b22953049a0dc6fbe9cf4acac4758ae1c9926e09b6b55e,"{""d"":9,""p"":0.00041753189365604,""r"":36}",
    151552,       106,         0,    16.5,chromobius,565eb223f48545f4f8ffae47be81adaf014b34de041e08e2833c4b06de393851,"{""d"":9,""p"":0.0003562247890262444,""r"":36}",
     34816,        56,         0,    6.13,chromobius,113bf078e74249f4d8b22953049a0dc6fbe9cf4acac4758ae1c9926e09b6b55e,"{""d"":9,""p"":0.00041753189365604,""r"":36}",
   1432576,        30,         0,    44.8,chromobius,1d23bf20f5c29822f6d2f3ecf6802648caaf118b4a87c3e814e21da403617994,"{""d"":9,""p"":0.0001,""r"":36}",
   1301504,        24,         0,    44.9,chromobius,ec46974c5dc7b328f0a6ce98a0245e453cfc5fc1397ca70bc722e4c40629cc36,"{""d"":9,""p"":0.00011721022975334806,""r"":36}",
    916480,        42,         0,    44.9,chromobius,dcdd56350a4c4a353bb0b017122eb75ab81882898e6e2ac63fa45e637ab90167,"{""d"":9,""p"":0.00013738237958832623,""r"":36}",
    868352,        65,         0,    44.9,chromobius,d6784a8e55c2b965d15999280eb55343c182ce45450501c85be4004d24c87212,"{""d"":9,""p"":0.00016102620275609394,""r"":36}",
     56320,        89,         0,    8.48,chromobius,113bf078e74249f4d8b22953049a0dc6fbe9cf4acac4758ae1c9926e09b6b55e,"{""d"":9,""p"":0.00041753189365604,""r"":36}",
    707584,        64,         0,    45.0,chromobius,b9ea9993d0ae6ef4b28fe589141b92f857e08e41be14cc20336d2e39a2289fd6,"{""d"":9,""p"":0.00018873918221350977,""r"":36}",
    186368,       131,         0,    23.0,chromobius,565eb223f48545f4f8ffae47be81adaf014b34de041e08e2833c4b06de393851,"{""d"":9,""p"":0.0003562247890262444,""r"":36}",
    658432,       114,         0,    45.0,chromobius,deab0d6f6397f320439040a7f05d9cb17deefefd33b9c068280d7380227255fb,"{""d"":9,""p"":0.000221221629107045,""r"":36}",
     77824,       104,         0,    11.9,chromobius,113bf078e74249f4d8b22953049a0dc6fbe9cf4acac4758ae1c9926e09b6b55e,"{""d"":9,""p"":0.00041753189365604,""r"":36}",
    389120,       193,         0,    32.1,chromobius,f9259dfe053640749ff1c97da724bc7efa484cbb7cd3b818099640f9dd8d855f,"{""d"":9,""p"":0.0003039195382313198,""r"":36}",
   3295232,       833,         0,    47.3,chromobius,e237c3fe94c11a918b39f51cae3a6e363feef7644e7f0baa16aca32c95b765b6,"{""d"":7,""p"":0.00011721022975334806,""r"":28}",
    497664,       140,         0,    45.0,chromobius,8aed6d8c2f706482e89a0c183a459bd8da875f207394db81ec285a55edcecda7,"{""d"":9,""p"":0.0002592943797404667,""r"":36}",
       273,         1,         0,   0.053,chromobius,ebd2cf38f93e9ea7a278a5f2c7378e3244cea83166d3ea6ec55ceeda1328a5f2,"{""d"":9,""p"":0.0004893900918477494,""r"":36}",
      1024,         5,         0,   0.208,chromobius,ebd2cf38f93e9ea7a278a5f2c7378e3244cea83166d3ea6ec55ceeda1328a5f2,"{""d"":9,""p"":0.0004893900918477494,""r"":36}",
      1024,         0,         0,   0.192,chromobius,ebd2cf38f93e9ea7a278a5f2c7378e3244cea83166d3ea6ec55ceeda1328a5f2,"{""d"":9,""p"":0.0004893900918477494,""r"":36}",
      1024,         5,         0,   0.214,chromobius,ebd2cf38f93e9ea7a278a5f2c7378e3244cea83166d3ea6ec55ceeda1328a5f2,"{""d"":9,""p"":0.0004893900918477494,""r"":36}",
      1024,         2,         0,   0.206,chromobius,ebd2cf38f93e9ea7a278a5f2c7378e3244cea83166d3ea6ec55ceeda1328a5f2,"{""d"":9,""p"":0.0004893900918477494,""r"":36}",
      1024,         2,         0,   0.236,chromobius,ebd2cf38f93e9ea7a278a5f2c7378e3244cea83166d3ea6ec55ceeda1328a5f2,"{""d"":9,""p"":0.0004893900918477494,""r"":36}",
      1024,         1,         0,   0.238,chromobius,ebd2cf38f93e9ea7a278a5f2c7378e3244cea83166d3ea6ec55ceeda1328a5f2,"{""d"":9,""p"":0.0004893900918477494,""r"":36}",
      1024,         3,         0,   0.205,chromobius,ebd2cf38f93e9ea7a278a5f2c7378e3244cea83166d3ea6ec55ceeda1328a5f2,"{""d"":9,""p"":0.0004893900918477494,""r"":36}",
      1024,         5,         0,   0.228,chromobius,ebd2cf38f93e9ea7a278a5f2c7378e3244cea83166d3ea6ec55ceeda1328a5f2,"{""d"":9,""p"":0.0004893900918477494,""r"":36}",
      2048,         2,         0,   0.412,chromobius,ebd2cf38f93e9ea7a278a5f2c7378e3244cea83166d3ea6ec55ceeda1328a5f2,"{""d"":9,""p"":0.0004893900918477494,""r"":36}",
      2048,         6,         0,   0.401,chromobius,ebd2cf38f93e9ea7a278a5f2c7378e3244cea83166d3ea6ec55ceeda1328a5f2,"{""d"":9,""p"":0.0004893900918477494,""r"":36}",
      2048,         9,         0,   0.405,chromobius,ebd2cf38f93e9ea7a278a5f2c7378e3244cea83166d3ea6ec55ceeda1328a5f2,"{""d"":9,""p"":0.0004893900918477494,""r"":36}",
      5120,        13,         0,   0.727,chromobius,ebd2cf38f93e9ea7a278a5f2c7378e3244cea83166d3ea6ec55ceeda1328a5f2,"{""d"":9,""p"":0.0004893900918477494,""r"":36}",
      4096,        11,         0,   0.853,chromobius,ebd2cf38f93e9ea7a278a5f2c7378e3244cea83166d3ea6ec55ceeda1328a5f2,"{""d"":9,""p"":0.0004893900918477494,""r"":36}",
      6144,        13,         0,    1.21,chromobius,ebd2cf38f93e9ea7a278a5f2c7378e3244cea83166d3ea6ec55ceeda1328a5f2,"{""d"":9,""p"":0.0004893900918477494,""r"":36}",
      9216,        16,         0,    1.61,chromobius,ebd2cf38f93e9ea7a278a5f2c7378e3244cea83166d3ea6ec55ceeda1328a5f2,"{""d"":9,""p"":0.0004893900918477494,""r"":36}",
    111616,       161,         0,    16.5,chromobius,113bf078e74249f4d8b22953049a0dc6fbe9cf4acac4758ae1c9926e09b6b55e,"{""d"":9,""p"":0.00041753189365604,""r"":36}",
     13312,        23,         0,    2.29,chromobius,ebd2cf38f93e9ea7a278a5f2c7378e3244cea83166d3ea6ec55ceeda1328a5f2,"{""d"":9,""p"":0.0004893900918477494,""r"":36}",
     16384,        25,         0,    3.14,chromobius,ebd2cf38f93e9ea7a278a5f2c7378e3244cea83166d3ea6ec55ceeda1328a5f2,"{""d"":9,""p"":0.0004893900918477494,""r"":36}",
     25600,        56,         0,    4.32,chromobius,ebd2cf38f93e9ea7a278a5f2c7378e3244cea83166d3ea6ec55ceeda1328a5f2,"{""d"":9,""p"":0.0004893900918477494,""r"":36}",
    247808,       201,         0,    32.2,chromobius,565eb223f48545f4f8ffae47be81adaf014b34de041e08e2833c4b06de393851,"{""d"":9,""p"":0.0003562247890262444,""r"":36}",
     40960,        98,         0,    5.98,chromobius,ebd2cf38f93e9ea7a278a5f2c7378e3244cea83166d3ea6ec55ceeda1328a5f2,"{""d"":9,""p"":0.0004893900918477494,""r"":36}",
     49152,       101,         0,    8.47,chromobius,ebd2cf38f93e9ea7a278a5f2c7378e3244cea83166d3ea6ec55ceeda1328a5f2,"{""d"":9,""p"":0.0004893900918477494,""r"":36}",
    172032,       239,         0,    23.0,chromobius,113bf078e74249f4d8b22953049a0dc6fbe9cf4acac4758ae1c9926e09b6b55e,"{""d"":9,""p"":0.00041753189365604,""r"":36}",
   1833984,        39,         0,    62.8,chromobius,1d23bf20f5c29822f6d2f3ecf6802648caaf118b4a87c3e814e21da403617994,"{""d"":9,""p"":0.0001,""r"":36}",
   1453056,        32,         0,    62.8,chromobius,ec46974c5dc7b328f0a6ce98a0245e453cfc5fc1397ca70bc722e4c40629cc36,"{""d"":9,""p"":0.00011721022975334806,""r"":36}",
   6585344,      1115,         0,    87.3,chromobius,c231a2c617033823668e2229d87e3313af9499a902dd252c02b0c6c5a73551b9,"{""d"":7,""p"":0.0001,""r"":28}",
    519168,       246,         0,    45.0,chromobius,f9259dfe053640749ff1c97da724bc7efa484cbb7cd3b818099640f9dd8d855f,"{""d"":9,""p"":0.0003039195382313198,""r"":36}",
   1318912,        44,         0,    62.8,chromobius,dcdd56350a4c4a353bb0b017122eb75ab81882898e6e2ac63fa45e637ab90167,"{""d"":9,""p"":0.00013738237958832623,""r"":36}",
   1187840,        60,         0,    62.8,chromobius,d6784a8e55c2b965d15999280eb55343c182ce45450501c85be4004d24c87212,"{""d"":9,""p"":0.00016102620275609394,""r"":36}",
     72704,       155,         0,    11.9,chromobius,ebd2cf38f93e9ea7a278a5f2c7378e3244cea83166d3ea6ec55ceeda1328a5f2,"{""d"":9,""p"":0.0004893900918477494,""r"":36}",
    930816,        92,         0,    62.9,chromobius,b9ea9993d0ae6ef4b28fe589141b92f857e08e41be14cc20336d2e39a2289fd6,"{""d"":9,""p"":0.00018873918221350977,""r"":36}",
    874496,       144,         0,    62.9,chromobius,deab0d6f6397f320439040a7f05d9cb17deefefd33b9c068280d7380227255fb,"{""d"":9,""p"":0.000221221629107045,""r"":36}",
    103424,       222,         0,    16.5,chromobius,ebd2cf38f93e9ea7a278a5f2c7378e3244cea83166d3ea6ec55ceeda1328a5f2,"{""d"":9,""p"":0.0004893900918477494,""r"":36}",
    770048,       238,         0,    62.9,chromobius,8aed6d8c2f706482e89a0c183a459bd8da875f207394db81ec285a55edcecda7,"{""d"":9,""p"":0.0002592943797404667,""r"":36}",
    219136,       304,         0,    32.2,chromobius,113bf078e74249f4d8b22953049a0dc6fbe9cf4acac4758ae1c9926e09b6b55e,"{""d"":9,""p"":0.00041753189365604,""r"":36}",
    407552,       348,         0,    45.0,chromobius,565eb223f48545f4f8ffae47be81adaf014b34de041e08e2833c4b06de393851,"{""d"":9,""p"":0.0003562247890262444,""r"":36}",
   2394112,       432,         0,    35.1,chromobius,c231a2c617033823668e2229d87e3313af9499a902dd252c02b0c6c5a73551b9,"{""d"":7,""p"":0.0001,""r"":28}",
       273,         1,         0,   0.055,chromobius,e60a15b9ffef92654fa2ed9c59b3d75ebc4bd001a81b586ad3beda7f5fd60ec3,"{""d"":9,""p"":0.0005736152510448681,""r"":36}",
      1024,         3,         0,   0.232,chromobius,e60a15b9ffef92654fa2ed9c59b3d75ebc4bd001a81b586ad3beda7f5fd60ec3,"{""d"":9,""p"":0.0005736152510448681,""r"":36}",
      1024,         5,         0,   0.236,chromobius,e60a15b9ffef92654fa2ed9c59b3d75ebc4bd001a81b586ad3beda7f5fd60ec3,"{""d"":9,""p"":0.0005736152510448681,""r"":36}",
      1024,         8,         0,   0.202,chromobius,e60a15b9ffef92654fa2ed9c59b3d75ebc4bd001a81b586ad3beda7f5fd60ec3,"{""d"":9,""p"":0.0005736152510448681,""r"":36}",
      1024,         6,         0,   0.181,chromobius,e60a15b9ffef92654fa2ed9c59b3d75ebc4bd001a81b586ad3beda7f5fd60ec3,"{""d"":9,""p"":0.0005736152510448681,""r"":36}",
      1024,         3,         0,   0.164,chromobius,e60a15b9ffef92654fa2ed9c59b3d75ebc4bd001a81b586ad3beda7f5fd60ec3,"{""d"":9,""p"":0.0005736152510448681,""r"":36}",
      1024,         1,         0,   0.166,chromobius,e60a15b9ffef92654fa2ed9c59b3d75ebc4bd001a81b586ad3beda7f5fd60ec3,"{""d"":9,""p"":0.0005736152510448681,""r"":36}",
      1024,         8,         0,   0.211,chromobius,e60a15b9ffef92654fa2ed9c59b3d75ebc4bd001a81b586ad3beda7f5fd60ec3,"{""d"":9,""p"":0.0005736152510448681,""r"":36}",
      1024,         4,         0,   0.185,chromobius,e60a15b9ffef92654fa2ed9c59b3d75ebc4bd001a81b586ad3beda7f5fd60ec3,"{""d"":9,""p"":0.0005736152510448681,""r"":36}",
      2048,         8,         0,   0.353,chromobius,e60a15b9ffef92654fa2ed9c59b3d75ebc4bd001a81b586ad3beda7f5fd60ec3,"{""d"":9,""p"":0.0005736152510448681,""r"":36}",
      2048,         8,         0,   0.366,chromobius,e60a15b9ffef92654fa2ed9c59b3d75ebc4bd001a81b586ad3beda7f5fd60ec3,"{""d"":9,""p"":0.0005736152510448681,""r"":36}",
      3072,        16,         0,   0.581,chromobius,e60a15b9ffef92654fa2ed9c59b3d75ebc4bd001a81b586ad3beda7f5fd60ec3,"{""d"":9,""p"":0.0005736152510448681,""r"":36}",
      4096,        15,         0,   0.756,chromobius,e60a15b9ffef92654fa2ed9c59b3d75ebc4bd001a81b586ad3beda7f5fd60ec3,"{""d"":9,""p"":0.0005736152510448681,""r"":36}",
      4096,        15,         0,   0.943,chromobius,e60a15b9ffef92654fa2ed9c59b3d75ebc4bd001a81b586ad3beda7f5fd60ec3,"{""d"":9,""p"":0.0005736152510448681,""r"":36}",
      5120,        16,         0,    1.28,chromobius,e60a15b9ffef92654fa2ed9c59b3d75ebc4bd001a81b586ad3beda7f5fd60ec3,"{""d"":9,""p"":0.0005736152510448681,""r"":36}",
    143360,       325,         0,    23.0,chromobius,ebd2cf38f93e9ea7a278a5f2c7378e3244cea83166d3ea6ec55ceeda1328a5f2,"{""d"":9,""p"":0.0004893900918477494,""r"":36}",
      7168,        19,         0,    1.72,chromobius,e60a15b9ffef92654fa2ed9c59b3d75ebc4bd001a81b586ad3beda7f5fd60ec3,"{""d"":9,""p"":0.0005736152510448681,""r"":36}",
      9216,        36,         0,    2.30,chromobius,e60a15b9ffef92654fa2ed9c59b3d75ebc4bd001a81b586ad3beda7f5fd60ec3,"{""d"":9,""p"":0.0005736152510448681,""r"":36}",
     14336,        62,         0,    3.15,chromobius,e60a15b9ffef92654fa2ed9c59b3d75ebc4bd001a81b586ad3beda7f5fd60ec3,"{""d"":9,""p"":0.0005736152510448681,""r"":36}",
     22528,       104,         0,    4.35,chromobius,e60a15b9ffef92654fa2ed9c59b3d75ebc4bd001a81b586ad3beda7f5fd60ec3,"{""d"":9,""p"":0.0005736152510448681,""r"":36}",
     32768,       145,         0,    6.11,chromobius,e60a15b9ffef92654fa2ed9c59b3d75ebc4bd001a81b586ad3beda7f5fd60ec3,"{""d"":9,""p"":0.0005736152510448681,""r"":36}",
    693248,       309,         0,    63.0,chromobius,f9259dfe053640749ff1c97da724bc7efa484cbb7cd3b818099640f9dd8d855f,"{""d"":9,""p"":0.0003039195382313198,""r"":36}",
     41984,       163,         0,    8.56,chromobius,e60a15b9ffef92654fa2ed9c59b3d75ebc4bd001a81b586ad3beda7f5fd60ec3,"{""d"":9,""p"":0.0005736152510448681,""r"":36}",
    342016,       463,         0,    45.0,chromobius,113bf078e74249f4d8b22953049a0dc6fbe9cf4acac4758ae1c9926e09b6b55e,"{""d"":9,""p"":0.00041753189365604,""r"":36}",
    216064,       497,         0,    32.2,chromobius,ebd2cf38f93e9ea7a278a5f2c7378e3244cea83166d3ea6ec55ceeda1328a5f2,"{""d"":9,""p"":0.0004893900918477494,""r"":36}",
     55296,       191,         0,    11.7,chromobius,e60a15b9ffef92654fa2ed9c59b3d75ebc4bd001a81b586ad3beda7f5fd60ec3,"{""d"":9,""p"":0.0005736152510448681,""r"":36}",
   2556928,        40,         0,    87.9,chromobius,1d23bf20f5c29822f6d2f3ecf6802648caaf118b4a87c3e814e21da403617994,"{""d"":9,""p"":0.0001,""r"":36}",
   2162688,        56,         0,    87.9,chromobius,ec46974c5dc7b328f0a6ce98a0245e453cfc5fc1397ca70bc722e4c40629cc36,"{""d"":9,""p"":0.00011721022975334806,""r"":36}",
    588800,       439,         0,    63.0,chromobius,565eb223f48545f4f8ffae47be81adaf014b34de041e08e2833c4b06de393851,"{""d"":9,""p"":0.0003562247890262444,""r"":36}",
   1799168,        60,         0,    88.0,chromobius,dcdd56350a4c4a353bb0b017122eb75ab81882898e6e2ac63fa45e637ab90167,"{""d"":9,""p"":0.00013738237958832623,""r"":36}",
   1676288,       107,         0,    88.0,chromobius,d6784a8e55c2b965d15999280eb55343c182ce45450501c85be4004d24c87212,"{""d"":9,""p"":0.00016102620275609394,""r"":36}",
   1317888,       146,         0,    88.1,chromobius,b9ea9993d0ae6ef4b28fe589141b92f857e08e41be14cc20336d2e39a2289fd6,"{""d"":9,""p"":0.00018873918221350977,""r"":36}",
     76800,       304,         0,    16.4,chromobius,e60a15b9ffef92654fa2ed9c59b3d75ebc4bd001a81b586ad3beda7f5fd60ec3,"{""d"":9,""p"":0.0005736152510448681,""r"":36}",
   1097728,       198,         0,    88.1,chromobius,deab0d6f6397f320439040a7f05d9cb17deefefd33b9c068280d7380227255fb,"{""d"":9,""p"":0.000221221629107045,""r"":36}",
   1111040,       337,         0,    88.1,chromobius,8aed6d8c2f706482e89a0c183a459bd8da875f207394db81ec285a55edcecda7,"{""d"":9,""p"":0.0002592943797404667,""r"":36}",
    109568,       452,         0,    23.1,chromobius,e60a15b9ffef92654fa2ed9c59b3d75ebc4bd001a81b586ad3beda7f5fd60ec3,"{""d"":9,""p"":0.0005736152510448681,""r"":36}",
    325632,       777,         0,    45.0,chromobius,ebd2cf38f93e9ea7a278a5f2c7378e3244cea83166d3ea6ec55ceeda1328a5f2,"{""d"":9,""p"":0.0004893900918477494,""r"":36}",
    495616,       667,         0,    62.9,chromobius,113bf078e74249f4d8b22953049a0dc6fbe9cf4acac4758ae1c9926e09b6b55e,"{""d"":9,""p"":0.00041753189365604,""r"":36}",
    180224,       716,         0,    32.2,chromobius,e60a15b9ffef92654fa2ed9c59b3d75ebc4bd001a81b586ad3beda7f5fd60ec3,"{""d"":9,""p"":0.0005736152510448681,""r"":36}",
   1080320,       503,         0,    88.2,chromobius,f9259dfe053640749ff1c97da724bc7efa484cbb7cd3b818099640f9dd8d855f,"{""d"":9,""p"":0.0003039195382313198,""r"":36}",
    905216,       736,         0,    88.1,chromobius,565eb223f48545f4f8ffae47be81adaf014b34de041e08e2833c4b06de393851,"{""d"":9,""p"":0.0003562247890262444,""r"":36}",
    369664,       856,         0,    63.1,chromobius,ebd2cf38f93e9ea7a278a5f2c7378e3244cea83166d3ea6ec55ceeda1328a5f2,"{""d"":9,""p"":0.0004893900918477494,""r"":36}",
    266240,      1092,         0,    45.0,chromobius,e60a15b9ffef92654fa2ed9c59b3d75ebc4bd001a81b586ad3beda7f5fd60ec3,"{""d"":9,""p"":0.0005736152510448681,""r"":36}",
   3854336,        62,         0,   119.5,chromobius,1d23bf20f5c29822f6d2f3ecf6802648caaf118b4a87c3e814e21da403617994,"{""d"":9,""p"":0.0001,""r"":36}",
   2683904,        79,         0,   119.4,chromobius,ec46974c5dc7b328f0a6ce98a0245e453cfc5fc1397ca70bc722e4c40629cc36,"{""d"":9,""p"":0.00011721022975334806,""r"":36}",
   2800640,       101,         0,   119.7,chromobius,dcdd56350a4c4a353bb0b017122eb75ab81882898e6e2ac63fa45e637ab90167,"{""d"":9,""p"":0.00013738237958832623,""r"":36}",
   2464768,       170,         0,   119.7,chromobius,d6784a8e55c2b965d15999280eb55343c182ce45450501c85be4004d24c87212,"{""d"":9,""p"":0.00016102620275609394,""r"":36}",
   1995776,       192,         0,   119.8,chromobius,b9ea9993d0ae6ef4b28fe589141b92f857e08e41be14cc20336d2e39a2289fd6,"{""d"":9,""p"":0.00018873918221350977,""r"":36}",
    571392,       769,         0,    88.3,chromobius,113bf078e74249f4d8b22953049a0dc6fbe9cf4acac4758ae1c9926e09b6b55e,"{""d"":9,""p"":0.00041753189365604,""r"":36}",
   1471488,       252,         0,   119.9,chromobius,deab0d6f6397f320439040a7f05d9cb17deefefd33b9c068280d7380227255fb,"{""d"":9,""p"":0.000221221629107045,""r"":36}",
   1609728,       430,         0,   119.9,chromobius,8aed6d8c2f706482e89a0c183a459bd8da875f207394db81ec285a55edcecda7,"{""d"":9,""p"":0.0002592943797404667,""r"":36}",
    374784,      1536,         0,    63.1,chromobius,e60a15b9ffef92654fa2ed9c59b3d75ebc4bd001a81b586ad3beda7f5fd60ec3,"{""d"":9,""p"":0.0005736152510448681,""r"":36}",
     17408,        66,         0,    2.85,chromobius,e60a15b9ffef92654fa2ed9c59b3d75ebc4bd001a81b586ad3beda7f5fd60ec3,"{""d"":9,""p"":0.0005736152510448681,""r"":36}",
       273,         1,         0,   0.081,chromobius,4f57fca6ac02a5fbbbff34755a7a2104992a0979e916cdbf5822f0a89be571a7,"{""d"":9,""p"":0.0006723357536499335,""r"":36}",
      1024,         6,         0,   0.265,chromobius,4f57fca6ac02a5fbbbff34755a7a2104992a0979e916cdbf5822f0a89be571a7,"{""d"":9,""p"":0.0006723357536499335,""r"":36}",
      1024,         9,         0,   0.300,chromobius,4f57fca6ac02a5fbbbff34755a7a2104992a0979e916cdbf5822f0a89be571a7,"{""d"":9,""p"":0.0006723357536499335,""r"":36}",
      1024,         4,         0,   0.278,chromobius,4f57fca6ac02a5fbbbff34755a7a2104992a0979e916cdbf5822f0a89be571a7,"{""d"":9,""p"":0.0006723357536499335,""r"":36}",
      1024,         5,         0,   0.277,chromobius,4f57fca6ac02a5fbbbff34755a7a2104992a0979e916cdbf5822f0a89be571a7,"{""d"":9,""p"":0.0006723357536499335,""r"":36}",
      1024,         8,         0,   0.278,chromobius,4f57fca6ac02a5fbbbff34755a7a2104992a0979e916cdbf5822f0a89be571a7,"{""d"":9,""p"":0.0006723357536499335,""r"":36}",
      1024,        11,         0,   0.277,chromobius,4f57fca6ac02a5fbbbff34755a7a2104992a0979e916cdbf5822f0a89be571a7,"{""d"":9,""p"":0.0006723357536499335,""r"":36}",
      1024,         8,         0,   0.280,chromobius,4f57fca6ac02a5fbbbff34755a7a2104992a0979e916cdbf5822f0a89be571a7,"{""d"":9,""p"":0.0006723357536499335,""r"":36}",
      1024,         3,         0,   0.254,chromobius,4f57fca6ac02a5fbbbff34755a7a2104992a0979e916cdbf5822f0a89be571a7,"{""d"":9,""p"":0.0006723357536499335,""r"":36}",
      1024,        10,         0,   0.256,chromobius,4f57fca6ac02a5fbbbff34755a7a2104992a0979e916cdbf5822f0a89be571a7,"{""d"":9,""p"":0.0006723357536499335,""r"":36}",
      2048,        15,         0,   0.529,chromobius,4f57fca6ac02a5fbbbff34755a7a2104992a0979e916cdbf5822f0a89be571a7,"{""d"":9,""p"":0.0006723357536499335,""r"":36}",
      2048,        20,         0,   0.570,chromobius,4f57fca6ac02a5fbbbff34755a7a2104992a0979e916cdbf5822f0a89be571a7,"{""d"":9,""p"":0.0006723357536499335,""r"":36}",
      3072,        18,         0,   0.797,chromobius,4f57fca6ac02a5fbbbff34755a7a2104992a0979e916cdbf5822f0a89be571a7,"{""d"":9,""p"":0.0006723357536499335,""r"":36}",
      3072,        18,         0,   0.830,chromobius,4f57fca6ac02a5fbbbff34755a7a2104992a0979e916cdbf5822f0a89be571a7,"{""d"":9,""p"":0.0006723357536499335,""r"":36}",
      5120,        33,         0,    1.35,chromobius,4f57fca6ac02a5fbbbff34755a7a2104992a0979e916cdbf5822f0a89be571a7,"{""d"":9,""p"":0.0006723357536499335,""r"":36}",
      6144,        52,         0,    1.58,chromobius,4f57fca6ac02a5fbbbff34755a7a2104992a0979e916cdbf5822f0a89be571a7,"{""d"":9,""p"":0.0006723357536499335,""r"":36}",
   1465344,       712,         0,   119.8,chromobius,f9259dfe053640749ff1c97da724bc7efa484cbb7cd3b818099640f9dd8d855f,"{""d"":9,""p"":0.0003039195382313198,""r"":36}",
    496640,      1181,         0,    88.1,chromobius,ebd2cf38f93e9ea7a278a5f2c7378e3244cea83166d3ea6ec55ceeda1328a5f2,"{""d"":9,""p"":0.0004893900918477494,""r"":36}",
      8192,        42,         0,    2.22,chromobius,4f57fca6ac02a5fbbbff34755a7a2104992a0979e916cdbf5822f0a89be571a7,"{""d"":9,""p"":0.0006723357536499335,""r"":36}",
     11264,        67,         0,    3.06,chromobius,4f57fca6ac02a5fbbbff34755a7a2104992a0979e916cdbf5822f0a89be571a7,"{""d"":9,""p"":0.0006723357536499335,""r"":36}",
     16384,       102,         0,    4.30,chromobius,4f57fca6ac02a5fbbbff34755a7a2104992a0979e916cdbf5822f0a89be571a7,"{""d"":9,""p"":0.0006723357536499335,""r"":36}",
     23552,       163,         0,    6.24,chromobius,4f57fca6ac02a5fbbbff34755a7a2104992a0979e916cdbf5822f0a89be571a7,"{""d"":9,""p"":0.0006723357536499335,""r"":36}",
     31744,       220,         0,    8.39,chromobius,4f57fca6ac02a5fbbbff34755a7a2104992a0979e916cdbf5822f0a89be571a7,"{""d"":9,""p"":0.0006723357536499335,""r"":36}",
   1215488,       972,         0,   119.9,chromobius,565eb223f48545f4f8ffae47be81adaf014b34de041e08e2833c4b06de393851,"{""d"":9,""p"":0.0003562247890262444,""r"":36}",
     46080,       301,         0,    11.7,chromobius,4f57fca6ac02a5fbbbff34755a7a2104992a0979e916cdbf5822f0a89be571a7,"{""d"":9,""p"":0.0006723357536499335,""r"":36}",
    250880,       590,         0,    45.9,chromobius,ebd2cf38f93e9ea7a278a5f2c7378e3244cea83166d3ea6ec55ceeda1328a5f2,"{""d"":9,""p"":0.0004893900918477494,""r"":36}",
       273,         1,         0,   0.082,chromobius,8a06ec72a1b10be4ae07f8a7c373220c062e956a68c1244660fa949c42da0a79,"{""d"":9,""p"":0.0007880462815669912,""r"":36}",
      1024,        12,         0,   0.285,chromobius,8a06ec72a1b10be4ae07f8a7c373220c062e956a68c1244660fa949c42da0a79,"{""d"":9,""p"":0.0007880462815669912,""r"":36}",
      1024,         7,         0,   0.222,chromobius,8a06ec72a1b10be4ae07f8a7c373220c062e956a68c1244660fa949c42da0a79,"{""d"":9,""p"":0.0007880462815669912,""r"":36}",
      1024,         8,         0,   0.240,chromobius,8a06ec72a1b10be4ae07f8a7c373220c062e956a68c1244660fa949c42da0a79,"{""d"":9,""p"":0.0007880462815669912,""r"":36}",
      1024,        14,         0,   0.237,chromobius,8a06ec72a1b10be4ae07f8a7c373220c062e956a68c1244660fa949c42da0a79,"{""d"":9,""p"":0.0007880462815669912,""r"":36}",
      1024,        11,         0,   0.231,chromobius,8a06ec72a1b10be4ae07f8a7c373220c062e956a68c1244660fa949c42da0a79,"{""d"":9,""p"":0.0007880462815669912,""r"":36}",
      1024,        16,         0,   0.226,chromobius,8a06ec72a1b10be4ae07f8a7c373220c062e956a68c1244660fa949c42da0a79,"{""d"":9,""p"":0.0007880462815669912,""r"":36}",
      1024,        16,         0,   0.237,chromobius,8a06ec72a1b10be4ae07f8a7c373220c062e956a68c1244660fa949c42da0a79,"{""d"":9,""p"":0.0007880462815669912,""r"":36}",
      1024,        11,         0,   0.233,chromobius,8a06ec72a1b10be4ae07f8a7c373220c062e956a68c1244660fa949c42da0a79,"{""d"":9,""p"":0.0007880462815669912,""r"":36}",
      1024,         9,         0,   0.223,chromobius,8a06ec72a1b10be4ae07f8a7c373220c062e956a68c1244660fa949c42da0a79,"{""d"":9,""p"":0.0007880462815669912,""r"":36}",
      2048,        40,         0,   0.443,chromobius,8a06ec72a1b10be4ae07f8a7c373220c062e956a68c1244660fa949c42da0a79,"{""d"":9,""p"":0.0007880462815669912,""r"":36}",
      2048,        24,         0,   0.484,chromobius,8a06ec72a1b10be4ae07f8a7c373220c062e956a68c1244660fa949c42da0a79,"{""d"":9,""p"":0.0007880462815669912,""r"":36}",
      3072,        44,         0,   0.692,chromobius,8a06ec72a1b10be4ae07f8a7c373220c062e956a68c1244660fa949c42da0a79,"{""d"":9,""p"":0.0007880462815669912,""r"":36}",
      4096,        41,         0,   0.867,chromobius,8a06ec72a1b10be4ae07f8a7c373220c062e956a68c1244660fa949c42da0a79,"{""d"":9,""p"":0.0007880462815669912,""r"":36}",
     70656,       497,         0,    16.4,chromobius,4f57fca6ac02a5fbbbff34755a7a2104992a0979e916cdbf5822f0a89be571a7,"{""d"":9,""p"":0.0006723357536499335,""r"":36}",
      6144,        79,         0,    1.31,chromobius,8a06ec72a1b10be4ae07f8a7c373220c062e956a68c1244660fa949c42da0a79,"{""d"":9,""p"":0.0007880462815669912,""r"":36}",
      7168,        76,         0,    1.56,chromobius,8a06ec72a1b10be4ae07f8a7c373220c062e956a68c1244660fa949c42da0a79,"{""d"":9,""p"":0.0007880462815669912,""r"":36}",
   3745792,        44,         0,   119.5,chromobius,1d23bf20f5c29822f6d2f3ecf6802648caaf118b4a87c3e814e21da403617994,"{""d"":9,""p"":0.0001,""r"":36}",
   3031040,        73,         0,   119.6,chromobius,ec46974c5dc7b328f0a6ce98a0245e453cfc5fc1397ca70bc722e4c40629cc36,"{""d"":9,""p"":0.00011721022975334806,""r"":36}",
     10240,       138,         0,    2.36,chromobius,8a06ec72a1b10be4ae07f8a7c373220c062e956a68c1244660fa949c42da0a79,"{""d"":9,""p"":0.0007880462815669912,""r"":36}",
   2676736,        94,         0,   119.7,chromobius,dcdd56350a4c4a353bb0b017122eb75ab81882898e6e2ac63fa45e637ab90167,"{""d"":9,""p"":0.00013738237958832623,""r"":36}",
     14336,       161,         0,    3.21,chromobius,8a06ec72a1b10be4ae07f8a7c373220c062e956a68c1244660fa949c42da0a79,"{""d"":9,""p"":0.0007880462815669912,""r"":36}",
   2402304,       162,         0,   119.7,chromobius,d6784a8e55c2b965d15999280eb55343c182ce45450501c85be4004d24c87212,"{""d"":9,""p"":0.00016102620275609394,""r"":36}",
   2032640,       202,         0,   119.8,chromobius,b9ea9993d0ae6ef4b28fe589141b92f857e08e41be14cc20336d2e39a2289fd6,"{""d"":9,""p"":0.00018873918221350977,""r"":36}",
     19456,       212,         0,    4.45,chromobius,8a06ec72a1b10be4ae07f8a7c373220c062e956a68c1244660fa949c42da0a79,"{""d"":9,""p"":0.0007880462815669912,""r"":36}",
    789504,      1058,         0,   120.0,chromobius,113bf078e74249f4d8b22953049a0dc6fbe9cf4acac4758ae1c9926e09b6b55e,"{""d"":9,""p"":0.00041753189365604,""r"":36}",
   1765376,       333,         0,   119.8,chromobius,deab0d6f6397f320439040a7f05d9cb17deefefd33b9c068280d7380227255fb,"{""d"":9,""p"":0.000221221629107045,""r"":36}",
     26624,       301,         0,    6.20,chromobius,8a06ec72a1b10be4ae07f8a7c373220c062e956a68c1244660fa949c42da0a79,"{""d"":9,""p"":0.0007880462815669912,""r"":36}",
    109568,       776,         0,    23.1,chromobius,4f57fca6ac02a5fbbbff34755a7a2104992a0979e916cdbf5822f0a89be571a7,"{""d"":9,""p"":0.0006723357536499335,""r"":36}",
     37888,       459,         0,    8.54,chromobius,8a06ec72a1b10be4ae07f8a7c373220c062e956a68c1244660fa949c42da0a79,"{""d"":9,""p"":0.0007880462815669912,""r"":36}",
   1360896,       389,         0,   119.9,chromobius,8aed6d8c2f706482e89a0c183a459bd8da875f207394db81ec285a55edcecda7,"{""d"":9,""p"":0.0002592943797404667,""r"":36}",
     51200,       629,         0,    11.7,chromobius,8a06ec72a1b10be4ae07f8a7c373220c062e956a68c1244660fa949c42da0a79,"{""d"":9,""p"":0.0007880462815669912,""r"":36}",
     73728,       900,         0,    16.5,chromobius,8a06ec72a1b10be4ae07f8a7c373220c062e956a68c1244660fa949c42da0a79,"{""d"":9,""p"":0.0007880462815669912,""r"":36}",
    152576,       994,         0,    32.2,chromobius,4f57fca6ac02a5fbbbff34755a7a2104992a0979e916cdbf5822f0a89be571a7,"{""d"":9,""p"":0.0006723357536499335,""r"":36}",
   1440768,       698,         0,   119.9,chromobius,f9259dfe053640749ff1c97da724bc7efa484cbb7cd3b818099640f9dd8d855f,"{""d"":9,""p"":0.0003039195382313198,""r"":36}",
    103424,      1223,         0,    23.1,chromobius,8a06ec72a1b10be4ae07f8a7c373220c062e956a68c1244660fa949c42da0a79,"{""d"":9,""p"":0.0007880462815669912,""r"":36}",
     49152,       576,         0,    11.0,chromobius,8a06ec72a1b10be4ae07f8a7c373220c062e956a68c1244660fa949c42da0a79,"{""d"":9,""p"":0.0007880462815669912,""r"":36}",
       273,         6,         0,   0.075,chromobius,0c21d3d31d12b8b49a251977a6bf6cb2843a615c705432ed7e5c590636496f18,"{""d"":9,""p"":0.0009236708571873865,""r"":36}",
      1024,        17,         0,   0.272,chromobius,0c21d3d31d12b8b49a251977a6bf6cb2843a615c705432ed7e5c590636496f18,"{""d"":9,""p"":0.0009236708571873865,""r"":36}",
      1024,        23,         0,   0.273,chromobius,0c21d3d31d12b8b49a251977a6bf6cb2843a615c705432ed7e5c590636496f18,"{""d"":9,""p"":0.0009236708571873865,""r"":36}",
      1024,        26,         0,   0.277,chromobius,0c21d3d31d12b8b49a251977a6bf6cb2843a615c705432ed7e5c590636496f18,"{""d"":9,""p"":0.0009236708571873865,""r"":36}",
      1024,        22,         0,   0.291,chromobius,0c21d3d31d12b8b49a251977a6bf6cb2843a615c705432ed7e5c590636496f18,"{""d"":9,""p"":0.0009236708571873865,""r"":36}",
      1024,        27,         0,   0.294,chromobius,0c21d3d31d12b8b49a251977a6bf6cb2843a615c705432ed7e5c590636496f18,"{""d"":9,""p"":0.0009236708571873865,""r"":36}",
      1024,        25,         0,   0.283,chromobius,0c21d3d31d12b8b49a251977a6bf6cb2843a615c705432ed7e5c590636496f18,"{""d"":9,""p"":0.0009236708571873865,""r"":36}",
      1024,        17,         0,   0.291,chromobius,0c21d3d31d12b8b49a251977a6bf6cb2843a615c705432ed7e5c590636496f18,"{""d"":9,""p"":0.0009236708571873865,""r"":36}",
      1024,        21,         0,   0.294,chromobius,0c21d3d31d12b8b49a251977a6bf6cb2843a615c705432ed7e5c590636496f18,"{""d"":9,""p"":0.0009236708571873865,""r"":36}",
      1024,        18,         0,   0.291,chromobius,0c21d3d31d12b8b49a251977a6bf6cb2843a615c705432ed7e5c590636496f18,"{""d"":9,""p"":0.0009236708571873865,""r"":36}",
      1024,        20,         0,   0.289,chromobius,0c21d3d31d12b8b49a251977a6bf6cb2843a615c705432ed7e5c590636496f18,"{""d"":9,""p"":0.0009236708571873865,""r"":36}",
      2048,        46,         0,   0.581,chromobius,0c21d3d31d12b8b49a251977a6bf6cb2843a615c705432ed7e5c590636496f18,"{""d"":9,""p"":0.0009236708571873865,""r"":36}",
      2048,        48,         0,   0.571,chromobius,0c21d3d31d12b8b49a251977a6bf6cb2843a615c705432ed7e5c590636496f18,"{""d"":9,""p"":0.0009236708571873865,""r"":36}",
      3072,        66,         0,   0.861,chromobius,0c21d3d31d12b8b49a251977a6bf6cb2843a615c705432ed7e5c590636496f18,"{""d"":9,""p"":0.0009236708571873865,""r"":36}",
   1206272,       962,         0,   119.9,chromobius,565eb223f48545f4f8ffae47be81adaf014b34de041e08e2833c4b06de393851,"{""d"":9,""p"":0.0003562247890262444,""r"":36}",
      4096,        89,         0,    1.14,chromobius,0c21d3d31d12b8b49a251977a6bf6cb2843a615c705432ed7e5c590636496f18,"{""d"":9,""p"":0.0009236708571873865,""r"":36}",
      6144,       111,         0,    1.68,chromobius,0c21d3d31d12b8b49a251977a6bf6cb2843a615c705432ed7e5c590636496f18,"{""d"":9,""p"":0.0009236708571873865,""r"":36}",
      8192,       170,         0,    2.23,chromobius,0c21d3d31d12b8b49a251977a6bf6cb2843a615c705432ed7e5c590636496f18,"{""d"":9,""p"":0.0009236708571873865,""r"":36}",
    216064,      1546,         0,    45.1,chromobius,4f57fca6ac02a5fbbbff34755a7a2104992a0979e916cdbf5822f0a89be571a7,"{""d"":9,""p"":0.0006723357536499335,""r"":36}",
    651264,       920,         0,    83.3,chromobius,113bf078e74249f4d8b22953049a0dc6fbe9cf4acac4758ae1c9926e09b6b55e,"{""d"":9,""p"":0.00041753189365604,""r"":36}",
       273,         7,         0,   0.097,chromobius,1f2b914f97bd1a1c62cde0e4bf16a6755ef6a7433f83ea5cb2a45b7c2b2c21bc,"{""d"":9,""p"":0.001082636733874054,""r"":36}",
      1024,        39,         0,   0.353,chromobius,1f2b914f97bd1a1c62cde0e4bf16a6755ef6a7433f83ea5cb2a45b7c2b2c21bc,"{""d"":9,""p"":0.001082636733874054,""r"":36}",
      1024,        29,         0,   0.353,chromobius,1f2b914f97bd1a1c62cde0e4bf16a6755ef6a7433f83ea5cb2a45b7c2b2c21bc,"{""d"":9,""p"":0.001082636733874054,""r"":36}",
      1024,        28,         0,   0.350,chromobius,1f2b914f97bd1a1c62cde0e4bf16a6755ef6a7433f83ea5cb2a45b7c2b2c21bc,"{""d"":9,""p"":0.001082636733874054,""r"":36}",
      1024,        36,         0,   0.346,chromobius,1f2b914f97bd1a1c62cde0e4bf16a6755ef6a7433f83ea5cb2a45b7c2b2c21bc,"{""d"":9,""p"":0.001082636733874054,""r"":36}",
      1024,        41,         0,   0.345,chromobius,1f2b914f97bd1a1c62cde0e4bf16a6755ef6a7433f83ea5cb2a45b7c2b2c21bc,"{""d"":9,""p"":0.001082636733874054,""r"":36}",
     11264,       201,         0,    3.21,chromobius,0c21d3d31d12b8b49a251977a6bf6cb2843a615c705432ed7e5c590636496f18,"{""d"":9,""p"":0.0009236708571873865,""r"":36}",
     13312,        81,         0,    2.55,chromobius,4f57fca6ac02a5fbbbff34755a7a2104992a0979e916cdbf5822f0a89be571a7,"{""d"":9,""p"":0.0006723357536499335,""r"":36}",
      1024,        51,         0,   0.342,chromobius,1f2b914f97bd1a1c62cde0e4bf16a6755ef6a7433f83ea5cb2a45b7c2b2c21bc,"{""d"":9,""p"":0.001082636733874054,""r"":36}",
       273,        15,         0,   0.118,chromobius,b56a7a39ce632243fe66bbd0372f63364581fee9ec50193fd88e2abb7afd47b4,"{""d"":9,""p"":0.0012689610031679222,""r"":36}",
      1024,        33,         0,   0.352,chromobius,1f2b914f97bd1a1c62cde0e4bf16a6755ef6a7433f83ea5cb2a45b7c2b2c21bc,"{""d"":9,""p"":0.001082636733874054,""r"":36}",
      1024,        51,         0,   0.430,chromobius,b56a7a39ce632243fe66bbd0372f63364581fee9ec50193fd88e2abb7afd47b4,"{""d"":9,""p"":0.0012689610031679222,""r"":36}",
      1024,        30,         0,   0.346,chromobius,1f2b914f97bd1a1c62cde0e4bf16a6755ef6a7433f83ea5cb2a45b7c2b2c21bc,"{""d"":9,""p"":0.001082636733874054,""r"":36}",
      1024,        60,         0,   0.394,chromobius,b56a7a39ce632243fe66bbd0372f63364581fee9ec50193fd88e2abb7afd47b4,"{""d"":9,""p"":0.0012689610031679222,""r"":36}",
      1024,        41,         0,   0.335,chromobius,1f2b914f97bd1a1c62cde0e4bf16a6755ef6a7433f83ea5cb2a45b7c2b2c21bc,"{""d"":9,""p"":0.001082636733874054,""r"":36}",
      1024,        39,         0,   0.348,chromobius,1f2b914f97bd1a1c62cde0e4bf16a6755ef6a7433f83ea5cb2a45b7c2b2c21bc,"{""d"":9,""p"":0.001082636733874054,""r"":36}",
      1024,        47,         0,   0.409,chromobius,b56a7a39ce632243fe66bbd0372f63364581fee9ec50193fd88e2abb7afd47b4,"{""d"":9,""p"":0.0012689610031679222,""r"":36}",
      1024,        60,         0,   0.399,chromobius,b56a7a39ce632243fe66bbd0372f63364581fee9ec50193fd88e2abb7afd47b4,"{""d"":9,""p"":0.0012689610031679222,""r"":36}",
      2048,        53,         0,   0.658,chromobius,1f2b914f97bd1a1c62cde0e4bf16a6755ef6a7433f83ea5cb2a45b7c2b2c21bc,"{""d"":9,""p"":0.001082636733874054,""r"":36}",
      1024,        63,         0,   0.383,chromobius,b56a7a39ce632243fe66bbd0372f63364581fee9ec50193fd88e2abb7afd47b4,"{""d"":9,""p"":0.0012689610031679222,""r"":36}",
      1024,        53,         0,   0.394,chromobius,b56a7a39ce632243fe66bbd0372f63364581fee9ec50193fd88e2abb7afd47b4,"{""d"":9,""p"":0.0012689610031679222,""r"":36}",
      2048,        74,         0,   0.665,chromobius,1f2b914f97bd1a1c62cde0e4bf16a6755ef6a7433f83ea5cb2a45b7c2b2c21bc,"{""d"":9,""p"":0.001082636733874054,""r"":36}",
      1024,        69,         0,   0.391,chromobius,b56a7a39ce632243fe66bbd0372f63364581fee9ec50193fd88e2abb7afd47b4,"{""d"":9,""p"":0.0012689610031679222,""r"":36}",
      1024,        58,         0,   0.408,chromobius,b56a7a39ce632243fe66bbd0372f63364581fee9ec50193fd88e2abb7afd47b4,"{""d"":9,""p"":0.0012689610031679222,""r"":36}",
      3072,       114,         0,    1.02,chromobius,1f2b914f97bd1a1c62cde0e4bf16a6755ef6a7433f83ea5cb2a45b7c2b2c21bc,"{""d"":9,""p"":0.001082636733874054,""r"":36}",
      1024,        58,         0,   0.403,chromobius,b56a7a39ce632243fe66bbd0372f63364581fee9ec50193fd88e2abb7afd47b4,"{""d"":9,""p"":0.0012689610031679222,""r"":36}",
     15360,       341,         0,    4.44,chromobius,0c21d3d31d12b8b49a251977a6bf6cb2843a615c705432ed7e5c590636496f18,"{""d"":9,""p"":0.0009236708571873865,""r"":36}",
      1024,        49,         0,   0.401,chromobius,b56a7a39ce632243fe66bbd0372f63364581fee9ec50193fd88e2abb7afd47b4,"{""d"":9,""p"":0.0012689610031679222,""r"":36}",
      1024,        57,         0,   0.404,chromobius,b56a7a39ce632243fe66bbd0372f63364581fee9ec50193fd88e2abb7afd47b4,"{""d"":9,""p"":0.0012689610031679222,""r"":36}",
      4096,       158,         0,    1.35,chromobius,1f2b914f97bd1a1c62cde0e4bf16a6755ef6a7433f83ea5cb2a45b7c2b2c21bc,"{""d"":9,""p"":0.001082636733874054,""r"":36}",
      2048,       123,         0,   0.792,chromobius,b56a7a39ce632243fe66bbd0372f63364581fee9ec50193fd88e2abb7afd47b4,"{""d"":9,""p"":0.0012689610031679222,""r"":36}",
      3072,       161,         0,    1.19,chromobius,b56a7a39ce632243fe66bbd0372f63364581fee9ec50193fd88e2abb7afd47b4,"{""d"":9,""p"":0.0012689610031679222,""r"":36}",
      5120,       164,         0,    1.76,chromobius,1f2b914f97bd1a1c62cde0e4bf16a6755ef6a7433f83ea5cb2a45b7c2b2c21bc,"{""d"":9,""p"":0.001082636733874054,""r"":36}",
      3072,       181,         0,    1.20,chromobius,b56a7a39ce632243fe66bbd0372f63364581fee9ec50193fd88e2abb7afd47b4,"{""d"":9,""p"":0.0012689610031679222,""r"":36}",
      7168,       257,         0,    2.37,chromobius,1f2b914f97bd1a1c62cde0e4bf16a6755ef6a7433f83ea5cb2a45b7c2b2c21bc,"{""d"":9,""p"":0.001082636733874054,""r"":36}",
      4096,       263,         0,    1.60,chromobius,b56a7a39ce632243fe66bbd0372f63364581fee9ec50193fd88e2abb7afd47b4,"{""d"":9,""p"":0.0012689610031679222,""r"":36}",
     21504,       426,         0,    6.23,chromobius,0c21d3d31d12b8b49a251977a6bf6cb2843a615c705432ed7e5c590636496f18,"{""d"":9,""p"":0.0009236708571873865,""r"":36}",
      6144,       326,         0,    2.41,chromobius,b56a7a39ce632243fe66bbd0372f63364581fee9ec50193fd88e2abb7afd47b4,"{""d"":9,""p"":0.0012689610031679222,""r"":36}",
      9216,       299,         0,    3.11,chromobius,1f2b914f97bd1a1c62cde0e4bf16a6755ef6a7433f83ea5cb2a45b7c2b2c21bc,"{""d"":9,""p"":0.001082636733874054,""r"":36}",
      8192,       456,         0,    3.22,chromobius,b56a7a39ce632243fe66bbd0372f63364581fee9ec50193fd88e2abb7afd47b4,"{""d"":9,""p"":0.0012689610031679222,""r"":36}",
     13312,       456,         0,    4.46,chromobius,1f2b914f97bd1a1c62cde0e4bf16a6755ef6a7433f83ea5cb2a45b7c2b2c21bc,"{""d"":9,""p"":0.001082636733874054,""r"":36}",
     29696,       646,         0,    8.45,chromobius,0c21d3d31d12b8b49a251977a6bf6cb2843a615c705432ed7e5c590636496f18,"{""d"":9,""p"":0.0009236708571873865,""r"":36}",
     11264,       642,         0,    4.35,chromobius,b56a7a39ce632243fe66bbd0372f63364581fee9ec50193fd88e2abb7afd47b4,"{""d"":9,""p"":0.0012689610031679222,""r"":36}",
   3714048,        50,         0,   119.5,chromobius,1d23bf20f5c29822f6d2f3ecf6802648caaf118b4a87c3e814e21da403617994,"{""d"":9,""p"":0.0001,""r"":36}",
   3581952,        87,         0,   119.6,chromobius,ec46974c5dc7b328f0a6ce98a0245e453cfc5fc1397ca70bc722e4c40629cc36,"{""d"":9,""p"":0.00011721022975334806,""r"":36}",
     18432,       587,         0,    6.08,chromobius,1f2b914f97bd1a1c62cde0e4bf16a6755ef6a7433f83ea5cb2a45b7c2b2c21bc,"{""d"":9,""p"":0.001082636733874054,""r"":36}",
   2713600,       112,         0,   119.7,chromobius,dcdd56350a4c4a353bb0b017122eb75ab81882898e6e2ac63fa45e637ab90167,"{""d"":9,""p"":0.00013738237958832623,""r"":36}",
   2563072,       163,         0,   119.7,chromobius,d6784a8e55c2b965d15999280eb55343c182ce45450501c85be4004d24c87212,"{""d"":9,""p"":0.00016102620275609394,""r"":36}",
     15360,       874,         0,    6.06,chromobius,b56a7a39ce632243fe66bbd0372f63364581fee9ec50193fd88e2abb7afd47b4,"{""d"":9,""p"":0.0012689610031679222,""r"":36}",
   2129920,       247,         0,   119.8,chromobius,b9ea9993d0ae6ef4b28fe589141b92f857e08e41be14cc20336d2e39a2289fd6,"{""d"":9,""p"":0.00018873918221350977,""r"":36}",
     41984,       857,         0,    11.8,chromobius,0c21d3d31d12b8b49a251977a6bf6cb2843a615c705432ed7e5c590636496f18,"{""d"":9,""p"":0.0009236708571873865,""r"":36}",
     25600,       874,         0,    8.56,chromobius,1f2b914f97bd1a1c62cde0e4bf16a6755ef6a7433f83ea5cb2a45b7c2b2c21bc,"{""d"":9,""p"":0.001082636733874054,""r"":36}",
     21504,      1302,         0,    8.40,chromobius,b56a7a39ce632243fe66bbd0372f63364581fee9ec50193fd88e2abb7afd47b4,"{""d"":9,""p"":0.0012689610031679222,""r"":36}",
      1024,        70,         0,   0.398,chromobius,b56a7a39ce632243fe66bbd0372f63364581fee9ec50193fd88e2abb7afd47b4,"{""d"":9,""p"":0.0012689610031679222,""r"":36}",
        17,         0,         0,   0.011,chromobius,6c79fefff6a98b770e7574f80515bc27f1b55b4a8b71e73b4d35542f905f2516,"{""d"":9,""p"":0.0014873521072935117,""r"":36}",
   1870848,       312,         0,   119.8,chromobius,deab0d6f6397f320439040a7f05d9cb17deefefd33b9c068280d7380227255fb,"{""d"":9,""p"":0.000221221629107045,""r"":36}",
       256,        28,         0,   0.123,chromobius,6c79fefff6a98b770e7574f80515bc27f1b55b4a8b71e73b4d35542f905f2516,"{""d"":9,""p"":0.0014873521072935117,""r"":36}",
      1024,        77,         0,   0.490,chromobius,6c79fefff6a98b770e7574f80515bc27f1b55b4a8b71e73b4d35542f905f2516,"{""d"":9,""p"":0.0014873521072935117,""r"":36}",
      1024,       112,         0,   0.494,chromobius,6c79fefff6a98b770e7574f80515bc27f1b55b4a8b71e73b4d35542f905f2516,"{""d"":9,""p"":0.0014873521072935117,""r"":36}",
      1024,        94,         0,   0.489,chromobius,6c79fefff6a98b770e7574f80515bc27f1b55b4a8b71e73b4d35542f905f2516,"{""d"":9,""p"":0.0014873521072935117,""r"":36}",
      1024,        91,         0,   0.474,chromobius,6c79fefff6a98b770e7574f80515bc27f1b55b4a8b71e73b4d35542f905f2516,"{""d"":9,""p"":0.0014873521072935117,""r"":36}",
      1024,        97,         0,   0.496,chromobius,6c79fefff6a98b770e7574f80515bc27f1b55b4a8b71e73b4d35542f905f2516,"{""d"":9,""p"":0.0014873521072935117,""r"":36}",
      1024,       103,         0,   0.497,chromobius,6c79fefff6a98b770e7574f80515bc27f1b55b4a8b71e73b4d35542f905f2516,"{""d"":9,""p"":0.0014873521072935117,""r"":36}",
      1024,       100,         0,   0.491,chromobius,6c79fefff6a98b770e7574f80515bc27f1b55b4a8b71e73b4d35542f905f2516,"{""d"":9,""p"":0.0014873521072935117,""r"":36}",
      1024,       114,         0,   0.486,chromobius,6c79fefff6a98b770e7574f80515bc27f1b55b4a8b71e73b4d35542f905f2516,"{""d"":9,""p"":0.0014873521072935117,""r"":36}",
      1024,       108,         0,   0.481,chromobius,6c79fefff6a98b770e7574f80515bc27f1b55b4a8b71e73b4d35542f905f2516,"{""d"":9,""p"":0.0014873521072935117,""r"":36}",
      1024,        96,         0,   0.444,chromobius,6c79fefff6a98b770e7574f80515bc27f1b55b4a8b71e73b4d35542f905f2516,"{""d"":9,""p"":0.0014873521072935117,""r"":36}",
      2048,       201,         0,   0.932,chromobius,6c79fefff6a98b770e7574f80515bc27f1b55b4a8b71e73b4d35542f905f2516,"{""d"":9,""p"":0.0014873521072935117,""r"":36}",
      2048,       209,         0,   0.959,chromobius,6c79fefff6a98b770e7574f80515bc27f1b55b4a8b71e73b4d35542f905f2516,"{""d"":9,""p"":0.0014873521072935117,""r"":36}",
      3072,       313,         0,    1.43,chromobius,6c79fefff6a98b770e7574f80515bc27f1b55b4a8b71e73b4d35542f905f2516,"{""d"":9,""p"":0.0014873521072935117,""r"":36}",
     35840,      1281,         0,    11.9,chromobius,1f2b914f97bd1a1c62cde0e4bf16a6755ef6a7433f83ea5cb2a45b7c2b2c21bc,"{""d"":9,""p"":0.001082636733874054,""r"":36}",
      4096,       392,         0,    1.89,chromobius,6c79fefff6a98b770e7574f80515bc27f1b55b4a8b71e73b4d35542f905f2516,"{""d"":9,""p"":0.0014873521072935117,""r"":36}",
   1613824,       467,         0,   119.9,chromobius,8aed6d8c2f706482e89a0c183a459bd8da875f207394db81ec285a55edcecda7,"{""d"":9,""p"":0.0002592943797404667,""r"":36}",
      9216,       326,         0,    3.07,chromobius,1f2b914f97bd1a1c62cde0e4bf16a6755ef6a7433f83ea5cb2a45b7c2b2c21bc,"{""d"":9,""p"":0.001082636733874054,""r"":36}",
        17,         2,         0,   0.011,chromobius,adf048ce70b435e199d48e41ae34f0227da186d6a580a1853035cb2c75772c71,"{""d"":9,""p"":0.0017433288221999873,""r"":36}",
       256,        37,         0,   0.145,chromobius,adf048ce70b435e199d48e41ae34f0227da186d6a580a1853035cb2c75772c71,"{""d"":9,""p"":0.0017433288221999873,""r"":36}",
      5120,       521,         0,    2.31,chromobius,6c79fefff6a98b770e7574f80515bc27f1b55b4a8b71e73b4d35542f905f2516,"{""d"":9,""p"":0.0014873521072935117,""r"":36}",
     57344,      1141,         0,    16.6,chromobius,0c21d3d31d12b8b49a251977a6bf6cb2843a615c705432ed7e5c590636496f18,"{""d"":9,""p"":0.0009236708571873865,""r"":36}",
      1024,       157,         0,   0.599,chromobius,adf048ce70b435e199d48e41ae34f0227da186d6a580a1853035cb2c75772c71,"{""d"":9,""p"":0.0017433288221999873,""r"":36}",
      1024,       136,         0,   0.575,chromobius,adf048ce70b435e199d48e41ae34f0227da186d6a580a1853035cb2c75772c71,"{""d"":9,""p"":0.0017433288221999873,""r"":36}",
      1024,       152,         0,   0.570,chromobius,adf048ce70b435e199d48e41ae34f0227da186d6a580a1853035cb2c75772c71,"{""d"":9,""p"":0.0017433288221999873,""r"":36}",
      1024,       177,         0,   0.603,chromobius,adf048ce70b435e199d48e41ae34f0227da186d6a580a1853035cb2c75772c71,"{""d"":9,""p"":0.0017433288221999873,""r"":36}",
      1024,       157,         0,   0.582,chromobius,adf048ce70b435e199d48e41ae34f0227da186d6a580a1853035cb2c75772c71,"{""d"":9,""p"":0.0017433288221999873,""r"":36}",
      7168,       725,         0,    3.20,chromobius,6c79fefff6a98b770e7574f80515bc27f1b55b4a8b71e73b4d35542f905f2516,"{""d"":9,""p"":0.0014873521072935117,""r"":36}",
      1024,       144,         0,   0.605,chromobius,adf048ce70b435e199d48e41ae34f0227da186d6a580a1853035cb2c75772c71,"{""d"":9,""p"":0.0017433288221999873,""r"":36}",
      1024,       174,         0,   0.589,chromobius,adf048ce70b435e199d48e41ae34f0227da186d6a580a1853035cb2c75772c71,"{""d"":9,""p"":0.0017433288221999873,""r"":36}",
      1024,       161,         0,   0.583,chromobius,adf048ce70b435e199d48e41ae34f0227da186d6a580a1853035cb2c75772c71,"{""d"":9,""p"":0.0017433288221999873,""r"":36}",
      1024,       174,         0,   0.603,chromobius,adf048ce70b435e199d48e41ae34f0227da186d6a580a1853035cb2c75772c71,"{""d"":9,""p"":0.0017433288221999873,""r"":36}",
      1024,       163,         0,   0.609,chromobius,adf048ce70b435e199d48e41ae34f0227da186d6a580a1853035cb2c75772c71,"{""d"":9,""p"":0.0017433288221999873,""r"":36}",
      1024,       165,         0,   0.586,chromobius,adf048ce70b435e199d48e41ae34f0227da186d6a580a1853035cb2c75772c71,"{""d"":9,""p"":0.0017433288221999873,""r"":36}",
      2048,       290,         0,    1.18,chromobius,adf048ce70b435e199d48e41ae34f0227da186d6a580a1853035cb2c75772c71,"{""d"":9,""p"":0.0017433288221999873,""r"":36}",
     10240,      1076,         0,    4.55,chromobius,6c79fefff6a98b770e7574f80515bc27f1b55b4a8b71e73b4d35542f905f2516,"{""d"":9,""p"":0.0014873521072935117,""r"":36}",
      2048,       309,         0,    1.15,chromobius,adf048ce70b435e199d48e41ae34f0227da186d6a580a1853035cb2c75772c71,"{""d"":9,""p"":0.0017433288221999873,""r"":36}",
     31744,       650,         0,    9.10,chromobius,0c21d3d31d12b8b49a251977a6bf6cb2843a615c705432ed7e5c590636496f18,"{""d"":9,""p"":0.0009236708571873865,""r"":36}",
        17,         1,         0,   0.015,chromobius,6be720cc6175ffbed570f18a7103c19f46ef453df83b179dabc0f70c319d68b2,"{""d"":9,""p"":0.0020433597178569417,""r"":36}",
       256,        59,         0,   0.187,chromobius,6be720cc6175ffbed570f18a7103c19f46ef453df83b179dabc0f70c319d68b2,"{""d"":9,""p"":0.0020433597178569417,""r"":36}",
       512,       137,         0,   0.375,chromobius,6be720cc6175ffbed570f18a7103c19f46ef453df83b179dabc0f70c319d68b2,"{""d"":9,""p"":0.0020433597178569417,""r"":36}",
      3072,       485,         0,    1.79,chromobius,adf048ce70b435e199d48e41ae34f0227da186d6a580a1853035cb2c75772c71,"{""d"":9,""p"":0.0017433288221999873,""r"":36}",
      6144,       574,         0,    2.68,chromobius,6c79fefff6a98b770e7574f80515bc27f1b55b4a8b71e73b4d35542f905f2516,"{""d"":9,""p"":0.0014873521072935117,""r"":36}",
       512,       104,         0,   0.366,chromobius,6be720cc6175ffbed570f18a7103c19f46ef453df83b179dabc0f70c319d68b2,"{""d"":9,""p"":0.0020433597178569417,""r"":36}",
        17,         9,         0,   0.018,chromobius,2d6ff1a9baebc6275ce8e79105284f9cabb516d84394b73e894bf94d32a237a7,"{""d"":9,""p"":0.002395026619987486,""r"":36}",
       256,       101,         0,   0.231,chromobius,2d6ff1a9baebc6275ce8e79105284f9cabb516d84394b73e894bf94d32a237a7,"{""d"":9,""p"":0.002395026619987486,""r"":36}",
       512,       125,         0,   0.367,chromobius,6be720cc6175ffbed570f18a7103c19f46ef453df83b179dabc0f70c319d68b2,"{""d"":9,""p"":0.0020433597178569417,""r"":36}",
       512,       131,         0,   0.363,chromobius,6be720cc6175ffbed570f18a7103c19f46ef453df83b179dabc0f70c319d68b2,"{""d"":9,""p"":0.0020433597178569417,""r"":36}",
       512,       151,         0,   0.458,chromobius,2d6ff1a9baebc6275ce8e79105284f9cabb516d84394b73e894bf94d32a237a7,"{""d"":9,""p"":0.002395026619987486,""r"":36}",
       512,       122,         0,   0.359,chromobius,6be720cc6175ffbed570f18a7103c19f46ef453df83b179dabc0f70c319d68b2,"{""d"":9,""p"":0.0020433597178569417,""r"":36}",
       512,       159,         0,   0.461,chromobius,2d6ff1a9baebc6275ce8e79105284f9cabb516d84394b73e894bf94d32a237a7,"{""d"":9,""p"":0.002395026619987486,""r"":36}",
       512,       118,         0,   0.377,chromobius,6be720cc6175ffbed570f18a7103c19f46ef453df83b179dabc0f70c319d68b2,"{""d"":9,""p"":0.0020433597178569417,""r"":36}",
       512,       165,         0,   0.451,chromobius,2d6ff1a9baebc6275ce8e79105284f9cabb516d84394b73e894bf94d32a237a7,"{""d"":9,""p"":0.002395026619987486,""r"":36}",
       512,       133,         0,   0.365,chromobius,6be720cc6175ffbed570f18a7103c19f46ef453df83b179dabc0f70c319d68b2,"{""d"":9,""p"":0.0020433597178569417,""r"":36}",
       512,       167,         0,   0.462,chromobius,2d6ff1a9baebc6275ce8e79105284f9cabb516d84394b73e894bf94d32a237a7,"{""d"":9,""p"":0.002395026619987486,""r"":36}",
       512,       119,         0,   0.363,chromobius,6be720cc6175ffbed570f18a7103c19f46ef453df83b179dabc0f70c319d68b2,"{""d"":9,""p"":0.0020433597178569417,""r"":36}",
      4096,       657,         0,    2.42,chromobius,adf048ce70b435e199d48e41ae34f0227da186d6a580a1853035cb2c75772c71,"{""d"":9,""p"":0.0017433288221999873,""r"":36}",
       512,       121,         0,   0.358,chromobius,6be720cc6175ffbed570f18a7103c19f46ef453df83b179dabc0f70c319d68b2,"{""d"":9,""p"":0.0020433597178569417,""r"":36}",
       512,       151,         0,   0.466,chromobius,2d6ff1a9baebc6275ce8e79105284f9cabb516d84394b73e894bf94d32a237a7,"{""d"":9,""p"":0.002395026619987486,""r"":36}",
       512,       191,         0,   0.467,chromobius,2d6ff1a9baebc6275ce8e79105284f9cabb516d84394b73e894bf94d32a237a7,"{""d"":9,""p"":0.002395026619987486,""r"":36}",
      1024,       210,         0,   0.736,chromobius,6be720cc6175ffbed570f18a7103c19f46ef453df83b179dabc0f70c319d68b2,"{""d"":9,""p"":0.0020433597178569417,""r"":36}",
       512,       164,         0,   0.442,chromobius,2d6ff1a9baebc6275ce8e79105284f9cabb516d84394b73e894bf94d32a237a7,"{""d"":9,""p"":0.002395026619987486,""r"":36}",
       512,       168,         0,   0.447,chromobius,2d6ff1a9baebc6275ce8e79105284f9cabb516d84394b73e894bf94d32a237a7,"{""d"":9,""p"":0.002395026619987486,""r"":36}",
      1024,       219,         0,   0.755,chromobius,6be720cc6175ffbed570f18a7103c19f46ef453df83b179dabc0f70c319d68b2,"{""d"":9,""p"":0.0020433597178569417,""r"":36}",
       512,       165,         0,   0.453,chromobius,2d6ff1a9baebc6275ce8e79105284f9cabb516d84394b73e894bf94d32a237a7,"{""d"":9,""p"":0.002395026619987486,""r"":36}",
       512,       156,         0,   0.466,chromobius,2d6ff1a9baebc6275ce8e79105284f9cabb516d84394b73e894bf94d32a237a7,"{""d"":9,""p"":0.002395026619987486,""r"":36}",
      1536,       384,         0,    1.09,chromobius,6be720cc6175ffbed570f18a7103c19f46ef453df83b179dabc0f70c319d68b2,"{""d"":9,""p"":0.0020433597178569417,""r"":36}",
      1024,       323,         0,   0.905,chromobius,2d6ff1a9baebc6275ce8e79105284f9cabb516d84394b73e894bf94d32a237a7,"{""d"":9,""p"":0.002395026619987486,""r"":36}",
      6144,       975,         0,    3.51,chromobius,adf048ce70b435e199d48e41ae34f0227da186d6a580a1853035cb2c75772c71,"{""d"":9,""p"":0.0017433288221999873,""r"":36}",
      1536,       366,         0,    1.13,chromobius,6be720cc6175ffbed570f18a7103c19f46ef453df83b179dabc0f70c319d68b2,"{""d"":9,""p"":0.0020433597178569417,""r"":36}",
      1024,       319,         0,   0.897,chromobius,2d6ff1a9baebc6275ce8e79105284f9cabb516d84394b73e894bf94d32a237a7,"{""d"":9,""p"":0.002395026619987486,""r"":36}",
      2560,       594,         0,    1.85,chromobius,6be720cc6175ffbed570f18a7103c19f46ef453df83b179dabc0f70c319d68b2,"{""d"":9,""p"":0.0020433597178569417,""r"":36}",
      1536,       481,         0,    1.38,chromobius,2d6ff1a9baebc6275ce8e79105284f9cabb516d84394b73e894bf94d32a237a7,"{""d"":9,""p"":0.002395026619987486,""r"":36}",
      4096,       661,         0,    2.37,chromobius,adf048ce70b435e199d48e41ae34f0227da186d6a580a1853035cb2c75772c71,"{""d"":9,""p"":0.0017433288221999873,""r"":36}",
        17,         8,         0,   0.019,chromobius,3444a90cda7557f0cd3c5fb010b6b58efc14a00332989f23abe4613357356003,"{""d"":9,""p"":0.0028072162039411755,""r"":36}",
       256,       108,         0,   0.267,chromobius,3444a90cda7557f0cd3c5fb010b6b58efc14a00332989f23abe4613357356003,"{""d"":9,""p"":0.0028072162039411755,""r"":36}",
       512,       208,         0,   0.527,chromobius,3444a90cda7557f0cd3c5fb010b6b58efc14a00332989f23abe4613357356003,"{""d"":9,""p"":0.0028072162039411755,""r"":36}",
       512,       197,         0,   0.551,chromobius,3444a90cda7557f0cd3c5fb010b6b58efc14a00332989f23abe4613357356003,"{""d"":9,""p"":0.0028072162039411755,""r"":36}",
      2048,       691,         0,    1.77,chromobius,2d6ff1a9baebc6275ce8e79105284f9cabb516d84394b73e894bf94d32a237a7,"{""d"":9,""p"":0.002395026619987486,""r"":36}",
       512,       209,         0,   0.537,chromobius,3444a90cda7557f0cd3c5fb010b6b58efc14a00332989f23abe4613357356003,"{""d"":9,""p"":0.0028072162039411755,""r"":36}",
      3584,       843,         0,    2.54,chromobius,6be720cc6175ffbed570f18a7103c19f46ef453df83b179dabc0f70c319d68b2,"{""d"":9,""p"":0.0020433597178569417,""r"":36}",
       512,       226,         0,   0.533,chromobius,3444a90cda7557f0cd3c5fb010b6b58efc14a00332989f23abe4613357356003,"{""d"":9,""p"":0.0028072162039411755,""r"":36}",
       512,       223,         0,   0.551,chromobius,3444a90cda7557f0cd3c5fb010b6b58efc14a00332989f23abe4613357356003,"{""d"":9,""p"":0.0028072162039411755,""r"":36}",
       512,       218,         0,   0.549,chromobius,3444a90cda7557f0cd3c5fb010b6b58efc14a00332989f23abe4613357356003,"{""d"":9,""p"":0.0028072162039411755,""r"":36}",
      2560,       916,         0,    2.24,chromobius,2d6ff1a9baebc6275ce8e79105284f9cabb516d84394b73e894bf94d32a237a7,"{""d"":9,""p"":0.002395026619987486,""r"":36}",
       512,       214,         0,   0.542,chromobius,3444a90cda7557f0cd3c5fb010b6b58efc14a00332989f23abe4613357356003,"{""d"":9,""p"":0.0028072162039411755,""r"":36}",
       512,       215,         0,   0.529,chromobius,3444a90cda7557f0cd3c5fb010b6b58efc14a00332989f23abe4613357356003,"{""d"":9,""p"":0.0028072162039411755,""r"":36}",
       512,       212,         0,   0.547,chromobius,3444a90cda7557f0cd3c5fb010b6b58efc14a00332989f23abe4613357356003,"{""d"":9,""p"":0.0028072162039411755,""r"":36}",
      2048,       664,         0,    1.80,chromobius,2d6ff1a9baebc6275ce8e79105284f9cabb516d84394b73e894bf94d32a237a7,"{""d"":9,""p"":0.002395026619987486,""r"":36}",
      4608,      1061,         0,    3.29,chromobius,6be720cc6175ffbed570f18a7103c19f46ef453df83b179dabc0f70c319d68b2,"{""d"":9,""p"":0.0020433597178569417,""r"":36}",
       512,       217,         0,   0.523,chromobius,3444a90cda7557f0cd3c5fb010b6b58efc14a00332989f23abe4613357356003,"{""d"":9,""p"":0.0028072162039411755,""r"":36}",
        17,        11,         0,   0.027,chromobius,6daf60a9db91b022f169d184808836043b28a0af507029835d5bf35e557d9fe4,"{""d"":9,""p"":0.0032903445623126675,""r"":36}",
       256,       129,         0,   0.334,chromobius,6daf60a9db91b022f169d184808836043b28a0af507029835d5bf35e557d9fe4,"{""d"":9,""p"":0.0032903445623126675,""r"":36}",
      1024,       226,         0,   0.726,chromobius,6be720cc6175ffbed570f18a7103c19f46ef453df83b179dabc0f70c319d68b2,"{""d"":9,""p"":0.0020433597178569417,""r"":36}",
       256,       124,         0,   0.328,chromobius,6daf60a9db91b022f169d184808836043b28a0af507029835d5bf35e557d9fe4,"{""d"":9,""p"":0.0032903445623126675,""r"":36}",
        17,         6,         0,   0.028,chromobius,13126aaa2a6d592143fdbaf85f9b47366ce5c3d48658acc46e26c4a0c13af1e8,"{""d"":9,""p"":0.0038566204211634724,""r"":36}",
       256,       129,         0,   0.323,chromobius,6daf60a9db91b022f169d184808836043b28a0af507029835d5bf35e557d9fe4,"{""d"":9,""p"":0.0032903445623126675,""r"":36}",
      1024,       434,         0,    1.07,chromobius,3444a90cda7557f0cd3c5fb010b6b58efc14a00332989f23abe4613357356003,"{""d"":9,""p"":0.0028072162039411755,""r"":36}",
       256,       126,         0,   0.424,chromobius,13126aaa2a6d592143fdbaf85f9b47366ce5c3d48658acc46e26c4a0c13af1e8,"{""d"":9,""p"":0.0038566204211634724,""r"":36}",
       256,       118,         0,   0.341,chromobius,6daf60a9db91b022f169d184808836043b28a0af507029835d5bf35e557d9fe4,"{""d"":9,""p"":0.0032903445623126675,""r"":36}",
       256,       127,         0,   0.416,chromobius,13126aaa2a6d592143fdbaf85f9b47366ce5c3d48658acc46e26c4a0c13af1e8,"{""d"":9,""p"":0.0038566204211634724,""r"":36}",
       256,       117,         0,   0.334,chromobius,6daf60a9db91b022f169d184808836043b28a0af507029835d5bf35e557d9fe4,"{""d"":9,""p"":0.0032903445623126675,""r"":36}",
       256,       124,         0,   0.311,chromobius,6daf60a9db91b022f169d184808836043b28a0af507029835d5bf35e557d9fe4,"{""d"":9,""p"":0.0032903445623126675,""r"":36}",
       256,       132,         0,   0.407,chromobius,13126aaa2a6d592143fdbaf85f9b47366ce5c3d48658acc46e26c4a0c13af1e8,"{""d"":9,""p"":0.0038566204211634724,""r"":36}",
      1024,       404,         0,    1.07,chromobius,3444a90cda7557f0cd3c5fb010b6b58efc14a00332989f23abe4613357356003,"{""d"":9,""p"":0.0028072162039411755,""r"":36}",
       256,       133,         0,   0.323,chromobius,6daf60a9db91b022f169d184808836043b28a0af507029835d5bf35e557d9fe4,"{""d"":9,""p"":0.0032903445623126675,""r"":36}",
       256,       139,         0,   0.422,chromobius,13126aaa2a6d592143fdbaf85f9b47366ce5c3d48658acc46e26c4a0c13af1e8,"{""d"":9,""p"":0.0038566204211634724,""r"":36}",
       256,       113,         0,   0.318,chromobius,6daf60a9db91b022f169d184808836043b28a0af507029835d5bf35e557d9fe4,"{""d"":9,""p"":0.0032903445623126675,""r"":36}",
       256,       127,         0,   0.396,chromobius,13126aaa2a6d592143fdbaf85f9b47366ce5c3d48658acc46e26c4a0c13af1e8,"{""d"":9,""p"":0.0038566204211634724,""r"":36}",
       256,       114,         0,   0.321,chromobius,6daf60a9db91b022f169d184808836043b28a0af507029835d5bf35e557d9fe4,"{""d"":9,""p"":0.0032903445623126675,""r"":36}",
       256,       130,         0,   0.410,chromobius,13126aaa2a6d592143fdbaf85f9b47366ce5c3d48658acc46e26c4a0c13af1e8,"{""d"":9,""p"":0.0038566204211634724,""r"":36}",
       256,       121,         0,   0.303,chromobius,6daf60a9db91b022f169d184808836043b28a0af507029835d5bf35e557d9fe4,"{""d"":9,""p"":0.0032903445623126675,""r"":36}",
       256,       130,         0,   0.407,chromobius,13126aaa2a6d592143fdbaf85f9b47366ce5c3d48658acc46e26c4a0c13af1e8,"{""d"":9,""p"":0.0038566204211634724,""r"":36}",
      1536,       684,         0,    1.56,chromobius,3444a90cda7557f0cd3c5fb010b6b58efc14a00332989f23abe4613357356003,"{""d"":9,""p"":0.0028072162039411755,""r"":36}",
       512,       232,         0,   0.652,chromobius,6daf60a9db91b022f169d184808836043b28a0af507029835d5bf35e557d9fe4,"{""d"":9,""p"":0.0032903445623126675,""r"":36}",
       256,       116,         0,   0.418,chromobius,13126aaa2a6d592143fdbaf85f9b47366ce5c3d48658acc46e26c4a0c13af1e8,"{""d"":9,""p"":0.0038566204211634724,""r"":36}",
       256,       137,         0,   0.407,chromobius,13126aaa2a6d592143fdbaf85f9b47366ce5c3d48658acc46e26c4a0c13af1e8,"{""d"":9,""p"":0.0038566204211634724,""r"":36}",
       512,       243,         0,   0.639,chromobius,6daf60a9db91b022f169d184808836043b28a0af507029835d5bf35e557d9fe4,"{""d"":9,""p"":0.0032903445623126675,""r"":36}",
       256,       132,         0,   0.407,chromobius,13126aaa2a6d592143fdbaf85f9b47366ce5c3d48658acc46e26c4a0c13af1e8,"{""d"":9,""p"":0.0038566204211634724,""r"":36}",
      1536,       659,         0,    1.58,chromobius,3444a90cda7557f0cd3c5fb010b6b58efc14a00332989f23abe4613357356003,"{""d"":9,""p"":0.0028072162039411755,""r"":36}",
       256,       124,         0,   0.418,chromobius,13126aaa2a6d592143fdbaf85f9b47366ce5c3d48658acc46e26c4a0c13af1e8,"{""d"":9,""p"":0.0038566204211634724,""r"":36}",
       768,       360,         0,   0.934,chromobius,6daf60a9db91b022f169d184808836043b28a0af507029835d5bf35e557d9fe4,"{""d"":9,""p"":0.0032903445623126675,""r"":36}",
       512,       272,         0,   0.827,chromobius,13126aaa2a6d592143fdbaf85f9b47366ce5c3d48658acc46e26c4a0c13af1e8,"{""d"":9,""p"":0.0038566204211634724,""r"":36}",
      1024,       483,         0,    1.28,chromobius,6daf60a9db91b022f169d184808836043b28a0af507029835d5bf35e557d9fe4,"{""d"":9,""p"":0.0032903445623126675,""r"":36}",
      1536,       640,         0,    1.63,chromobius,3444a90cda7557f0cd3c5fb010b6b58efc14a00332989f23abe4613357356003,"{""d"":9,""p"":0.0028072162039411755,""r"":36}",
       512,       245,         0,   0.819,chromobius,13126aaa2a6d592143fdbaf85f9b47366ce5c3d48658acc46e26c4a0c13af1e8,"{""d"":9,""p"":0.0038566204211634724,""r"":36}",
        17,        10,         0,   0.036,chromobius,478adf37254b15b46115c756a0b0a69969d482c3174dd229a24033d965f5669b,"{""d"":9,""p"":0.004520353656360241,""r"":36}",
       256,       128,         0,   0.502,chromobius,478adf37254b15b46115c756a0b0a69969d482c3174dd229a24033d965f5669b,"{""d"":9,""p"":0.004520353656360241,""r"":36}",
       256,       127,         0,   0.508,chromobius,478adf37254b15b46115c756a0b0a69969d482c3174dd229a24033d965f5669b,"{""d"":9,""p"":0.004520353656360241,""r"":36}",
       768,       378,         0,    1.26,chromobius,13126aaa2a6d592143fdbaf85f9b47366ce5c3d48658acc46e26c4a0c13af1e8,"{""d"":9,""p"":0.0038566204211634724,""r"":36}",
      1280,       596,         0,    1.69,chromobius,6daf60a9db91b022f169d184808836043b28a0af507029835d5bf35e557d9fe4,"{""d"":9,""p"":0.0032903445623126675,""r"":36}",
    882688,       732,         0,    88.4,chromobius,565eb223f48545f4f8ffae47be81adaf014b34de041e08e2833c4b06de393851,"{""d"":9,""p"":0.0003562247890262444,""r"":36}",
       256,       128,         0,   0.508,chromobius,478adf37254b15b46115c756a0b0a69969d482c3174dd229a24033d965f5669b,"{""d"":9,""p"":0.004520353656360241,""r"":36}",
        17,        10,         0,   0.044,chromobius,8cc9c244ab6d869f1d455a2225f1ca437f657e9cc6ddb6aa6e231638c3aa7256,"{""d"":9,""p"":0.005298316906283708,""r"":36}",
       128,        73,         0,   0.318,chromobius,8cc9c244ab6d869f1d455a2225f1ca437f657e9cc6ddb6aa6e231638c3aa7256,"{""d"":9,""p"":0.005298316906283708,""r"":36}",
       256,       145,         0,   0.511,chromobius,478adf37254b15b46115c756a0b0a69969d482c3174dd229a24033d965f5669b,"{""d"":9,""p"":0.004520353656360241,""r"":36}",
       128,        56,         0,   0.316,chromobius,8cc9c244ab6d869f1d455a2225f1ca437f657e9cc6ddb6aa6e231638c3aa7256,"{""d"":9,""p"":0.005298316906283708,""r"":36}",
       256,       131,         0,   0.513,chromobius,478adf37254b15b46115c756a0b0a69969d482c3174dd229a24033d965f5669b,"{""d"":9,""p"":0.004520353656360241,""r"":36}",
       128,        71,         0,   0.304,chromobius,8cc9c244ab6d869f1d455a2225f1ca437f657e9cc6ddb6aa6e231638c3aa7256,"{""d"":9,""p"":0.005298316906283708,""r"":36}",
      1024,       518,         0,    1.60,chromobius,13126aaa2a6d592143fdbaf85f9b47366ce5c3d48658acc46e26c4a0c13af1e8,"{""d"":9,""p"":0.0038566204211634724,""r"":36}",
       128,        65,         0,   0.322,chromobius,8cc9c244ab6d869f1d455a2225f1ca437f657e9cc6ddb6aa6e231638c3aa7256,"{""d"":9,""p"":0.005298316906283708,""r"":36}",
       256,       121,         0,   0.506,chromobius,478adf37254b15b46115c756a0b0a69969d482c3174dd229a24033d965f5669b,"{""d"":9,""p"":0.004520353656360241,""r"":36}",
       128,        56,         0,   0.322,chromobius,8cc9c244ab6d869f1d455a2225f1ca437f657e9cc6ddb6aa6e231638c3aa7256,"{""d"":9,""p"":0.005298316906283708,""r"":36}",
       256,       132,         0,   0.495,chromobius,478adf37254b15b46115c756a0b0a69969d482c3174dd229a24033d965f5669b,"{""d"":9,""p"":0.004520353656360241,""r"":36}",
       128,        62,         0,   0.312,chromobius,8cc9c244ab6d869f1d455a2225f1ca437f657e9cc6ddb6aa6e231638c3aa7256,"{""d"":9,""p"":0.005298316906283708,""r"":36}",
      1792,       836,         0,    2.26,chromobius,6daf60a9db91b022f169d184808836043b28a0af507029835d5bf35e557d9fe4,"{""d"":9,""p"":0.0032903445623126675,""r"":36}",
       128,        68,         0,   0.318,chromobius,8cc9c244ab6d869f1d455a2225f1ca437f657e9cc6ddb6aa6e231638c3aa7256,"{""d"":9,""p"":0.005298316906283708,""r"":36}",
       256,       134,         0,   0.506,chromobius,478adf37254b15b46115c756a0b0a69969d482c3174dd229a24033d965f5669b,"{""d"":9,""p"":0.004520353656360241,""r"":36}",
       128,        68,         0,   0.311,chromobius,8cc9c244ab6d869f1d455a2225f1ca437f657e9cc6ddb6aa6e231638c3aa7256,"{""d"":9,""p"":0.005298316906283708,""r"":36}",
       128,        73,         0,   0.297,chromobius,8cc9c244ab6d869f1d455a2225f1ca437f657e9cc6ddb6aa6e231638c3aa7256,"{""d"":9,""p"":0.005298316906283708,""r"":36}",
       256,       126,         0,   0.499,chromobius,478adf37254b15b46115c756a0b0a69969d482c3174dd229a24033d965f5669b,"{""d"":9,""p"":0.004520353656360241,""r"":36}",
       256,       130,         0,   0.520,chromobius,478adf37254b15b46115c756a0b0a69969d482c3174dd229a24033d965f5669b,"{""d"":9,""p"":0.004520353656360241,""r"":36}",
       256,       126,         0,   0.599,chromobius,8cc9c244ab6d869f1d455a2225f1ca437f657e9cc6ddb6aa6e231638c3aa7256,"{""d"":9,""p"":0.005298316906283708,""r"":36}",
      1536,       756,         0,    2.48,chromobius,13126aaa2a6d592143fdbaf85f9b47366ce5c3d48658acc46e26c4a0c13af1e8,"{""d"":9,""p"":0.0038566204211634724,""r"":36}",
       256,       124,         0,   0.514,chromobius,478adf37254b15b46115c756a0b0a69969d482c3174dd229a24033d965f5669b,"{""d"":9,""p"":0.004520353656360241,""r"":36}",
       256,       126,         0,   0.586,chromobius,8cc9c244ab6d869f1d455a2225f1ca437f657e9cc6ddb6aa6e231638c3aa7256,"{""d"":9,""p"":0.005298316906283708,""r"":36}",
       256,       129,         0,   0.636,chromobius,8cc9c244ab6d869f1d455a2225f1ca437f657e9cc6ddb6aa6e231638c3aa7256,"{""d"":9,""p"":0.005298316906283708,""r"":36}",
      2304,      1074,         0,    2.99,chromobius,6daf60a9db91b022f169d184808836043b28a0af507029835d5bf35e557d9fe4,"{""d"":9,""p"":0.0032903445623126675,""r"":36}",
       512,       257,         0,    1.03,chromobius,478adf37254b15b46115c756a0b0a69969d482c3174dd229a24033d965f5669b,"{""d"":9,""p"":0.004520353656360241,""r"":36}",
   1486848,       654,         0,   119.9,chromobius,f9259dfe053640749ff1c97da724bc7efa484cbb7cd3b818099640f9dd8d855f,"{""d"":9,""p"":0.0003039195382313198,""r"":36}",
        17,        13,         0,   0.049,chromobius,36bd4c55cb7d2c5a05a7b53628e8f1291d173e70c6d5de5778f7635a09a02182,"{""d"":9,""p"":0.006210169418915616,""r"":36}",
       128,        59,         0,   0.380,chromobius,36bd4c55cb7d2c5a05a7b53628e8f1291d173e70c6d5de5778f7635a09a02182,"{""d"":9,""p"":0.006210169418915616,""r"":36}",
       512,       257,         0,    1.24,chromobius,8cc9c244ab6d869f1d455a2225f1ca437f657e9cc6ddb6aa6e231638c3aa7256,"{""d"":9,""p"":0.005298316906283708,""r"":36}",
       128,        65,         0,   0.372,chromobius,36bd4c55cb7d2c5a05a7b53628e8f1291d173e70c6d5de5778f7635a09a02182,"{""d"":9,""p"":0.006210169418915616,""r"":36}",
       512,       246,         0,   0.999,chromobius,478adf37254b15b46115c756a0b0a69969d482c3174dd229a24033d965f5669b,"{""d"":9,""p"":0.004520353656360241,""r"":36}",
       128,        62,         0,   0.395,chromobius,36bd4c55cb7d2c5a05a7b53628e8f1291d173e70c6d5de5778f7635a09a02182,"{""d"":9,""p"":0.006210169418915616,""r"":36}",
       128,        65,         0,   0.379,chromobius,36bd4c55cb7d2c5a05a7b53628e8f1291d173e70c6d5de5778f7635a09a02182,"{""d"":9,""p"":0.006210169418915616,""r"":36}",
      2048,      1019,         0,    3.25,chromobius,13126aaa2a6d592143fdbaf85f9b47366ce5c3d48658acc46e26c4a0c13af1e8,"{""d"":9,""p"":0.0038566204211634724,""r"":36}",
       128,        61,         0,   0.384,chromobius,36bd4c55cb7d2c5a05a7b53628e8f1291d173e70c6d5de5778f7635a09a02182,"{""d"":9,""p"":0.006210169418915616,""r"":36}",
       512,       257,         0,    1.28,chromobius,8cc9c244ab6d869f1d455a2225f1ca437f657e9cc6ddb6aa6e231638c3aa7256,"{""d"":9,""p"":0.005298316906283708,""r"":36}",
       768,       410,         0,    1.50,chromobius,478adf37254b15b46115c756a0b0a69969d482c3174dd229a24033d965f5669b,"{""d"":9,""p"":0.004520353656360241,""r"":36}",
       128,        67,         0,   0.388,chromobius,36bd4c55cb7d2c5a05a7b53628e8f1291d173e70c6d5de5778f7635a09a02182,"{""d"":9,""p"":0.006210169418915616,""r"":36}",
       128,        58,         0,   0.382,chromobius,36bd4c55cb7d2c5a05a7b53628e8f1291d173e70c6d5de5778f7635a09a02182,"{""d"":9,""p"":0.006210169418915616,""r"":36}",
       128,        66,         0,   0.365,chromobius,36bd4c55cb7d2c5a05a7b53628e8f1291d173e70c6d5de5778f7635a09a02182,"{""d"":9,""p"":0.006210169418915616,""r"":36}",
      1024,       470,         0,    1.66,chromobius,13126aaa2a6d592143fdbaf85f9b47366ce5c3d48658acc46e26c4a0c13af1e8,"{""d"":9,""p"":0.0038566204211634724,""r"":36}",
       128,        61,         0,   0.375,chromobius,36bd4c55cb7d2c5a05a7b53628e8f1291d173e70c6d5de5778f7635a09a02182,"{""d"":9,""p"":0.006210169418915616,""r"":36}",
        17,         8,         0,   0.063,chromobius,781f5cfd71769ad72c4f830d5bf73c9f2b12e735e6bf1125e3cb903b44702531,"{""d"":9,""p"":0.007278953843983146,""r"":36}",
       128,        65,         0,   0.372,chromobius,36bd4c55cb7d2c5a05a7b53628e8f1291d173e70c6d5de5778f7635a09a02182,"{""d"":9,""p"":0.006210169418915616,""r"":36}",
       768,       402,         0,    1.89,chromobius,8cc9c244ab6d869f1d455a2225f1ca437f657e9cc6ddb6aa6e231638c3aa7256,"{""d"":9,""p"":0.005298316906283708,""r"":36}",
       128,        55,         0,   0.470,chromobius,781f5cfd71769ad72c4f830d5bf73c9f2b12e735e6bf1125e3cb903b44702531,"{""d"":9,""p"":0.007278953843983146,""r"":36}",
      1024,       529,         0,    1.95,chromobius,478adf37254b15b46115c756a0b0a69969d482c3174dd229a24033d965f5669b,"{""d"":9,""p"":0.004520353656360241,""r"":36}",
       128,        68,         0,   0.463,chromobius,781f5cfd71769ad72c4f830d5bf73c9f2b12e735e6bf1125e3cb903b44702531,"{""d"":9,""p"":0.007278953843983146,""r"":36}",
       256,       134,         0,   0.750,chromobius,36bd4c55cb7d2c5a05a7b53628e8f1291d173e70c6d5de5778f7635a09a02182,"{""d"":9,""p"":0.006210169418915616,""r"":36}",
       128,        66,         0,   0.462,chromobius,781f5cfd71769ad72c4f830d5bf73c9f2b12e735e6bf1125e3cb903b44702531,"{""d"":9,""p"":0.007278953843983146,""r"":36}",
       256,       120,         0,   0.752,chromobius,36bd4c55cb7d2c5a05a7b53628e8f1291d173e70c6d5de5778f7635a09a02182,"{""d"":9,""p"":0.006210169418915616,""r"":36}",
       128,        61,         0,   0.465,chromobius,781f5cfd71769ad72c4f830d5bf73c9f2b12e735e6bf1125e3cb903b44702531,"{""d"":9,""p"":0.007278953843983146,""r"":36}",
       128,        64,         0,   0.462,chromobius,781f5cfd71769ad72c4f830d5bf73c9f2b12e735e6bf1125e3cb903b44702531,"{""d"":9,""p"":0.007278953843983146,""r"":36}",
       128,        67,         0,   0.462,chromobius,781f5cfd71769ad72c4f830d5bf73c9f2b12e735e6bf1125e3cb903b44702531,"{""d"":9,""p"":0.007278953843983146,""r"":36}",
      1024,       511,         0,    2.47,chromobius,8cc9c244ab6d869f1d455a2225f1ca437f657e9cc6ddb6aa6e231638c3aa7256,"{""d"":9,""p"":0.005298316906283708,""r"":36}",
       384,       188,         0,    1.12,chromobius,36bd4c55cb7d2c5a05a7b53628e8f1291d173e70c6d5de5778f7635a09a02182,"{""d"":9,""p"":0.006210169418915616,""r"":36}",
      1280,       654,         0,    2.49,chromobius,478adf37254b15b46115c756a0b0a69969d482c3174dd229a24033d965f5669b,"{""d"":9,""p"":0.004520353656360241,""r"":36}",
       128,        65,         0,   0.458,chromobius,781f5cfd71769ad72c4f830d5bf73c9f2b12e735e6bf1125e3cb903b44702531,"{""d"":9,""p"":0.007278953843983146,""r"":36}",
       128,        72,         0,   0.450,chromobius,781f5cfd71769ad72c4f830d5bf73c9f2b12e735e6bf1125e3cb903b44702531,"{""d"":9,""p"":0.007278953843983146,""r"":36}",
       384,       208,         0,    1.17,chromobius,36bd4c55cb7d2c5a05a7b53628e8f1291d173e70c6d5de5778f7635a09a02182,"{""d"":9,""p"":0.006210169418915616,""r"":36}",
       128,        59,         0,   0.448,chromobius,781f5cfd71769ad72c4f830d5bf73c9f2b12e735e6bf1125e3cb903b44702531,"{""d"":9,""p"":0.007278953843983146,""r"":36}",
       128,        66,         0,   0.435,chromobius,781f5cfd71769ad72c4f830d5bf73c9f2b12e735e6bf1125e3cb903b44702531,"{""d"":9,""p"":0.007278953843983146,""r"":36}",
       128,        61,         0,   0.451,chromobius,781f5cfd71769ad72c4f830d5bf73c9f2b12e735e6bf1125e3cb903b44702531,"{""d"":9,""p"":0.007278953843983146,""r"":36}",
       256,       123,         0,   0.925,chromobius,781f5cfd71769ad72c4f830d5bf73c9f2b12e735e6bf1125e3cb903b44702531,"{""d"":9,""p"":0.007278953843983146,""r"":36}",
       640,       309,         0,    1.93,chromobius,36bd4c55cb7d2c5a05a7b53628e8f1291d173e70c6d5de5778f7635a09a02182,"{""d"":9,""p"":0.006210169418915616,""r"":36}",
      1536,       741,         0,    3.62,chromobius,8cc9c244ab6d869f1d455a2225f1ca437f657e9cc6ddb6aa6e231638c3aa7256,"{""d"":9,""p"":0.005298316906283708,""r"":36}",
      1792,       900,         0,    3.40,chromobius,478adf37254b15b46115c756a0b0a69969d482c3174dd229a24033d965f5669b,"{""d"":9,""p"":0.004520353656360241,""r"":36}",
       256,       130,         0,   0.889,chromobius,781f5cfd71769ad72c4f830d5bf73c9f2b12e735e6bf1125e3cb903b44702531,"{""d"":9,""p"":0.007278953843983146,""r"":36}",
       384,       185,         0,    1.29,chromobius,781f5cfd71769ad72c4f830d5bf73c9f2b12e735e6bf1125e3cb903b44702531,"{""d"":9,""p"":0.007278953843983146,""r"":36}",
       768,       365,         0,    2.28,chromobius,36bd4c55cb7d2c5a05a7b53628e8f1291d173e70c6d5de5778f7635a09a02182,"{""d"":9,""p"":0.006210169418915616,""r"":36}",
      1280,       647,         0,    2.45,chromobius,478adf37254b15b46115c756a0b0a69969d482c3174dd229a24033d965f5669b,"{""d"":9,""p"":0.004520353656360241,""r"":36}",
        17,         6,         0,   0.077,chromobius,d7460b7f345b433113db298329a7497eeeae1fb3895a16d575d3ba7dae368971,"{""d"":9,""p"":0.008531678524172805,""r"":36}",
       128,        63,         0,   0.564,chromobius,d7460b7f345b433113db298329a7497eeeae1fb3895a16d575d3ba7dae368971,"{""d"":9,""p"":0.008531678524172805,""r"":36}",
       512,       243,         0,    1.82,chromobius,781f5cfd71769ad72c4f830d5bf73c9f2b12e735e6bf1125e3cb903b44702531,"{""d"":9,""p"":0.007278953843983146,""r"":36}",
       128,        54,         0,   0.559,chromobius,d7460b7f345b433113db298329a7497eeeae1fb3895a16d575d3ba7dae368971,"{""d"":9,""p"":0.008531678524172805,""r"":36}",
       128,        65,         0,   0.551,chromobius,d7460b7f345b433113db298329a7497eeeae1fb3895a16d575d3ba7dae368971,"{""d"":9,""p"":0.008531678524172805,""r"":36}",
      2048,       993,         0,    4.74,chromobius,8cc9c244ab6d869f1d455a2225f1ca437f657e9cc6ddb6aa6e231638c3aa7256,"{""d"":9,""p"":0.005298316906283708,""r"":36}",
      1024,       492,         0,    3.07,chromobius,36bd4c55cb7d2c5a05a7b53628e8f1291d173e70c6d5de5778f7635a09a02182,"{""d"":9,""p"":0.006210169418915616,""r"":36}",
       128,        63,         0,   0.557,chromobius,d7460b7f345b433113db298329a7497eeeae1fb3895a16d575d3ba7dae368971,"{""d"":9,""p"":0.008531678524172805,""r"":36}",
       128,        61,         0,   0.561,chromobius,d7460b7f345b433113db298329a7497eeeae1fb3895a16d575d3ba7dae368971,"{""d"":9,""p"":0.008531678524172805,""r"":36}",
       640,       326,         0,    2.29,chromobius,781f5cfd71769ad72c4f830d5bf73c9f2b12e735e6bf1125e3cb903b44702531,"{""d"":9,""p"":0.007278953843983146,""r"":36}",
       128,        57,         0,   0.545,chromobius,d7460b7f345b433113db298329a7497eeeae1fb3895a16d575d3ba7dae368971,"{""d"":9,""p"":0.008531678524172805,""r"":36}",
       128,        61,         0,   0.559,chromobius,d7460b7f345b433113db298329a7497eeeae1fb3895a16d575d3ba7dae368971,"{""d"":9,""p"":0.008531678524172805,""r"":36}",
       128,        58,         0,   0.543,chromobius,d7460b7f345b433113db298329a7497eeeae1fb3895a16d575d3ba7dae368971,"{""d"":9,""p"":0.008531678524172805,""r"":36}",
       128,        71,         0,   0.531,chromobius,d7460b7f345b433113db298329a7497eeeae1fb3895a16d575d3ba7dae368971,"{""d"":9,""p"":0.008531678524172805,""r"":36}",
       128,        64,         0,   0.528,chromobius,d7460b7f345b433113db298329a7497eeeae1fb3895a16d575d3ba7dae368971,"{""d"":9,""p"":0.008531678524172805,""r"":36}",
       128,        64,         0,   0.544,chromobius,d7460b7f345b433113db298329a7497eeeae1fb3895a16d575d3ba7dae368971,"{""d"":9,""p"":0.008531678524172805,""r"":36}",
       896,       482,         0,    3.16,chromobius,781f5cfd71769ad72c4f830d5bf73c9f2b12e735e6bf1125e3cb903b44702531,"{""d"":9,""p"":0.007278953843983146,""r"":36}",
      1792,       901,         0,    4.30,chromobius,8cc9c244ab6d869f1d455a2225f1ca437f657e9cc6ddb6aa6e231638c3aa7256,"{""d"":9,""p"":0.005298316906283708,""r"":36}",
        17,         6,         0,   0.094,chromobius,f6eb25a10da11781941d4497d5372e4d814b6eafa7655a1594ae67d6da2184ea,"{""d"":9,""p"":0.01,""r"":36}",
      1536,       790,         0,    4.56,chromobius,36bd4c55cb7d2c5a05a7b53628e8f1291d173e70c6d5de5778f7635a09a02182,"{""d"":9,""p"":0.006210169418915616,""r"":36}",
        64,        33,         0,   0.303,chromobius,f6eb25a10da11781941d4497d5372e4d814b6eafa7655a1594ae67d6da2184ea,"{""d"":9,""p"":0.01,""r"":36}",
        64,        27,         0,   0.323,chromobius,f6eb25a10da11781941d4497d5372e4d814b6eafa7655a1594ae67d6da2184ea,"{""d"":9,""p"":0.01,""r"":36}",
       256,       131,         0,    1.11,chromobius,d7460b7f345b433113db298329a7497eeeae1fb3895a16d575d3ba7dae368971,"{""d"":9,""p"":0.008531678524172805,""r"":36}",
        64,        32,         0,   0.314,chromobius,f6eb25a10da11781941d4497d5372e4d814b6eafa7655a1594ae67d6da2184ea,"{""d"":9,""p"":0.01,""r"":36}",
        64,        34,         0,   0.317,chromobius,f6eb25a10da11781941d4497d5372e4d814b6eafa7655a1594ae67d6da2184ea,"{""d"":9,""p"":0.01,""r"":36}",
        64,        36,         0,   0.312,chromobius,f6eb25a10da11781941d4497d5372e4d814b6eafa7655a1594ae67d6da2184ea,"{""d"":9,""p"":0.01,""r"":36}",
       256,       116,         0,    1.09,chromobius,d7460b7f345b433113db298329a7497eeeae1fb3895a16d575d3ba7dae368971,"{""d"":9,""p"":0.008531678524172805,""r"":36}",
        64,        27,         0,   0.311,chromobius,f6eb25a10da11781941d4497d5372e4d814b6eafa7655a1594ae67d6da2184ea,"{""d"":9,""p"":0.01,""r"":36}",
        64,        29,         0,   0.319,chromobius,f6eb25a10da11781941d4497d5372e4d814b6eafa7655a1594ae67d6da2184ea,"{""d"":9,""p"":0.01,""r"":36}",
        64,        39,         0,   0.297,chromobius,f6eb25a10da11781941d4497d5372e4d814b6eafa7655a1594ae67d6da2184ea,"{""d"":9,""p"":0.01,""r"":36}",
       128,        62,         0,   0.623,chromobius,f6eb25a10da11781941d4497d5372e4d814b6eafa7655a1594ae67d6da2184ea,"{""d"":9,""p"":0.01,""r"":36}",
       384,       189,         0,    1.62,chromobius,d7460b7f345b433113db298329a7497eeeae1fb3895a16d575d3ba7dae368971,"{""d"":9,""p"":0.008531678524172805,""r"":36}",
       128,        63,         0,   0.624,chromobius,f6eb25a10da11781941d4497d5372e4d814b6eafa7655a1594ae67d6da2184ea,"{""d"":9,""p"":0.01,""r"":36}",
      1280,       644,         0,    4.36,chromobius,781f5cfd71769ad72c4f830d5bf73c9f2b12e735e6bf1125e3cb903b44702531,"{""d"":9,""p"":0.007278953843983146,""r"":36}",
       128,        66,         0,   0.616,chromobius,f6eb25a10da11781941d4497d5372e4d814b6eafa7655a1594ae67d6da2184ea,"{""d"":9,""p"":0.01,""r"":36}",
       128,        64,         0,   0.650,chromobius,f6eb25a10da11781941d4497d5372e4d814b6eafa7655a1594ae67d6da2184ea,"{""d"":9,""p"":0.01,""r"":36}",
       384,       190,         0,    1.67,chromobius,d7460b7f345b433113db298329a7497eeeae1fb3895a16d575d3ba7dae368971,"{""d"":9,""p"":0.008531678524172805,""r"":36}",
       256,       124,         0,    1.29,chromobius,f6eb25a10da11781941d4497d5372e4d814b6eafa7655a1594ae67d6da2184ea,"{""d"":9,""p"":0.01,""r"":36}",
      2048,      1023,         0,    6.14,chromobius,36bd4c55cb7d2c5a05a7b53628e8f1291d173e70c6d5de5778f7635a09a02182,"{""d"":9,""p"":0.006210169418915616,""r"":36}",
       256,       118,         0,    1.27,chromobius,f6eb25a10da11781941d4497d5372e4d814b6eafa7655a1594ae67d6da2184ea,"{""d"":9,""p"":0.01,""r"":36}",
       640,       320,         0,    2.69,chromobius,d7460b7f345b433113db298329a7497eeeae1fb3895a16d575d3ba7dae368971,"{""d"":9,""p"":0.008531678524172805,""r"":36}",
       384,       185,         0,    1.89,chromobius,f6eb25a10da11781941d4497d5372e4d814b6eafa7655a1594ae67d6da2184ea,"{""d"":9,""p"":0.01,""r"":36}",
      1792,       907,         0,    6.15,chromobius,781f5cfd71769ad72c4f830d5bf73c9f2b12e735e6bf1125e3cb903b44702531,"{""d"":9,""p"":0.007278953843983146,""r"":36}",
      1536,       784,         0,    4.55,chromobius,36bd4c55cb7d2c5a05a7b53628e8f1291d173e70c6d5de5778f7635a09a02182,"{""d"":9,""p"":0.006210169418915616,""r"":36}",
       273,         0,         0,   0.011,chromobius,1d23bf20f5c29822f6d2f3ecf6802648caaf118b4a87c3e814e21da403617994,"{""d"":9,""p"":0.0001,""r"":36}",
       768,       353,         0,    3.25,chromobius,d7460b7f345b433113db298329a7497eeeae1fb3895a16d575d3ba7dae368971,"{""d"":9,""p"":0.008531678524172805,""r"":36}",
      1024,         0,         0,   0.034,chromobius,1d23bf20f5c29822f6d2f3ecf6802648caaf118b4a87c3e814e21da403617994,"{""d"":9,""p"":0.0001,""r"":36}",
      1024,         0,         0,   0.035,chromobius,1d23bf20f5c29822f6d2f3ecf6802648caaf118b4a87c3e814e21da403617994,"{""d"":9,""p"":0.0001,""r"":36}",
      1024,         0,         0,   0.033,chromobius,1d23bf20f5c29822f6d2f3ecf6802648caaf118b4a87c3e814e21da403617994,"{""d"":9,""p"":0.0001,""r"":36}",
      2048,         0,         0,   0.066,chromobius,1d23bf20f5c29822f6d2f3ecf6802648caaf118b4a87c3e814e21da403617994,"{""d"":9,""p"":0.0001,""r"":36}",
      2048,         0,         0,   0.066,chromobius,1d23bf20f5c29822f6d2f3ecf6802648caaf118b4a87c3e814e21da403617994,"{""d"":9,""p"":0.0001,""r"":36}",
      3072,         0,         0,   0.095,chromobius,1d23bf20f5c29822f6d2f3ecf6802648caaf118b4a87c3e814e21da403617994,"{""d"":9,""p"":0.0001,""r"":36}",
      4096,         0,         0,   0.121,chromobius,1d23bf20f5c29822f6d2f3ecf6802648caaf118b4a87c3e814e21da403617994,"{""d"":9,""p"":0.0001,""r"":36}",
      5120,         0,         0,   0.154,chromobius,1d23bf20f5c29822f6d2f3ecf6802648caaf118b4a87c3e814e21da403617994,"{""d"":9,""p"":0.0001,""r"":36}",
      7168,         0,         0,   0.230,chromobius,1d23bf20f5c29822f6d2f3ecf6802648caaf118b4a87c3e814e21da403617994,"{""d"":9,""p"":0.0001,""r"":36}",
       512,       262,         0,    2.53,chromobius,f6eb25a10da11781941d4497d5372e4d814b6eafa7655a1594ae67d6da2184ea,"{""d"":9,""p"":0.01,""r"":36}",
      9216,         0,         0,   0.297,chromobius,1d23bf20f5c29822f6d2f3ecf6802648caaf118b4a87c3e814e21da403617994,"{""d"":9,""p"":0.0001,""r"":36}",
     13312,         0,         0,   0.413,chromobius,1d23bf20f5c29822f6d2f3ecf6802648caaf118b4a87c3e814e21da403617994,"{""d"":9,""p"":0.0001,""r"":36}",
     18432,         0,         0,   0.576,chromobius,1d23bf20f5c29822f6d2f3ecf6802648caaf118b4a87c3e814e21da403617994,"{""d"":9,""p"":0.0001,""r"":36}",
     25600,         0,         0,   0.795,chromobius,1d23bf20f5c29822f6d2f3ecf6802648caaf118b4a87c3e814e21da403617994,"{""d"":9,""p"":0.0001,""r"":36}",
     35840,         0,         0,    1.12,chromobius,1d23bf20f5c29822f6d2f3ecf6802648caaf118b4a87c3e814e21da403617994,"{""d"":9,""p"":0.0001,""r"":36}",
       640,       320,         0,    3.24,chromobius,f6eb25a10da11781941d4497d5372e4d814b6eafa7655a1594ae67d6da2184ea,"{""d"":9,""p"":0.01,""r"":36}",
      1152,       578,         0,    4.78,chromobius,d7460b7f345b433113db298329a7497eeeae1fb3895a16d575d3ba7dae368971,"{""d"":9,""p"":0.008531678524172805,""r"":36}",
     49152,         1,         0,    1.57,chromobius,1d23bf20f5c29822f6d2f3ecf6802648caaf118b4a87c3e814e21da403617994,"{""d"":9,""p"":0.0001,""r"":36}",
      2560,      1244,         0,    8.55,chromobius,781f5cfd71769ad72c4f830d5bf73c9f2b12e735e6bf1125e3cb903b44702531,"{""d"":9,""p"":0.007278953843983146,""r"":36}",
     66560,         0,         0,    2.18,chromobius,1d23bf20f5c29822f6d2f3ecf6802648caaf118b4a87c3e814e21da403617994,"{""d"":9,""p"":0.0001,""r"":36}",
       128,        66,         0,   0.445,chromobius,781f5cfd71769ad72c4f830d5bf73c9f2b12e735e6bf1125e3cb903b44702531,"{""d"":9,""p"":0.007278953843983146,""r"":36}",
       273,         0,         0,   0.012,chromobius,ec46974c5dc7b328f0a6ce98a0245e453cfc5fc1397ca70bc722e4c40629cc36,"{""d"":9,""p"":0.00011721022975334806,""r"":36}",
      1024,         0,         0,   0.032,chromobius,ec46974c5dc7b328f0a6ce98a0245e453cfc5fc1397ca70bc722e4c40629cc36,"{""d"":9,""p"":0.00011721022975334806,""r"":36}",
      1024,         0,         0,   0.031,chromobius,ec46974c5dc7b328f0a6ce98a0245e453cfc5fc1397ca70bc722e4c40629cc36,"{""d"":9,""p"":0.00011721022975334806,""r"":36}",
      1024,         0,         0,   0.030,chromobius,ec46974c5dc7b328f0a6ce98a0245e453cfc5fc1397ca70bc722e4c40629cc36,"{""d"":9,""p"":0.00011721022975334806,""r"":36}",
      2048,         0,         0,   0.066,chromobius,ec46974c5dc7b328f0a6ce98a0245e453cfc5fc1397ca70bc722e4c40629cc36,"{""d"":9,""p"":0.00011721022975334806,""r"":36}",
      2048,         0,         0,   0.069,chromobius,ec46974c5dc7b328f0a6ce98a0245e453cfc5fc1397ca70bc722e4c40629cc36,"{""d"":9,""p"":0.00011721022975334806,""r"":36}",
      3072,         0,         0,   0.099,chromobius,ec46974c5dc7b328f0a6ce98a0245e453cfc5fc1397ca70bc722e4c40629cc36,"{""d"":9,""p"":0.00011721022975334806,""r"":36}",
       896,       461,         0,    4.51,chromobius,f6eb25a10da11781941d4497d5372e4d814b6eafa7655a1594ae67d6da2184ea,"{""d"":9,""p"":0.01,""r"":36}",
      4096,         0,         0,   0.124,chromobius,ec46974c5dc7b328f0a6ce98a0245e453cfc5fc1397ca70bc722e4c40629cc36,"{""d"":9,""p"":0.00011721022975334806,""r"":36}",
      5120,         0,         0,   0.160,chromobius,ec46974c5dc7b328f0a6ce98a0245e453cfc5fc1397ca70bc722e4c40629cc36,"{""d"":9,""p"":0.00011721022975334806,""r"":36}",
      7168,         2,         0,   0.225,chromobius,ec46974c5dc7b328f0a6ce98a0245e453cfc5fc1397ca70bc722e4c40629cc36,"{""d"":9,""p"":0.00011721022975334806,""r"":36}",
     10240,         0,         0,   0.315,chromobius,ec46974c5dc7b328f0a6ce98a0245e453cfc5fc1397ca70bc722e4c40629cc36,"{""d"":9,""p"":0.00011721022975334806,""r"":36}",
     13312,         0,         0,   0.415,chromobius,ec46974c5dc7b328f0a6ce98a0245e453cfc5fc1397ca70bc722e4c40629cc36,"{""d"":9,""p"":0.00011721022975334806,""r"":36}",
     17408,         1,         0,   0.570,chromobius,ec46974c5dc7b328f0a6ce98a0245e453cfc5fc1397ca70bc722e4c40629cc36,"{""d"":9,""p"":0.00011721022975334806,""r"":36}",
    101376,         1,         0,    3.06,chromobius,1d23bf20f5c29822f6d2f3ecf6802648caaf118b4a87c3e814e21da403617994,"{""d"":9,""p"":0.0001,""r"":36}",
      1536,       784,         0,    6.47,chromobius,d7460b7f345b433113db298329a7497eeeae1fb3895a16d575d3ba7dae368971,"{""d"":9,""p"":0.008531678524172805,""r"":36}",
     26624,         1,         0,   0.817,chromobius,ec46974c5dc7b328f0a6ce98a0245e453cfc5fc1397ca70bc722e4c40629cc36,"{""d"":9,""p"":0.00011721022975334806,""r"":36}",
     35840,         0,         0,    1.14,chromobius,ec46974c5dc7b328f0a6ce98a0245e453cfc5fc1397ca70bc722e4c40629cc36,"{""d"":9,""p"":0.00011721022975334806,""r"":36}",
     51200,         1,         0,    1.56,chromobius,ec46974c5dc7b328f0a6ce98a0245e453cfc5fc1397ca70bc722e4c40629cc36,"{""d"":9,""p"":0.00011721022975334806,""r"":36}",
    140288,         6,         0,    4.28,chromobius,1d23bf20f5c29822f6d2f3ecf6802648caaf118b4a87c3e814e21da403617994,"{""d"":9,""p"":0.0001,""r"":36}",
      1280,       647,         0,    6.57,chromobius,f6eb25a10da11781941d4497d5372e4d814b6eafa7655a1594ae67d6da2184ea,"{""d"":9,""p"":0.01,""r"":36}",
     68608,         1,         0,    2.18,chromobius,ec46974c5dc7b328f0a6ce98a0245e453cfc5fc1397ca70bc722e4c40629cc36,"{""d"":9,""p"":0.00011721022975334806,""r"":36}",
     96256,         2,         0,    3.06,chromobius,ec46974c5dc7b328f0a6ce98a0245e453cfc5fc1397ca70bc722e4c40629cc36,"{""d"":9,""p"":0.00011721022975334806,""r"":36}",
      2048,       997,         0,    8.74,chromobius,d7460b7f345b433113db298329a7497eeeae1fb3895a16d575d3ba7dae368971,"{""d"":9,""p"":0.008531678524172805,""r"":36}",
    202752,         1,         0,    5.97,chromobius,1d23bf20f5c29822f6d2f3ecf6802648caaf118b4a87c3e814e21da403617994,"{""d"":9,""p"":0.0001,""r"":36}",
    132096,         5,         0,    4.25,chromobius,ec46974c5dc7b328f0a6ce98a0245e453cfc5fc1397ca70bc722e4c40629cc36,"{""d"":9,""p"":0.00011721022975334806,""r"":36}",
   3919872,        63,         0,   119.5,chromobius,1d23bf20f5c29822f6d2f3ecf6802648caaf118b4a87c3e814e21da403617994,"{""d"":9,""p"":0.0001,""r"":36}",
      1664,       864,         0,    8.56,chromobius,f6eb25a10da11781941d4497d5372e4d814b6eafa7655a1594ae67d6da2184ea,"{""d"":9,""p"":0.01,""r"":36}",
   3412992,        85,         0,   119.6,chromobius,ec46974c5dc7b328f0a6ce98a0245e453cfc5fc1397ca70bc722e4c40629cc36,"{""d"":9,""p"":0.00011721022975334806,""r"":36}",
      1408,       700,         0,    6.06,chromobius,d7460b7f345b433113db298329a7497eeeae1fb3895a16d575d3ba7dae368971,"{""d"":9,""p"":0.008531678524172805,""r"":36}",
       273,         0,         0,   0.012,chromobius,dcdd56350a4c4a353bb0b017122eb75ab81882898e6e2ac63fa45e637ab90167,"{""d"":9,""p"":0.00013738237958832623,""r"":36}",
      1024,         0,         0,   0.053,chromobius,dcdd56350a4c4a353bb0b017122eb75ab81882898e6e2ac63fa45e637ab90167,"{""d"":9,""p"":0.00013738237958832623,""r"":36}",
      1024,         0,         0,   0.044,chromobius,dcdd56350a4c4a353bb0b017122eb75ab81882898e6e2ac63fa45e637ab90167,"{""d"":9,""p"":0.00013738237958832623,""r"":36}",
      1024,         0,         0,   0.052,chromobius,dcdd56350a4c4a353bb0b017122eb75ab81882898e6e2ac63fa45e637ab90167,"{""d"":9,""p"":0.00013738237958832623,""r"":36}",
      1024,         0,         0,   0.054,chromobius,dcdd56350a4c4a353bb0b017122eb75ab81882898e6e2ac63fa45e637ab90167,"{""d"":9,""p"":0.00013738237958832623,""r"":36}",
      2048,         0,         0,   0.094,chromobius,dcdd56350a4c4a353bb0b017122eb75ab81882898e6e2ac63fa45e637ab90167,"{""d"":9,""p"":0.00013738237958832623,""r"":36}",
      2048,         0,         0,   0.096,chromobius,dcdd56350a4c4a353bb0b017122eb75ab81882898e6e2ac63fa45e637ab90167,"{""d"":9,""p"":0.00013738237958832623,""r"":36}",
      2048,         0,         0,   0.113,chromobius,dcdd56350a4c4a353bb0b017122eb75ab81882898e6e2ac63fa45e637ab90167,"{""d"":9,""p"":0.00013738237958832623,""r"":36}",
      4096,         0,         0,   0.160,chromobius,dcdd56350a4c4a353bb0b017122eb75ab81882898e6e2ac63fa45e637ab90167,"{""d"":9,""p"":0.00013738237958832623,""r"":36}",
      6144,         0,         0,   0.229,chromobius,dcdd56350a4c4a353bb0b017122eb75ab81882898e6e2ac63fa45e637ab90167,"{""d"":9,""p"":0.00013738237958832623,""r"":36}",
      8192,         1,         0,   0.296,chromobius,dcdd56350a4c4a353bb0b017122eb75ab81882898e6e2ac63fa45e637ab90167,"{""d"":9,""p"":0.00013738237958832623,""r"":36}",
   2820096,       117,         0,   119.7,chromobius,dcdd56350a4c4a353bb0b017122eb75ab81882898e6e2ac63fa45e637ab90167,"{""d"":9,""p"":0.00013738237958832623,""r"":36}",
     12288,         0,         0,   0.438,chromobius,dcdd56350a4c4a353bb0b017122eb75ab81882898e6e2ac63fa45e637ab90167,"{""d"":9,""p"":0.00013738237958832623,""r"":36}",
     16384,         0,         0,   0.593,chromobius,dcdd56350a4c4a353bb0b017122eb75ab81882898e6e2ac63fa45e637ab90167,"{""d"":9,""p"":0.00013738237958832623,""r"":36}",
     22528,         0,         0,   0.823,chromobius,dcdd56350a4c4a353bb0b017122eb75ab81882898e6e2ac63fa45e637ab90167,"{""d"":9,""p"":0.00013738237958832623,""r"":36}",
   2565120,       158,         0,   119.7,chromobius,d6784a8e55c2b965d15999280eb55343c182ce45450501c85be4004d24c87212,"{""d"":9,""p"":0.00016102620275609394,""r"":36}",
    177152,         9,         0,    5.99,chromobius,ec46974c5dc7b328f0a6ce98a0245e453cfc5fc1397ca70bc722e4c40629cc36,"{""d"":9,""p"":0.00011721022975334806,""r"":36}",
    263168,         4,         0,    8.36,chromobius,1d23bf20f5c29822f6d2f3ecf6802648caaf118b4a87c3e814e21da403617994,"{""d"":9,""p"":0.0001,""r"":36}",
     29696,         3,         0,    1.12,chromobius,dcdd56350a4c4a353bb0b017122eb75ab81882898e6e2ac63fa45e637ab90167,"{""d"":9,""p"":0.00013738237958832623,""r"":36}",
     40960,         1,         0,    1.57,chromobius,dcdd56350a4c4a353bb0b017122eb75ab81882898e6e2ac63fa45e637ab90167,"{""d"":9,""p"":0.00013738237958832623,""r"":36}",
   2102272,       197,         0,   119.8,chromobius,b9ea9993d0ae6ef4b28fe589141b92f857e08e41be14cc20336d2e39a2289fd6,"{""d"":9,""p"":0.00018873918221350977,""r"":36}",
     56320,         2,         0,    2.17,chromobius,dcdd56350a4c4a353bb0b017122eb75ab81882898e6e2ac63fa45e637ab90167,"{""d"":9,""p"":0.00013738237958832623,""r"":36}",
      2304,      1172,         0,    11.7,chromobius,f6eb25a10da11781941d4497d5372e4d814b6eafa7655a1594ae67d6da2184ea,"{""d"":9,""p"":0.01,""r"":36}",
     81920,         2,         0,    3.06,chromobius,dcdd56350a4c4a353bb0b017122eb75ab81882898e6e2ac63fa45e637ab90167,"{""d"":9,""p"":0.00013738237958832623,""r"":36}",
    259072,         9,         0,    8.36,chromobius,ec46974c5dc7b328f0a6ce98a0245e453cfc5fc1397ca70bc722e4c40629cc36,"{""d"":9,""p"":0.00011721022975334806,""r"":36}",
   1857536,       339,         0,   119.8,chromobius,deab0d6f6397f320439040a7f05d9cb17deefefd33b9c068280d7380227255fb,"{""d"":9,""p"":0.000221221629107045,""r"":36}",
       640,       334,         0,    3.23,chromobius,f6eb25a10da11781941d4497d5372e4d814b6eafa7655a1594ae67d6da2184ea,"{""d"":9,""p"":0.01,""r"":36}",
       273,         0,         0,   0.014,chromobius,d6784a8e55c2b965d15999280eb55343c182ce45450501c85be4004d24c87212,"{""d"":9,""p"":0.00016102620275609394,""r"":36}",
      1024,         0,         0,   0.063,chromobius,d6784a8e55c2b965d15999280eb55343c182ce45450501c85be4004d24c87212,"{""d"":9,""p"":0.00016102620275609394,""r"":36}",
      1024,         0,         0,   0.060,chromobius,d6784a8e55c2b965d15999280eb55343c182ce45450501c85be4004d24c87212,"{""d"":9,""p"":0.00016102620275609394,""r"":36}",
      1024,         0,         0,   0.059,chromobius,d6784a8e55c2b965d15999280eb55343c182ce45450501c85be4004d24c87212,"{""d"":9,""p"":0.00016102620275609394,""r"":36}",
      1024,         0,         0,   0.059,chromobius,d6784a8e55c2b965d15999280eb55343c182ce45450501c85be4004d24c87212,"{""d"":9,""p"":0.00016102620275609394,""r"":36}",
      2048,         1,         0,   0.103,chromobius,d6784a8e55c2b965d15999280eb55343c182ce45450501c85be4004d24c87212,"{""d"":9,""p"":0.00016102620275609394,""r"":36}",
      2048,         0,         0,   0.104,chromobius,d6784a8e55c2b965d15999280eb55343c182ce45450501c85be4004d24c87212,"{""d"":9,""p"":0.00016102620275609394,""r"":36}",
      2048,         0,         0,   0.105,chromobius,d6784a8e55c2b965d15999280eb55343c182ce45450501c85be4004d24c87212,"{""d"":9,""p"":0.00016102620275609394,""r"":36}",
      4096,         0,         0,   0.189,chromobius,d6784a8e55c2b965d15999280eb55343c182ce45450501c85be4004d24c87212,"{""d"":9,""p"":0.00016102620275609394,""r"":36}",
      5120,         0,         0,   0.212,chromobius,d6784a8e55c2b965d15999280eb55343c182ce45450501c85be4004d24c87212,"{""d"":9,""p"":0.00016102620275609394,""r"":36}",
      7168,         1,         0,   0.297,chromobius,d6784a8e55c2b965d15999280eb55343c182ce45450501c85be4004d24c87212,"{""d"":9,""p"":0.00016102620275609394,""r"":36}",
     10240,         1,         0,   0.428,chromobius,d6784a8e55c2b965d15999280eb55343c182ce45450501c85be4004d24c87212,"{""d"":9,""p"":0.00016102620275609394,""r"":36}",
     13312,         1,         0,   0.599,chromobius,d6784a8e55c2b965d15999280eb55343c182ce45450501c85be4004d24c87212,"{""d"":9,""p"":0.00016102620275609394,""r"":36}",
    381952,         5,         0,    11.7,chromobius,1d23bf20f5c29822f6d2f3ecf6802648caaf118b4a87c3e814e21da403617994,"{""d"":9,""p"":0.0001,""r"":36}",
    110592,         2,         0,    4.27,chromobius,dcdd56350a4c4a353bb0b017122eb75ab81882898e6e2ac63fa45e637ab90167,"{""d"":9,""p"":0.00013738237958832623,""r"":36}",
     18432,         2,         0,   0.837,chromobius,d6784a8e55c2b965d15999280eb55343c182ce45450501c85be4004d24c87212,"{""d"":9,""p"":0.00016102620275609394,""r"":36}",
     25600,         2,         0,    1.13,chromobius,d6784a8e55c2b965d15999280eb55343c182ce45450501c85be4004d24c87212,"{""d"":9,""p"":0.00016102620275609394,""r"":36}",
     36864,         0,         0,    1.59,chromobius,d6784a8e55c2b965d15999280eb55343c182ce45450501c85be4004d24c87212,"{""d"":9,""p"":0.00016102620275609394,""r"":36}",
     48128,         5,         0,    2.22,chromobius,d6784a8e55c2b965d15999280eb55343c182ce45450501c85be4004d24c87212,"{""d"":9,""p"":0.00016102620275609394,""r"":36}",
    160768,         4,         0,    5.97,chromobius,dcdd56350a4c4a353bb0b017122eb75ab81882898e6e2ac63fa45e637ab90167,"{""d"":9,""p"":0.00013738237958832623,""r"":36}",
   1610752,       452,         0,   119.8,chromobius,8aed6d8c2f706482e89a0c183a459bd8da875f207394db81ec285a55edcecda7,"{""d"":9,""p"":0.0002592943797404667,""r"":36}",
    361472,         5,         0,    11.7,chromobius,ec46974c5dc7b328f0a6ce98a0245e453cfc5fc1397ca70bc722e4c40629cc36,"{""d"":9,""p"":0.00011721022975334806,""r"":36}",
     68608,         2,         0,    3.04,chromobius,d6784a8e55c2b965d15999280eb55343c182ce45450501c85be4004d24c87212,"{""d"":9,""p"":0.00016102620275609394,""r"":36}",
     99328,         3,         0,    4.29,chromobius,d6784a8e55c2b965d15999280eb55343c182ce45450501c85be4004d24c87212,"{""d"":9,""p"":0.00016102620275609394,""r"":36}",
    223232,         8,         0,    8.35,chromobius,dcdd56350a4c4a353bb0b017122eb75ab81882898e6e2ac63fa45e637ab90167,"{""d"":9,""p"":0.00013738237958832623,""r"":36}",
    504832,         5,         0,    16.3,chromobius,1d23bf20f5c29822f6d2f3ecf6802648caaf118b4a87c3e814e21da403617994,"{""d"":9,""p"":0.0001,""r"":36}",
    137216,         5,         0,    5.98,chromobius,d6784a8e55c2b965d15999280eb55343c182ce45450501c85be4004d24c87212,"{""d"":9,""p"":0.00016102620275609394,""r"":36}",
    510976,        12,         0,    16.4,chromobius,ec46974c5dc7b328f0a6ce98a0245e453cfc5fc1397ca70bc722e4c40629cc36,"{""d"":9,""p"":0.00011721022975334806,""r"":36}",
    315392,        15,         0,    11.7,chromobius,dcdd56350a4c4a353bb0b017122eb75ab81882898e6e2ac63fa45e637ab90167,"{""d"":9,""p"":0.00013738237958832623,""r"":36}",
    192512,        13,         0,    8.38,chromobius,d6784a8e55c2b965d15999280eb55343c182ce45450501c85be4004d24c87212,"{""d"":9,""p"":0.00016102620275609394,""r"":36}",
    266240,        16,         0,    11.7,chromobius,d6784a8e55c2b965d15999280eb55343c182ce45450501c85be4004d24c87212,"{""d"":9,""p"":0.00016102620275609394,""r"":36}",
    719872,        14,         0,    22.9,chromobius,1d23bf20f5c29822f6d2f3ecf6802648caaf118b4a87c3e814e21da403617994,"{""d"":9,""p"":0.0001,""r"":36}",
    436224,        23,         0,    16.4,chromobius,dcdd56350a4c4a353bb0b017122eb75ab81882898e6e2ac63fa45e637ab90167,"{""d"":9,""p"":0.00013738237958832623,""r"":36}",
    707584,        15,         0,    22.9,chromobius,ec46974c5dc7b328f0a6ce98a0245e453cfc5fc1397ca70bc722e4c40629cc36,"{""d"":9,""p"":0.00011721022975334806,""r"":36}",
   1473536,       659,         0,   119.9,chromobius,f9259dfe053640749ff1c97da724bc7efa484cbb7cd3b818099640f9dd8d855f,"{""d"":9,""p"":0.0003039195382313198,""r"":36}",
    365568,        22,         0,    16.4,chromobius,d6784a8e55c2b965d15999280eb55343c182ce45450501c85be4004d24c87212,"{""d"":9,""p"":0.00016102620275609394,""r"":36}",
    612352,        21,         0,    22.9,chromobius,dcdd56350a4c4a353bb0b017122eb75ab81882898e6e2ac63fa45e637ab90167,"{""d"":9,""p"":0.00013738237958832623,""r"":36}",
    991232,        18,         0,    32.0,chromobius,1d23bf20f5c29822f6d2f3ecf6802648caaf118b4a87c3e814e21da403617994,"{""d"":9,""p"":0.0001,""r"":36}",
    519168,        31,         0,    22.9,chromobius,d6784a8e55c2b965d15999280eb55343c182ce45450501c85be4004d24c87212,"{""d"":9,""p"":0.00016102620275609394,""r"":36}",
    992256,        32,         0,    32.1,chromobius,ec46974c5dc7b328f0a6ce98a0245e453cfc5fc1397ca70bc722e4c40629cc36,"{""d"":9,""p"":0.00011721022975334806,""r"":36}",
    859136,        38,         0,    32.1,chromobius,dcdd56350a4c4a353bb0b017122eb75ab81882898e6e2ac63fa45e637ab90167,"{""d"":9,""p"":0.00013738237958832623,""r"":36}",
   3707904,        59,         0,   119.6,chromobius,1d23bf20f5c29822f6d2f3ecf6802648caaf118b4a87c3e814e21da403617994,"{""d"":9,""p"":0.0001,""r"":36}",
   3401728,       101,         0,   119.6,chromobius,ec46974c5dc7b328f0a6ce98a0245e453cfc5fc1397ca70bc722e4c40629cc36,"{""d"":9,""p"":0.00011721022975334806,""r"":36}",
   2759680,       105,         0,   119.7,chromobius,dcdd56350a4c4a353bb0b017122eb75ab81882898e6e2ac63fa45e637ab90167,"{""d"":9,""p"":0.00013738237958832623,""r"":36}",
   2655232,       189,         0,   119.7,chromobius,d6784a8e55c2b965d15999280eb55343c182ce45450501c85be4004d24c87212,"{""d"":9,""p"":0.00016102620275609394,""r"":36}",
    735232,        54,         0,    32.1,chromobius,d6784a8e55c2b965d15999280eb55343c182ce45450501c85be4004d24c87212,"{""d"":9,""p"":0.00016102620275609394,""r"":36}",
   2088960,       233,         0,   119.8,chromobius,b9ea9993d0ae6ef4b28fe589141b92f857e08e41be14cc20336d2e39a2289fd6,"{""d"":9,""p"":0.00018873918221350977,""r"":36}",
   1388544,        19,         0,    44.9,chromobius,1d23bf20f5c29822f6d2f3ecf6802648caaf118b4a87c3e814e21da403617994,"{""d"":9,""p"":0.0001,""r"":36}",
   1828864,       298,         0,   119.8,chromobius,deab0d6f6397f320439040a7f05d9cb17deefefd33b9c068280d7380227255fb,"{""d"":9,""p"":0.000221221629107045,""r"":36}",
   1391616,        30,         0,    44.9,chromobius,ec46974c5dc7b328f0a6ce98a0245e453cfc5fc1397ca70bc722e4c40629cc36,"{""d"":9,""p"":0.00011721022975334806,""r"":36}",
   1597440,       431,         0,   119.8,chromobius,8aed6d8c2f706482e89a0c183a459bd8da875f207394db81ec285a55edcecda7,"{""d"":9,""p"":0.0002592943797404667,""r"":36}",
   1192960,        48,         0,    44.9,chromobius,dcdd56350a4c4a353bb0b017122eb75ab81882898e6e2ac63fa45e637ab90167,"{""d"":9,""p"":0.00013738237958832623,""r"":36}",
   1046528,        67,         0,    44.9,chromobius,d6784a8e55c2b965d15999280eb55343c182ce45450501c85be4004d24c87212,"{""d"":9,""p"":0.00016102620275609394,""r"":36}",
   1361920,       651,         0,   109.8,chromobius,f9259dfe053640749ff1c97da724bc7efa484cbb7cd3b818099640f9dd8d855f,"{""d"":9,""p"":0.0003039195382313198,""r"":36}",
       273,         0,         0,   0.020,chromobius,b9ea9993d0ae6ef4b28fe589141b92f857e08e41be14cc20336d2e39a2289fd6,"{""d"":9,""p"":0.00018873918221350977,""r"":36}",
      1024,         0,         0,   0.057,chromobius,b9ea9993d0ae6ef4b28fe589141b92f857e08e41be14cc20336d2e39a2289fd6,"{""d"":9,""p"":0.00018873918221350977,""r"":36}",
      1024,         0,         0,   0.056,chromobius,b9ea9993d0ae6ef4b28fe589141b92f857e08e41be14cc20336d2e39a2289fd6,"{""d"":9,""p"":0.00018873918221350977,""r"":36}",
      1024,         0,         0,   0.053,chromobius,b9ea9993d0ae6ef4b28fe589141b92f857e08e41be14cc20336d2e39a2289fd6,"{""d"":9,""p"":0.00018873918221350977,""r"":36}",
      1024,         1,         0,   0.054,chromobius,b9ea9993d0ae6ef4b28fe589141b92f857e08e41be14cc20336d2e39a2289fd6,"{""d"":9,""p"":0.00018873918221350977,""r"":36}",
      1024,         0,         0,   0.054,chromobius,b9ea9993d0ae6ef4b28fe589141b92f857e08e41be14cc20336d2e39a2289fd6,"{""d"":9,""p"":0.00018873918221350977,""r"":36}",
      2048,         0,         0,   0.108,chromobius,b9ea9993d0ae6ef4b28fe589141b92f857e08e41be14cc20336d2e39a2289fd6,"{""d"":9,""p"":0.00018873918221350977,""r"":36}",
      2048,         0,         0,   0.111,chromobius,b9ea9993d0ae6ef4b28fe589141b92f857e08e41be14cc20336d2e39a2289fd6,"{""d"":9,""p"":0.00018873918221350977,""r"":36}",
      3072,         1,         0,   0.152,chromobius,b9ea9993d0ae6ef4b28fe589141b92f857e08e41be14cc20336d2e39a2289fd6,"{""d"":9,""p"":0.00018873918221350977,""r"":36}",
      4096,         0,         0,   0.219,chromobius,b9ea9993d0ae6ef4b28fe589141b92f857e08e41be14cc20336d2e39a2289fd6,"{""d"":9,""p"":0.00018873918221350977,""r"":36}",
      6144,         0,         0,   0.314,chromobius,b9ea9993d0ae6ef4b28fe589141b92f857e08e41be14cc20336d2e39a2289fd6,"{""d"":9,""p"":0.00018873918221350977,""r"":36}",
      8192,         2,         0,   0.407,chromobius,b9ea9993d0ae6ef4b28fe589141b92f857e08e41be14cc20336d2e39a2289fd6,"{""d"":9,""p"":0.00018873918221350977,""r"":36}",
     11264,         2,         0,   0.592,chromobius,b9ea9993d0ae6ef4b28fe589141b92f857e08e41be14cc20336d2e39a2289fd6,"{""d"":9,""p"":0.00018873918221350977,""r"":36}",
     15360,         1,         0,   0.811,chromobius,b9ea9993d0ae6ef4b28fe589141b92f857e08e41be14cc20336d2e39a2289fd6,"{""d"":9,""p"":0.00018873918221350977,""r"":36}",
     21504,         3,         0,    1.12,chromobius,b9ea9993d0ae6ef4b28fe589141b92f857e08e41be14cc20336d2e39a2289fd6,"{""d"":9,""p"":0.00018873918221350977,""r"":36}",
     30720,         5,         0,    1.58,chromobius,b9ea9993d0ae6ef4b28fe589141b92f857e08e41be14cc20336d2e39a2289fd6,"{""d"":9,""p"":0.00018873918221350977,""r"":36}",
     41984,         4,         0,    2.19,chromobius,b9ea9993d0ae6ef4b28fe589141b92f857e08e41be14cc20336d2e39a2289fd6,"{""d"":9,""p"":0.00018873918221350977,""r"":36}",
     58368,        11,         0,    3.06,chromobius,b9ea9993d0ae6ef4b28fe589141b92f857e08e41be14cc20336d2e39a2289fd6,"{""d"":9,""p"":0.00018873918221350977,""r"":36}",
     83968,        11,         0,    4.28,chromobius,b9ea9993d0ae6ef4b28fe589141b92f857e08e41be14cc20336d2e39a2289fd6,"{""d"":9,""p"":0.00018873918221350977,""r"":36}",
   1933312,        34,         0,    62.8,chromobius,1d23bf20f5c29822f6d2f3ecf6802648caaf118b4a87c3e814e21da403617994,"{""d"":9,""p"":0.0001,""r"":36}",
    116736,         8,         0,    5.98,chromobius,b9ea9993d0ae6ef4b28fe589141b92f857e08e41be14cc20336d2e39a2289fd6,"{""d"":9,""p"":0.00018873918221350977,""r"":36}",
   1882112,        57,         0,    62.8,chromobius,ec46974c5dc7b328f0a6ce98a0245e453cfc5fc1397ca70bc722e4c40629cc36,"{""d"":9,""p"":0.00011721022975334806,""r"":36}",
    160768,        16,         0,    8.37,chromobius,b9ea9993d0ae6ef4b28fe589141b92f857e08e41be14cc20336d2e39a2289fd6,"{""d"":9,""p"":0.00018873918221350977,""r"":36}",
    218112,        23,         0,    11.7,chromobius,b9ea9993d0ae6ef4b28fe589141b92f857e08e41be14cc20336d2e39a2289fd6,"{""d"":9,""p"":0.00018873918221350977,""r"":36}",
   1656832,        64,         0,    62.8,chromobius,dcdd56350a4c4a353bb0b017122eb75ab81882898e6e2ac63fa45e637ab90167,"{""d"":9,""p"":0.00013738237958832623,""r"":36}",
    306176,        32,         0,    16.4,chromobius,b9ea9993d0ae6ef4b28fe589141b92f857e08e41be14cc20336d2e39a2289fd6,"{""d"":9,""p"":0.00018873918221350977,""r"":36}",
   1401856,       103,         0,    62.8,chromobius,d6784a8e55c2b965d15999280eb55343c182ce45450501c85be4004d24c87212,"{""d"":9,""p"":0.00016102620275609394,""r"":36}",
   4013056,        51,         0,   119.6,chromobius,1d23bf20f5c29822f6d2f3ecf6802648caaf118b4a87c3e814e21da403617994,"{""d"":9,""p"":0.0001,""r"":36}",
   3416064,        96,         0,   119.6,chromobius,ec46974c5dc7b328f0a6ce98a0245e453cfc5fc1397ca70bc722e4c40629cc36,"{""d"":9,""p"":0.00011721022975334806,""r"":36}",
   2766848,       101,         0,   119.7,chromobius,dcdd56350a4c4a353bb0b017122eb75ab81882898e6e2ac63fa45e637ab90167,"{""d"":9,""p"":0.00013738237958832623,""r"":36}",
   2483200,       187,         0,   119.7,chromobius,d6784a8e55c2b965d15999280eb55343c182ce45450501c85be4004d24c87212,"{""d"":9,""p"":0.00016102620275609394,""r"":36}",
   2098176,       216,         0,   119.8,chromobius,b9ea9993d0ae6ef4b28fe589141b92f857e08e41be14cc20336d2e39a2289fd6,"{""d"":9,""p"":0.00018873918221350977,""r"":36}",
   1839104,       333,         0,   119.8,chromobius,deab0d6f6397f320439040a7f05d9cb17deefefd33b9c068280d7380227255fb,"{""d"":9,""p"":0.000221221629107045,""r"":36}",
    425984,        52,         0,    22.9,chromobius,b9ea9993d0ae6ef4b28fe589141b92f857e08e41be14cc20336d2e39a2289fd6,"{""d"":9,""p"":0.00018873918221350977,""r"":36}",
   1580032,       459,         0,   119.9,chromobius,8aed6d8c2f706482e89a0c183a459bd8da875f207394db81ec285a55edcecda7,"{""d"":9,""p"":0.0002592943797404667,""r"":36}",
   2878464,        48,         0,    87.9,chromobius,1d23bf20f5c29822f6d2f3ecf6802648caaf118b4a87c3e814e21da403617994,"{""d"":9,""p"":0.0001,""r"":36}",
    600064,        77,         0,    32.1,chromobius,b9ea9993d0ae6ef4b28fe589141b92f857e08e41be14cc20336d2e39a2289fd6,"{""d"":9,""p"":0.00018873918221350977,""r"":36}",
   2694144,        64,         0,    87.9,chromobius,ec46974c5dc7b328f0a6ce98a0245e453cfc5fc1397ca70bc722e4c40629cc36,"{""d"":9,""p"":0.00011721022975334806,""r"":36}",
   2308096,        82,         0,    87.9,chromobius,dcdd56350a4c4a353bb0b017122eb75ab81882898e6e2ac63fa45e637ab90167,"{""d"":9,""p"":0.00013738237958832623,""r"":36}",
   1946624,       140,         0,    88.0,chromobius,d6784a8e55c2b965d15999280eb55343c182ce45450501c85be4004d24c87212,"{""d"":9,""p"":0.00016102620275609394,""r"":36}",
   2978744,        47,         0,    88.2,chromobius,1d23bf20f5c29822f6d2f3ecf6802648caaf118b4a87c3e814e21da403617994,"{""d"":9,""p"":0.0001,""r"":36}",
    846848,        76,         0,    44.9,chromobius,b9ea9993d0ae6ef4b28fe589141b92f857e08e41be14cc20336d2e39a2289fd6,"{""d"":9,""p"":0.00018873918221350977,""r"":36}",
   2434387,        46,         0,    73.1,chromobius,1d23bf20f5c29822f6d2f3ecf6802648caaf118b4a87c3e814e21da403617994,"{""d"":9,""p"":0.0001,""r"":36}",
   3409920,        78,         0,   119.6,chromobius,ec46974c5dc7b328f0a6ce98a0245e453cfc5fc1397ca70bc722e4c40629cc36,"{""d"":9,""p"":0.00011721022975334806,""r"":36}",
   2774016,       101,         0,   119.7,chromobius,dcdd56350a4c4a353bb0b017122eb75ab81882898e6e2ac63fa45e637ab90167,"{""d"":9,""p"":0.00013738237958832623,""r"":36}",
   1217194,        22,         0,    35.9,chromobius,1d23bf20f5c29822f6d2f3ecf6802648caaf118b4a87c3e814e21da403617994,"{""d"":9,""p"":0.0001,""r"":36}",
   2449408,       154,         0,   119.7,chromobius,d6784a8e55c2b965d15999280eb55343c182ce45450501c85be4004d24c87212,"{""d"":9,""p"":0.00016102620275609394,""r"":36}",
   2041856,       216,         0,   119.8,chromobius,b9ea9993d0ae6ef4b28fe589141b92f857e08e41be14cc20336d2e39a2289fd6,"{""d"":9,""p"":0.00018873918221350977,""r"":36}",
   1915904,       346,         0,   119.8,chromobius,deab0d6f6397f320439040a7f05d9cb17deefefd33b9c068280d7380227255fb,"{""d"":9,""p"":0.000221221629107045,""r"":36}",
    608597,        10,         0,    17.7,chromobius,1d23bf20f5c29822f6d2f3ecf6802648caaf118b4a87c3e814e21da403617994,"{""d"":9,""p"":0.0001,""r"":36}",
    401408,         8,         0,    11.9,chromobius,1d23bf20f5c29822f6d2f3ecf6802648caaf118b4a87c3e814e21da403617994,"{""d"":9,""p"":0.0001,""r"":36}",
    103594,         4,         0,    3.02,chromobius,1d23bf20f5c29822f6d2f3ecf6802648caaf118b4a87c3e814e21da403617994,"{""d"":9,""p"":0.0001,""r"":36}",
     95232,         2,         0,    3.04,chromobius,1d23bf20f5c29822f6d2f3ecf6802648caaf118b4a87c3e814e21da403617994,"{""d"":9,""p"":0.0001,""r"":36}",
      4181,         0,         0,   0.133,chromobius,1d23bf20f5c29822f6d2f3ecf6802648caaf118b4a87c3e814e21da403617994,"{""d"":9,""p"":0.0001,""r"":36}",
      4181,         0,         0,   0.132,chromobius,1d23bf20f5c29822f6d2f3ecf6802648caaf118b4a87c3e814e21da403617994,"{""d"":9,""p"":0.0001,""r"":36}",
       273,         0,         0,   0.021,chromobius,deab0d6f6397f320439040a7f05d9cb17deefefd33b9c068280d7380227255fb,"{""d"":9,""p"":0.000221221629107045,""r"":36}",
       273,         0,         0,   0.022,chromobius,8aed6d8c2f706482e89a0c183a459bd8da875f207394db81ec285a55edcecda7,"{""d"":9,""p"":0.0002592943797404667,""r"":36}",
      1024,         0,         0,   0.070,chromobius,deab0d6f6397f320439040a7f05d9cb17deefefd33b9c068280d7380227255fb,"{""d"":9,""p"":0.000221221629107045,""r"":36}",
      1024,         0,         0,   0.070,chromobius,8aed6d8c2f706482e89a0c183a459bd8da875f207394db81ec285a55edcecda7,"{""d"":9,""p"":0.0002592943797404667,""r"":36}",
      1024,         0,         0,   0.070,chromobius,deab0d6f6397f320439040a7f05d9cb17deefefd33b9c068280d7380227255fb,"{""d"":9,""p"":0.000221221629107045,""r"":36}",
      1024,         0,         0,   0.069,chromobius,8aed6d8c2f706482e89a0c183a459bd8da875f207394db81ec285a55edcecda7,"{""d"":9,""p"":0.0002592943797404667,""r"":36}",
      1024,         0,         0,   0.070,chromobius,deab0d6f6397f320439040a7f05d9cb17deefefd33b9c068280d7380227255fb,"{""d"":9,""p"":0.000221221629107045,""r"":36}",
      1024,         0,         0,   0.070,chromobius,8aed6d8c2f706482e89a0c183a459bd8da875f207394db81ec285a55edcecda7,"{""d"":9,""p"":0.0002592943797404667,""r"":36}",
      1024,         1,         0,   0.070,chromobius,deab0d6f6397f320439040a7f05d9cb17deefefd33b9c068280d7380227255fb,"{""d"":9,""p"":0.000221221629107045,""r"":36}",
      1024,         0,         0,   0.071,chromobius,8aed6d8c2f706482e89a0c183a459bd8da875f207394db81ec285a55edcecda7,"{""d"":9,""p"":0.0002592943797404667,""r"":36}",
      1024,         0,         0,   0.070,chromobius,deab0d6f6397f320439040a7f05d9cb17deefefd33b9c068280d7380227255fb,"{""d"":9,""p"":0.000221221629107045,""r"":36}",
      1024,         0,         0,   0.069,chromobius,8aed6d8c2f706482e89a0c183a459bd8da875f207394db81ec285a55edcecda7,"{""d"":9,""p"":0.0002592943797404667,""r"":36}",
      2048,         0,         0,   0.134,chromobius,deab0d6f6397f320439040a7f05d9cb17deefefd33b9c068280d7380227255fb,"{""d"":9,""p"":0.000221221629107045,""r"":36}",
      2048,         4,         0,   0.147,chromobius,8aed6d8c2f706482e89a0c183a459bd8da875f207394db81ec285a55edcecda7,"{""d"":9,""p"":0.0002592943797404667,""r"":36}",
      2048,         1,         0,   0.138,chromobius,deab0d6f6397f320439040a7f05d9cb17deefefd33b9c068280d7380227255fb,"{""d"":9,""p"":0.000221221629107045,""r"":36}",
      2048,         2,         0,   0.158,chromobius,8aed6d8c2f706482e89a0c183a459bd8da875f207394db81ec285a55edcecda7,"{""d"":9,""p"":0.0002592943797404667,""r"":36}",
      2048,         0,         0,   0.164,chromobius,8aed6d8c2f706482e89a0c183a459bd8da875f207394db81ec285a55edcecda7,"{""d"":9,""p"":0.0002592943797404667,""r"":36}",
      3072,         1,         0,   0.204,chromobius,deab0d6f6397f320439040a7f05d9cb17deefefd33b9c068280d7380227255fb,"{""d"":9,""p"":0.000221221629107045,""r"":36}",
      3072,         0,         0,   0.240,chromobius,8aed6d8c2f706482e89a0c183a459bd8da875f207394db81ec285a55edcecda7,"{""d"":9,""p"":0.0002592943797404667,""r"":36}",
      4096,         1,         0,   0.268,chromobius,deab0d6f6397f320439040a7f05d9cb17deefefd33b9c068280d7380227255fb,"{""d"":9,""p"":0.000221221629107045,""r"":36}",
      4096,         2,         0,   0.320,chromobius,8aed6d8c2f706482e89a0c183a459bd8da875f207394db81ec285a55edcecda7,"{""d"":9,""p"":0.0002592943797404667,""r"":36}",
      5120,         0,         0,   0.348,chromobius,deab0d6f6397f320439040a7f05d9cb17deefefd33b9c068280d7380227255fb,"{""d"":9,""p"":0.000221221629107045,""r"":36}",
      6144,         2,         0,   0.416,chromobius,deab0d6f6397f320439040a7f05d9cb17deefefd33b9c068280d7380227255fb,"{""d"":9,""p"":0.000221221629107045,""r"":36}",
      6144,         0,         0,   0.477,chromobius,8aed6d8c2f706482e89a0c183a459bd8da875f207394db81ec285a55edcecda7,"{""d"":9,""p"":0.0002592943797404667,""r"":36}",
      9216,         4,         0,   0.614,chromobius,deab0d6f6397f320439040a7f05d9cb17deefefd33b9c068280d7380227255fb,"{""d"":9,""p"":0.000221221629107045,""r"":36}",
      8192,         3,         0,   0.613,chromobius,8aed6d8c2f706482e89a0c183a459bd8da875f207394db81ec285a55edcecda7,"{""d"":9,""p"":0.0002592943797404667,""r"":36}",
     12288,         2,         0,   0.834,chromobius,deab0d6f6397f320439040a7f05d9cb17deefefd33b9c068280d7380227255fb,"{""d"":9,""p"":0.000221221629107045,""r"":36}",
     11264,         3,         0,   0.865,chromobius,8aed6d8c2f706482e89a0c183a459bd8da875f207394db81ec285a55edcecda7,"{""d"":9,""p"":0.0002592943797404667,""r"":36}",
     16384,         0,         0,    1.12,chromobius,deab0d6f6397f320439040a7f05d9cb17deefefd33b9c068280d7380227255fb,"{""d"":9,""p"":0.000221221629107045,""r"":36}",
     15360,         8,         0,    1.17,chromobius,8aed6d8c2f706482e89a0c183a459bd8da875f207394db81ec285a55edcecda7,"{""d"":9,""p"":0.0002592943797404667,""r"":36}",
   1568768,       422,         0,   119.8,chromobius,8aed6d8c2f706482e89a0c183a459bd8da875f207394db81ec285a55edcecda7,"{""d"":9,""p"":0.0002592943797404667,""r"":36}",
     23552,         1,         0,    1.60,chromobius,deab0d6f6397f320439040a7f05d9cb17deefefd33b9c068280d7380227255fb,"{""d"":9,""p"":0.000221221629107045,""r"":36}",
     21504,         6,         0,    1.60,chromobius,8aed6d8c2f706482e89a0c183a459bd8da875f207394db81ec285a55edcecda7,"{""d"":9,""p"":0.0002592943797404667,""r"":36}",
     31744,         2,         0,    2.18,chromobius,deab0d6f6397f320439040a7f05d9cb17deefefd33b9c068280d7380227255fb,"{""d"":9,""p"":0.000221221629107045,""r"":36}",
     29696,        12,         0,    2.20,chromobius,8aed6d8c2f706482e89a0c183a459bd8da875f207394db81ec285a55edcecda7,"{""d"":9,""p"":0.0002592943797404667,""r"":36}",
     46080,         6,         0,    3.08,chromobius,deab0d6f6397f320439040a7f05d9cb17deefefd33b9c068280d7380227255fb,"{""d"":9,""p"":0.000221221629107045,""r"":36}",
     39936,        12,         0,    3.11,chromobius,8aed6d8c2f706482e89a0c183a459bd8da875f207394db81ec285a55edcecda7,"{""d"":9,""p"":0.0002592943797404667,""r"":36}",
     62464,         6,         0,    4.28,chromobius,deab0d6f6397f320439040a7f05d9cb17deefefd33b9c068280d7380227255fb,"{""d"":9,""p"":0.000221221629107045,""r"":36}",
     57344,        13,         0,    4.29,chromobius,8aed6d8c2f706482e89a0c183a459bd8da875f207394db81ec285a55edcecda7,"{""d"":9,""p"":0.0002592943797404667,""r"":36}",
   1193984,       128,         0,    62.9,chromobius,b9ea9993d0ae6ef4b28fe589141b92f857e08e41be14cc20336d2e39a2289fd6,"{""d"":9,""p"":0.00018873918221350977,""r"":36}",
     88064,        16,         0,    5.99,chromobius,deab0d6f6397f320439040a7f05d9cb17deefefd33b9c068280d7380227255fb,"{""d"":9,""p"":0.000221221629107045,""r"":36}",
     79872,        33,         0,    6.00,chromobius,8aed6d8c2f706482e89a0c183a459bd8da875f207394db81ec285a55edcecda7,"{""d"":9,""p"":0.0002592943797404667,""r"":36}",
    122880,        30,         0,    8.37,chromobius,deab0d6f6397f320439040a7f05d9cb17deefefd33b9c068280d7380227255fb,"{""d"":9,""p"":0.000221221629107045,""r"":36}",
    109568,        24,         0,    8.37,chromobius,8aed6d8c2f706482e89a0c183a459bd8da875f207394db81ec285a55edcecda7,"{""d"":9,""p"":0.0002592943797404667,""r"":36}",
   3627008,       103,         0,   119.6,chromobius,ec46974c5dc7b328f0a6ce98a0245e453cfc5fc1397ca70bc722e4c40629cc36,"{""d"":9,""p"":0.00011721022975334806,""r"":36}",
    173056,        26,         0,    11.8,chromobius,deab0d6f6397f320439040a7f05d9cb17deefefd33b9c068280d7380227255fb,"{""d"":9,""p"":0.000221221629107045,""r"":36}",
    152576,        41,         0,    11.7,chromobius,8aed6d8c2f706482e89a0c183a459bd8da875f207394db81ec285a55edcecda7,"{""d"":9,""p"":0.0002592943797404667,""r"":36}",
   3087360,       134,         0,   119.7,chromobius,dcdd56350a4c4a353bb0b017122eb75ab81882898e6e2ac63fa45e637ab90167,"{""d"":9,""p"":0.00013738237958832623,""r"":36}",
    241664,        30,         0,    16.4,chromobius,deab0d6f6397f320439040a7f05d9cb17deefefd33b9c068280d7380227255fb,"{""d"":9,""p"":0.000221221629107045,""r"":36}",
    217088,        63,         0,    16.4,chromobius,8aed6d8c2f706482e89a0c183a459bd8da875f207394db81ec285a55edcecda7,"{""d"":9,""p"":0.0002592943797404667,""r"":36}",
   2676736,       188,         0,   119.7,chromobius,d6784a8e55c2b965d15999280eb55343c182ce45450501c85be4004d24c87212,"{""d"":9,""p"":0.00016102620275609394,""r"":36}",
   2651576,        62,         0,    93.3,chromobius,ec46974c5dc7b328f0a6ce98a0245e453cfc5fc1397ca70bc722e4c40629cc36,"{""d"":9,""p"":0.00011721022975334806,""r"":36}",
    338944,        62,         0,    23.0,chromobius,deab0d6f6397f320439040a7f05d9cb17deefefd33b9c068280d7380227255fb,"{""d"":9,""p"":0.000221221629107045,""r"":36}",
    301056,        85,         0,    23.0,chromobius,8aed6d8c2f706482e89a0c183a459bd8da875f207394db81ec285a55edcecda7,"{""d"":9,""p"":0.0002592943797404667,""r"":36}",
   1605203,        43,         0,    53.3,chromobius,ec46974c5dc7b328f0a6ce98a0245e453cfc5fc1397ca70bc722e4c40629cc36,"{""d"":9,""p"":0.00011721022975334806,""r"":36}",
    802602,        26,         0,    28.7,chromobius,ec46974c5dc7b328f0a6ce98a0245e453cfc5fc1397ca70bc722e4c40629cc36,"{""d"":9,""p"":0.00011721022975334806,""r"":36}",
    488448,        10,         0,    15.9,chromobius,ec46974c5dc7b328f0a6ce98a0245e453cfc5fc1397ca70bc722e4c40629cc36,"{""d"":9,""p"":0.00011721022975334806,""r"":36}",
   2866176,        99,         0,   119.7,chromobius,dcdd56350a4c4a353bb0b017122eb75ab81882898e6e2ac63fa45e637ab90167,"{""d"":9,""p"":0.00013738237958832623,""r"":36}",
   1601536,       178,         0,    88.0,chromobius,b9ea9993d0ae6ef4b28fe589141b92f857e08e41be14cc20336d2e39a2289fd6,"{""d"":9,""p"":0.00018873918221350977,""r"":36}",
   2510848,       174,         0,   119.7,chromobius,d6784a8e55c2b965d15999280eb55343c182ce45450501c85be4004d24c87212,"{""d"":9,""p"":0.00016102620275609394,""r"":36}",
    157076,         4,         0,    5.08,chromobius,ec46974c5dc7b328f0a6ce98a0245e453cfc5fc1397ca70bc722e4c40629cc36,"{""d"":9,""p"":0.00011721022975334806,""r"":36}",
    156672,         2,         0,    5.10,chromobius,ec46974c5dc7b328f0a6ce98a0245e453cfc5fc1397ca70bc722e4c40629cc36,"{""d"":9,""p"":0.00011721022975334806,""r"":36}",
       203,         0,         0,   0.011,chromobius,ec46974c5dc7b328f0a6ce98a0245e453cfc5fc1397ca70bc722e4c40629cc36,"{""d"":9,""p"":0.00011721022975334806,""r"":36}",
       202,         0,         0,   0.020,chromobius,ec46974c5dc7b328f0a6ce98a0245e453cfc5fc1397ca70bc722e4c40629cc36,"{""d"":9,""p"":0.00011721022975334806,""r"":36}",
   2141184,       217,         0,   119.8,chromobius,b9ea9993d0ae6ef4b28fe589141b92f857e08e41be14cc20336d2e39a2289fd6,"{""d"":9,""p"":0.00018873918221350977,""r"":36}",
       273,         0,         0,   0.014,chromobius,dcdd56350a4c4a353bb0b017122eb75ab81882898e6e2ac63fa45e637ab90167,"{""d"":9,""p"":0.00013738237958832623,""r"":36}",
       273,         0,         0,   0.016,chromobius,d6784a8e55c2b965d15999280eb55343c182ce45450501c85be4004d24c87212,"{""d"":9,""p"":0.00016102620275609394,""r"":36}",
      1024,         0,         0,   0.042,chromobius,dcdd56350a4c4a353bb0b017122eb75ab81882898e6e2ac63fa45e637ab90167,"{""d"":9,""p"":0.00013738237958832623,""r"":36}",
      1024,         0,         0,   0.050,chromobius,d6784a8e55c2b965d15999280eb55343c182ce45450501c85be4004d24c87212,"{""d"":9,""p"":0.00016102620275609394,""r"":36}",
      1024,         0,         0,   0.039,chromobius,dcdd56350a4c4a353bb0b017122eb75ab81882898e6e2ac63fa45e637ab90167,"{""d"":9,""p"":0.00013738237958832623,""r"":36}",
      1024,         0,         0,   0.051,chromobius,d6784a8e55c2b965d15999280eb55343c182ce45450501c85be4004d24c87212,"{""d"":9,""p"":0.00016102620275609394,""r"":36}",
      1024,         0,         0,   0.038,chromobius,dcdd56350a4c4a353bb0b017122eb75ab81882898e6e2ac63fa45e637ab90167,"{""d"":9,""p"":0.00013738237958832623,""r"":36}",
      1024,         0,         0,   0.050,chromobius,d6784a8e55c2b965d15999280eb55343c182ce45450501c85be4004d24c87212,"{""d"":9,""p"":0.00016102620275609394,""r"":36}",
      2048,         0,         0,   0.075,chromobius,dcdd56350a4c4a353bb0b017122eb75ab81882898e6e2ac63fa45e637ab90167,"{""d"":9,""p"":0.00013738237958832623,""r"":36}",
      1024,         0,         0,   0.051,chromobius,d6784a8e55c2b965d15999280eb55343c182ce45450501c85be4004d24c87212,"{""d"":9,""p"":0.00016102620275609394,""r"":36}",
      2048,         0,         0,   0.083,chromobius,dcdd56350a4c4a353bb0b017122eb75ab81882898e6e2ac63fa45e637ab90167,"{""d"":9,""p"":0.00013738237958832623,""r"":36}",
      2048,         0,         0,   0.104,chromobius,d6784a8e55c2b965d15999280eb55343c182ce45450501c85be4004d24c87212,"{""d"":9,""p"":0.00016102620275609394,""r"":36}",
      2048,         1,         0,   0.083,chromobius,dcdd56350a4c4a353bb0b017122eb75ab81882898e6e2ac63fa45e637ab90167,"{""d"":9,""p"":0.00013738237958832623,""r"":36}",
      2048,         0,         0,   0.107,chromobius,d6784a8e55c2b965d15999280eb55343c182ce45450501c85be4004d24c87212,"{""d"":9,""p"":0.00016102620275609394,""r"":36}",
      3072,         0,         0,   0.121,chromobius,dcdd56350a4c4a353bb0b017122eb75ab81882898e6e2ac63fa45e637ab90167,"{""d"":9,""p"":0.00013738237958832623,""r"":36}",
      3072,         1,         0,   0.143,chromobius,d6784a8e55c2b965d15999280eb55343c182ce45450501c85be4004d24c87212,"{""d"":9,""p"":0.00016102620275609394,""r"":36}",
      4096,         0,         0,   0.154,chromobius,dcdd56350a4c4a353bb0b017122eb75ab81882898e6e2ac63fa45e637ab90167,"{""d"":9,""p"":0.00013738237958832623,""r"":36}",
      4096,         0,         0,   0.182,chromobius,d6784a8e55c2b965d15999280eb55343c182ce45450501c85be4004d24c87212,"{""d"":9,""p"":0.00016102620275609394,""r"":36}",
      6144,         0,         0,   0.236,chromobius,dcdd56350a4c4a353bb0b017122eb75ab81882898e6e2ac63fa45e637ab90167,"{""d"":9,""p"":0.00013738237958832623,""r"":36}",
      5120,         0,         0,   0.243,chromobius,d6784a8e55c2b965d15999280eb55343c182ce45450501c85be4004d24c87212,"{""d"":9,""p"":0.00016102620275609394,""r"":36}",
      8192,         2,         0,   0.313,chromobius,dcdd56350a4c4a353bb0b017122eb75ab81882898e6e2ac63fa45e637ab90167,"{""d"":9,""p"":0.00013738237958832623,""r"":36}",
      7168,         0,         0,   0.322,chromobius,d6784a8e55c2b965d15999280eb55343c182ce45450501c85be4004d24c87212,"{""d"":9,""p"":0.00016102620275609394,""r"":36}",
     11264,         0,         0,   0.418,chromobius,dcdd56350a4c4a353bb0b017122eb75ab81882898e6e2ac63fa45e637ab90167,"{""d"":9,""p"":0.00013738237958832623,""r"":36}",
      8192,         0,         0,   0.410,chromobius,d6784a8e55c2b965d15999280eb55343c182ce45450501c85be4004d24c87212,"{""d"":9,""p"":0.00016102620275609394,""r"":36}",
     15360,         0,         0,   0.572,chromobius,dcdd56350a4c4a353bb0b017122eb75ab81882898e6e2ac63fa45e637ab90167,"{""d"":9,""p"":0.00013738237958832623,""r"":36}",
     12288,         2,         0,   0.591,chromobius,d6784a8e55c2b965d15999280eb55343c182ce45450501c85be4004d24c87212,"{""d"":9,""p"":0.00016102620275609394,""r"":36}",
     21504,         1,         0,   0.792,chromobius,dcdd56350a4c4a353bb0b017122eb75ab81882898e6e2ac63fa45e637ab90167,"{""d"":9,""p"":0.00013738237958832623,""r"":36}",
     17408,         0,         0,   0.810,chromobius,d6784a8e55c2b965d15999280eb55343c182ce45450501c85be4004d24c87212,"{""d"":9,""p"":0.00016102620275609394,""r"":36}",
     29696,         1,         0,    1.11,chromobius,dcdd56350a4c4a353bb0b017122eb75ab81882898e6e2ac63fa45e637ab90167,"{""d"":9,""p"":0.00013738237958832623,""r"":36}",
     23552,         4,         0,    1.12,chromobius,d6784a8e55c2b965d15999280eb55343c182ce45450501c85be4004d24c87212,"{""d"":9,""p"":0.00016102620275609394,""r"":36}",
    478208,        74,         0,    32.1,chromobius,deab0d6f6397f320439040a7f05d9cb17deefefd33b9c068280d7380227255fb,"{""d"":9,""p"":0.000221221629107045,""r"":36}",
    424960,       118,         0,    32.1,chromobius,8aed6d8c2f706482e89a0c183a459bd8da875f207394db81ec285a55edcecda7,"{""d"":9,""p"":0.0002592943797404667,""r"":36}",
     40960,         2,         0,    1.58,chromobius,dcdd56350a4c4a353bb0b017122eb75ab81882898e6e2ac63fa45e637ab90167,"{""d"":9,""p"":0.00013738237958832623,""r"":36}",
     33792,         4,         0,    1.58,chromobius,d6784a8e55c2b965d15999280eb55343c182ce45450501c85be4004d24c87212,"{""d"":9,""p"":0.00016102620275609394,""r"":36}",
   1946624,       311,         0,   119.8,chromobius,deab0d6f6397f320439040a7f05d9cb17deefefd33b9c068280d7380227255fb,"{""d"":9,""p"":0.000221221629107045,""r"":36}",
     57344,         3,         0,    2.21,chromobius,dcdd56350a4c4a353bb0b017122eb75ab81882898e6e2ac63fa45e637ab90167,"{""d"":9,""p"":0.00013738237958832623,""r"":36}",
     45056,         2,         0,    2.17,chromobius,d6784a8e55c2b965d15999280eb55343c182ce45450501c85be4004d24c87212,"{""d"":9,""p"":0.00016102620275609394,""r"":36}",
     76800,         3,         0,    3.04,chromobius,dcdd56350a4c4a353bb0b017122eb75ab81882898e6e2ac63fa45e637ab90167,"{""d"":9,""p"":0.00013738237958832623,""r"":36}",
     63488,         3,         0,    3.09,chromobius,d6784a8e55c2b965d15999280eb55343c182ce45450501c85be4004d24c87212,"{""d"":9,""p"":0.00016102620275609394,""r"":36}",
    110592,         7,         0,    4.29,chromobius,dcdd56350a4c4a353bb0b017122eb75ab81882898e6e2ac63fa45e637ab90167,"{""d"":9,""p"":0.00013738237958832623,""r"":36}",
     91136,         6,         0,    4.30,chromobius,d6784a8e55c2b965d15999280eb55343c182ce45450501c85be4004d24c87212,"{""d"":9,""p"":0.00016102620275609394,""r"":36}",
   1618944,       449,         0,   119.9,chromobius,8aed6d8c2f706482e89a0c183a459bd8da875f207394db81ec285a55edcecda7,"{""d"":9,""p"":0.0002592943797404667,""r"":36}",
    162816,        36,         0,    12.2,chromobius,8aed6d8c2f706482e89a0c183a459bd8da875f207394db81ec285a55edcecda7,"{""d"":9,""p"":0.0002592943797404667,""r"":36}",
      1024,         0,         0,   0.082,chromobius,8aed6d8c2f706482e89a0c183a459bd8da875f207394db81ec285a55edcecda7,"{""d"":9,""p"":0.0002592943797404667,""r"":36}",
       273,         0,         0,   0.017,chromobius,b9ea9993d0ae6ef4b28fe589141b92f857e08e41be14cc20336d2e39a2289fd6,"{""d"":9,""p"":0.00018873918221350977,""r"":36}",
       273,         0,         0,   0.019,chromobius,deab0d6f6397f320439040a7f05d9cb17deefefd33b9c068280d7380227255fb,"{""d"":9,""p"":0.000221221629107045,""r"":36}",
      1024,         0,         0,   0.059,chromobius,b9ea9993d0ae6ef4b28fe589141b92f857e08e41be14cc20336d2e39a2289fd6,"{""d"":9,""p"":0.00018873918221350977,""r"":36}",
      1024,         0,         0,   0.068,chromobius,deab0d6f6397f320439040a7f05d9cb17deefefd33b9c068280d7380227255fb,"{""d"":9,""p"":0.000221221629107045,""r"":36}",
      1024,         0,         0,   0.060,chromobius,b9ea9993d0ae6ef4b28fe589141b92f857e08e41be14cc20336d2e39a2289fd6,"{""d"":9,""p"":0.00018873918221350977,""r"":36}",
      1024,         0,         0,   0.068,chromobius,deab0d6f6397f320439040a7f05d9cb17deefefd33b9c068280d7380227255fb,"{""d"":9,""p"":0.000221221629107045,""r"":36}",
      1024,         0,         0,   0.060,chromobius,b9ea9993d0ae6ef4b28fe589141b92f857e08e41be14cc20336d2e39a2289fd6,"{""d"":9,""p"":0.00018873918221350977,""r"":36}",
      1024,         0,         0,   0.070,chromobius,deab0d6f6397f320439040a7f05d9cb17deefefd33b9c068280d7380227255fb,"{""d"":9,""p"":0.000221221629107045,""r"":36}",
      1024,         0,         0,   0.060,chromobius,b9ea9993d0ae6ef4b28fe589141b92f857e08e41be14cc20336d2e39a2289fd6,"{""d"":9,""p"":0.00018873918221350977,""r"":36}",
      1024,         0,         0,   0.070,chromobius,deab0d6f6397f320439040a7f05d9cb17deefefd33b9c068280d7380227255fb,"{""d"":9,""p"":0.000221221629107045,""r"":36}",
      1024,         0,         0,   0.059,chromobius,b9ea9993d0ae6ef4b28fe589141b92f857e08e41be14cc20336d2e39a2289fd6,"{""d"":9,""p"":0.00018873918221350977,""r"":36}",
      1024,         0,         0,   0.069,chromobius,deab0d6f6397f320439040a7f05d9cb17deefefd33b9c068280d7380227255fb,"{""d"":9,""p"":0.000221221629107045,""r"":36}",
      2048,         0,         0,   0.117,chromobius,b9ea9993d0ae6ef4b28fe589141b92f857e08e41be14cc20336d2e39a2289fd6,"{""d"":9,""p"":0.00018873918221350977,""r"":36}",
      2048,         0,         0,   0.138,chromobius,deab0d6f6397f320439040a7f05d9cb17deefefd33b9c068280d7380227255fb,"{""d"":9,""p"":0.000221221629107045,""r"":36}",
      2048,         0,         0,   0.116,chromobius,b9ea9993d0ae6ef4b28fe589141b92f857e08e41be14cc20336d2e39a2289fd6,"{""d"":9,""p"":0.00018873918221350977,""r"":36}",
      2048,         1,         0,   0.139,chromobius,deab0d6f6397f320439040a7f05d9cb17deefefd33b9c068280d7380227255fb,"{""d"":9,""p"":0.000221221629107045,""r"":36}",
      3072,         0,         0,   0.180,chromobius,b9ea9993d0ae6ef4b28fe589141b92f857e08e41be14cc20336d2e39a2289fd6,"{""d"":9,""p"":0.00018873918221350977,""r"":36}",
      3072,         1,         0,   0.210,chromobius,deab0d6f6397f320439040a7f05d9cb17deefefd33b9c068280d7380227255fb,"{""d"":9,""p"":0.000221221629107045,""r"":36}",
      4096,         1,         0,   0.232,chromobius,b9ea9993d0ae6ef4b28fe589141b92f857e08e41be14cc20336d2e39a2289fd6,"{""d"":9,""p"":0.00018873918221350977,""r"":36}",
      3072,         0,         0,   0.207,chromobius,deab0d6f6397f320439040a7f05d9cb17deefefd33b9c068280d7380227255fb,"{""d"":9,""p"":0.000221221629107045,""r"":36}",
      6144,         0,         0,   0.334,chromobius,b9ea9993d0ae6ef4b28fe589141b92f857e08e41be14cc20336d2e39a2289fd6,"{""d"":9,""p"":0.00018873918221350977,""r"":36}",
      5120,         1,         0,   0.346,chromobius,deab0d6f6397f320439040a7f05d9cb17deefefd33b9c068280d7380227255fb,"{""d"":9,""p"":0.000221221629107045,""r"":36}",
      8192,         1,         0,   0.452,chromobius,b9ea9993d0ae6ef4b28fe589141b92f857e08e41be14cc20336d2e39a2289fd6,"{""d"":9,""p"":0.00018873918221350977,""r"":36}",
      6144,         1,         0,   0.413,chromobius,deab0d6f6397f320439040a7f05d9cb17deefefd33b9c068280d7380227255fb,"{""d"":9,""p"":0.000221221629107045,""r"":36}",
     10240,         0,         0,   0.590,chromobius,b9ea9993d0ae6ef4b28fe589141b92f857e08e41be14cc20336d2e39a2289fd6,"{""d"":9,""p"":0.00018873918221350977,""r"":36}",
      9216,         1,         0,   0.607,chromobius,deab0d6f6397f320439040a7f05d9cb17deefefd33b9c068280d7380227255fb,"{""d"":9,""p"":0.000221221629107045,""r"":36}",
     15360,         1,         0,   0.842,chromobius,b9ea9993d0ae6ef4b28fe589141b92f857e08e41be14cc20336d2e39a2289fd6,"{""d"":9,""p"":0.00018873918221350977,""r"":36}",
     12288,         2,         0,   0.818,chromobius,deab0d6f6397f320439040a7f05d9cb17deefefd33b9c068280d7380227255fb,"{""d"":9,""p"":0.000221221629107045,""r"":36}",
    158720,         3,         0,    5.96,chromobius,dcdd56350a4c4a353bb0b017122eb75ab81882898e6e2ac63fa45e637ab90167,"{""d"":9,""p"":0.00013738237958832623,""r"":36}",
    135168,         8,         0,    5.98,chromobius,d6784a8e55c2b965d15999280eb55343c182ce45450501c85be4004d24c87212,"{""d"":9,""p"":0.00016102620275609394,""r"":36}",
     20480,         3,         0,    1.15,chromobius,b9ea9993d0ae6ef4b28fe589141b92f857e08e41be14cc20336d2e39a2289fd6,"{""d"":9,""p"":0.00018873918221350977,""r"":36}",
     17408,         2,         0,    1.15,chromobius,deab0d6f6397f320439040a7f05d9cb17deefefd33b9c068280d7380227255fb,"{""d"":9,""p"":0.000221221629107045,""r"":36}",
     27648,         3,         0,    1.59,chromobius,b9ea9993d0ae6ef4b28fe589141b92f857e08e41be14cc20336d2e39a2289fd6,"{""d"":9,""p"":0.00018873918221350977,""r"":36}",
     23552,         2,         0,    1.56,chromobius,deab0d6f6397f320439040a7f05d9cb17deefefd33b9c068280d7380227255fb,"{""d"":9,""p"":0.000221221629107045,""r"":36}",
     38912,         4,         0,    2.21,chromobius,b9ea9993d0ae6ef4b28fe589141b92f857e08e41be14cc20336d2e39a2289fd6,"{""d"":9,""p"":0.00018873918221350977,""r"":36}",
     33792,         7,         0,    2.20,chromobius,deab0d6f6397f320439040a7f05d9cb17deefefd33b9c068280d7380227255fb,"{""d"":9,""p"":0.000221221629107045,""r"":36}",
     54272,        10,         0,    3.05,chromobius,b9ea9993d0ae6ef4b28fe589141b92f857e08e41be14cc20336d2e39a2289fd6,"{""d"":9,""p"":0.00018873918221350977,""r"":36}",
     46080,         7,         0,    3.07,chromobius,deab0d6f6397f320439040a7f05d9cb17deefefd33b9c068280d7380227255fb,"{""d"":9,""p"":0.000221221629107045,""r"":36}",
    220160,        11,         0,    8.35,chromobius,dcdd56350a4c4a353bb0b017122eb75ab81882898e6e2ac63fa45e637ab90167,"{""d"":9,""p"":0.00013738237958832623,""r"":36}",
    181248,        17,         0,    8.39,chromobius,d6784a8e55c2b965d15999280eb55343c182ce45450501c85be4004d24c87212,"{""d"":9,""p"":0.00016102620275609394,""r"":36}",
     75776,         4,         0,    4.28,chromobius,b9ea9993d0ae6ef4b28fe589141b92f857e08e41be14cc20336d2e39a2289fd6,"{""d"":9,""p"":0.00018873918221350977,""r"":36}",
     64512,         7,         0,    4.26,chromobius,deab0d6f6397f320439040a7f05d9cb17deefefd33b9c068280d7380227255fb,"{""d"":9,""p"":0.000221221629107045,""r"":36}",
    106496,        12,         0,    5.99,chromobius,b9ea9993d0ae6ef4b28fe589141b92f857e08e41be14cc20336d2e39a2289fd6,"{""d"":9,""p"":0.00018873918221350977,""r"":36}",
     90112,        20,         0,    5.99,chromobius,deab0d6f6397f320439040a7f05d9cb17deefefd33b9c068280d7380227255fb,"{""d"":9,""p"":0.000221221629107045,""r"":36}",
    310272,         8,         0,    11.7,chromobius,dcdd56350a4c4a353bb0b017122eb75ab81882898e6e2ac63fa45e637ab90167,"{""d"":9,""p"":0.00013738237958832623,""r"":36}",
    243712,        15,         0,    11.7,chromobius,d6784a8e55c2b965d15999280eb55343c182ce45450501c85be4004d24c87212,"{""d"":9,""p"":0.00016102620275609394,""r"":36}",
    150528,        23,         0,    8.38,chromobius,b9ea9993d0ae6ef4b28fe589141b92f857e08e41be14cc20336d2e39a2289fd6,"{""d"":9,""p"":0.00018873918221350977,""r"":36}",
    126976,        18,         0,    8.42,chromobius,deab0d6f6397f320439040a7f05d9cb17deefefd33b9c068280d7380227255fb,"{""d"":9,""p"":0.000221221629107045,""r"":36}",
    673792,       113,         0,    45.0,chromobius,deab0d6f6397f320439040a7f05d9cb17deefefd33b9c068280d7380227255fb,"{""d"":9,""p"":0.000221221629107045,""r"":36}",
    436224,        17,         0,    16.4,chromobius,dcdd56350a4c4a353bb0b017122eb75ab81882898e6e2ac63fa45e637ab90167,"{""d"":9,""p"":0.00013738237958832623,""r"":36}",
    351232,        22,         0,    16.4,chromobius,d6784a8e55c2b965d15999280eb55343c182ce45450501c85be4004d24c87212,"{""d"":9,""p"":0.00016102620275609394,""r"":36}",
    218112,        24,         0,    11.7,chromobius,b9ea9993d0ae6ef4b28fe589141b92f857e08e41be14cc20336d2e39a2289fd6,"{""d"":9,""p"":0.00018873918221350977,""r"":36}",
    176128,        22,         0,    11.7,chromobius,deab0d6f6397f320439040a7f05d9cb17deefefd33b9c068280d7380227255fb,"{""d"":9,""p"":0.000221221629107045,""r"":36}",
   3047424,       121,         0,   119.7,chromobius,dcdd56350a4c4a353bb0b017122eb75ab81882898e6e2ac63fa45e637ab90167,"{""d"":9,""p"":0.00013738237958832623,""r"":36}",
    305152,        39,         0,    16.4,chromobius,b9ea9993d0ae6ef4b28fe589141b92f857e08e41be14cc20336d2e39a2289fd6,"{""d"":9,""p"":0.00018873918221350977,""r"":36}",
    245760,        45,         0,    16.4,chromobius,deab0d6f6397f320439040a7f05d9cb17deefefd33b9c068280d7380227255fb,"{""d"":9,""p"":0.000221221629107045,""r"":36}",
   2682880,       160,         0,   119.7,chromobius,d6784a8e55c2b965d15999280eb55343c182ce45450501c85be4004d24c87212,"{""d"":9,""p"":0.00016102620275609394,""r"":36}",
    350069,         8,         0,    13.4,chromobius,dcdd56350a4c4a353bb0b017122eb75ab81882898e6e2ac63fa45e637ab90167,"{""d"":9,""p"":0.00013738237958832623,""r"":36}",
   1975296,        73,         0,    80.9,chromobius,dcdd56350a4c4a353bb0b017122eb75ab81882898e6e2ac63fa45e637ab90167,"{""d"":9,""p"":0.00013738237958832623,""r"":36}",
    606208,        18,         0,    22.9,chromobius,dcdd56350a4c4a353bb0b017122eb75ab81882898e6e2ac63fa45e637ab90167,"{""d"":9,""p"":0.00013738237958832623,""r"":36}",
    479232,        28,         0,    22.9,chromobius,d6784a8e55c2b965d15999280eb55343c182ce45450501c85be4004d24c87212,"{""d"":9,""p"":0.00016102620275609394,""r"":36}",
    441500,        13,         0,    18.1,chromobius,dcdd56350a4c4a353bb0b017122eb75ab81882898e6e2ac63fa45e637ab90167,"{""d"":9,""p"":0.00013738237958832623,""r"":36}",
    352256,        44,         0,    22.9,chromobius,deab0d6f6397f320439040a7f05d9cb17deefefd33b9c068280d7380227255fb,"{""d"":9,""p"":0.000221221629107045,""r"":36}",
    410624,        37,         0,    22.9,chromobius,b9ea9993d0ae6ef4b28fe589141b92f857e08e41be14cc20336d2e39a2289fd6,"{""d"":9,""p"":0.00018873918221350977,""r"":36}",
    750698,        26,         0,    30.4,chromobius,dcdd56350a4c4a353bb0b017122eb75ab81882898e6e2ac63fa45e637ab90167,"{""d"":9,""p"":0.00013738237958832623,""r"":36}",
    681984,        36,         0,    26.4,chromobius,dcdd56350a4c4a353bb0b017122eb75ab81882898e6e2ac63fa45e637ab90167,"{""d"":9,""p"":0.00013738237958832623,""r"":36}",
     68714,         4,         0,    2.86,chromobius,dcdd56350a4c4a353bb0b017122eb75ab81882898e6e2ac63fa45e637ab90167,"{""d"":9,""p"":0.00013738237958832623,""r"":36}",
    393216,        16,         0,    15.2,chromobius,dcdd56350a4c4a353bb0b017122eb75ab81882898e6e2ac63fa45e637ab90167,"{""d"":9,""p"":0.00013738237958832623,""r"":36}",
    119160,         5,         0,    4.52,chromobius,dcdd56350a4c4a353bb0b017122eb75ab81882898e6e2ac63fa45e637ab90167,"{""d"":9,""p"":0.00013738237958832623,""r"":36}",
    955392,       190,         0,    62.9,chromobius,deab0d6f6397f320439040a7f05d9cb17deefefd33b9c068280d7380227255fb,"{""d"":9,""p"":0.000221221629107045,""r"":36}",
    680960,        39,         0,    32.1,chromobius,d6784a8e55c2b965d15999280eb55343c182ce45450501c85be4004d24c87212,"{""d"":9,""p"":0.00016102620275609394,""r"":36}",
     79440,         2,         0,    3.16,chromobius,dcdd56350a4c4a353bb0b017122eb75ab81882898e6e2ac63fa45e637ab90167,"{""d"":9,""p"":0.00013738237958832623,""r"":36}",
     74752,         2,         0,    3.18,chromobius,dcdd56350a4c4a353bb0b017122eb75ab81882898e6e2ac63fa45e637ab90167,"{""d"":9,""p"":0.00013738237958832623,""r"":36}",
      4688,         0,         0,   0.209,chromobius,dcdd56350a4c4a353bb0b017122eb75ab81882898e6e2ac63fa45e637ab90167,"{""d"":9,""p"":0.00013738237958832623,""r"":36}",
     48128,         3,         0,    1.73,chromobius,dcdd56350a4c4a353bb0b017122eb75ab81882898e6e2ac63fa45e637ab90167,"{""d"":9,""p"":0.00013738237958832623,""r"":36}",
     10438,         1,         0,   0.449,chromobius,dcdd56350a4c4a353bb0b017122eb75ab81882898e6e2ac63fa45e637ab90167,"{""d"":9,""p"":0.00013738237958832623,""r"":36}",
      6958,         0,         0,   0.285,chromobius,dcdd56350a4c4a353bb0b017122eb75ab81882898e6e2ac63fa45e637ab90167,"{""d"":9,""p"":0.00013738237958832623,""r"":36}",
      6958,         1,         0,   0.261,chromobius,dcdd56350a4c4a353bb0b017122eb75ab81882898e6e2ac63fa45e637ab90167,"{""d"":9,""p"":0.00013738237958832623,""r"":36}",
      2320,         0,         0,   0.098,chromobius,dcdd56350a4c4a353bb0b017122eb75ab81882898e6e2ac63fa45e637ab90167,"{""d"":9,""p"":0.00013738237958832623,""r"":36}",
      2048,         0,         0,   0.089,chromobius,dcdd56350a4c4a353bb0b017122eb75ab81882898e6e2ac63fa45e637ab90167,"{""d"":9,""p"":0.00013738237958832623,""r"":36}",
      1546,         0,         0,   0.062,chromobius,dcdd56350a4c4a353bb0b017122eb75ab81882898e6e2ac63fa45e637ab90167,"{""d"":9,""p"":0.00013738237958832623,""r"":36}",
       271,         0,         0,   0.012,chromobius,dcdd56350a4c4a353bb0b017122eb75ab81882898e6e2ac63fa45e637ab90167,"{""d"":9,""p"":0.00013738237958832623,""r"":36}",
       773,         0,         0,   0.032,chromobius,dcdd56350a4c4a353bb0b017122eb75ab81882898e6e2ac63fa45e637ab90167,"{""d"":9,""p"":0.00013738237958832623,""r"":36}",
   2470912,       161,         0,   116.5,chromobius,d6784a8e55c2b965d15999280eb55343c182ce45450501c85be4004d24c87212,"{""d"":9,""p"":0.00016102620275609394,""r"":36}",
       273,         0,         0,   0.014,chromobius,d6784a8e55c2b965d15999280eb55343c182ce45450501c85be4004d24c87212,"{""d"":9,""p"":0.00016102620275609394,""r"":36}",
       273,         0,         0,   0.016,chromobius,b9ea9993d0ae6ef4b28fe589141b92f857e08e41be14cc20336d2e39a2289fd6,"{""d"":9,""p"":0.00018873918221350977,""r"":36}",
       273,         0,         0,   0.018,chromobius,deab0d6f6397f320439040a7f05d9cb17deefefd33b9c068280d7380227255fb,"{""d"":9,""p"":0.000221221629107045,""r"":36}",
      1024,         0,         0,   0.052,chromobius,d6784a8e55c2b965d15999280eb55343c182ce45450501c85be4004d24c87212,"{""d"":9,""p"":0.00016102620275609394,""r"":36}",
      1024,         0,         0,   0.053,chromobius,b9ea9993d0ae6ef4b28fe589141b92f857e08e41be14cc20336d2e39a2289fd6,"{""d"":9,""p"":0.00018873918221350977,""r"":36}",
      1024,         1,         0,   0.065,chromobius,deab0d6f6397f320439040a7f05d9cb17deefefd33b9c068280d7380227255fb,"{""d"":9,""p"":0.000221221629107045,""r"":36}",
      1024,         0,         0,   0.048,chromobius,d6784a8e55c2b965d15999280eb55343c182ce45450501c85be4004d24c87212,"{""d"":9,""p"":0.00016102620275609394,""r"":36}",
      1024,         0,         0,   0.056,chromobius,b9ea9993d0ae6ef4b28fe589141b92f857e08e41be14cc20336d2e39a2289fd6,"{""d"":9,""p"":0.00018873918221350977,""r"":36}",
      1024,         0,         0,   0.066,chromobius,deab0d6f6397f320439040a7f05d9cb17deefefd33b9c068280d7380227255fb,"{""d"":9,""p"":0.000221221629107045,""r"":36}",
      1024,         0,         0,   0.049,chromobius,d6784a8e55c2b965d15999280eb55343c182ce45450501c85be4004d24c87212,"{""d"":9,""p"":0.00016102620275609394,""r"":36}",
      1024,         0,         0,   0.055,chromobius,b9ea9993d0ae6ef4b28fe589141b92f857e08e41be14cc20336d2e39a2289fd6,"{""d"":9,""p"":0.00018873918221350977,""r"":36}",
      1024,         1,         0,   0.049,chromobius,d6784a8e55c2b965d15999280eb55343c182ce45450501c85be4004d24c87212,"{""d"":9,""p"":0.00016102620275609394,""r"":36}",
      1024,         0,         0,   0.066,chromobius,deab0d6f6397f320439040a7f05d9cb17deefefd33b9c068280d7380227255fb,"{""d"":9,""p"":0.000221221629107045,""r"":36}",
      1024,         0,         0,   0.057,chromobius,b9ea9993d0ae6ef4b28fe589141b92f857e08e41be14cc20336d2e39a2289fd6,"{""d"":9,""p"":0.00018873918221350977,""r"":36}",
      1024,         0,         0,   0.067,chromobius,deab0d6f6397f320439040a7f05d9cb17deefefd33b9c068280d7380227255fb,"{""d"":9,""p"":0.000221221629107045,""r"":36}",
      1024,         0,         0,   0.057,chromobius,b9ea9993d0ae6ef4b28fe589141b92f857e08e41be14cc20336d2e39a2289fd6,"{""d"":9,""p"":0.00018873918221350977,""r"":36}",
      2048,         0,         0,   0.101,chromobius,d6784a8e55c2b965d15999280eb55343c182ce45450501c85be4004d24c87212,"{""d"":9,""p"":0.00016102620275609394,""r"":36}",
      1024,         0,         0,   0.064,chromobius,deab0d6f6397f320439040a7f05d9cb17deefefd33b9c068280d7380227255fb,"{""d"":9,""p"":0.000221221629107045,""r"":36}",
      2048,         0,         0,   0.090,chromobius,d6784a8e55c2b965d15999280eb55343c182ce45450501c85be4004d24c87212,"{""d"":9,""p"":0.00016102620275609394,""r"":36}",
      2048,         0,         0,   0.111,chromobius,b9ea9993d0ae6ef4b28fe589141b92f857e08e41be14cc20336d2e39a2289fd6,"{""d"":9,""p"":0.00018873918221350977,""r"":36}",
      2048,         0,         0,   0.130,chromobius,deab0d6f6397f320439040a7f05d9cb17deefefd33b9c068280d7380227255fb,"{""d"":9,""p"":0.000221221629107045,""r"":36}",
      2048,         0,         0,   0.111,chromobius,b9ea9993d0ae6ef4b28fe589141b92f857e08e41be14cc20336d2e39a2289fd6,"{""d"":9,""p"":0.00018873918221350977,""r"":36}",
      3072,         0,         0,   0.138,chromobius,d6784a8e55c2b965d15999280eb55343c182ce45450501c85be4004d24c87212,"{""d"":9,""p"":0.00016102620275609394,""r"":36}",
      2048,         0,         0,   0.129,chromobius,deab0d6f6397f320439040a7f05d9cb17deefefd33b9c068280d7380227255fb,"{""d"":9,""p"":0.000221221629107045,""r"":36}",
      3072,         0,         0,   0.164,chromobius,b9ea9993d0ae6ef4b28fe589141b92f857e08e41be14cc20336d2e39a2289fd6,"{""d"":9,""p"":0.00018873918221350977,""r"":36}",
      4096,         0,         0,   0.178,chromobius,d6784a8e55c2b965d15999280eb55343c182ce45450501c85be4004d24c87212,"{""d"":9,""p"":0.00016102620275609394,""r"":36}",
      3072,         0,         0,   0.194,chromobius,deab0d6f6397f320439040a7f05d9cb17deefefd33b9c068280d7380227255fb,"{""d"":9,""p"":0.000221221629107045,""r"":36}",
      4096,         0,         0,   0.221,chromobius,b9ea9993d0ae6ef4b28fe589141b92f857e08e41be14cc20336d2e39a2289fd6,"{""d"":9,""p"":0.00018873918221350977,""r"":36}",
      5120,         0,         0,   0.222,chromobius,d6784a8e55c2b965d15999280eb55343c182ce45450501c85be4004d24c87212,"{""d"":9,""p"":0.00016102620275609394,""r"":36}",
      4096,         1,         0,   0.256,chromobius,deab0d6f6397f320439040a7f05d9cb17deefefd33b9c068280d7380227255fb,"{""d"":9,""p"":0.000221221629107045,""r"":36}",
      6144,         0,         0,   0.330,chromobius,b9ea9993d0ae6ef4b28fe589141b92f857e08e41be14cc20336d2e39a2289fd6,"{""d"":9,""p"":0.00018873918221350977,""r"":36}",
      7168,         0,         0,   0.312,chromobius,d6784a8e55c2b965d15999280eb55343c182ce45450501c85be4004d24c87212,"{""d"":9,""p"":0.00016102620275609394,""r"":36}",
      5120,         1,         0,   0.324,chromobius,deab0d6f6397f320439040a7f05d9cb17deefefd33b9c068280d7380227255fb,"{""d"":9,""p"":0.000221221629107045,""r"":36}",
      9216,         0,         0,   0.404,chromobius,d6784a8e55c2b965d15999280eb55343c182ce45450501c85be4004d24c87212,"{""d"":9,""p"":0.00016102620275609394,""r"":36}",
      8192,         1,         0,   0.438,chromobius,b9ea9993d0ae6ef4b28fe589141b92f857e08e41be14cc20336d2e39a2289fd6,"{""d"":9,""p"":0.00018873918221350977,""r"":36}",
      7168,         0,         0,   0.449,chromobius,deab0d6f6397f320439040a7f05d9cb17deefefd33b9c068280d7380227255fb,"{""d"":9,""p"":0.000221221629107045,""r"":36}",
     13312,         0,         0,   0.605,chromobius,d6784a8e55c2b965d15999280eb55343c182ce45450501c85be4004d24c87212,"{""d"":9,""p"":0.00016102620275609394,""r"":36}",
     11264,         0,         0,   0.599,chromobius,b9ea9993d0ae6ef4b28fe589141b92f857e08e41be14cc20336d2e39a2289fd6,"{""d"":9,""p"":0.00018873918221350977,""r"":36}",
      9216,         0,         0,   0.576,chromobius,deab0d6f6397f320439040a7f05d9cb17deefefd33b9c068280d7380227255fb,"{""d"":9,""p"":0.000221221629107045,""r"":36}",
   2283520,       221,         0,   119.7,chromobius,b9ea9993d0ae6ef4b28fe589141b92f857e08e41be14cc20336d2e39a2289fd6,"{""d"":9,""p"":0.00018873918221350977,""r"":36}",
     18432,         0,         0,   0.811,chromobius,d6784a8e55c2b965d15999280eb55343c182ce45450501c85be4004d24c87212,"{""d"":9,""p"":0.00016102620275609394,""r"":36}",
     15360,         2,         0,   0.831,chromobius,b9ea9993d0ae6ef4b28fe589141b92f857e08e41be14cc20336d2e39a2289fd6,"{""d"":9,""p"":0.00018873918221350977,""r"":36}",
     13312,         3,         0,   0.839,chromobius,deab0d6f6397f320439040a7f05d9cb17deefefd33b9c068280d7380227255fb,"{""d"":9,""p"":0.000221221629107045,""r"":36}",
     24576,         2,         0,    1.12,chromobius,d6784a8e55c2b965d15999280eb55343c182ce45450501c85be4004d24c87212,"{""d"":9,""p"":0.00016102620275609394,""r"":36}",
     21504,         4,         0,    1.16,chromobius,b9ea9993d0ae6ef4b28fe589141b92f857e08e41be14cc20336d2e39a2289fd6,"{""d"":9,""p"":0.00018873918221350977,""r"":36}",
     18432,         5,         0,    1.16,chromobius,deab0d6f6397f320439040a7f05d9cb17deefefd33b9c068280d7380227255fb,"{""d"":9,""p"":0.000221221629107045,""r"":36}",
     35840,         2,         0,    1.59,chromobius,d6784a8e55c2b965d15999280eb55343c182ce45450501c85be4004d24c87212,"{""d"":9,""p"":0.00016102620275609394,""r"":36}",
     29696,         2,         0,    1.59,chromobius,b9ea9993d0ae6ef4b28fe589141b92f857e08e41be14cc20336d2e39a2289fd6,"{""d"":9,""p"":0.00018873918221350977,""r"":36}",
   2146304,       229,         0,   119.8,chromobius,b9ea9993d0ae6ef4b28fe589141b92f857e08e41be14cc20336d2e39a2289fd6,"{""d"":9,""p"":0.00018873918221350977,""r"":36}",
     24576,         7,         0,    1.56,chromobius,deab0d6f6397f320439040a7f05d9cb17deefefd33b9c068280d7380227255fb,"{""d"":9,""p"":0.000221221629107045,""r"":36}",
     49152,         4,         0,    2.19,chromobius,d6784a8e55c2b965d15999280eb55343c182ce45450501c85be4004d24c87212,"{""d"":9,""p"":0.00016102620275609394,""r"":36}",
     39936,         2,         0,    2.18,chromobius,b9ea9993d0ae6ef4b28fe589141b92f857e08e41be14cc20336d2e39a2289fd6,"{""d"":9,""p"":0.00018873918221350977,""r"":36}",
     34816,        10,         0,    2.23,chromobius,deab0d6f6397f320439040a7f05d9cb17deefefd33b9c068280d7380227255fb,"{""d"":9,""p"":0.000221221629107045,""r"":36}",
     67584,         3,         0,    3.05,chromobius,d6784a8e55c2b965d15999280eb55343c182ce45450501c85be4004d24c87212,"{""d"":9,""p"":0.00016102620275609394,""r"":36}",
     57344,         2,         0,    3.09,chromobius,b9ea9993d0ae6ef4b28fe589141b92f857e08e41be14cc20336d2e39a2289fd6,"{""d"":9,""p"":0.00018873918221350977,""r"":36}",
     48128,         8,         0,    3.05,chromobius,deab0d6f6397f320439040a7f05d9cb17deefefd33b9c068280d7380227255fb,"{""d"":9,""p"":0.000221221629107045,""r"":36}",
   1917952,       326,         0,   119.8,chromobius,deab0d6f6397f320439040a7f05d9cb17deefefd33b9c068280d7380227255fb,"{""d"":9,""p"":0.000221221629107045,""r"":36}",
     94208,         8,         0,    4.29,chromobius,d6784a8e55c2b965d15999280eb55343c182ce45450501c85be4004d24c87212,"{""d"":9,""p"":0.00016102620275609394,""r"":36}",
     78848,        14,         0,    4.29,chromobius,b9ea9993d0ae6ef4b28fe589141b92f857e08e41be14cc20336d2e39a2289fd6,"{""d"":9,""p"":0.00018873918221350977,""r"":36}",
     66560,         5,         0,    4.26,chromobius,deab0d6f6397f320439040a7f05d9cb17deefefd33b9c068280d7380227255fb,"{""d"":9,""p"":0.000221221629107045,""r"":36}",
    584704,        65,         0,    32.1,chromobius,b9ea9993d0ae6ef4b28fe589141b92f857e08e41be14cc20336d2e39a2289fd6,"{""d"":9,""p"":0.00018873918221350977,""r"":36}",
    502784,       104,         0,    32.1,chromobius,deab0d6f6397f320439040a7f05d9cb17deefefd33b9c068280d7380227255fb,"{""d"":9,""p"":0.000221221629107045,""r"":36}",
    130048,        12,         0,    6.00,chromobius,d6784a8e55c2b965d15999280eb55343c182ce45450501c85be4004d24c87212,"{""d"":9,""p"":0.00016102620275609394,""r"":36}",
    110592,         8,         0,    6.00,chromobius,b9ea9993d0ae6ef4b28fe589141b92f857e08e41be14cc20336d2e39a2289fd6,"{""d"":9,""p"":0.00018873918221350977,""r"":36}",
     94208,        22,         0,    5.99,chromobius,deab0d6f6397f320439040a7f05d9cb17deefefd33b9c068280d7380227255fb,"{""d"":9,""p"":0.000221221629107045,""r"":36}",
    185344,        14,         0,    8.38,chromobius,d6784a8e55c2b965d15999280eb55343c182ce45450501c85be4004d24c87212,"{""d"":9,""p"":0.00016102620275609394,""r"":36}",
    153600,        21,         0,    8.37,chromobius,b9ea9993d0ae6ef4b28fe589141b92f857e08e41be14cc20336d2e39a2289fd6,"{""d"":9,""p"":0.00018873918221350977,""r"":36}",
    131072,        16,         0,    8.36,chromobius,deab0d6f6397f320439040a7f05d9cb17deefefd33b9c068280d7380227255fb,"{""d"":9,""p"":0.000221221629107045,""r"":36}",
     25034,         2,         0,    1.18,chromobius,d6784a8e55c2b965d15999280eb55343c182ce45450501c85be4004d24c87212,"{""d"":9,""p"":0.00016102620275609394,""r"":36}",
   1527197,        83,         0,    69.1,chromobius,d6784a8e55c2b965d15999280eb55343c182ce45450501c85be4004d24c87212,"{""d"":9,""p"":0.00016102620275609394,""r"":36}",
    215040,        32,         0,    11.7,chromobius,b9ea9993d0ae6ef4b28fe589141b92f857e08e41be14cc20336d2e39a2289fd6,"{""d"":9,""p"":0.00018873918221350977,""r"":36}",
    182272,        23,         0,    11.8,chromobius,deab0d6f6397f320439040a7f05d9cb17deefefd33b9c068280d7380227255fb,"{""d"":9,""p"":0.000221221629107045,""r"":36}",
    929792,        65,         0,    44.9,chromobius,d6784a8e55c2b965d15999280eb55343c182ce45450501c85be4004d24c87212,"{""d"":9,""p"":0.00016102620275609394,""r"":36}",
    345088,        25,         0,    16.3,chromobius,d6784a8e55c2b965d15999280eb55343c182ce45450501c85be4004d24c87212,"{""d"":9,""p"":0.00016102620275609394,""r"":36}",
   1145398,        62,         0,    51.8,chromobius,d6784a8e55c2b965d15999280eb55343c182ce45450501c85be4004d24c87212,"{""d"":9,""p"":0.00016102620275609394,""r"":36}",
    540328,        36,         0,    22.6,chromobius,d6784a8e55c2b965d15999280eb55343c182ce45450501c85be4004d24c87212,"{""d"":9,""p"":0.00016102620275609394,""r"":36}",
    299008,        34,         0,    16.4,chromobius,b9ea9993d0ae6ef4b28fe589141b92f857e08e41be14cc20336d2e39a2289fd6,"{""d"":9,""p"":0.00018873918221350977,""r"":36}",
    254976,        45,         0,    16.4,chromobius,deab0d6f6397f320439040a7f05d9cb17deefefd33b9c068280d7380227255fb,"{""d"":9,""p"":0.000221221629107045,""r"":36}",
    817152,        94,         0,    44.9,chromobius,b9ea9993d0ae6ef4b28fe589141b92f857e08e41be14cc20336d2e39a2289fd6,"{""d"":9,""p"":0.00018873918221350977,""r"":36}",
    703488,       118,         0,    45.0,chromobius,deab0d6f6397f320439040a7f05d9cb17deefefd33b9c068280d7380227255fb,"{""d"":9,""p"":0.000221221629107045,""r"":36}",
    405246,        28,         0,    19.7,chromobius,d6784a8e55c2b965d15999280eb55343c182ce45450501c85be4004d24c87212,"{""d"":9,""p"":0.00016102620275609394,""r"":36}",
    346112,        18,         0,    16.3,chromobius,d6784a8e55c2b965d15999280eb55343c182ce45450501c85be4004d24c87212,"{""d"":9,""p"":0.00016102620275609394,""r"":36}",
    303935,        24,         0,    13.6,chromobius,d6784a8e55c2b965d15999280eb55343c182ce45450501c85be4004d24c87212,"{""d"":9,""p"":0.00016102620275609394,""r"":36}",
    267264,        18,         0,    11.6,chromobius,d6784a8e55c2b965d15999280eb55343c182ce45450501c85be4004d24c87212,"{""d"":9,""p"":0.00016102620275609394,""r"":36}",
     59134,         3,         0,    2.75,chromobius,d6784a8e55c2b965d15999280eb55343c182ce45450501c85be4004d24c87212,"{""d"":9,""p"":0.00016102620275609394,""r"":36}",
     59823,         1,         0,    2.88,chromobius,d6784a8e55c2b965d15999280eb55343c182ce45450501c85be4004d24c87212,"{""d"":9,""p"":0.00016102620275609394,""r"":36}",
     44868,         4,         0,    1.99,chromobius,d6784a8e55c2b965d15999280eb55343c182ce45450501c85be4004d24c87212,"{""d"":9,""p"":0.00016102620275609394,""r"":36}",
     43008,         1,         0,    2.06,chromobius,d6784a8e55c2b965d15999280eb55343c182ce45450501c85be4004d24c87212,"{""d"":9,""p"":0.00016102620275609394,""r"":36}",
     11217,         0,         0,   0.477,chromobius,d6784a8e55c2b965d15999280eb55343c182ce45450501c85be4004d24c87212,"{""d"":9,""p"":0.00016102620275609394,""r"":36}",
     31744,         4,         0,    1.49,chromobius,d6784a8e55c2b965d15999280eb55343c182ce45450501c85be4004d24c87212,"{""d"":9,""p"":0.00016102620275609394,""r"":36}",
     29696,         3,         0,    1.41,chromobius,d6784a8e55c2b965d15999280eb55343c182ce45450501c85be4004d24c87212,"{""d"":9,""p"":0.00016102620275609394,""r"":36}",
       916,         0,         0,   0.046,chromobius,d6784a8e55c2b965d15999280eb55343c182ce45450501c85be4004d24c87212,"{""d"":9,""p"":0.00016102620275609394,""r"":36}",
      1907,         0,         0,   0.085,chromobius,d6784a8e55c2b965d15999280eb55343c182ce45450501c85be4004d24c87212,"{""d"":9,""p"":0.00016102620275609394,""r"":36}",
     12158,         2,         0,   0.586,chromobius,d6784a8e55c2b965d15999280eb55343c182ce45450501c85be4004d24c87212,"{""d"":9,""p"":0.00016102620275609394,""r"":36}",
      2048,         0,         0,   0.098,chromobius,d6784a8e55c2b965d15999280eb55343c182ce45450501c85be4004d24c87212,"{""d"":9,""p"":0.00016102620275609394,""r"":36}",
       477,         0,         0,   0.029,chromobius,d6784a8e55c2b965d15999280eb55343c182ce45450501c85be4004d24c87212,"{""d"":9,""p"":0.00016102620275609394,""r"":36}",
       476,         0,         0,   0.027,chromobius,d6784a8e55c2b965d15999280eb55343c182ce45450501c85be4004d24c87212,"{""d"":9,""p"":0.00016102620275609394,""r"":36}",
       477,         0,         0,   0.027,chromobius,d6784a8e55c2b965d15999280eb55343c182ce45450501c85be4004d24c87212,"{""d"":9,""p"":0.00016102620275609394,""r"":36}",
       477,         0,         0,   0.028,chromobius,d6784a8e55c2b965d15999280eb55343c182ce45450501c85be4004d24c87212,"{""d"":9,""p"":0.00016102620275609394,""r"":36}",
       273,         0,         0,   0.019,chromobius,deab0d6f6397f320439040a7f05d9cb17deefefd33b9c068280d7380227255fb,"{""d"":9,""p"":0.000221221629107045,""r"":36}",
       273,         0,         0,   0.021,chromobius,deab0d6f6397f320439040a7f05d9cb17deefefd33b9c068280d7380227255fb,"{""d"":9,""p"":0.000221221629107045,""r"":36}",
       273,         0,         0,   0.018,chromobius,b9ea9993d0ae6ef4b28fe589141b92f857e08e41be14cc20336d2e39a2289fd6,"{""d"":9,""p"":0.00018873918221350977,""r"":36}",
       273,         0,         0,   0.021,chromobius,b9ea9993d0ae6ef4b28fe589141b92f857e08e41be14cc20336d2e39a2289fd6,"{""d"":9,""p"":0.00018873918221350977,""r"":36}",
      1024,         0,         0,   0.063,chromobius,deab0d6f6397f320439040a7f05d9cb17deefefd33b9c068280d7380227255fb,"{""d"":9,""p"":0.000221221629107045,""r"":36}",
      1024,         1,         0,   0.064,chromobius,deab0d6f6397f320439040a7f05d9cb17deefefd33b9c068280d7380227255fb,"{""d"":9,""p"":0.000221221629107045,""r"":36}",
      1024,         0,         0,   0.058,chromobius,b9ea9993d0ae6ef4b28fe589141b92f857e08e41be14cc20336d2e39a2289fd6,"{""d"":9,""p"":0.00018873918221350977,""r"":36}",
      1024,         0,         0,   0.061,chromobius,b9ea9993d0ae6ef4b28fe589141b92f857e08e41be14cc20336d2e39a2289fd6,"{""d"":9,""p"":0.00018873918221350977,""r"":36}",
      1024,         0,         0,   0.055,chromobius,b9ea9993d0ae6ef4b28fe589141b92f857e08e41be14cc20336d2e39a2289fd6,"{""d"":9,""p"":0.00018873918221350977,""r"":36}",
      1024,         0,         0,   0.061,chromobius,deab0d6f6397f320439040a7f05d9cb17deefefd33b9c068280d7380227255fb,"{""d"":9,""p"":0.000221221629107045,""r"":36}",
      1024,         0,         0,   0.065,chromobius,deab0d6f6397f320439040a7f05d9cb17deefefd33b9c068280d7380227255fb,"{""d"":9,""p"":0.000221221629107045,""r"":36}",
      1024,         0,         0,   0.055,chromobius,b9ea9993d0ae6ef4b28fe589141b92f857e08e41be14cc20336d2e39a2289fd6,"{""d"":9,""p"":0.00018873918221350977,""r"":36}",
      1024,         0,         0,   0.057,chromobius,b9ea9993d0ae6ef4b28fe589141b92f857e08e41be14cc20336d2e39a2289fd6,"{""d"":9,""p"":0.00018873918221350977,""r"":36}",
      1024,         0,         0,   0.063,chromobius,deab0d6f6397f320439040a7f05d9cb17deefefd33b9c068280d7380227255fb,"{""d"":9,""p"":0.000221221629107045,""r"":36}",
      1024,         0,         0,   0.056,chromobius,b9ea9993d0ae6ef4b28fe589141b92f857e08e41be14cc20336d2e39a2289fd6,"{""d"":9,""p"":0.00018873918221350977,""r"":36}",
      1024,         1,         0,   0.065,chromobius,deab0d6f6397f320439040a7f05d9cb17deefefd33b9c068280d7380227255fb,"{""d"":9,""p"":0.000221221629107045,""r"":36}",
      1024,         0,         0,   0.052,chromobius,b9ea9993d0ae6ef4b28fe589141b92f857e08e41be14cc20336d2e39a2289fd6,"{""d"":9,""p"":0.00018873918221350977,""r"":36}",
      1024,         0,         0,   0.056,chromobius,b9ea9993d0ae6ef4b28fe589141b92f857e08e41be14cc20336d2e39a2289fd6,"{""d"":9,""p"":0.00018873918221350977,""r"":36}",
      1024,         0,         0,   0.063,chromobius,deab0d6f6397f320439040a7f05d9cb17deefefd33b9c068280d7380227255fb,"{""d"":9,""p"":0.000221221629107045,""r"":36}",
      1024,         0,         0,   0.067,chromobius,deab0d6f6397f320439040a7f05d9cb17deefefd33b9c068280d7380227255fb,"{""d"":9,""p"":0.000221221629107045,""r"":36}",
      1024,         0,         0,   0.056,chromobius,b9ea9993d0ae6ef4b28fe589141b92f857e08e41be14cc20336d2e39a2289fd6,"{""d"":9,""p"":0.00018873918221350977,""r"":36}",
      1024,         0,         0,   0.062,chromobius,deab0d6f6397f320439040a7f05d9cb17deefefd33b9c068280d7380227255fb,"{""d"":9,""p"":0.000221221629107045,""r"":36}",
      1024,         1,         0,   0.067,chromobius,deab0d6f6397f320439040a7f05d9cb17deefefd33b9c068280d7380227255fb,"{""d"":9,""p"":0.000221221629107045,""r"":36}",
      2048,         0,         0,   0.104,chromobius,b9ea9993d0ae6ef4b28fe589141b92f857e08e41be14cc20336d2e39a2289fd6,"{""d"":9,""p"":0.00018873918221350977,""r"":36}",
      2048,         0,         0,   0.116,chromobius,b9ea9993d0ae6ef4b28fe589141b92f857e08e41be14cc20336d2e39a2289fd6,"{""d"":9,""p"":0.00018873918221350977,""r"":36}",
      2048,         0,         0,   0.122,chromobius,deab0d6f6397f320439040a7f05d9cb17deefefd33b9c068280d7380227255fb,"{""d"":9,""p"":0.000221221629107045,""r"":36}",
      2048,         0,         0,   0.106,chromobius,b9ea9993d0ae6ef4b28fe589141b92f857e08e41be14cc20336d2e39a2289fd6,"{""d"":9,""p"":0.00018873918221350977,""r"":36}",
      2048,         2,         0,   0.133,chromobius,deab0d6f6397f320439040a7f05d9cb17deefefd33b9c068280d7380227255fb,"{""d"":9,""p"":0.000221221629107045,""r"":36}",
      2048,         0,         0,   0.115,chromobius,b9ea9993d0ae6ef4b28fe589141b92f857e08e41be14cc20336d2e39a2289fd6,"{""d"":9,""p"":0.00018873918221350977,""r"":36}",
      2048,         0,         0,   0.106,chromobius,b9ea9993d0ae6ef4b28fe589141b92f857e08e41be14cc20336d2e39a2289fd6,"{""d"":9,""p"":0.00018873918221350977,""r"":36}",
      2048,         1,         0,   0.125,chromobius,deab0d6f6397f320439040a7f05d9cb17deefefd33b9c068280d7380227255fb,"{""d"":9,""p"":0.000221221629107045,""r"":36}",
      2048,         0,         0,   0.133,chromobius,deab0d6f6397f320439040a7f05d9cb17deefefd33b9c068280d7380227255fb,"{""d"":9,""p"":0.000221221629107045,""r"":36}",
      3072,         0,         0,   0.170,chromobius,b9ea9993d0ae6ef4b28fe589141b92f857e08e41be14cc20336d2e39a2289fd6,"{""d"":9,""p"":0.00018873918221350977,""r"":36}",
      3072,         1,         0,   0.157,chromobius,b9ea9993d0ae6ef4b28fe589141b92f857e08e41be14cc20336d2e39a2289fd6,"{""d"":9,""p"":0.00018873918221350977,""r"":36}",
      3072,         0,         0,   0.184,chromobius,deab0d6f6397f320439040a7f05d9cb17deefefd33b9c068280d7380227255fb,"{""d"":9,""p"":0.000221221629107045,""r"":36}",
      3072,         0,         0,   0.200,chromobius,deab0d6f6397f320439040a7f05d9cb17deefefd33b9c068280d7380227255fb,"{""d"":9,""p"":0.000221221629107045,""r"":36}",
      4096,         0,         0,   0.209,chromobius,b9ea9993d0ae6ef4b28fe589141b92f857e08e41be14cc20336d2e39a2289fd6,"{""d"":9,""p"":0.00018873918221350977,""r"":36}",
      4096,         0,         0,   0.224,chromobius,b9ea9993d0ae6ef4b28fe589141b92f857e08e41be14cc20336d2e39a2289fd6,"{""d"":9,""p"":0.00018873918221350977,""r"":36}",
      4096,         0,         0,   0.247,chromobius,deab0d6f6397f320439040a7f05d9cb17deefefd33b9c068280d7380227255fb,"{""d"":9,""p"":0.000221221629107045,""r"":36}",
      4096,         0,         0,   0.268,chromobius,deab0d6f6397f320439040a7f05d9cb17deefefd33b9c068280d7380227255fb,"{""d"":9,""p"":0.000221221629107045,""r"":36}",
      6144,         1,         0,   0.315,chromobius,b9ea9993d0ae6ef4b28fe589141b92f857e08e41be14cc20336d2e39a2289fd6,"{""d"":9,""p"":0.00018873918221350977,""r"":36}",
      6144,         0,         0,   0.334,chromobius,b9ea9993d0ae6ef4b28fe589141b92f857e08e41be14cc20336d2e39a2289fd6,"{""d"":9,""p"":0.00018873918221350977,""r"":36}",
      5120,         0,         0,   0.306,chromobius,deab0d6f6397f320439040a7f05d9cb17deefefd33b9c068280d7380227255fb,"{""d"":9,""p"":0.000221221629107045,""r"":36}",
      5120,         1,         0,   0.344,chromobius,deab0d6f6397f320439040a7f05d9cb17deefefd33b9c068280d7380227255fb,"{""d"":9,""p"":0.000221221629107045,""r"":36}",
      8192,         0,         0,   0.453,chromobius,b9ea9993d0ae6ef4b28fe589141b92f857e08e41be14cc20336d2e39a2289fd6,"{""d"":9,""p"":0.00018873918221350977,""r"":36}",
      8192,         2,         0,   0.457,chromobius,b9ea9993d0ae6ef4b28fe589141b92f857e08e41be14cc20336d2e39a2289fd6,"{""d"":9,""p"":0.00018873918221350977,""r"":36}",
      7168,         3,         0,   0.435,chromobius,deab0d6f6397f320439040a7f05d9cb17deefefd33b9c068280d7380227255fb,"{""d"":9,""p"":0.000221221629107045,""r"":36}",
      7168,         1,         0,   0.435,chromobius,deab0d6f6397f320439040a7f05d9cb17deefefd33b9c068280d7380227255fb,"{""d"":9,""p"":0.000221221629107045,""r"":36}",
     10240,         0,         0,   0.566,chromobius,b9ea9993d0ae6ef4b28fe589141b92f857e08e41be14cc20336d2e39a2289fd6,"{""d"":9,""p"":0.00018873918221350977,""r"":36}",
     10240,         2,         0,   0.568,chromobius,b9ea9993d0ae6ef4b28fe589141b92f857e08e41be14cc20336d2e39a2289fd6,"{""d"":9,""p"":0.00018873918221350977,""r"":36}",
     10240,         1,         0,   0.615,chromobius,deab0d6f6397f320439040a7f05d9cb17deefefd33b9c068280d7380227255fb,"{""d"":9,""p"":0.000221221629107045,""r"":36}",
     10240,         2,         0,   0.626,chromobius,deab0d6f6397f320439040a7f05d9cb17deefefd33b9c068280d7380227255fb,"{""d"":9,""p"":0.000221221629107045,""r"":36}",
     15360,         3,         0,   0.806,chromobius,b9ea9993d0ae6ef4b28fe589141b92f857e08e41be14cc20336d2e39a2289fd6,"{""d"":9,""p"":0.00018873918221350977,""r"":36}",
     15360,         0,         0,   0.835,chromobius,b9ea9993d0ae6ef4b28fe589141b92f857e08e41be14cc20336d2e39a2289fd6,"{""d"":9,""p"":0.00018873918221350977,""r"":36}",
     13312,         1,         0,   0.801,chromobius,deab0d6f6397f320439040a7f05d9cb17deefefd33b9c068280d7380227255fb,"{""d"":9,""p"":0.000221221629107045,""r"":36}",
     13312,         2,         0,   0.841,chromobius,deab0d6f6397f320439040a7f05d9cb17deefefd33b9c068280d7380227255fb,"{""d"":9,""p"":0.000221221629107045,""r"":36}",
     21504,         0,         0,    1.12,chromobius,b9ea9993d0ae6ef4b28fe589141b92f857e08e41be14cc20336d2e39a2289fd6,"{""d"":9,""p"":0.00018873918221350977,""r"":36}",
     20480,         2,         0,    1.12,chromobius,b9ea9993d0ae6ef4b28fe589141b92f857e08e41be14cc20336d2e39a2289fd6,"{""d"":9,""p"":0.00018873918221350977,""r"":36}",
     18432,         4,         0,    1.11,chromobius,deab0d6f6397f320439040a7f05d9cb17deefefd33b9c068280d7380227255fb,"{""d"":9,""p"":0.000221221629107045,""r"":36}",
     18432,         7,         0,    1.12,chromobius,deab0d6f6397f320439040a7f05d9cb17deefefd33b9c068280d7380227255fb,"{""d"":9,""p"":0.000221221629107045,""r"":36}",
     29696,         3,         0,    1.57,chromobius,b9ea9993d0ae6ef4b28fe589141b92f857e08e41be14cc20336d2e39a2289fd6,"{""d"":9,""p"":0.00018873918221350977,""r"":36}",
     25600,         5,         0,    1.56,chromobius,deab0d6f6397f320439040a7f05d9cb17deefefd33b9c068280d7380227255fb,"{""d"":9,""p"":0.000221221629107045,""r"":36}",
     28672,         6,         0,    1.57,chromobius,b9ea9993d0ae6ef4b28fe589141b92f857e08e41be14cc20336d2e39a2289fd6,"{""d"":9,""p"":0.00018873918221350977,""r"":36}",
     25600,         8,         0,    1.55,chromobius,deab0d6f6397f320439040a7f05d9cb17deefefd33b9c068280d7380227255fb,"{""d"":9,""p"":0.000221221629107045,""r"":36}",
     40960,         5,         0,    2.22,chromobius,b9ea9993d0ae6ef4b28fe589141b92f857e08e41be14cc20336d2e39a2289fd6,"{""d"":9,""p"":0.00018873918221350977,""r"":36}",
     40960,         7,         0,    2.22,chromobius,b9ea9993d0ae6ef4b28fe589141b92f857e08e41be14cc20336d2e39a2289fd6,"{""d"":9,""p"":0.00018873918221350977,""r"":36}",
     36864,         6,         0,    2.23,chromobius,deab0d6f6397f320439040a7f05d9cb17deefefd33b9c068280d7380227255fb,"{""d"":9,""p"":0.000221221629107045,""r"":36}",
     34816,         4,         0,    2.19,chromobius,deab0d6f6397f320439040a7f05d9cb17deefefd33b9c068280d7380227255fb,"{""d"":9,""p"":0.000221221629107045,""r"":36}",
     60416,         8,         0,    3.09,chromobius,b9ea9993d0ae6ef4b28fe589141b92f857e08e41be14cc20336d2e39a2289fd6,"{""d"":9,""p"":0.00018873918221350977,""r"":36}",
     50176,        12,         0,    3.05,chromobius,deab0d6f6397f320439040a7f05d9cb17deefefd33b9c068280d7380227255fb,"{""d"":9,""p"":0.000221221629107045,""r"":36}",
     56320,         5,         0,    3.08,chromobius,b9ea9993d0ae6ef4b28fe589141b92f857e08e41be14cc20336d2e39a2289fd6,"{""d"":9,""p"":0.00018873918221350977,""r"":36}",
     47104,        10,         0,    3.05,chromobius,deab0d6f6397f320439040a7f05d9cb17deefefd33b9c068280d7380227255fb,"{""d"":9,""p"":0.000221221629107045,""r"":36}",
    439296,        55,         0,    22.9,chromobius,b9ea9993d0ae6ef4b28fe589141b92f857e08e41be14cc20336d2e39a2289fd6,"{""d"":9,""p"":0.00018873918221350977,""r"":36}",
    361472,        73,         0,    22.9,chromobius,deab0d6f6397f320439040a7f05d9cb17deefefd33b9c068280d7380227255fb,"{""d"":9,""p"":0.000221221629107045,""r"":36}",
     79872,         9,         0,    4.30,chromobius,b9ea9993d0ae6ef4b28fe589141b92f857e08e41be14cc20336d2e39a2289fd6,"{""d"":9,""p"":0.00018873918221350977,""r"":36}",
     70656,         9,         0,    4.29,chromobius,deab0d6f6397f320439040a7f05d9cb17deefefd33b9c068280d7380227255fb,"{""d"":9,""p"":0.000221221629107045,""r"":36}",
     78848,         5,         0,    4.31,chromobius,b9ea9993d0ae6ef4b28fe589141b92f857e08e41be14cc20336d2e39a2289fd6,"{""d"":9,""p"":0.00018873918221350977,""r"":36}",
     69632,        19,         0,    4.32,chromobius,deab0d6f6397f320439040a7f05d9cb17deefefd33b9c068280d7380227255fb,"{""d"":9,""p"":0.000221221629107045,""r"":36}",
   1379328,       271,         0,    88.0,chromobius,deab0d6f6397f320439040a7f05d9cb17deefefd33b9c068280d7380227255fb,"{""d"":9,""p"":0.000221221629107045,""r"":36}",
    390144,        74,         0,    25.3,chromobius,deab0d6f6397f320439040a7f05d9cb17deefefd33b9c068280d7380227255fb,"{""d"":9,""p"":0.000221221629107045,""r"":36}",
     44032,         9,         0,    2.84,chromobius,deab0d6f6397f320439040a7f05d9cb17deefefd33b9c068280d7380227255fb,"{""d"":9,""p"":0.000221221629107045,""r"":36}",
     49152,         4,         0,    2.99,chromobius,deab0d6f6397f320439040a7f05d9cb17deefefd33b9c068280d7380227255fb,"{""d"":9,""p"":0.000221221629107045,""r"":36}",
     90112,        21,         0,    5.73,chromobius,deab0d6f6397f320439040a7f05d9cb17deefefd33b9c068280d7380227255fb,"{""d"":9,""p"":0.000221221629107045,""r"":36}",
   1195008,       228,         0,    74.3,chromobius,deab0d6f6397f320439040a7f05d9cb17deefefd33b9c068280d7380227255fb,"{""d"":9,""p"":0.000221221629107045,""r"":36}",
      1024,         0,         0,   0.068,chromobius,deab0d6f6397f320439040a7f05d9cb17deefefd33b9c068280d7380227255fb,"{""d"":9,""p"":0.000221221629107045,""r"":36}",
   1586176,       153,         0,    84.3,chromobius,b9ea9993d0ae6ef4b28fe589141b92f857e08e41be14cc20336d2e39a2289fd6,"{""d"":9,""p"":0.00018873918221350977,""r"":36}",
   1456128,       141,         0,    80.9,chromobius,b9ea9993d0ae6ef4b28fe589141b92f857e08e41be14cc20336d2e39a2289fd6,"{""d"":9,""p"":0.00018873918221350977,""r"":36}",
       273,         0,         0,   0.017,chromobius,b9ea9993d0ae6ef4b28fe589141b92f857e08e41be14cc20336d2e39a2289fd6,"{""d"":9,""p"":0.00018873918221350977,""r"":36}",
       273,         0,         0,   0.017,chromobius,b9ea9993d0ae6ef4b28fe589141b92f857e08e41be14cc20336d2e39a2289fd6,"{""d"":9,""p"":0.00018873918221350977,""r"":36}",
       273,         0,         0,   0.017,chromobius,b9ea9993d0ae6ef4b28fe589141b92f857e08e41be14cc20336d2e39a2289fd6,"{""d"":9,""p"":0.00018873918221350977,""r"":36}",
       273,         0,         0,   0.016,chromobius,b9ea9993d0ae6ef4b28fe589141b92f857e08e41be14cc20336d2e39a2289fd6,"{""d"":9,""p"":0.00018873918221350977,""r"":36}",
       273,         0,         0,   0.017,chromobius,b9ea9993d0ae6ef4b28fe589141b92f857e08e41be14cc20336d2e39a2289fd6,"{""d"":9,""p"":0.00018873918221350977,""r"":36}",
       273,         0,         0,   0.016,chromobius,b9ea9993d0ae6ef4b28fe589141b92f857e08e41be14cc20336d2e39a2289fd6,"{""d"":9,""p"":0.00018873918221350977,""r"":36}",
      1024,         0,         0,   0.049,chromobius,b9ea9993d0ae6ef4b28fe589141b92f857e08e41be14cc20336d2e39a2289fd6,"{""d"":9,""p"":0.00018873918221350977,""r"":36}",
      1024,         0,         0,   0.051,chromobius,b9ea9993d0ae6ef4b28fe589141b92f857e08e41be14cc20336d2e39a2289fd6,"{""d"":9,""p"":0.00018873918221350977,""r"":36}",
      1024,         1,         0,   0.052,chromobius,b9ea9993d0ae6ef4b28fe589141b92f857e08e41be14cc20336d2e39a2289fd6,"{""d"":9,""p"":0.00018873918221350977,""r"":36}",
      1024,         0,         0,   0.056,chromobius,b9ea9993d0ae6ef4b28fe589141b92f857e08e41be14cc20336d2e39a2289fd6,"{""d"":9,""p"":0.00018873918221350977,""r"":36}",
      1024,         0,         0,   0.061,chromobius,b9ea9993d0ae6ef4b28fe589141b92f857e08e41be14cc20336d2e39a2289fd6,"{""d"":9,""p"":0.00018873918221350977,""r"":36}",
      1024,         0,         0,   0.050,chromobius,b9ea9993d0ae6ef4b28fe589141b92f857e08e41be14cc20336d2e39a2289fd6,"{""d"":9,""p"":0.00018873918221350977,""r"":36}",
      1024,         0,         0,   0.048,chromobius,b9ea9993d0ae6ef4b28fe589141b92f857e08e41be14cc20336d2e39a2289fd6,"{""d"":9,""p"":0.00018873918221350977,""r"":36}",
      1024,         0,         0,   0.047,chromobius,b9ea9993d0ae6ef4b28fe589141b92f857e08e41be14cc20336d2e39a2289fd6,"{""d"":9,""p"":0.00018873918221350977,""r"":36}",
      1024,         0,         0,   0.053,chromobius,b9ea9993d0ae6ef4b28fe589141b92f857e08e41be14cc20336d2e39a2289fd6,"{""d"":9,""p"":0.00018873918221350977,""r"":36}",
      1024,         0,         0,   0.058,chromobius,b9ea9993d0ae6ef4b28fe589141b92f857e08e41be14cc20336d2e39a2289fd6,"{""d"":9,""p"":0.00018873918221350977,""r"":36}",
      1024,         0,         0,   0.058,chromobius,b9ea9993d0ae6ef4b28fe589141b92f857e08e41be14cc20336d2e39a2289fd6,"{""d"":9,""p"":0.00018873918221350977,""r"":36}",
      1024,         0,         0,   0.060,chromobius,b9ea9993d0ae6ef4b28fe589141b92f857e08e41be14cc20336d2e39a2289fd6,"{""d"":9,""p"":0.00018873918221350977,""r"":36}",
      1024,         0,         0,   0.050,chromobius,b9ea9993d0ae6ef4b28fe589141b92f857e08e41be14cc20336d2e39a2289fd6,"{""d"":9,""p"":0.00018873918221350977,""r"":36}",
      1024,         0,         0,   0.049,chromobius,b9ea9993d0ae6ef4b28fe589141b92f857e08e41be14cc20336d2e39a2289fd6,"{""d"":9,""p"":0.00018873918221350977,""r"":36}",
      1024,         0,         0,   0.055,chromobius,b9ea9993d0ae6ef4b28fe589141b92f857e08e41be14cc20336d2e39a2289fd6,"{""d"":9,""p"":0.00018873918221350977,""r"":36}",
      1024,         0,         0,   0.052,chromobius,b9ea9993d0ae6ef4b28fe589141b92f857e08e41be14cc20336d2e39a2289fd6,"{""d"":9,""p"":0.00018873918221350977,""r"":36}",
      1024,         0,         0,   0.054,chromobius,b9ea9993d0ae6ef4b28fe589141b92f857e08e41be14cc20336d2e39a2289fd6,"{""d"":9,""p"":0.00018873918221350977,""r"":36}",
      1024,         0,         0,   0.058,chromobius,b9ea9993d0ae6ef4b28fe589141b92f857e08e41be14cc20336d2e39a2289fd6,"{""d"":9,""p"":0.00018873918221350977,""r"":36}",
      1024,         0,         0,   0.049,chromobius,b9ea9993d0ae6ef4b28fe589141b92f857e08e41be14cc20336d2e39a2289fd6,"{""d"":9,""p"":0.00018873918221350977,""r"":36}",
      1024,         0,         0,   0.049,chromobius,b9ea9993d0ae6ef4b28fe589141b92f857e08e41be14cc20336d2e39a2289fd6,"{""d"":9,""p"":0.00018873918221350977,""r"":36}",
      1024,         0,         0,   0.052,chromobius,b9ea9993d0ae6ef4b28fe589141b92f857e08e41be14cc20336d2e39a2289fd6,"{""d"":9,""p"":0.00018873918221350977,""r"":36}",
      1024,         0,         0,   0.053,chromobius,b9ea9993d0ae6ef4b28fe589141b92f857e08e41be14cc20336d2e39a2289fd6,"{""d"":9,""p"":0.00018873918221350977,""r"":36}",
      1024,         0,         0,   0.055,chromobius,b9ea9993d0ae6ef4b28fe589141b92f857e08e41be14cc20336d2e39a2289fd6,"{""d"":9,""p"":0.00018873918221350977,""r"":36}",
      1024,         0,         0,   0.059,chromobius,b9ea9993d0ae6ef4b28fe589141b92f857e08e41be14cc20336d2e39a2289fd6,"{""d"":9,""p"":0.00018873918221350977,""r"":36}",
      1024,         1,         0,   0.057,chromobius,b9ea9993d0ae6ef4b28fe589141b92f857e08e41be14cc20336d2e39a2289fd6,"{""d"":9,""p"":0.00018873918221350977,""r"":36}",
      2048,         0,         0,   0.100,chromobius,b9ea9993d0ae6ef4b28fe589141b92f857e08e41be14cc20336d2e39a2289fd6,"{""d"":9,""p"":0.00018873918221350977,""r"":36}",
      1024,         0,         0,   0.060,chromobius,b9ea9993d0ae6ef4b28fe589141b92f857e08e41be14cc20336d2e39a2289fd6,"{""d"":9,""p"":0.00018873918221350977,""r"":36}",
      2048,         0,         0,   0.100,chromobius,b9ea9993d0ae6ef4b28fe589141b92f857e08e41be14cc20336d2e39a2289fd6,"{""d"":9,""p"":0.00018873918221350977,""r"":36}",
      2048,         0,         0,   0.109,chromobius,b9ea9993d0ae6ef4b28fe589141b92f857e08e41be14cc20336d2e39a2289fd6,"{""d"":9,""p"":0.00018873918221350977,""r"":36}",
      2048,         0,         0,   0.111,chromobius,b9ea9993d0ae6ef4b28fe589141b92f857e08e41be14cc20336d2e39a2289fd6,"{""d"":9,""p"":0.00018873918221350977,""r"":36}",
      2048,         1,         0,   0.098,chromobius,b9ea9993d0ae6ef4b28fe589141b92f857e08e41be14cc20336d2e39a2289fd6,"{""d"":9,""p"":0.00018873918221350977,""r"":36}",
      2048,         0,         0,   0.110,chromobius,b9ea9993d0ae6ef4b28fe589141b92f857e08e41be14cc20336d2e39a2289fd6,"{""d"":9,""p"":0.00018873918221350977,""r"":36}",
      2048,         1,         0,   0.100,chromobius,b9ea9993d0ae6ef4b28fe589141b92f857e08e41be14cc20336d2e39a2289fd6,"{""d"":9,""p"":0.00018873918221350977,""r"":36}",
      2048,         0,         0,   0.118,chromobius,b9ea9993d0ae6ef4b28fe589141b92f857e08e41be14cc20336d2e39a2289fd6,"{""d"":9,""p"":0.00018873918221350977,""r"":36}",
      2048,         0,         0,   0.111,chromobius,b9ea9993d0ae6ef4b28fe589141b92f857e08e41be14cc20336d2e39a2289fd6,"{""d"":9,""p"":0.00018873918221350977,""r"":36}",
      2048,         0,         0,   0.114,chromobius,b9ea9993d0ae6ef4b28fe589141b92f857e08e41be14cc20336d2e39a2289fd6,"{""d"":9,""p"":0.00018873918221350977,""r"":36}",
      2048,         0,         0,   0.108,chromobius,b9ea9993d0ae6ef4b28fe589141b92f857e08e41be14cc20336d2e39a2289fd6,"{""d"":9,""p"":0.00018873918221350977,""r"":36}",
      2048,         0,         0,   0.116,chromobius,b9ea9993d0ae6ef4b28fe589141b92f857e08e41be14cc20336d2e39a2289fd6,"{""d"":9,""p"":0.00018873918221350977,""r"":36}",
      3072,         0,         0,   0.144,chromobius,b9ea9993d0ae6ef4b28fe589141b92f857e08e41be14cc20336d2e39a2289fd6,"{""d"":9,""p"":0.00018873918221350977,""r"":36}",
      2048,         0,         0,   0.114,chromobius,b9ea9993d0ae6ef4b28fe589141b92f857e08e41be14cc20336d2e39a2289fd6,"{""d"":9,""p"":0.00018873918221350977,""r"":36}",
      3072,         0,         0,   0.153,chromobius,b9ea9993d0ae6ef4b28fe589141b92f857e08e41be14cc20336d2e39a2289fd6,"{""d"":9,""p"":0.00018873918221350977,""r"":36}",
      2048,         0,         0,   0.122,chromobius,b9ea9993d0ae6ef4b28fe589141b92f857e08e41be14cc20336d2e39a2289fd6,"{""d"":9,""p"":0.00018873918221350977,""r"":36}",
      3072,         0,         0,   0.166,chromobius,b9ea9993d0ae6ef4b28fe589141b92f857e08e41be14cc20336d2e39a2289fd6,"{""d"":9,""p"":0.00018873918221350977,""r"":36}",
      3072,         1,         0,   0.152,chromobius,b9ea9993d0ae6ef4b28fe589141b92f857e08e41be14cc20336d2e39a2289fd6,"{""d"":9,""p"":0.00018873918221350977,""r"":36}",
      3072,         0,         0,   0.157,chromobius,b9ea9993d0ae6ef4b28fe589141b92f857e08e41be14cc20336d2e39a2289fd6,"{""d"":9,""p"":0.00018873918221350977,""r"":36}",
      3072,         0,         0,   0.163,chromobius,b9ea9993d0ae6ef4b28fe589141b92f857e08e41be14cc20336d2e39a2289fd6,"{""d"":9,""p"":0.00018873918221350977,""r"":36}",
      3072,         0,         0,   0.175,chromobius,b9ea9993d0ae6ef4b28fe589141b92f857e08e41be14cc20336d2e39a2289fd6,"{""d"":9,""p"":0.00018873918221350977,""r"":36}",
      3072,         0,         0,   0.189,chromobius,b9ea9993d0ae6ef4b28fe589141b92f857e08e41be14cc20336d2e39a2289fd6,"{""d"":9,""p"":0.00018873918221350977,""r"":36}",
      4096,         1,         0,   0.229,chromobius,b9ea9993d0ae6ef4b28fe589141b92f857e08e41be14cc20336d2e39a2289fd6,"{""d"":9,""p"":0.00018873918221350977,""r"":36}",
      4096,         0,         0,   0.223,chromobius,b9ea9993d0ae6ef4b28fe589141b92f857e08e41be14cc20336d2e39a2289fd6,"{""d"":9,""p"":0.00018873918221350977,""r"":36}",
      4096,         0,         0,   0.240,chromobius,b9ea9993d0ae6ef4b28fe589141b92f857e08e41be14cc20336d2e39a2289fd6,"{""d"":9,""p"":0.00018873918221350977,""r"":36}",
      4096,         0,         0,   0.223,chromobius,b9ea9993d0ae6ef4b28fe589141b92f857e08e41be14cc20336d2e39a2289fd6,"{""d"":9,""p"":0.00018873918221350977,""r"":36}",
      4096,         0,         0,   0.237,chromobius,b9ea9993d0ae6ef4b28fe589141b92f857e08e41be14cc20336d2e39a2289fd6,"{""d"":9,""p"":0.00018873918221350977,""r"":36}",
      4096,         0,         0,   0.225,chromobius,b9ea9993d0ae6ef4b28fe589141b92f857e08e41be14cc20336d2e39a2289fd6,"{""d"":9,""p"":0.00018873918221350977,""r"":36}",
      6144,         1,         0,   0.331,chromobius,b9ea9993d0ae6ef4b28fe589141b92f857e08e41be14cc20336d2e39a2289fd6,"{""d"":9,""p"":0.00018873918221350977,""r"":36}",
      6144,         2,         0,   0.335,chromobius,b9ea9993d0ae6ef4b28fe589141b92f857e08e41be14cc20336d2e39a2289fd6,"{""d"":9,""p"":0.00018873918221350977,""r"":36}",
      6144,         2,         0,   0.334,chromobius,b9ea9993d0ae6ef4b28fe589141b92f857e08e41be14cc20336d2e39a2289fd6,"{""d"":9,""p"":0.00018873918221350977,""r"":36}",
      6144,         1,         0,   0.303,chromobius,b9ea9993d0ae6ef4b28fe589141b92f857e08e41be14cc20336d2e39a2289fd6,"{""d"":9,""p"":0.00018873918221350977,""r"":36}",
      6144,         0,         0,   0.330,chromobius,b9ea9993d0ae6ef4b28fe589141b92f857e08e41be14cc20336d2e39a2289fd6,"{""d"":9,""p"":0.00018873918221350977,""r"":36}",
      6144,         1,         0,   0.308,chromobius,b9ea9993d0ae6ef4b28fe589141b92f857e08e41be14cc20336d2e39a2289fd6,"{""d"":9,""p"":0.00018873918221350977,""r"":36}",
      8192,         2,         0,   0.449,chromobius,b9ea9993d0ae6ef4b28fe589141b92f857e08e41be14cc20336d2e39a2289fd6,"{""d"":9,""p"":0.00018873918221350977,""r"":36}",
      8192,         1,         0,   0.445,chromobius,b9ea9993d0ae6ef4b28fe589141b92f857e08e41be14cc20336d2e39a2289fd6,"{""d"":9,""p"":0.00018873918221350977,""r"":36}",
      8192,         2,         0,   0.414,chromobius,b9ea9993d0ae6ef4b28fe589141b92f857e08e41be14cc20336d2e39a2289fd6,"{""d"":9,""p"":0.00018873918221350977,""r"":36}",
      8192,         0,         0,   0.449,chromobius,b9ea9993d0ae6ef4b28fe589141b92f857e08e41be14cc20336d2e39a2289fd6,"{""d"":9,""p"":0.00018873918221350977,""r"":36}",
      8192,         0,         0,   0.441,chromobius,b9ea9993d0ae6ef4b28fe589141b92f857e08e41be14cc20336d2e39a2289fd6,"{""d"":9,""p"":0.00018873918221350977,""r"":36}",
      9216,         0,         0,   0.453,chromobius,b9ea9993d0ae6ef4b28fe589141b92f857e08e41be14cc20336d2e39a2289fd6,"{""d"":9,""p"":0.00018873918221350977,""r"":36}",
     10240,         2,         0,   0.566,chromobius,b9ea9993d0ae6ef4b28fe589141b92f857e08e41be14cc20336d2e39a2289fd6,"{""d"":9,""p"":0.00018873918221350977,""r"":36}",
     11264,         1,         0,   0.565,chromobius,b9ea9993d0ae6ef4b28fe589141b92f857e08e41be14cc20336d2e39a2289fd6,"{""d"":9,""p"":0.00018873918221350977,""r"":36}",
     11264,         0,         0,   0.621,chromobius,b9ea9993d0ae6ef4b28fe589141b92f857e08e41be14cc20336d2e39a2289fd6,"{""d"":9,""p"":0.00018873918221350977,""r"":36}",
     11264,         1,         0,   0.587,chromobius,b9ea9993d0ae6ef4b28fe589141b92f857e08e41be14cc20336d2e39a2289fd6,"{""d"":9,""p"":0.00018873918221350977,""r"":36}",
     11264,         1,         0,   0.576,chromobius,b9ea9993d0ae6ef4b28fe589141b92f857e08e41be14cc20336d2e39a2289fd6,"{""d"":9,""p"":0.00018873918221350977,""r"":36}",
     12288,         1,         0,   0.607,chromobius,b9ea9993d0ae6ef4b28fe589141b92f857e08e41be14cc20336d2e39a2289fd6,"{""d"":9,""p"":0.00018873918221350977,""r"":36}",
    111616,        11,         0,    6.02,chromobius,b9ea9993d0ae6ef4b28fe589141b92f857e08e41be14cc20336d2e39a2289fd6,"{""d"":9,""p"":0.00018873918221350977,""r"":36}",
    108544,        13,         0,    5.98,chromobius,b9ea9993d0ae6ef4b28fe589141b92f857e08e41be14cc20336d2e39a2289fd6,"{""d"":9,""p"":0.00018873918221350977,""r"":36}",
     14336,         1,         0,   0.797,chromobius,b9ea9993d0ae6ef4b28fe589141b92f857e08e41be14cc20336d2e39a2289fd6,"{""d"":9,""p"":0.00018873918221350977,""r"":36}",
     14336,         2,         0,   0.824,chromobius,b9ea9993d0ae6ef4b28fe589141b92f857e08e41be14cc20336d2e39a2289fd6,"{""d"":9,""p"":0.00018873918221350977,""r"":36}",
     16384,         3,         0,   0.794,chromobius,b9ea9993d0ae6ef4b28fe589141b92f857e08e41be14cc20336d2e39a2289fd6,"{""d"":9,""p"":0.00018873918221350977,""r"":36}",
     15360,         1,         0,   0.817,chromobius,b9ea9993d0ae6ef4b28fe589141b92f857e08e41be14cc20336d2e39a2289fd6,"{""d"":9,""p"":0.00018873918221350977,""r"":36}",
     17408,         0,         0,   0.847,chromobius,b9ea9993d0ae6ef4b28fe589141b92f857e08e41be14cc20336d2e39a2289fd6,"{""d"":9,""p"":0.00018873918221350977,""r"":36}",
     15360,         1,         0,   0.836,chromobius,b9ea9993d0ae6ef4b28fe589141b92f857e08e41be14cc20336d2e39a2289fd6,"{""d"":9,""p"":0.00018873918221350977,""r"":36}",
     20480,         2,         0,    1.12,chromobius,b9ea9993d0ae6ef4b28fe589141b92f857e08e41be14cc20336d2e39a2289fd6,"{""d"":9,""p"":0.00018873918221350977,""r"":36}",
     20480,         0,         0,    1.11,chromobius,b9ea9993d0ae6ef4b28fe589141b92f857e08e41be14cc20336d2e39a2289fd6,"{""d"":9,""p"":0.00018873918221350977,""r"":36}",
     22528,         3,         0,    1.15,chromobius,b9ea9993d0ae6ef4b28fe589141b92f857e08e41be14cc20336d2e39a2289fd6,"{""d"":9,""p"":0.00018873918221350977,""r"":36}",
     21504,         4,         0,    1.14,chromobius,b9ea9993d0ae6ef4b28fe589141b92f857e08e41be14cc20336d2e39a2289fd6,"{""d"":9,""p"":0.00018873918221350977,""r"":36}",
     22528,         3,         0,    1.14,chromobius,b9ea9993d0ae6ef4b28fe589141b92f857e08e41be14cc20336d2e39a2289fd6,"{""d"":9,""p"":0.00018873918221350977,""r"":36}",
     21504,         1,         0,    1.12,chromobius,b9ea9993d0ae6ef4b28fe589141b92f857e08e41be14cc20336d2e39a2289fd6,"{""d"":9,""p"":0.00018873918221350977,""r"":36}",
     27648,         1,         0,    1.56,chromobius,b9ea9993d0ae6ef4b28fe589141b92f857e08e41be14cc20336d2e39a2289fd6,"{""d"":9,""p"":0.00018873918221350977,""r"":36}",
     27648,         3,         0,    1.58,chromobius,b9ea9993d0ae6ef4b28fe589141b92f857e08e41be14cc20336d2e39a2289fd6,"{""d"":9,""p"":0.00018873918221350977,""r"":36}",
     32768,         2,         0,    1.57,chromobius,b9ea9993d0ae6ef4b28fe589141b92f857e08e41be14cc20336d2e39a2289fd6,"{""d"":9,""p"":0.00018873918221350977,""r"":36}",
     29696,         3,         0,    1.58,chromobius,b9ea9993d0ae6ef4b28fe589141b92f857e08e41be14cc20336d2e39a2289fd6,"{""d"":9,""p"":0.00018873918221350977,""r"":36}",
     28672,         4,         0,    1.56,chromobius,b9ea9993d0ae6ef4b28fe589141b92f857e08e41be14cc20336d2e39a2289fd6,"{""d"":9,""p"":0.00018873918221350977,""r"":36}",
     32768,         3,         0,    1.57,chromobius,b9ea9993d0ae6ef4b28fe589141b92f857e08e41be14cc20336d2e39a2289fd6,"{""d"":9,""p"":0.00018873918221350977,""r"":36}",
     38912,         3,         0,    2.21,chromobius,b9ea9993d0ae6ef4b28fe589141b92f857e08e41be14cc20336d2e39a2289fd6,"{""d"":9,""p"":0.00018873918221350977,""r"":36}",
     41984,         2,         0,    2.19,chromobius,b9ea9993d0ae6ef4b28fe589141b92f857e08e41be14cc20336d2e39a2289fd6,"{""d"":9,""p"":0.00018873918221350977,""r"":36}",
     40960,         5,         0,    2.17,chromobius,b9ea9993d0ae6ef4b28fe589141b92f857e08e41be14cc20336d2e39a2289fd6,"{""d"":9,""p"":0.00018873918221350977,""r"":36}",
     45056,         2,         0,    2.20,chromobius,b9ea9993d0ae6ef4b28fe589141b92f857e08e41be14cc20336d2e39a2289fd6,"{""d"":9,""p"":0.00018873918221350977,""r"":36}",
     39936,         4,         0,    2.18,chromobius,b9ea9993d0ae6ef4b28fe589141b92f857e08e41be14cc20336d2e39a2289fd6,"{""d"":9,""p"":0.00018873918221350977,""r"":36}",
     43008,         3,         0,    2.21,chromobius,b9ea9993d0ae6ef4b28fe589141b92f857e08e41be14cc20336d2e39a2289fd6,"{""d"":9,""p"":0.00018873918221350977,""r"":36}",
     56320,         4,         0,    3.06,chromobius,b9ea9993d0ae6ef4b28fe589141b92f857e08e41be14cc20336d2e39a2289fd6,"{""d"":9,""p"":0.00018873918221350977,""r"":36}",
     54272,         6,         0,    3.07,chromobius,b9ea9993d0ae6ef4b28fe589141b92f857e08e41be14cc20336d2e39a2289fd6,"{""d"":9,""p"":0.00018873918221350977,""r"":36}",
     61440,         7,         0,    3.06,chromobius,b9ea9993d0ae6ef4b28fe589141b92f857e08e41be14cc20336d2e39a2289fd6,"{""d"":9,""p"":0.00018873918221350977,""r"":36}",
     58368,         4,         0,    3.07,chromobius,b9ea9993d0ae6ef4b28fe589141b92f857e08e41be14cc20336d2e39a2289fd6,"{""d"":9,""p"":0.00018873918221350977,""r"":36}",
     56320,         8,         0,    3.07,chromobius,b9ea9993d0ae6ef4b28fe589141b92f857e08e41be14cc20336d2e39a2289fd6,"{""d"":9,""p"":0.00018873918221350977,""r"":36}",
     60416,         4,         0,    3.07,chromobius,b9ea9993d0ae6ef4b28fe589141b92f857e08e41be14cc20336d2e39a2289fd6,"{""d"":9,""p"":0.00018873918221350977,""r"":36}",
    149504,        16,         0,    8.37,chromobius,b9ea9993d0ae6ef4b28fe589141b92f857e08e41be14cc20336d2e39a2289fd6,"{""d"":9,""p"":0.00018873918221350977,""r"":36}",
    149504,        22,         0,    8.40,chromobius,b9ea9993d0ae6ef4b28fe589141b92f857e08e41be14cc20336d2e39a2289fd6,"{""d"":9,""p"":0.00018873918221350977,""r"":36}",
     77824,         4,         0,    4.28,chromobius,b9ea9993d0ae6ef4b28fe589141b92f857e08e41be14cc20336d2e39a2289fd6,"{""d"":9,""p"":0.00018873918221350977,""r"":36}",
     80896,        12,         0,    4.31,chromobius,b9ea9993d0ae6ef4b28fe589141b92f857e08e41be14cc20336d2e39a2289fd6,"{""d"":9,""p"":0.00018873918221350977,""r"":36}",
     82944,         6,         0,    4.29,chromobius,b9ea9993d0ae6ef4b28fe589141b92f857e08e41be14cc20336d2e39a2289fd6,"{""d"":9,""p"":0.00018873918221350977,""r"":36}",
     80896,         8,         0,    4.29,chromobius,b9ea9993d0ae6ef4b28fe589141b92f857e08e41be14cc20336d2e39a2289fd6,"{""d"":9,""p"":0.00018873918221350977,""r"":36}",
     81920,         7,         0,    4.27,chromobius,b9ea9993d0ae6ef4b28fe589141b92f857e08e41be14cc20336d2e39a2289fd6,"{""d"":9,""p"":0.00018873918221350977,""r"":36}",
     82944,         6,         0,    4.28,chromobius,b9ea9993d0ae6ef4b28fe589141b92f857e08e41be14cc20336d2e39a2289fd6,"{""d"":9,""p"":0.00018873918221350977,""r"":36}",
     80818,        10,         0,    4.22,chromobius,b9ea9993d0ae6ef4b28fe589141b92f857e08e41be14cc20336d2e39a2289fd6,"{""d"":9,""p"":0.00018873918221350977,""r"":36}",
    812032,        79,         0,    45.2,chromobius,b9ea9993d0ae6ef4b28fe589141b92f857e08e41be14cc20336d2e39a2289fd6,"{""d"":9,""p"":0.00018873918221350977,""r"":36}",
    109568,        13,         0,    5.98,chromobius,b9ea9993d0ae6ef4b28fe589141b92f857e08e41be14cc20336d2e39a2289fd6,"{""d"":9,""p"":0.00018873918221350977,""r"":36}",
    107520,        10,         0,    6.00,chromobius,b9ea9993d0ae6ef4b28fe589141b92f857e08e41be14cc20336d2e39a2289fd6,"{""d"":9,""p"":0.00018873918221350977,""r"":36}",
    112640,         7,         0,    5.97,chromobius,b9ea9993d0ae6ef4b28fe589141b92f857e08e41be14cc20336d2e39a2289fd6,"{""d"":9,""p"":0.00018873918221350977,""r"":36}",
    109568,        12,         0,    5.98,chromobius,b9ea9993d0ae6ef4b28fe589141b92f857e08e41be14cc20336d2e39a2289fd6,"{""d"":9,""p"":0.00018873918221350977,""r"":36}",
    120832,        11,         0,    6.01,chromobius,b9ea9993d0ae6ef4b28fe589141b92f857e08e41be14cc20336d2e39a2289fd6,"{""d"":9,""p"":0.00018873918221350977,""r"":36}",
    210944,        23,         0,    11.7,chromobius,b9ea9993d0ae6ef4b28fe589141b92f857e08e41be14cc20336d2e39a2289fd6,"{""d"":9,""p"":0.00018873918221350977,""r"":36}",
    204800,        22,         0,    11.7,chromobius,b9ea9993d0ae6ef4b28fe589141b92f857e08e41be14cc20336d2e39a2289fd6,"{""d"":9,""p"":0.00018873918221350977,""r"":36}",
    593920,        60,         0,    32.1,chromobius,b9ea9993d0ae6ef4b28fe589141b92f857e08e41be14cc20336d2e39a2289fd6,"{""d"":9,""p"":0.00018873918221350977,""r"":36}",
    165888,        15,         0,    8.36,chromobius,b9ea9993d0ae6ef4b28fe589141b92f857e08e41be14cc20336d2e39a2289fd6,"{""d"":9,""p"":0.00018873918221350977,""r"":36}",
    151552,        20,         0,    8.35,chromobius,b9ea9993d0ae6ef4b28fe589141b92f857e08e41be14cc20336d2e39a2289fd6,"{""d"":9,""p"":0.00018873918221350977,""r"":36}",
    155648,        16,         0,    8.35,chromobius,b9ea9993d0ae6ef4b28fe589141b92f857e08e41be14cc20336d2e39a2289fd6,"{""d"":9,""p"":0.00018873918221350977,""r"":36}",
    157696,        14,         0,    8.35,chromobius,b9ea9993d0ae6ef4b28fe589141b92f857e08e41be14cc20336d2e39a2289fd6,"{""d"":9,""p"":0.00018873918221350977,""r"":36}",
    168960,        16,         0,    8.37,chromobius,b9ea9993d0ae6ef4b28fe589141b92f857e08e41be14cc20336d2e39a2289fd6,"{""d"":9,""p"":0.00018873918221350977,""r"":36}",
    148480,        18,         0,    8.40,chromobius,b9ea9993d0ae6ef4b28fe589141b92f857e08e41be14cc20336d2e39a2289fd6,"{""d"":9,""p"":0.00018873918221350977,""r"":36}",
     81409,        10,         0,    4.56,chromobius,b9ea9993d0ae6ef4b28fe589141b92f857e08e41be14cc20336d2e39a2289fd6,"{""d"":9,""p"":0.00018873918221350977,""r"":36}",
    556032,        50,         0,    30.8,chromobius,b9ea9993d0ae6ef4b28fe589141b92f857e08e41be14cc20336d2e39a2289fd6,"{""d"":9,""p"":0.00018873918221350977,""r"":36}",
    559104,        66,         0,    30.9,chromobius,b9ea9993d0ae6ef4b28fe589141b92f857e08e41be14cc20336d2e39a2289fd6,"{""d"":9,""p"":0.00018873918221350977,""r"":36}",
    142465,        16,         0,    7.76,chromobius,b9ea9993d0ae6ef4b28fe589141b92f857e08e41be14cc20336d2e39a2289fd6,"{""d"":9,""p"":0.00018873918221350977,""r"":36}",
    338944,        39,         0,    18.8,chromobius,b9ea9993d0ae6ef4b28fe589141b92f857e08e41be14cc20336d2e39a2289fd6,"{""d"":9,""p"":0.00018873918221350977,""r"":36}",
    211415,        27,         0,    10.8,chromobius,b9ea9993d0ae6ef4b28fe589141b92f857e08e41be14cc20336d2e39a2289fd6,"{""d"":9,""p"":0.00018873918221350977,""r"":36}",
    277504,        29,         0,    16.0,chromobius,b9ea9993d0ae6ef4b28fe589141b92f857e08e41be14cc20336d2e39a2289fd6,"{""d"":9,""p"":0.00018873918221350977,""r"":36}",
    280576,        36,         0,    16.0,chromobius,b9ea9993d0ae6ef4b28fe589141b92f857e08e41be14cc20336d2e39a2289fd6,"{""d"":9,""p"":0.00018873918221350977,""r"":36}",
    208843,        24,         0,    11.7,chromobius,b9ea9993d0ae6ef4b28fe589141b92f857e08e41be14cc20336d2e39a2289fd6,"{""d"":9,""p"":0.00018873918221350977,""r"":36}",
    186368,        20,         0,    10.6,chromobius,b9ea9993d0ae6ef4b28fe589141b92f857e08e41be14cc20336d2e39a2289fd6,"{""d"":9,""p"":0.00018873918221350977,""r"":36}",
     41984,         6,         0,    2.43,chromobius,b9ea9993d0ae6ef4b28fe589141b92f857e08e41be14cc20336d2e39a2289fd6,"{""d"":9,""p"":0.00018873918221350977,""r"":36}",
     47104,         2,         0,    2.45,chromobius,b9ea9993d0ae6ef4b28fe589141b92f857e08e41be14cc20336d2e39a2289fd6,"{""d"":9,""p"":0.00018873918221350977,""r"":36}",
    194560,        29,         0,    10.7,chromobius,b9ea9993d0ae6ef4b28fe589141b92f857e08e41be14cc20336d2e39a2289fd6,"{""d"":9,""p"":0.00018873918221350977,""r"":36}",
    220160,        23,         0,    11.6,chromobius,b9ea9993d0ae6ef4b28fe589141b92f857e08e41be14cc20336d2e39a2289fd6,"{""d"":9,""p"":0.00018873918221350977,""r"":36}",
    210944,        23,         0,    11.7,chromobius,b9ea9993d0ae6ef4b28fe589141b92f857e08e41be14cc20336d2e39a2289fd6,"{""d"":9,""p"":0.00018873918221350977,""r"":36}",
    229376,        23,         0,    11.7,chromobius,b9ea9993d0ae6ef4b28fe589141b92f857e08e41be14cc20336d2e39a2289fd6,"{""d"":9,""p"":0.00018873918221350977,""r"":36}",
    231424,        22,         0,    11.6,chromobius,b9ea9993d0ae6ef4b28fe589141b92f857e08e41be14cc20336d2e39a2289fd6,"{""d"":9,""p"":0.00018873918221350977,""r"":36}",
     43008,         6,         0,    2.47,chromobius,b9ea9993d0ae6ef4b28fe589141b92f857e08e41be14cc20336d2e39a2289fd6,"{""d"":9,""p"":0.00018873918221350977,""r"":36}",
     51200,         7,         0,    2.87,chromobius,b9ea9993d0ae6ef4b28fe589141b92f857e08e41be14cc20336d2e39a2289fd6,"{""d"":9,""p"":0.00018873918221350977,""r"":36}",
     52224,         9,         0,    2.89,chromobius,b9ea9993d0ae6ef4b28fe589141b92f857e08e41be14cc20336d2e39a2289fd6,"{""d"":9,""p"":0.00018873918221350977,""r"":36}",
