     shots,    errors,  discards, seconds,decoder,strong_id,json_metadata,custom_counts
      1297,         2,         0,   0.011,chromobius,11571ef97b5bb15de06366ca20660b2d546992cdbd601a0e94f648feeb6b2cb9,"{""d"":5,""p"":0.00016102620275609394,""r"":20}",
      2321,         3,         0,   0.011,chromobius,7b8a0c103cc4c9a69c0591e728f476337ef38e5714779c79a11bd0912526afeb,"{""d"":5,""p"":0.0001,""r"":20}",
      1297,         2,         0,   0.011,chromobius,4f0061d2caa5545d7cfe783ece91150749fbc62393ce2785b3bbc8b84bf2fb32,"{""d"":5,""p"":0.00018873918221350977,""r"":20}",
      2321,         0,         0,   0.013,chromobius,8f4cc7a096c8acf5a76ff25c6e12a2ebe0b564466a81acee7899b239c794c992,"{""d"":5,""p"":0.00011721022975334806,""r"":20}",
      1297,         6,         0,   0.014,chromobius,2eaa717a1b5bcc3576aa4c528abf952c84fa69233736adb6480dc7dd20943b85,"{""d"":5,""p"":0.0002592943797404667,""r"":20}",
      2321,         3,         0,   0.013,chromobius,ea759473ddebb23b264020163b3f9e1ba05e844b0e7c802d13bb01818d3815cd,"{""d"":5,""p"":0.00013738237958832623,""r"":20}",
         1,         0,         0,   0.011,chromobius,8bb8d5c754a5722a56707218f52487fc1cf0012b330f6f6f15814cf945e37582,"{""d"":5,""p"":0.0004893900918477494,""r"":20}",
      1297,        12,         0,   0.016,chromobius,10e865bc5c1f921bbf9a37aa02b9067117eef7c00f3793c7b1fd57f3767d07d1,"{""d"":5,""p"":0.0003039195382313198,""r"":20}",
      1297,         7,         0,   0.016,chromobius,ba151ac3312a4242c61398eaaa047994cd226a8759fbbfc30de42d3418fc9725,"{""d"":5,""p"":0.000221221629107045,""r"":20}",
      1297,        18,         0,   0.019,chromobius,1271a126ae04d99e2c90d97be8e1f72d45e1f6f4033fb10134ee89b98e78bc95,"{""d"":5,""p"":0.00041753189365604,""r"":20}",
      1297,         6,         0,   0.017,chromobius,abedb71b789e2c4e68195b54dd10a580b8f7d80e474a5299c7c7ce3bf1880293,"{""d"":5,""p"":0.0003562247890262444,""r"":20}",
      1297,        29,         0,   0.026,chromobius,85e247ca9db882fc7d79348165718f0925df866fad4e93a8414abc9526525067,"{""d"":5,""p"":0.0005736152510448681,""r"":20}",
      3072,         8,         0,   0.015,chromobius,11571ef97b5bb15de06366ca20660b2d546992cdbd601a0e94f648feeb6b2cb9,"{""d"":5,""p"":0.00016102620275609394,""r"":20}",
      5120,         3,         0,   0.017,chromobius,7b8a0c103cc4c9a69c0591e728f476337ef38e5714779c79a11bd0912526afeb,"{""d"":5,""p"":0.0001,""r"":20}",
      2048,         8,         0,   0.015,chromobius,2eaa717a1b5bcc3576aa4c528abf952c84fa69233736adb6480dc7dd20943b85,"{""d"":5,""p"":0.0002592943797404667,""r"":20}",
      3072,         7,         0,   0.017,chromobius,4f0061d2caa5545d7cfe783ece91150749fbc62393ce2785b3bbc8b84bf2fb32,"{""d"":5,""p"":0.00018873918221350977,""r"":20}",
      4096,         4,         0,   0.019,chromobius,8f4cc7a096c8acf5a76ff25c6e12a2ebe0b564466a81acee7899b239c794c992,"{""d"":5,""p"":0.00011721022975334806,""r"":20}",
      4096,         6,         0,   0.018,chromobius,ea759473ddebb23b264020163b3f9e1ba05e844b0e7c802d13bb01818d3815cd,"{""d"":5,""p"":0.00013738237958832623,""r"":20}",
      1296,        16,         0,   0.019,chromobius,8bb8d5c754a5722a56707218f52487fc1cf0012b330f6f6f15814cf945e37582,"{""d"":5,""p"":0.0004893900918477494,""r"":20}",
      2048,        21,         0,   0.018,chromobius,10e865bc5c1f921bbf9a37aa02b9067117eef7c00f3793c7b1fd57f3767d07d1,"{""d"":5,""p"":0.0003039195382313198,""r"":20}",
      2048,         6,         0,   0.019,chromobius,ba151ac3312a4242c61398eaaa047994cd226a8759fbbfc30de42d3418fc9725,"{""d"":5,""p"":0.000221221629107045,""r"":20}",
      2048,        22,         0,   0.023,chromobius,1271a126ae04d99e2c90d97be8e1f72d45e1f6f4033fb10134ee89b98e78bc95,"{""d"":5,""p"":0.00041753189365604,""r"":20}",
      1024,        20,         0,   0.016,chromobius,85e247ca9db882fc7d79348165718f0925df866fad4e93a8414abc9526525067,"{""d"":5,""p"":0.0005736152510448681,""r"":20}",
      2048,        16,         0,   0.024,chromobius,abedb71b789e2c4e68195b54dd10a580b8f7d80e474a5299c7c7ce3bf1880293,"{""d"":5,""p"":0.0003562247890262444,""r"":20}",
      4096,         8,         0,   0.019,chromobius,11571ef97b5bb15de06366ca20660b2d546992cdbd601a0e94f648feeb6b2cb9,"{""d"":5,""p"":0.00016102620275609394,""r"":20}",
      6144,         5,         0,   0.020,chromobius,7b8a0c103cc4c9a69c0591e728f476337ef38e5714779c79a11bd0912526afeb,"{""d"":5,""p"":0.0001,""r"":20}",
      3072,        20,         0,   0.023,chromobius,2eaa717a1b5bcc3576aa4c528abf952c84fa69233736adb6480dc7dd20943b85,"{""d"":5,""p"":0.0002592943797404667,""r"":20}",
      4096,         2,         0,   0.020,chromobius,8f4cc7a096c8acf5a76ff25c6e12a2ebe0b564466a81acee7899b239c794c992,"{""d"":5,""p"":0.00011721022975334806,""r"":20}",
      4096,        12,         0,   0.023,chromobius,4f0061d2caa5545d7cfe783ece91150749fbc62393ce2785b3bbc8b84bf2fb32,"{""d"":5,""p"":0.00018873918221350977,""r"":20}",
      3072,        16,         0,   0.020,chromobius,ba151ac3312a4242c61398eaaa047994cd226a8759fbbfc30de42d3418fc9725,"{""d"":5,""p"":0.000221221629107045,""r"":20}",
      5120,         9,         0,   0.027,chromobius,ea759473ddebb23b264020163b3f9e1ba05e844b0e7c802d13bb01818d3815cd,"{""d"":5,""p"":0.00013738237958832623,""r"":20}",
      3072,        16,         0,   0.026,chromobius,10e865bc5c1f921bbf9a37aa02b9067117eef7c00f3793c7b1fd57f3767d07d1,"{""d"":5,""p"":0.0003039195382313198,""r"":20}",
      2048,        32,         0,   0.028,chromobius,8bb8d5c754a5722a56707218f52487fc1cf0012b330f6f6f15814cf945e37582,"{""d"":5,""p"":0.0004893900918477494,""r"":20}",
      2048,        14,         0,   0.020,chromobius,abedb71b789e2c4e68195b54dd10a580b8f7d80e474a5299c7c7ce3bf1880293,"{""d"":5,""p"":0.0003562247890262444,""r"":20}",
      2048,        13,         0,   0.023,chromobius,1271a126ae04d99e2c90d97be8e1f72d45e1f6f4033fb10134ee89b98e78bc95,"{""d"":5,""p"":0.00041753189365604,""r"":20}",
      6144,        18,         0,   0.029,chromobius,11571ef97b5bb15de06366ca20660b2d546992cdbd601a0e94f648feeb6b2cb9,"{""d"":5,""p"":0.00016102620275609394,""r"":20}",
      2048,        47,         0,   0.035,chromobius,85e247ca9db882fc7d79348165718f0925df866fad4e93a8414abc9526525067,"{""d"":5,""p"":0.0005736152510448681,""r"":20}",
      9216,         8,         0,   0.030,chromobius,7b8a0c103cc4c9a69c0591e728f476337ef38e5714779c79a11bd0912526afeb,"{""d"":5,""p"":0.0001,""r"":20}",
      4096,        12,         0,   0.030,chromobius,2eaa717a1b5bcc3576aa4c528abf952c84fa69233736adb6480dc7dd20943b85,"{""d"":5,""p"":0.0002592943797404667,""r"":20}",
      7168,         4,         0,   0.029,chromobius,8f4cc7a096c8acf5a76ff25c6e12a2ebe0b564466a81acee7899b239c794c992,"{""d"":5,""p"":0.00011721022975334806,""r"":20}",
      5120,        13,         0,   0.032,chromobius,4f0061d2caa5545d7cfe783ece91150749fbc62393ce2785b3bbc8b84bf2fb32,"{""d"":5,""p"":0.00018873918221350977,""r"":20}",
      6144,         9,         0,   0.030,chromobius,ea759473ddebb23b264020163b3f9e1ba05e844b0e7c802d13bb01818d3815cd,"{""d"":5,""p"":0.00013738237958832623,""r"":20}",
      5120,        16,         0,   0.034,chromobius,ba151ac3312a4242c61398eaaa047994cd226a8759fbbfc30de42d3418fc9725,"{""d"":5,""p"":0.000221221629107045,""r"":20}",
      2048,        19,         0,   0.027,chromobius,1271a126ae04d99e2c90d97be8e1f72d45e1f6f4033fb10134ee89b98e78bc95,"{""d"":5,""p"":0.00041753189365604,""r"":20}",
      3072,        28,         0,   0.030,chromobius,abedb71b789e2c4e68195b54dd10a580b8f7d80e474a5299c7c7ce3bf1880293,"{""d"":5,""p"":0.0003562247890262444,""r"":20}",
      4096,        22,         0,   0.034,chromobius,10e865bc5c1f921bbf9a37aa02b9067117eef7c00f3793c7b1fd57f3767d07d1,"{""d"":5,""p"":0.0003039195382313198,""r"":20}",
      2048,        42,         0,   0.034,chromobius,8bb8d5c754a5722a56707218f52487fc1cf0012b330f6f6f15814cf945e37582,"{""d"":5,""p"":0.0004893900918477494,""r"":20}",
      2048,        45,         0,   0.033,chromobius,85e247ca9db882fc7d79348165718f0925df866fad4e93a8414abc9526525067,"{""d"":5,""p"":0.0005736152510448681,""r"":20}",
      8192,        15,         0,   0.039,chromobius,11571ef97b5bb15de06366ca20660b2d546992cdbd601a0e94f648feeb6b2cb9,"{""d"":5,""p"":0.00016102620275609394,""r"":20}",
     12288,        14,         0,   0.038,chromobius,7b8a0c103cc4c9a69c0591e728f476337ef38e5714779c79a11bd0912526afeb,"{""d"":5,""p"":0.0001,""r"":20}",
     10240,        11,         0,   0.041,chromobius,8f4cc7a096c8acf5a76ff25c6e12a2ebe0b564466a81acee7899b239c794c992,"{""d"":5,""p"":0.00011721022975334806,""r"":20}",
      7168,        17,         0,   0.039,chromobius,4f0061d2caa5545d7cfe783ece91150749fbc62393ce2785b3bbc8b84bf2fb32,"{""d"":5,""p"":0.00018873918221350977,""r"":20}",
      6144,        28,         0,   0.045,chromobius,2eaa717a1b5bcc3576aa4c528abf952c84fa69233736adb6480dc7dd20943b85,"{""d"":5,""p"":0.0002592943797404667,""r"":20}",
      5120,        17,         0,   0.038,chromobius,ba151ac3312a4242c61398eaaa047994cd226a8759fbbfc30de42d3418fc9725,"{""d"":5,""p"":0.000221221629107045,""r"":20}",
      8192,        11,         0,   0.039,chromobius,ea759473ddebb23b264020163b3f9e1ba05e844b0e7c802d13bb01818d3815cd,"{""d"":5,""p"":0.00013738237958832623,""r"":20}",
      4096,        26,         0,   0.040,chromobius,abedb71b789e2c4e68195b54dd10a580b8f7d80e474a5299c7c7ce3bf1880293,"{""d"":5,""p"":0.0003562247890262444,""r"":20}",
      3072,        41,         0,   0.042,chromobius,8bb8d5c754a5722a56707218f52487fc1cf0012b330f6f6f15814cf945e37582,"{""d"":5,""p"":0.0004893900918477494,""r"":20}",
      5120,        25,         0,   0.043,chromobius,10e865bc5c1f921bbf9a37aa02b9067117eef7c00f3793c7b1fd57f3767d07d1,"{""d"":5,""p"":0.0003039195382313198,""r"":20}",
      4096,        46,         0,   0.047,chromobius,1271a126ae04d99e2c90d97be8e1f72d45e1f6f4033fb10134ee89b98e78bc95,"{""d"":5,""p"":0.00041753189365604,""r"":20}",
      3072,        50,         0,   0.049,chromobius,85e247ca9db882fc7d79348165718f0925df866fad4e93a8414abc9526525067,"{""d"":5,""p"":0.0005736152510448681,""r"":20}",
     11264,        22,         0,   0.055,chromobius,11571ef97b5bb15de06366ca20660b2d546992cdbd601a0e94f648feeb6b2cb9,"{""d"":5,""p"":0.00016102620275609394,""r"":20}",
     13312,         8,         0,   0.054,chromobius,7b8a0c103cc4c9a69c0591e728f476337ef38e5714779c79a11bd0912526afeb,"{""d"":5,""p"":0.0001,""r"":20}",
      9216,        21,         0,   0.054,chromobius,4f0061d2caa5545d7cfe783ece91150749fbc62393ce2785b3bbc8b84bf2fb32,"{""d"":5,""p"":0.00018873918221350977,""r"":20}",
     11264,        12,         0,   0.058,chromobius,8f4cc7a096c8acf5a76ff25c6e12a2ebe0b564466a81acee7899b239c794c992,"{""d"":5,""p"":0.00011721022975334806,""r"":20}",
      7168,        32,         0,   0.056,chromobius,2eaa717a1b5bcc3576aa4c528abf952c84fa69233736adb6480dc7dd20943b85,"{""d"":5,""p"":0.0002592943797404667,""r"":20}",
      8192,        30,         0,   0.056,chromobius,ba151ac3312a4242c61398eaaa047994cd226a8759fbbfc30de42d3418fc9725,"{""d"":5,""p"":0.000221221629107045,""r"":20}",
     11264,        12,         0,   0.060,chromobius,ea759473ddebb23b264020163b3f9e1ba05e844b0e7c802d13bb01818d3815cd,"{""d"":5,""p"":0.00013738237958832623,""r"":20}",
      5120,        37,         0,   0.060,chromobius,abedb71b789e2c4e68195b54dd10a580b8f7d80e474a5299c7c7ce3bf1880293,"{""d"":5,""p"":0.0003562247890262444,""r"":20}",
      4096,        65,         0,   0.059,chromobius,8bb8d5c754a5722a56707218f52487fc1cf0012b330f6f6f15814cf945e37582,"{""d"":5,""p"":0.0004893900918477494,""r"":20}",
      5120,        48,         0,   0.060,chromobius,1271a126ae04d99e2c90d97be8e1f72d45e1f6f4033fb10134ee89b98e78bc95,"{""d"":5,""p"":0.00041753189365604,""r"":20}",
      7168,        31,         0,   0.062,chromobius,10e865bc5c1f921bbf9a37aa02b9067117eef7c00f3793c7b1fd57f3767d07d1,"{""d"":5,""p"":0.0003039195382313198,""r"":20}",
      4096,        88,         0,   0.070,chromobius,85e247ca9db882fc7d79348165718f0925df866fad4e93a8414abc9526525067,"{""d"":5,""p"":0.0005736152510448681,""r"":20}",
     22528,        18,         0,   0.074,chromobius,7b8a0c103cc4c9a69c0591e728f476337ef38e5714779c79a11bd0912526afeb,"{""d"":5,""p"":0.0001,""r"":20}",
     15360,        32,         0,   0.075,chromobius,11571ef97b5bb15de06366ca20660b2d546992cdbd601a0e94f648feeb6b2cb9,"{""d"":5,""p"":0.00016102620275609394,""r"":20}",
     18432,        18,         0,   0.074,chromobius,8f4cc7a096c8acf5a76ff25c6e12a2ebe0b564466a81acee7899b239c794c992,"{""d"":5,""p"":0.00011721022975334806,""r"":20}",
     13312,        30,         0,   0.078,chromobius,4f0061d2caa5545d7cfe783ece91150749fbc62393ce2785b3bbc8b84bf2fb32,"{""d"":5,""p"":0.00018873918221350977,""r"":20}",
      9216,        30,         0,   0.074,chromobius,ba151ac3312a4242c61398eaaa047994cd226a8759fbbfc30de42d3418fc9725,"{""d"":5,""p"":0.000221221629107045,""r"":20}",
     10240,        36,         0,   0.078,chromobius,2eaa717a1b5bcc3576aa4c528abf952c84fa69233736adb6480dc7dd20943b85,"{""d"":5,""p"":0.0002592943797404667,""r"":20}",
     17408,        20,         0,   0.075,chromobius,ea759473ddebb23b264020163b3f9e1ba05e844b0e7c802d13bb01818d3815cd,"{""d"":5,""p"":0.00013738237958832623,""r"":20}",
      7168,        56,         0,   0.084,chromobius,abedb71b789e2c4e68195b54dd10a580b8f7d80e474a5299c7c7ce3bf1880293,"{""d"":5,""p"":0.0003562247890262444,""r"":20}",
      9216,        63,         0,   0.081,chromobius,10e865bc5c1f921bbf9a37aa02b9067117eef7c00f3793c7b1fd57f3767d07d1,"{""d"":5,""p"":0.0003039195382313198,""r"":20}",
      7168,        81,         0,   0.082,chromobius,1271a126ae04d99e2c90d97be8e1f72d45e1f6f4033fb10134ee89b98e78bc95,"{""d"":5,""p"":0.00041753189365604,""r"":20}",
      6144,        77,         0,   0.088,chromobius,8bb8d5c754a5722a56707218f52487fc1cf0012b330f6f6f15814cf945e37582,"{""d"":5,""p"":0.0004893900918477494,""r"":20}",
      5120,       113,         0,   0.088,chromobius,85e247ca9db882fc7d79348165718f0925df866fad4e93a8414abc9526525067,"{""d"":5,""p"":0.0005736152510448681,""r"":20}",
     21504,        43,         0,   0.107,chromobius,11571ef97b5bb15de06366ca20660b2d546992cdbd601a0e94f648feeb6b2cb9,"{""d"":5,""p"":0.00016102620275609394,""r"":20}",
     31744,        22,         0,   0.107,chromobius,7b8a0c103cc4c9a69c0591e728f476337ef38e5714779c79a11bd0912526afeb,"{""d"":5,""p"":0.0001,""r"":20}",
     24576,        20,         0,   0.107,chromobius,8f4cc7a096c8acf5a76ff25c6e12a2ebe0b564466a81acee7899b239c794c992,"{""d"":5,""p"":0.00011721022975334806,""r"":20}",
     18432,        49,         0,   0.107,chromobius,4f0061d2caa5545d7cfe783ece91150749fbc62393ce2785b3bbc8b84bf2fb32,"{""d"":5,""p"":0.00018873918221350977,""r"":20}",
     14336,        88,         0,   0.109,chromobius,2eaa717a1b5bcc3576aa4c528abf952c84fa69233736adb6480dc7dd20943b85,"{""d"":5,""p"":0.0002592943797404667,""r"":20}",
     16384,        43,         0,   0.111,chromobius,ba151ac3312a4242c61398eaaa047994cd226a8759fbbfc30de42d3418fc9725,"{""d"":5,""p"":0.000221221629107045,""r"":20}",
     24576,        24,         0,   0.108,chromobius,ea759473ddebb23b264020163b3f9e1ba05e844b0e7c802d13bb01818d3815cd,"{""d"":5,""p"":0.00013738237958832623,""r"":20}",
     12288,        59,         0,   0.105,chromobius,10e865bc5c1f921bbf9a37aa02b9067117eef7c00f3793c7b1fd57f3767d07d1,"{""d"":5,""p"":0.0003039195382313198,""r"":20}",
      9216,       100,         0,   0.108,chromobius,1271a126ae04d99e2c90d97be8e1f72d45e1f6f4033fb10134ee89b98e78bc95,"{""d"":5,""p"":0.00041753189365604,""r"":20}",
     10240,        89,         0,   0.113,chromobius,abedb71b789e2c4e68195b54dd10a580b8f7d80e474a5299c7c7ce3bf1880293,"{""d"":5,""p"":0.0003562247890262444,""r"":20}",
      8192,       115,         0,   0.113,chromobius,8bb8d5c754a5722a56707218f52487fc1cf0012b330f6f6f15814cf945e37582,"{""d"":5,""p"":0.0004893900918477494,""r"":20}",
      7168,       145,         0,   0.117,chromobius,85e247ca9db882fc7d79348165718f0925df866fad4e93a8414abc9526525067,"{""d"":5,""p"":0.0005736152510448681,""r"":20}",
     45056,        41,         0,   0.149,chromobius,7b8a0c103cc4c9a69c0591e728f476337ef38e5714779c79a11bd0912526afeb,"{""d"":5,""p"":0.0001,""r"":20}",
     31744,        51,         0,   0.151,chromobius,11571ef97b5bb15de06366ca20660b2d546992cdbd601a0e94f648feeb6b2cb9,"{""d"":5,""p"":0.00016102620275609394,""r"":20}",
     39936,        57,         0,   0.148,chromobius,8f4cc7a096c8acf5a76ff25c6e12a2ebe0b564466a81acee7899b239c794c992,"{""d"":5,""p"":0.00011721022975334806,""r"":20}",
     26624,        75,         0,   0.151,chromobius,4f0061d2caa5545d7cfe783ece91150749fbc62393ce2785b3bbc8b84bf2fb32,"{""d"":5,""p"":0.00018873918221350977,""r"":20}",
     21504,        64,         0,   0.149,chromobius,ba151ac3312a4242c61398eaaa047994cd226a8759fbbfc30de42d3418fc9725,"{""d"":5,""p"":0.000221221629107045,""r"":20}",
     34816,        50,         0,   0.148,chromobius,ea759473ddebb23b264020163b3f9e1ba05e844b0e7c802d13bb01818d3815cd,"{""d"":5,""p"":0.00013738237958832623,""r"":20}",
     20480,        89,         0,   0.152,chromobius,2eaa717a1b5bcc3576aa4c528abf952c84fa69233736adb6480dc7dd20943b85,"{""d"":5,""p"":0.0002592943797404667,""r"":20}",
     17408,       109,         0,   0.153,chromobius,10e865bc5c1f921bbf9a37aa02b9067117eef7c00f3793c7b1fd57f3767d07d1,"{""d"":5,""p"":0.0003039195382313198,""r"":20}",
     13312,       132,         0,   0.151,chromobius,1271a126ae04d99e2c90d97be8e1f72d45e1f6f4033fb10134ee89b98e78bc95,"{""d"":5,""p"":0.00041753189365604,""r"":20}",
     15360,       118,         0,   0.152,chromobius,abedb71b789e2c4e68195b54dd10a580b8f7d80e474a5299c7c7ce3bf1880293,"{""d"":5,""p"":0.0003562247890262444,""r"":20}",
     11264,       165,         0,   0.157,chromobius,8bb8d5c754a5722a56707218f52487fc1cf0012b330f6f6f15814cf945e37582,"{""d"":5,""p"":0.0004893900918477494,""r"":20}",
      9216,       226,         0,   0.149,chromobius,85e247ca9db882fc7d79348165718f0925df866fad4e93a8414abc9526525067,"{""d"":5,""p"":0.0005736152510448681,""r"":20}",
     62464,        61,         0,   0.204,chromobius,7b8a0c103cc4c9a69c0591e728f476337ef38e5714779c79a11bd0912526afeb,"{""d"":5,""p"":0.0001,""r"":20}",
     43008,        77,         0,   0.206,chromobius,11571ef97b5bb15de06366ca20660b2d546992cdbd601a0e94f648feeb6b2cb9,"{""d"":5,""p"":0.00016102620275609394,""r"":20}",
     55296,        43,         0,   0.208,chromobius,8f4cc7a096c8acf5a76ff25c6e12a2ebe0b564466a81acee7899b239c794c992,"{""d"":5,""p"":0.00011721022975334806,""r"":20}",
     35840,        94,         0,   0.205,chromobius,4f0061d2caa5545d7cfe783ece91150749fbc62393ce2785b3bbc8b84bf2fb32,"{""d"":5,""p"":0.00018873918221350977,""r"":20}",
     30720,        98,         0,   0.206,chromobius,ba151ac3312a4242c61398eaaa047994cd226a8759fbbfc30de42d3418fc9725,"{""d"":5,""p"":0.000221221629107045,""r"":20}",
     48128,        65,         0,   0.206,chromobius,ea759473ddebb23b264020163b3f9e1ba05e844b0e7c802d13bb01818d3815cd,"{""d"":5,""p"":0.00013738237958832623,""r"":20}",
     28672,       125,         0,   0.211,chromobius,2eaa717a1b5bcc3576aa4c528abf952c84fa69233736adb6480dc7dd20943b85,"{""d"":5,""p"":0.0002592943797404667,""r"":20}",
     23552,       148,         0,   0.208,chromobius,10e865bc5c1f921bbf9a37aa02b9067117eef7c00f3793c7b1fd57f3767d07d1,"{""d"":5,""p"":0.0003039195382313198,""r"":20}",
     18432,       188,         0,   0.212,chromobius,1271a126ae04d99e2c90d97be8e1f72d45e1f6f4033fb10134ee89b98e78bc95,"{""d"":5,""p"":0.00041753189365604,""r"":20}",
     20480,       180,         0,   0.208,chromobius,abedb71b789e2c4e68195b54dd10a580b8f7d80e474a5299c7c7ce3bf1880293,"{""d"":5,""p"":0.0003562247890262444,""r"":20}",
     15360,       263,         0,   0.216,chromobius,8bb8d5c754a5722a56707218f52487fc1cf0012b330f6f6f15814cf945e37582,"{""d"":5,""p"":0.0004893900918477494,""r"":20}",
     13312,       239,         0,   0.215,chromobius,85e247ca9db882fc7d79348165718f0925df866fad4e93a8414abc9526525067,"{""d"":5,""p"":0.0005736152510448681,""r"":20}",
     58368,       107,         0,   0.284,chromobius,11571ef97b5bb15de06366ca20660b2d546992cdbd601a0e94f648feeb6b2cb9,"{""d"":5,""p"":0.00016102620275609394,""r"":20}",
     88064,        62,         0,   0.288,chromobius,7b8a0c103cc4c9a69c0591e728f476337ef38e5714779c79a11bd0912526afeb,"{""d"":5,""p"":0.0001,""r"":20}",
     77824,        76,         0,   0.286,chromobius,8f4cc7a096c8acf5a76ff25c6e12a2ebe0b564466a81acee7899b239c794c992,"{""d"":5,""p"":0.00011721022975334806,""r"":20}",
     51200,       127,         0,   0.289,chromobius,4f0061d2caa5545d7cfe783ece91150749fbc62393ce2785b3bbc8b84bf2fb32,"{""d"":5,""p"":0.00018873918221350977,""r"":20}",
     44032,       147,         0,   0.290,chromobius,ba151ac3312a4242c61398eaaa047994cd226a8759fbbfc30de42d3418fc9725,"{""d"":5,""p"":0.000221221629107045,""r"":20}",
     67584,       104,         0,   0.289,chromobius,ea759473ddebb23b264020163b3f9e1ba05e844b0e7c802d13bb01818d3815cd,"{""d"":5,""p"":0.00013738237958832623,""r"":20}",
     39936,       156,         0,   0.293,chromobius,2eaa717a1b5bcc3576aa4c528abf952c84fa69233736adb6480dc7dd20943b85,"{""d"":5,""p"":0.0002592943797404667,""r"":20}",
     33792,       205,         0,   0.292,chromobius,10e865bc5c1f921bbf9a37aa02b9067117eef7c00f3793c7b1fd57f3767d07d1,"{""d"":5,""p"":0.0003039195382313198,""r"":20}",
     24576,       286,         0,   0.288,chromobius,1271a126ae04d99e2c90d97be8e1f72d45e1f6f4033fb10134ee89b98e78bc95,"{""d"":5,""p"":0.00041753189365604,""r"":20}",
     28672,       240,         0,   0.291,chromobius,abedb71b789e2c4e68195b54dd10a580b8f7d80e474a5299c7c7ce3bf1880293,"{""d"":5,""p"":0.0003562247890262444,""r"":20}",
     21504,       342,         0,   0.291,chromobius,8bb8d5c754a5722a56707218f52487fc1cf0012b330f6f6f15814cf945e37582,"{""d"":5,""p"":0.0004893900918477494,""r"":20}",
     18432,       416,         0,   0.298,chromobius,85e247ca9db882fc7d79348165718f0925df866fad4e93a8414abc9526525067,"{""d"":5,""p"":0.0005736152510448681,""r"":20}",
    122880,        96,         0,   0.400,chromobius,7b8a0c103cc4c9a69c0591e728f476337ef38e5714779c79a11bd0912526afeb,"{""d"":5,""p"":0.0001,""r"":20}",
     82944,       185,         0,   0.403,chromobius,11571ef97b5bb15de06366ca20660b2d546992cdbd601a0e94f648feeb6b2cb9,"{""d"":5,""p"":0.00016102620275609394,""r"":20}",
    111616,       127,         0,   0.403,chromobius,8f4cc7a096c8acf5a76ff25c6e12a2ebe0b564466a81acee7899b239c794c992,"{""d"":5,""p"":0.00011721022975334806,""r"":20}",
     73728,       161,         0,   0.407,chromobius,4f0061d2caa5545d7cfe783ece91150749fbc62393ce2785b3bbc8b84bf2fb32,"{""d"":5,""p"":0.00018873918221350977,""r"":20}",
     97280,       150,         0,   0.401,chromobius,ea759473ddebb23b264020163b3f9e1ba05e844b0e7c802d13bb01818d3815cd,"{""d"":5,""p"":0.00013738237958832623,""r"":20}",
     62464,       203,         0,   0.406,chromobius,ba151ac3312a4242c61398eaaa047994cd226a8759fbbfc30de42d3418fc9725,"{""d"":5,""p"":0.000221221629107045,""r"":20}",
     55296,       250,         0,   0.408,chromobius,2eaa717a1b5bcc3576aa4c528abf952c84fa69233736adb6480dc7dd20943b85,"{""d"":5,""p"":0.0002592943797404667,""r"":20}",
     47104,       273,         0,   0.403,chromobius,10e865bc5c1f921bbf9a37aa02b9067117eef7c00f3793c7b1fd57f3767d07d1,"{""d"":5,""p"":0.0003039195382313198,""r"":20}",
     35840,       422,         0,   0.410,chromobius,1271a126ae04d99e2c90d97be8e1f72d45e1f6f4033fb10134ee89b98e78bc95,"{""d"":5,""p"":0.00041753189365604,""r"":20}",
     39936,       335,         0,   0.408,chromobius,abedb71b789e2c4e68195b54dd10a580b8f7d80e474a5299c7c7ce3bf1880293,"{""d"":5,""p"":0.0003562247890262444,""r"":20}",
     30720,       484,         0,   0.415,chromobius,8bb8d5c754a5722a56707218f52487fc1cf0012b330f6f6f15814cf945e37582,"{""d"":5,""p"":0.0004893900918477494,""r"":20}",
     25600,       545,         0,   0.408,chromobius,85e247ca9db882fc7d79348165718f0925df866fad4e93a8414abc9526525067,"{""d"":5,""p"":0.0005736152510448681,""r"":20}",
    176128,       141,         0,   0.560,chromobius,7b8a0c103cc4c9a69c0591e728f476337ef38e5714779c79a11bd0912526afeb,"{""d"":5,""p"":0.0001,""r"":20}",
    117760,       192,         0,   0.562,chromobius,11571ef97b5bb15de06366ca20660b2d546992cdbd601a0e94f648feeb6b2cb9,"{""d"":5,""p"":0.00016102620275609394,""r"":20}",
    154624,       174,         0,   0.562,chromobius,8f4cc7a096c8acf5a76ff25c6e12a2ebe0b564466a81acee7899b239c794c992,"{""d"":5,""p"":0.00011721022975334806,""r"":20}",
    135168,       190,         0,   0.561,chromobius,ea759473ddebb23b264020163b3f9e1ba05e844b0e7c802d13bb01818d3815cd,"{""d"":5,""p"":0.00013738237958832623,""r"":20}",
    102400,       248,         0,   0.568,chromobius,4f0061d2caa5545d7cfe783ece91150749fbc62393ce2785b3bbc8b84bf2fb32,"{""d"":5,""p"":0.00018873918221350977,""r"":20}",
     89088,       272,         0,   0.567,chromobius,ba151ac3312a4242c61398eaaa047994cd226a8759fbbfc30de42d3418fc9725,"{""d"":5,""p"":0.000221221629107045,""r"":20}",
     76800,       331,         0,   0.569,chromobius,2eaa717a1b5bcc3576aa4c528abf952c84fa69233736adb6480dc7dd20943b85,"{""d"":5,""p"":0.0002592943797404667,""r"":20}",
     65536,       385,         0,   0.571,chromobius,10e865bc5c1f921bbf9a37aa02b9067117eef7c00f3793c7b1fd57f3767d07d1,"{""d"":5,""p"":0.0003039195382313198,""r"":20}",
     50176,       577,         0,   0.575,chromobius,1271a126ae04d99e2c90d97be8e1f72d45e1f6f4033fb10134ee89b98e78bc95,"{""d"":5,""p"":0.00041753189365604,""r"":20}",
     56320,       443,         0,   0.573,chromobius,abedb71b789e2c4e68195b54dd10a580b8f7d80e474a5299c7c7ce3bf1880293,"{""d"":5,""p"":0.0003562247890262444,""r"":20}",
     41984,       663,         0,   0.570,chromobius,8bb8d5c754a5722a56707218f52487fc1cf0012b330f6f6f15814cf945e37582,"{""d"":5,""p"":0.0004893900918477494,""r"":20}",
     35840,       756,         0,   0.574,chromobius,85e247ca9db882fc7d79348165718f0925df866fad4e93a8414abc9526525067,"{""d"":5,""p"":0.0005736152510448681,""r"":20}",
    155648,       275,         0,   0.786,chromobius,11571ef97b5bb15de06366ca20660b2d546992cdbd601a0e94f648feeb6b2cb9,"{""d"":5,""p"":0.00016102620275609394,""r"":20}",
    236544,       187,         0,   0.785,chromobius,7b8a0c103cc4c9a69c0591e728f476337ef38e5714779c79a11bd0912526afeb,"{""d"":5,""p"":0.0001,""r"":20}",
    178176,       201,         0,   0.785,chromobius,8f4cc7a096c8acf5a76ff25c6e12a2ebe0b564466a81acee7899b239c794c992,"{""d"":5,""p"":0.00011721022975334806,""r"":20}",
    167936,       229,         0,   0.788,chromobius,ea759473ddebb23b264020163b3f9e1ba05e844b0e7c802d13bb01818d3815cd,"{""d"":5,""p"":0.00013738237958832623,""r"":20}",
    141312,       351,         0,   0.789,chromobius,4f0061d2caa5545d7cfe783ece91150749fbc62393ce2785b3bbc8b84bf2fb32,"{""d"":5,""p"":0.00018873918221350977,""r"":20}",
    105472,       317,         0,   0.789,chromobius,ba151ac3312a4242c61398eaaa047994cd226a8759fbbfc30de42d3418fc9725,"{""d"":5,""p"":0.000221221629107045,""r"":20}",
    103424,       409,         0,   0.791,chromobius,2eaa717a1b5bcc3576aa4c528abf952c84fa69233736adb6480dc7dd20943b85,"{""d"":5,""p"":0.0002592943797404667,""r"":20}",
     89088,       528,         0,   0.792,chromobius,10e865bc5c1f921bbf9a37aa02b9067117eef7c00f3793c7b1fd57f3767d07d1,"{""d"":5,""p"":0.0003039195382313198,""r"":20}",
     68608,       714,         0,   0.794,chromobius,1271a126ae04d99e2c90d97be8e1f72d45e1f6f4033fb10134ee89b98e78bc95,"{""d"":5,""p"":0.00041753189365604,""r"":20}",
     70656,       593,         0,   0.811,chromobius,abedb71b789e2c4e68195b54dd10a580b8f7d80e474a5299c7c7ce3bf1880293,"{""d"":5,""p"":0.0003562247890262444,""r"":20}",
     57344,       856,         0,   0.793,chromobius,8bb8d5c754a5722a56707218f52487fc1cf0012b330f6f6f15814cf945e37582,"{""d"":5,""p"":0.0004893900918477494,""r"":20}",
     49152,      1076,         0,   0.805,chromobius,85e247ca9db882fc7d79348165718f0925df866fad4e93a8414abc9526525067,"{""d"":5,""p"":0.0005736152510448681,""r"":20}",
     60416,      1215,         0,   0.972,chromobius,85e247ca9db882fc7d79348165718f0925df866fad4e93a8414abc9526525067,"{""d"":5,""p"":0.0005736152510448681,""r"":20}",
    340992,       285,         0,    1.10,chromobius,7b8a0c103cc4c9a69c0591e728f476337ef38e5714779c79a11bd0912526afeb,"{""d"":5,""p"":0.0001,""r"":20}",
    230400,       414,         0,    1.10,chromobius,11571ef97b5bb15de06366ca20660b2d546992cdbd601a0e94f648feeb6b2cb9,"{""d"":5,""p"":0.00016102620275609394,""r"":20}",
    282624,       296,         0,    1.10,chromobius,8f4cc7a096c8acf5a76ff25c6e12a2ebe0b564466a81acee7899b239c794c992,"{""d"":5,""p"":0.00011721022975334806,""r"":20}",
    241664,       317,         0,    1.10,chromobius,ea759473ddebb23b264020163b3f9e1ba05e844b0e7c802d13bb01818d3815cd,"{""d"":5,""p"":0.00013738237958832623,""r"":20}",
    198656,       483,         0,    1.10,chromobius,4f0061d2caa5545d7cfe783ece91150749fbc62393ce2785b3bbc8b84bf2fb32,"{""d"":5,""p"":0.00018873918221350977,""r"":20}",
    159744,       564,         0,    1.11,chromobius,ba151ac3312a4242c61398eaaa047994cd226a8759fbbfc30de42d3418fc9725,"{""d"":5,""p"":0.000221221629107045,""r"":20}",
    148480,       639,         0,    1.11,chromobius,2eaa717a1b5bcc3576aa4c528abf952c84fa69233736adb6480dc7dd20943b85,"{""d"":5,""p"":0.0002592943797404667,""r"":20}",
    128000,       771,         0,    1.11,chromobius,10e865bc5c1f921bbf9a37aa02b9067117eef7c00f3793c7b1fd57f3767d07d1,"{""d"":5,""p"":0.0003039195382313198,""r"":20}",
      1297,        35,         0,   0.027,chromobius,d9d777b482e90f4687bd9f9a3791dec1831954f7c63a35ff0053522a95b2fae1,"{""d"":5,""p"":0.0006723357536499335,""r"":20}",
     95232,      1080,         0,    1.11,chromobius,1271a126ae04d99e2c90d97be8e1f72d45e1f6f4033fb10134ee89b98e78bc95,"{""d"":5,""p"":0.00041753189365604,""r"":20}",
      1024,        28,         0,   0.019,chromobius,d9d777b482e90f4687bd9f9a3791dec1831954f7c63a35ff0053522a95b2fae1,"{""d"":5,""p"":0.0006723357536499335,""r"":20}",
     80896,      1141,         0,    1.11,chromobius,8bb8d5c754a5722a56707218f52487fc1cf0012b330f6f6f15814cf945e37582,"{""d"":5,""p"":0.0004893900918477494,""r"":20}",
    105472,       906,         0,    1.11,chromobius,abedb71b789e2c4e68195b54dd10a580b8f7d80e474a5299c7c7ce3bf1880293,"{""d"":5,""p"":0.0003562247890262444,""r"":20}",
      1024,        32,         0,   0.020,chromobius,d9d777b482e90f4687bd9f9a3791dec1831954f7c63a35ff0053522a95b2fae1,"{""d"":5,""p"":0.0006723357536499335,""r"":20}",
      2048,        62,         0,   0.038,chromobius,d9d777b482e90f4687bd9f9a3791dec1831954f7c63a35ff0053522a95b2fae1,"{""d"":5,""p"":0.0006723357536499335,""r"":20}",
      2048,        57,         0,   0.039,chromobius,d9d777b482e90f4687bd9f9a3791dec1831954f7c63a35ff0053522a95b2fae1,"{""d"":5,""p"":0.0006723357536499335,""r"":20}",
      3072,        83,         0,   0.057,chromobius,d9d777b482e90f4687bd9f9a3791dec1831954f7c63a35ff0053522a95b2fae1,"{""d"":5,""p"":0.0006723357536499335,""r"":20}",
      4096,       112,         0,   0.078,chromobius,d9d777b482e90f4687bd9f9a3791dec1831954f7c63a35ff0053522a95b2fae1,"{""d"":5,""p"":0.0006723357536499335,""r"":20}",
      6144,       194,         0,   0.116,chromobius,d9d777b482e90f4687bd9f9a3791dec1831954f7c63a35ff0053522a95b2fae1,"{""d"":5,""p"":0.0006723357536499335,""r"":20}",
      8192,       235,         0,   0.154,chromobius,d9d777b482e90f4687bd9f9a3791dec1831954f7c63a35ff0053522a95b2fae1,"{""d"":5,""p"":0.0006723357536499335,""r"":20}",
     45056,       701,         0,   0.611,chromobius,8bb8d5c754a5722a56707218f52487fc1cf0012b330f6f6f15814cf945e37582,"{""d"":5,""p"":0.0004893900918477494,""r"":20}",
      1297,        60,         0,   0.030,chromobius,03aa73d4ce1d4da6926ee730e18e60792557bf3632d48b4fd70cf76416be0782,"{""d"":5,""p"":0.0007880462815669912,""r"":20}",
      1024,        35,         0,   0.023,chromobius,03aa73d4ce1d4da6926ee730e18e60792557bf3632d48b4fd70cf76416be0782,"{""d"":5,""p"":0.0007880462815669912,""r"":20}",
     11264,       321,         0,   0.213,chromobius,d9d777b482e90f4687bd9f9a3791dec1831954f7c63a35ff0053522a95b2fae1,"{""d"":5,""p"":0.0006723357536499335,""r"":20}",
      1024,        36,         0,   0.023,chromobius,03aa73d4ce1d4da6926ee730e18e60792557bf3632d48b4fd70cf76416be0782,"{""d"":5,""p"":0.0007880462815669912,""r"":20}",
      2048,        87,         0,   0.045,chromobius,03aa73d4ce1d4da6926ee730e18e60792557bf3632d48b4fd70cf76416be0782,"{""d"":5,""p"":0.0007880462815669912,""r"":20}",
      2048,        76,         0,   0.047,chromobius,03aa73d4ce1d4da6926ee730e18e60792557bf3632d48b4fd70cf76416be0782,"{""d"":5,""p"":0.0007880462815669912,""r"":20}",
      3072,       132,         0,   0.069,chromobius,03aa73d4ce1d4da6926ee730e18e60792557bf3632d48b4fd70cf76416be0782,"{""d"":5,""p"":0.0007880462815669912,""r"":20}",
      4096,       165,         0,   0.091,chromobius,03aa73d4ce1d4da6926ee730e18e60792557bf3632d48b4fd70cf76416be0782,"{""d"":5,""p"":0.0007880462815669912,""r"":20}",
     15360,       468,         0,   0.288,chromobius,d9d777b482e90f4687bd9f9a3791dec1831954f7c63a35ff0053522a95b2fae1,"{""d"":5,""p"":0.0006723357536499335,""r"":20}",
      5120,       208,         0,   0.114,chromobius,03aa73d4ce1d4da6926ee730e18e60792557bf3632d48b4fd70cf76416be0782,"{""d"":5,""p"":0.0007880462815669912,""r"":20}",
    111616,      1257,         0,    1.27,chromobius,1271a126ae04d99e2c90d97be8e1f72d45e1f6f4033fb10134ee89b98e78bc95,"{""d"":5,""p"":0.00041753189365604,""r"":20}",
      7168,       307,         0,   0.160,chromobius,03aa73d4ce1d4da6926ee730e18e60792557bf3632d48b4fd70cf76416be0782,"{""d"":5,""p"":0.0007880462815669912,""r"":20}",
      1297,        72,         0,   0.035,chromobius,43eaf10a87478e38d3c290d1fd995c364c81ba9563c1dc985181328aba7d6d1c,"{""d"":5,""p"":0.0009236708571873865,""r"":20}",
      1024,        61,         0,   0.027,chromobius,43eaf10a87478e38d3c290d1fd995c364c81ba9563c1dc985181328aba7d6d1c,"{""d"":5,""p"":0.0009236708571873865,""r"":20}",
      1024,        55,         0,   0.028,chromobius,43eaf10a87478e38d3c290d1fd995c364c81ba9563c1dc985181328aba7d6d1c,"{""d"":5,""p"":0.0009236708571873865,""r"":20}",
     21504,       638,         0,   0.407,chromobius,d9d777b482e90f4687bd9f9a3791dec1831954f7c63a35ff0053522a95b2fae1,"{""d"":5,""p"":0.0006723357536499335,""r"":20}",
      2048,       110,         0,   0.054,chromobius,43eaf10a87478e38d3c290d1fd995c364c81ba9563c1dc985181328aba7d6d1c,"{""d"":5,""p"":0.0009236708571873865,""r"":20}",
    479232,       410,         0,    1.54,chromobius,7b8a0c103cc4c9a69c0591e728f476337ef38e5714779c79a11bd0912526afeb,"{""d"":5,""p"":0.0001,""r"":20}",
    321536,       650,         0,    1.54,chromobius,11571ef97b5bb15de06366ca20660b2d546992cdbd601a0e94f648feeb6b2cb9,"{""d"":5,""p"":0.00016102620275609394,""r"":20}",
     10240,       376,         0,   0.226,chromobius,03aa73d4ce1d4da6926ee730e18e60792557bf3632d48b4fd70cf76416be0782,"{""d"":5,""p"":0.0007880462815669912,""r"":20}",
    424960,       415,         0,    1.54,chromobius,8f4cc7a096c8acf5a76ff25c6e12a2ebe0b564466a81acee7899b239c794c992,"{""d"":5,""p"":0.00011721022975334806,""r"":20}",
    366592,       506,         0,    1.54,chromobius,ea759473ddebb23b264020163b3f9e1ba05e844b0e7c802d13bb01818d3815cd,"{""d"":5,""p"":0.00013738237958832623,""r"":20}",
    278528,       665,         0,    1.55,chromobius,4f0061d2caa5545d7cfe783ece91150749fbc62393ce2785b3bbc8b84bf2fb32,"{""d"":5,""p"":0.00018873918221350977,""r"":20}",
      2048,       106,         0,   0.055,chromobius,43eaf10a87478e38d3c290d1fd995c364c81ba9563c1dc985181328aba7d6d1c,"{""d"":5,""p"":0.0009236708571873865,""r"":20}",
    241664,       794,         0,    1.55,chromobius,ba151ac3312a4242c61398eaaa047994cd226a8759fbbfc30de42d3418fc9725,"{""d"":5,""p"":0.000221221629107045,""r"":20}",
    210944,       965,         0,    1.55,chromobius,2eaa717a1b5bcc3576aa4c528abf952c84fa69233736adb6480dc7dd20943b85,"{""d"":5,""p"":0.0002592943797404667,""r"":20}",
    182272,      1085,         0,    1.55,chromobius,10e865bc5c1f921bbf9a37aa02b9067117eef7c00f3793c7b1fd57f3767d07d1,"{""d"":5,""p"":0.0003039195382313198,""r"":20}",
      2048,       101,         0,   0.054,chromobius,43eaf10a87478e38d3c290d1fd995c364c81ba9563c1dc985181328aba7d6d1c,"{""d"":5,""p"":0.0009236708571873865,""r"":20}",
    156672,      1225,         0,    1.55,chromobius,abedb71b789e2c4e68195b54dd10a580b8f7d80e474a5299c7c7ce3bf1880293,"{""d"":5,""p"":0.0003562247890262444,""r"":20}",
      3072,       170,         0,   0.081,chromobius,43eaf10a87478e38d3c290d1fd995c364c81ba9563c1dc985181328aba7d6d1c,"{""d"":5,""p"":0.0009236708571873865,""r"":20}",
      4096,       223,         0,   0.108,chromobius,43eaf10a87478e38d3c290d1fd995c364c81ba9563c1dc985181328aba7d6d1c,"{""d"":5,""p"":0.0009236708571873865,""r"":20}",
     13312,       557,         0,   0.297,chromobius,03aa73d4ce1d4da6926ee730e18e60792557bf3632d48b4fd70cf76416be0782,"{""d"":5,""p"":0.0007880462815669912,""r"":20}",
      6144,       349,         0,   0.161,chromobius,43eaf10a87478e38d3c290d1fd995c364c81ba9563c1dc985181328aba7d6d1c,"{""d"":5,""p"":0.0009236708571873865,""r"":20}",
     29696,       883,         0,   0.573,chromobius,d9d777b482e90f4687bd9f9a3791dec1831954f7c63a35ff0053522a95b2fae1,"{""d"":5,""p"":0.0006723357536499335,""r"":20}",
      8192,       500,         0,   0.216,chromobius,43eaf10a87478e38d3c290d1fd995c364c81ba9563c1dc985181328aba7d6d1c,"{""d"":5,""p"":0.0009236708571873865,""r"":20}",
     18432,       751,         0,   0.413,chromobius,03aa73d4ce1d4da6926ee730e18e60792557bf3632d48b4fd70cf76416be0782,"{""d"":5,""p"":0.0007880462815669912,""r"":20}",
     86016,       692,         0,   0.851,chromobius,abedb71b789e2c4e68195b54dd10a580b8f7d80e474a5299c7c7ce3bf1880293,"{""d"":5,""p"":0.0003562247890262444,""r"":20}",
     11264,       619,         0,   0.299,chromobius,43eaf10a87478e38d3c290d1fd995c364c81ba9563c1dc985181328aba7d6d1c,"{""d"":5,""p"":0.0009236708571873865,""r"":20}",
       273,        17,         0,   0.010,chromobius,93fdd4ac9ae381e4d35423ecce85a17bdb49f81a7bf25840f0ee56553c4c13ca,"{""d"":5,""p"":0.001082636733874054,""r"":20}",
      1024,        75,         0,   0.032,chromobius,93fdd4ac9ae381e4d35423ecce85a17bdb49f81a7bf25840f0ee56553c4c13ca,"{""d"":5,""p"":0.001082636733874054,""r"":20}",
      1024,        78,         0,   0.032,chromobius,93fdd4ac9ae381e4d35423ecce85a17bdb49f81a7bf25840f0ee56553c4c13ca,"{""d"":5,""p"":0.001082636733874054,""r"":20}",
      1024,        66,         0,   0.031,chromobius,93fdd4ac9ae381e4d35423ecce85a17bdb49f81a7bf25840f0ee56553c4c13ca,"{""d"":5,""p"":0.001082636733874054,""r"":20}",
      2048,       186,         0,   0.064,chromobius,93fdd4ac9ae381e4d35423ecce85a17bdb49f81a7bf25840f0ee56553c4c13ca,"{""d"":5,""p"":0.001082636733874054,""r"":20}",
      2048,       144,         0,   0.065,chromobius,93fdd4ac9ae381e4d35423ecce85a17bdb49f81a7bf25840f0ee56553c4c13ca,"{""d"":5,""p"":0.001082636733874054,""r"":20}",
     25600,      1071,         0,   0.571,chromobius,03aa73d4ce1d4da6926ee730e18e60792557bf3632d48b4fd70cf76416be0782,"{""d"":5,""p"":0.0007880462815669912,""r"":20}",
     41984,      1280,         0,   0.794,chromobius,d9d777b482e90f4687bd9f9a3791dec1831954f7c63a35ff0053522a95b2fae1,"{""d"":5,""p"":0.0006723357536499335,""r"":20}",
      3072,       260,         0,   0.097,chromobius,93fdd4ac9ae381e4d35423ecce85a17bdb49f81a7bf25840f0ee56553c4c13ca,"{""d"":5,""p"":0.001082636733874054,""r"":20}",
     15360,       852,         0,   0.405,chromobius,43eaf10a87478e38d3c290d1fd995c364c81ba9563c1dc985181328aba7d6d1c,"{""d"":5,""p"":0.0009236708571873865,""r"":20}",
      4096,       327,         0,   0.128,chromobius,93fdd4ac9ae381e4d35423ecce85a17bdb49f81a7bf25840f0ee56553c4c13ca,"{""d"":5,""p"":0.001082636733874054,""r"":20}",
      5120,       375,         0,   0.159,chromobius,93fdd4ac9ae381e4d35423ecce85a17bdb49f81a7bf25840f0ee56553c4c13ca,"{""d"":5,""p"":0.001082636733874054,""r"":20}",
     22528,       589,         0,   0.429,chromobius,d9d777b482e90f4687bd9f9a3791dec1831954f7c63a35ff0053522a95b2fae1,"{""d"":5,""p"":0.0006723357536499335,""r"":20}",
       273,        22,         0,   0.011,chromobius,1fef72c17684f9cfb32c67470279be70081e5ead5361f99c61ea0f140682b117,"{""d"":5,""p"":0.0012689610031679222,""r"":20}",
      1024,       112,         0,   0.037,chromobius,1fef72c17684f9cfb32c67470279be70081e5ead5361f99c61ea0f140682b117,"{""d"":5,""p"":0.0012689610031679222,""r"":20}",
      7168,       557,         0,   0.224,chromobius,93fdd4ac9ae381e4d35423ecce85a17bdb49f81a7bf25840f0ee56553c4c13ca,"{""d"":5,""p"":0.001082636733874054,""r"":20}",
      1024,       101,         0,   0.038,chromobius,1fef72c17684f9cfb32c67470279be70081e5ead5361f99c61ea0f140682b117,"{""d"":5,""p"":0.0012689610031679222,""r"":20}",
    211968,      1247,         0,    1.80,chromobius,10e865bc5c1f921bbf9a37aa02b9067117eef7c00f3793c7b1fd57f3767d07d1,"{""d"":5,""p"":0.0003039195382313198,""r"":20}",
      1024,       101,         0,   0.034,chromobius,1fef72c17684f9cfb32c67470279be70081e5ead5361f99c61ea0f140682b117,"{""d"":5,""p"":0.0012689610031679222,""r"":20}",
       273,        46,         0,   0.013,chromobius,0285d88d4887510d3b5ce08e07f17ce424125ab41b71e44ab1f53b8d0335e35c,"{""d"":5,""p"":0.0014873521072935117,""r"":20}",
     27648,      1181,         0,   0.614,chromobius,03aa73d4ce1d4da6926ee730e18e60792557bf3632d48b4fd70cf76416be0782,"{""d"":5,""p"":0.0007880462815669912,""r"":20}",
     21504,      1177,         0,   0.571,chromobius,43eaf10a87478e38d3c290d1fd995c364c81ba9563c1dc985181328aba7d6d1c,"{""d"":5,""p"":0.0009236708571873865,""r"":20}",
      1024,       140,         0,   0.045,chromobius,0285d88d4887510d3b5ce08e07f17ce424125ab41b71e44ab1f53b8d0335e35c,"{""d"":5,""p"":0.0014873521072935117,""r"":20}",
      2048,       215,         0,   0.073,chromobius,1fef72c17684f9cfb32c67470279be70081e5ead5361f99c61ea0f140682b117,"{""d"":5,""p"":0.0012689610031679222,""r"":20}",
       273,        44,         0,   0.015,chromobius,1b0ac57f943ffb9766c75b122d92b1e3c9c1f844a5da8d9764a4c83c59634cb6,"{""d"":5,""p"":0.0017433288221999873,""r"":20}",
      1024,       128,         0,   0.045,chromobius,0285d88d4887510d3b5ce08e07f17ce424125ab41b71e44ab1f53b8d0335e35c,"{""d"":5,""p"":0.0014873521072935117,""r"":20}",
      1024,       181,         0,   0.054,chromobius,1b0ac57f943ffb9766c75b122d92b1e3c9c1f844a5da8d9764a4c83c59634cb6,"{""d"":5,""p"":0.0017433288221999873,""r"":20}",
      2048,       202,         0,   0.076,chromobius,1fef72c17684f9cfb32c67470279be70081e5ead5361f99c61ea0f140682b117,"{""d"":5,""p"":0.0012689610031679222,""r"":20}",
      1024,       124,         0,   0.046,chromobius,0285d88d4887510d3b5ce08e07f17ce424125ab41b71e44ab1f53b8d0335e35c,"{""d"":5,""p"":0.0014873521072935117,""r"":20}",
      1024,       194,         0,   0.054,chromobius,1b0ac57f943ffb9766c75b122d92b1e3c9c1f844a5da8d9764a4c83c59634cb6,"{""d"":5,""p"":0.0017433288221999873,""r"":20}",
      1024,       140,         0,   0.046,chromobius,0285d88d4887510d3b5ce08e07f17ce424125ab41b71e44ab1f53b8d0335e35c,"{""d"":5,""p"":0.0014873521072935117,""r"":20}",
      2048,       215,         0,   0.077,chromobius,1fef72c17684f9cfb32c67470279be70081e5ead5361f99c61ea0f140682b117,"{""d"":5,""p"":0.0012689610031679222,""r"":20}",
      1024,       190,         0,   0.055,chromobius,1b0ac57f943ffb9766c75b122d92b1e3c9c1f844a5da8d9764a4c83c59634cb6,"{""d"":5,""p"":0.0017433288221999873,""r"":20}",
     10240,       767,         0,   0.318,chromobius,93fdd4ac9ae381e4d35423ecce85a17bdb49f81a7bf25840f0ee56553c4c13ca,"{""d"":5,""p"":0.001082636733874054,""r"":20}",
    671744,       535,         0,    2.15,chromobius,7b8a0c103cc4c9a69c0591e728f476337ef38e5714779c79a11bd0912526afeb,"{""d"":5,""p"":0.0001,""r"":20}",
    451584,       786,         0,    2.16,chromobius,11571ef97b5bb15de06366ca20660b2d546992cdbd601a0e94f648feeb6b2cb9,"{""d"":5,""p"":0.00016102620275609394,""r"":20}",
      2048,       279,         0,   0.094,chromobius,0285d88d4887510d3b5ce08e07f17ce424125ab41b71e44ab1f53b8d0335e35c,"{""d"":5,""p"":0.0014873521072935117,""r"":20}",
      1024,       187,         0,   0.055,chromobius,1b0ac57f943ffb9766c75b122d92b1e3c9c1f844a5da8d9764a4c83c59634cb6,"{""d"":5,""p"":0.0017433288221999873,""r"":20}",
    593920,       621,         0,    2.15,chromobius,8f4cc7a096c8acf5a76ff25c6e12a2ebe0b564466a81acee7899b239c794c992,"{""d"":5,""p"":0.00011721022975334806,""r"":20}",
    520192,       689,         0,    2.16,chromobius,ea759473ddebb23b264020163b3f9e1ba05e844b0e7c802d13bb01818d3815cd,"{""d"":5,""p"":0.00013738237958832623,""r"":20}",
    389120,       910,         0,    2.17,chromobius,4f0061d2caa5545d7cfe783ece91150749fbc62393ce2785b3bbc8b84bf2fb32,"{""d"":5,""p"":0.00018873918221350977,""r"":20}",
    340992,      1093,         0,    2.17,chromobius,ba151ac3312a4242c61398eaaa047994cd226a8759fbbfc30de42d3418fc9725,"{""d"":5,""p"":0.000221221629107045,""r"":20}",
    293888,      1307,         0,    2.17,chromobius,2eaa717a1b5bcc3576aa4c528abf952c84fa69233736adb6480dc7dd20943b85,"{""d"":5,""p"":0.0002592943797404667,""r"":20}",
     11264,       631,         0,   0.296,chromobius,43eaf10a87478e38d3c290d1fd995c364c81ba9563c1dc985181328aba7d6d1c,"{""d"":5,""p"":0.0009236708571873865,""r"":20}",
      3072,       323,         0,   0.116,chromobius,1fef72c17684f9cfb32c67470279be70081e5ead5361f99c61ea0f140682b117,"{""d"":5,""p"":0.0012689610031679222,""r"":20}",
      1024,       200,         0,   0.054,chromobius,1b0ac57f943ffb9766c75b122d92b1e3c9c1f844a5da8d9764a4c83c59634cb6,"{""d"":5,""p"":0.0017433288221999873,""r"":20}",
      2048,       268,         0,   0.095,chromobius,0285d88d4887510d3b5ce08e07f17ce424125ab41b71e44ab1f53b8d0335e35c,"{""d"":5,""p"":0.0014873521072935117,""r"":20}",
       273,        59,         0,   0.018,chromobius,b2d47fc213bc9d01ee5a2fdf2c97f38b68e14ef8369111a8bee2ac6f063610d0,"{""d"":5,""p"":0.0020433597178569417,""r"":20}",
      1024,       252,         0,   0.065,chromobius,b2d47fc213bc9d01ee5a2fdf2c97f38b68e14ef8369111a8bee2ac6f063610d0,"{""d"":5,""p"":0.0020433597178569417,""r"":20}",
      2048,       371,         0,   0.107,chromobius,1b0ac57f943ffb9766c75b122d92b1e3c9c1f844a5da8d9764a4c83c59634cb6,"{""d"":5,""p"":0.0017433288221999873,""r"":20}",
      4096,       433,         0,   0.149,chromobius,1fef72c17684f9cfb32c67470279be70081e5ead5361f99c61ea0f140682b117,"{""d"":5,""p"":0.0012689610031679222,""r"":20}",
      1024,       249,         0,   0.065,chromobius,b2d47fc213bc9d01ee5a2fdf2c97f38b68e14ef8369111a8bee2ac6f063610d0,"{""d"":5,""p"":0.0020433597178569417,""r"":20}",
      3072,       434,         0,   0.136,chromobius,0285d88d4887510d3b5ce08e07f17ce424125ab41b71e44ab1f53b8d0335e35c,"{""d"":5,""p"":0.0014873521072935117,""r"":20}",
      2048,       373,         0,   0.109,chromobius,1b0ac57f943ffb9766c75b122d92b1e3c9c1f844a5da8d9764a4c83c59634cb6,"{""d"":5,""p"":0.0017433288221999873,""r"":20}",
      1024,       238,         0,   0.064,chromobius,b2d47fc213bc9d01ee5a2fdf2c97f38b68e14ef8369111a8bee2ac6f063610d0,"{""d"":5,""p"":0.0020433597178569417,""r"":20}",
      1024,       233,         0,   0.064,chromobius,b2d47fc213bc9d01ee5a2fdf2c97f38b68e14ef8369111a8bee2ac6f063610d0,"{""d"":5,""p"":0.0020433597178569417,""r"":20}",
     13312,      1025,         0,   0.418,chromobius,93fdd4ac9ae381e4d35423ecce85a17bdb49f81a7bf25840f0ee56553c4c13ca,"{""d"":5,""p"":0.001082636733874054,""r"":20}",
      4096,       573,         0,   0.180,chromobius,0285d88d4887510d3b5ce08e07f17ce424125ab41b71e44ab1f53b8d0335e35c,"{""d"":5,""p"":0.0014873521072935117,""r"":20}",
      1024,       234,         0,   0.064,chromobius,b2d47fc213bc9d01ee5a2fdf2c97f38b68e14ef8369111a8bee2ac6f063610d0,"{""d"":5,""p"":0.0020433597178569417,""r"":20}",
      6144,       626,         0,   0.229,chromobius,1fef72c17684f9cfb32c67470279be70081e5ead5361f99c61ea0f140682b117,"{""d"":5,""p"":0.0012689610031679222,""r"":20}",
      3072,       593,         0,   0.164,chromobius,1b0ac57f943ffb9766c75b122d92b1e3c9c1f844a5da8d9764a4c83c59634cb6,"{""d"":5,""p"":0.0017433288221999873,""r"":20}",
      2048,       490,         0,   0.129,chromobius,b2d47fc213bc9d01ee5a2fdf2c97f38b68e14ef8369111a8bee2ac6f063610d0,"{""d"":5,""p"":0.0020433597178569417,""r"":20}",
      5120,       689,         0,   0.224,chromobius,0285d88d4887510d3b5ce08e07f17ce424125ab41b71e44ab1f53b8d0335e35c,"{""d"":5,""p"":0.0014873521072935117,""r"":20}",
      4096,       816,         0,   0.215,chromobius,1b0ac57f943ffb9766c75b122d92b1e3c9c1f844a5da8d9764a4c83c59634cb6,"{""d"":5,""p"":0.0017433288221999873,""r"":20}",
      2048,       470,         0,   0.129,chromobius,b2d47fc213bc9d01ee5a2fdf2c97f38b68e14ef8369111a8bee2ac6f063610d0,"{""d"":5,""p"":0.0020433597178569417,""r"":20}",
      8192,       839,         0,   0.304,chromobius,1fef72c17684f9cfb32c67470279be70081e5ead5361f99c61ea0f140682b117,"{""d"":5,""p"":0.0012689610031679222,""r"":20}",
     15360,      1163,         0,   0.484,chromobius,93fdd4ac9ae381e4d35423ecce85a17bdb49f81a7bf25840f0ee56553c4c13ca,"{""d"":5,""p"":0.001082636733874054,""r"":20}",
    113664,       501,         0,   0.826,chromobius,2eaa717a1b5bcc3576aa4c528abf952c84fa69233736adb6480dc7dd20943b85,"{""d"":5,""p"":0.0002592943797404667,""r"":20}",
      3072,       652,         0,   0.190,chromobius,b2d47fc213bc9d01ee5a2fdf2c97f38b68e14ef8369111a8bee2ac6f063610d0,"{""d"":5,""p"":0.0020433597178569417,""r"":20}",
       273,        90,         0,   0.022,chromobius,14f44ed325627323b0868c0afdaa33be024a7e1f14e3145c5260e6bb92e5c16b,"{""d"":5,""p"":0.002395026619987486,""r"":20}",
       273,        90,         0,   0.025,chromobius,a47287c51597be3c925546bd59511ccc17c00f44dea075030ea01e552d64b6b5,"{""d"":5,""p"":0.0028072162039411755,""r"":20}",
      7168,      1031,         0,   0.317,chromobius,0285d88d4887510d3b5ce08e07f17ce424125ab41b71e44ab1f53b8d0335e35c,"{""d"":5,""p"":0.0014873521072935117,""r"":20}",
      6144,      1105,         0,   0.325,chromobius,1b0ac57f943ffb9766c75b122d92b1e3c9c1f844a5da8d9764a4c83c59634cb6,"{""d"":5,""p"":0.0017433288221999873,""r"":20}",
      1024,       281,         0,   0.079,chromobius,14f44ed325627323b0868c0afdaa33be024a7e1f14e3145c5260e6bb92e5c16b,"{""d"":5,""p"":0.002395026619987486,""r"":20}",
      1024,       368,         0,   0.092,chromobius,a47287c51597be3c925546bd59511ccc17c00f44dea075030ea01e552d64b6b5,"{""d"":5,""p"":0.0028072162039411755,""r"":20}",
      1024,       306,         0,   0.078,chromobius,14f44ed325627323b0868c0afdaa33be024a7e1f14e3145c5260e6bb92e5c16b,"{""d"":5,""p"":0.002395026619987486,""r"":20}",
      1024,       374,         0,   0.091,chromobius,a47287c51597be3c925546bd59511ccc17c00f44dea075030ea01e552d64b6b5,"{""d"":5,""p"":0.0028072162039411755,""r"":20}",
      4096,       979,         0,   0.259,chromobius,b2d47fc213bc9d01ee5a2fdf2c97f38b68e14ef8369111a8bee2ac6f063610d0,"{""d"":5,""p"":0.0020433597178569417,""r"":20}",
     11264,      1133,         0,   0.410,chromobius,1fef72c17684f9cfb32c67470279be70081e5ead5361f99c61ea0f140682b117,"{""d"":5,""p"":0.0012689610031679222,""r"":20}",
      1024,       301,         0,   0.079,chromobius,14f44ed325627323b0868c0afdaa33be024a7e1f14e3145c5260e6bb92e5c16b,"{""d"":5,""p"":0.002395026619987486,""r"":20}",
      4096,       758,         0,   0.215,chromobius,1b0ac57f943ffb9766c75b122d92b1e3c9c1f844a5da8d9764a4c83c59634cb6,"{""d"":5,""p"":0.0017433288221999873,""r"":20}",
      1024,       354,         0,   0.090,chromobius,a47287c51597be3c925546bd59511ccc17c00f44dea075030ea01e552d64b6b5,"{""d"":5,""p"":0.0028072162039411755,""r"":20}",
      1024,       312,         0,   0.078,chromobius,14f44ed325627323b0868c0afdaa33be024a7e1f14e3145c5260e6bb92e5c16b,"{""d"":5,""p"":0.002395026619987486,""r"":20}",
       273,       114,         0,   0.029,chromobius,34e9f703564153a047894891c912c3a9a5b6e52698d197da0983535110cf436a,"{""d"":5,""p"":0.0032903445623126675,""r"":20}",
      1024,       374,         0,   0.091,chromobius,a47287c51597be3c925546bd59511ccc17c00f44dea075030ea01e552d64b6b5,"{""d"":5,""p"":0.0028072162039411755,""r"":20}",
      1024,       326,         0,   0.078,chromobius,14f44ed325627323b0868c0afdaa33be024a7e1f14e3145c5260e6bb92e5c16b,"{""d"":5,""p"":0.002395026619987486,""r"":20}",
      9216,      1283,         0,   0.408,chromobius,0285d88d4887510d3b5ce08e07f17ce424125ab41b71e44ab1f53b8d0335e35c,"{""d"":5,""p"":0.0014873521072935117,""r"":20}",
      1024,       423,         0,   0.109,chromobius,34e9f703564153a047894891c912c3a9a5b6e52698d197da0983535110cf436a,"{""d"":5,""p"":0.0032903445623126675,""r"":20}",
      1024,       378,         0,   0.091,chromobius,a47287c51597be3c925546bd59511ccc17c00f44dea075030ea01e552d64b6b5,"{""d"":5,""p"":0.0028072162039411755,""r"":20}",
      1024,       306,         0,   0.077,chromobius,14f44ed325627323b0868c0afdaa33be024a7e1f14e3145c5260e6bb92e5c16b,"{""d"":5,""p"":0.002395026619987486,""r"":20}",
      7168,       744,         0,   0.270,chromobius,1fef72c17684f9cfb32c67470279be70081e5ead5361f99c61ea0f140682b117,"{""d"":5,""p"":0.0012689610031679222,""r"":20}",
       273,       129,         0,   0.032,chromobius,930d41622a2c10640f115af05e1999e8e69ad06ee40bd9ad8491fdb8884b1765,"{""d"":5,""p"":0.0038566204211634724,""r"":20}",
      5120,      1205,         0,   0.324,chromobius,b2d47fc213bc9d01ee5a2fdf2c97f38b68e14ef8369111a8bee2ac6f063610d0,"{""d"":5,""p"":0.0020433597178569417,""r"":20}",
      1024,       354,         0,   0.092,chromobius,a47287c51597be3c925546bd59511ccc17c00f44dea075030ea01e552d64b6b5,"{""d"":5,""p"":0.0028072162039411755,""r"":20}",
      1024,       403,         0,   0.113,chromobius,34e9f703564153a047894891c912c3a9a5b6e52698d197da0983535110cf436a,"{""d"":5,""p"":0.0032903445623126675,""r"":20}",
       273,       148,         0,   0.043,chromobius,be4a2d11638b9511a421504b7bdd2cf4203f1ccd1996d35f40a93951a42b1a36,"{""d"":5,""p"":0.004520353656360241,""r"":20}",
       273,       153,         0,   0.049,chromobius,b23993d962a194a689ebab779294262ea4dd64707ad518e914d0aff0224d0501,"{""d"":5,""p"":0.005298316906283708,""r"":20}",
      2048,       622,         0,   0.154,chromobius,14f44ed325627323b0868c0afdaa33be024a7e1f14e3145c5260e6bb92e5c16b,"{""d"":5,""p"":0.002395026619987486,""r"":20}",
      1024,       474,         0,   0.129,chromobius,930d41622a2c10640f115af05e1999e8e69ad06ee40bd9ad8491fdb8884b1765,"{""d"":5,""p"":0.0038566204211634724,""r"":20}",
      1024,       417,         0,   0.108,chromobius,34e9f703564153a047894891c912c3a9a5b6e52698d197da0983535110cf436a,"{""d"":5,""p"":0.0032903445623126675,""r"":20}",
      1024,       513,         0,   0.155,chromobius,be4a2d11638b9511a421504b7bdd2cf4203f1ccd1996d35f40a93951a42b1a36,"{""d"":5,""p"":0.004520353656360241,""r"":20}",
      2048,       695,         0,   0.183,chromobius,a47287c51597be3c925546bd59511ccc17c00f44dea075030ea01e552d64b6b5,"{""d"":5,""p"":0.0028072162039411755,""r"":20}",
      1024,       495,         0,   0.129,chromobius,930d41622a2c10640f115af05e1999e8e69ad06ee40bd9ad8491fdb8884b1765,"{""d"":5,""p"":0.0038566204211634724,""r"":20}",
      1024,       446,         0,   0.110,chromobius,34e9f703564153a047894891c912c3a9a5b6e52698d197da0983535110cf436a,"{""d"":5,""p"":0.0032903445623126675,""r"":20}",
      2048,       641,         0,   0.155,chromobius,14f44ed325627323b0868c0afdaa33be024a7e1f14e3145c5260e6bb92e5c16b,"{""d"":5,""p"":0.002395026619987486,""r"":20}",
      1024,       507,         0,   0.180,chromobius,b23993d962a194a689ebab779294262ea4dd64707ad518e914d0aff0224d0501,"{""d"":5,""p"":0.005298316906283708,""r"":20}",
      1024,       490,         0,   0.151,chromobius,be4a2d11638b9511a421504b7bdd2cf4203f1ccd1996d35f40a93951a42b1a36,"{""d"":5,""p"":0.004520353656360241,""r"":20}",
      1024,       426,         0,   0.107,chromobius,34e9f703564153a047894891c912c3a9a5b6e52698d197da0983535110cf436a,"{""d"":5,""p"":0.0032903445623126675,""r"":20}",
      1024,       465,         0,   0.127,chromobius,930d41622a2c10640f115af05e1999e8e69ad06ee40bd9ad8491fdb8884b1765,"{""d"":5,""p"":0.0038566204211634724,""r"":20}",
      2048,       693,         0,   0.185,chromobius,a47287c51597be3c925546bd59511ccc17c00f44dea075030ea01e552d64b6b5,"{""d"":5,""p"":0.0028072162039411755,""r"":20}",
      1024,       497,         0,   0.178,chromobius,b23993d962a194a689ebab779294262ea4dd64707ad518e914d0aff0224d0501,"{""d"":5,""p"":0.005298316906283708,""r"":20}",
      1024,       418,         0,   0.108,chromobius,34e9f703564153a047894891c912c3a9a5b6e52698d197da0983535110cf436a,"{""d"":5,""p"":0.0032903445623126675,""r"":20}",
      3072,       914,         0,   0.231,chromobius,14f44ed325627323b0868c0afdaa33be024a7e1f14e3145c5260e6bb92e5c16b,"{""d"":5,""p"":0.002395026619987486,""r"":20}",
      1024,       486,         0,   0.130,chromobius,930d41622a2c10640f115af05e1999e8e69ad06ee40bd9ad8491fdb8884b1765,"{""d"":5,""p"":0.0038566204211634724,""r"":20}",
      1024,       502,         0,   0.158,chromobius,be4a2d11638b9511a421504b7bdd2cf4203f1ccd1996d35f40a93951a42b1a36,"{""d"":5,""p"":0.004520353656360241,""r"":20}",
      1024,       439,         0,   0.112,chromobius,34e9f703564153a047894891c912c3a9a5b6e52698d197da0983535110cf436a,"{""d"":5,""p"":0.0032903445623126675,""r"":20}",
      1024,       515,         0,   0.178,chromobius,b23993d962a194a689ebab779294262ea4dd64707ad518e914d0aff0224d0501,"{""d"":5,""p"":0.005298316906283708,""r"":20}",
      1024,       482,         0,   0.129,chromobius,930d41622a2c10640f115af05e1999e8e69ad06ee40bd9ad8491fdb8884b1765,"{""d"":5,""p"":0.0038566204211634724,""r"":20}",
      1024,       514,         0,   0.153,chromobius,be4a2d11638b9511a421504b7bdd2cf4203f1ccd1996d35f40a93951a42b1a36,"{""d"":5,""p"":0.004520353656360241,""r"":20}",
      3072,      1112,         0,   0.275,chromobius,a47287c51597be3c925546bd59511ccc17c00f44dea075030ea01e552d64b6b5,"{""d"":5,""p"":0.0028072162039411755,""r"":20}",
      3072,       929,         0,   0.230,chromobius,14f44ed325627323b0868c0afdaa33be024a7e1f14e3145c5260e6bb92e5c16b,"{""d"":5,""p"":0.002395026619987486,""r"":20}",
      1024,       454,         0,   0.131,chromobius,930d41622a2c10640f115af05e1999e8e69ad06ee40bd9ad8491fdb8884b1765,"{""d"":5,""p"":0.0038566204211634724,""r"":20}",
      1024,       362,         0,   0.093,chromobius,a47287c51597be3c925546bd59511ccc17c00f44dea075030ea01e552d64b6b5,"{""d"":5,""p"":0.0028072162039411755,""r"":20}",
      2048,       848,         0,   0.219,chromobius,34e9f703564153a047894891c912c3a9a5b6e52698d197da0983535110cf436a,"{""d"":5,""p"":0.0032903445623126675,""r"":20}",
      1024,       522,         0,   0.176,chromobius,b23993d962a194a689ebab779294262ea4dd64707ad518e914d0aff0224d0501,"{""d"":5,""p"":0.005298316906283708,""r"":20}",
       273,       143,         0,   0.051,chromobius,ed1263d926f50b41e3ff6d049187914bb4d96c8c25bc71943bb28b0be93ab041,"{""d"":5,""p"":0.006210169418915616,""r"":20}",
      1024,       507,         0,   0.152,chromobius,be4a2d11638b9511a421504b7bdd2cf4203f1ccd1996d35f40a93951a42b1a36,"{""d"":5,""p"":0.004520353656360241,""r"":20}",
       273,       131,         0,   0.064,chromobius,d1201e9287c4d35efce63903a215ca6677cb72ce239d2f52a481cbaf691badab,"{""d"":5,""p"":0.007278953843983146,""r"":20}",
      1024,       458,         0,   0.130,chromobius,930d41622a2c10640f115af05e1999e8e69ad06ee40bd9ad8491fdb8884b1765,"{""d"":5,""p"":0.0038566204211634724,""r"":20}",
      1024,       500,         0,   0.150,chromobius,be4a2d11638b9511a421504b7bdd2cf4203f1ccd1996d35f40a93951a42b1a36,"{""d"":5,""p"":0.004520353656360241,""r"":20}",
      1024,       498,         0,   0.176,chromobius,b23993d962a194a689ebab779294262ea4dd64707ad518e914d0aff0224d0501,"{""d"":5,""p"":0.005298316906283708,""r"":20}",
      2048,       852,         0,   0.218,chromobius,34e9f703564153a047894891c912c3a9a5b6e52698d197da0983535110cf436a,"{""d"":5,""p"":0.0032903445623126675,""r"":20}",
      1024,       494,         0,   0.208,chromobius,ed1263d926f50b41e3ff6d049187914bb4d96c8c25bc71943bb28b0be93ab041,"{""d"":5,""p"":0.006210169418915616,""r"":20}",
      1024,       509,         0,   0.238,chromobius,d1201e9287c4d35efce63903a215ca6677cb72ce239d2f52a481cbaf691badab,"{""d"":5,""p"":0.007278953843983146,""r"":20}",
      1024,       510,         0,   0.151,chromobius,be4a2d11638b9511a421504b7bdd2cf4203f1ccd1996d35f40a93951a42b1a36,"{""d"":5,""p"":0.004520353656360241,""r"":20}",
      1024,       393,         0,   0.108,chromobius,34e9f703564153a047894891c912c3a9a5b6e52698d197da0983535110cf436a,"{""d"":5,""p"":0.0032903445623126675,""r"":20}",
    402432,      1283,         0,    2.55,chromobius,ba151ac3312a4242c61398eaaa047994cd226a8759fbbfc30de42d3418fc9725,"{""d"":5,""p"":0.000221221629107045,""r"":20}",
      2048,       916,         0,   0.257,chromobius,930d41622a2c10640f115af05e1999e8e69ad06ee40bd9ad8491fdb8884b1765,"{""d"":5,""p"":0.0038566204211634724,""r"":20}",
      1024,       494,         0,   0.176,chromobius,b23993d962a194a689ebab779294262ea4dd64707ad518e914d0aff0224d0501,"{""d"":5,""p"":0.005298316906283708,""r"":20}",
      1024,       460,         0,   0.207,chromobius,ed1263d926f50b41e3ff6d049187914bb4d96c8c25bc71943bb28b0be93ab041,"{""d"":5,""p"":0.006210169418915616,""r"":20}",
       273,       134,         0,   0.073,chromobius,5ba41998e593ed35b565fbb2a34a347755cb9fa85101fe7e054715c95e938331,"{""d"":5,""p"":0.008531678524172805,""r"":20}",
       273,       108,         0,   0.082,chromobius,3f32a41f82afd068d6cd1d8f33aa675286b5683a0341cfb574d406d16ec5797c,"{""d"":5,""p"":0.01,""r"":20}",
      1024,       491,         0,   0.151,chromobius,be4a2d11638b9511a421504b7bdd2cf4203f1ccd1996d35f40a93951a42b1a36,"{""d"":5,""p"":0.004520353656360241,""r"":20}",
      1024,       519,         0,   0.180,chromobius,b23993d962a194a689ebab779294262ea4dd64707ad518e914d0aff0224d0501,"{""d"":5,""p"":0.005298316906283708,""r"":20}",
      1024,       514,         0,   0.230,chromobius,d1201e9287c4d35efce63903a215ca6677cb72ce239d2f52a481cbaf691badab,"{""d"":5,""p"":0.007278953843983146,""r"":20}",
      2048,       902,         0,   0.255,chromobius,930d41622a2c10640f115af05e1999e8e69ad06ee40bd9ad8491fdb8884b1765,"{""d"":5,""p"":0.0038566204211634724,""r"":20}",
      1024,       515,         0,   0.210,chromobius,ed1263d926f50b41e3ff6d049187914bb4d96c8c25bc71943bb28b0be93ab041,"{""d"":5,""p"":0.006210169418915616,""r"":20}",
      1297,         1,         0,   0.014,chromobius,ae176568e2f3c8f508e1263c83b8a3ab0cdc6d9f693eac514d94982e41260ad5,"{""d"":7,""p"":0.0001,""r"":28}",
      1024,       490,         0,   0.179,chromobius,b23993d962a194a689ebab779294262ea4dd64707ad518e914d0aff0224d0501,"{""d"":5,""p"":0.005298316906283708,""r"":20}",
      2048,         0,         0,   0.020,chromobius,ae176568e2f3c8f508e1263c83b8a3ab0cdc6d9f693eac514d94982e41260ad5,"{""d"":7,""p"":0.0001,""r"":28}",
      1024,       514,         0,   0.274,chromobius,5ba41998e593ed35b565fbb2a34a347755cb9fa85101fe7e054715c95e938331,"{""d"":5,""p"":0.008531678524172805,""r"":20}",
      3072,         0,         0,   0.029,chromobius,ae176568e2f3c8f508e1263c83b8a3ab0cdc6d9f693eac514d94982e41260ad5,"{""d"":7,""p"":0.0001,""r"":28}",
      1024,       523,         0,   0.301,chromobius,3f32a41f82afd068d6cd1d8f33aa675286b5683a0341cfb574d406d16ec5797c,"{""d"":5,""p"":0.01,""r"":20}",
      2048,       981,         0,   0.303,chromobius,be4a2d11638b9511a421504b7bdd2cf4203f1ccd1996d35f40a93951a42b1a36,"{""d"":5,""p"":0.004520353656360241,""r"":20}",
      3072,         0,         0,   0.028,chromobius,ae176568e2f3c8f508e1263c83b8a3ab0cdc6d9f693eac514d94982e41260ad5,"{""d"":7,""p"":0.0001,""r"":28}",
    929792,       716,         0,    3.01,chromobius,7b8a0c103cc4c9a69c0591e728f476337ef38e5714779c79a11bd0912526afeb,"{""d"":5,""p"":0.0001,""r"":20}",
    633856,      1145,         0,    3.02,chromobius,11571ef97b5bb15de06366ca20660b2d546992cdbd601a0e94f648feeb6b2cb9,"{""d"":5,""p"":0.00016102620275609394,""r"":20}",
      1024,       503,         0,   0.244,chromobius,d1201e9287c4d35efce63903a215ca6677cb72ce239d2f52a481cbaf691badab,"{""d"":5,""p"":0.007278953843983146,""r"":20}",
    827392,       806,         0,    3.01,chromobius,8f4cc7a096c8acf5a76ff25c6e12a2ebe0b564466a81acee7899b239c794c992,"{""d"":5,""p"":0.00011721022975334806,""r"":20}",
    723968,       998,         0,    3.02,chromobius,ea759473ddebb23b264020163b3f9e1ba05e844b0e7c802d13bb01818d3815cd,"{""d"":5,""p"":0.00013738237958832623,""r"":20}",
    541696,      1293,         0,    3.03,chromobius,4f0061d2caa5545d7cfe783ece91150749fbc62393ce2785b3bbc8b84bf2fb32,"{""d"":5,""p"":0.00018873918221350977,""r"":20}",
      5120,         3,         0,   0.045,chromobius,ae176568e2f3c8f508e1263c83b8a3ab0cdc6d9f693eac514d94982e41260ad5,"{""d"":7,""p"":0.0001,""r"":28}",
      1024,       505,         0,   0.208,chromobius,ed1263d926f50b41e3ff6d049187914bb4d96c8c25bc71943bb28b0be93ab041,"{""d"":5,""p"":0.006210169418915616,""r"":20}",
      1297,         0,         0,   0.016,chromobius,9bad20ffceef682702084ef23fff5bcc2d4eb0683db23fbcd0bfed14d8705a02,"{""d"":7,""p"":0.00011721022975334806,""r"":28}",
      6144,         2,         0,   0.057,chromobius,ae176568e2f3c8f508e1263c83b8a3ab0cdc6d9f693eac514d94982e41260ad5,"{""d"":7,""p"":0.0001,""r"":28}",
      2048,         0,         0,   0.022,chromobius,9bad20ffceef682702084ef23fff5bcc2d4eb0683db23fbcd0bfed14d8705a02,"{""d"":7,""p"":0.00011721022975334806,""r"":28}",
      2048,         2,         0,   0.022,chromobius,9bad20ffceef682702084ef23fff5bcc2d4eb0683db23fbcd0bfed14d8705a02,"{""d"":7,""p"":0.00011721022975334806,""r"":28}",
      3072,         1,         0,   0.033,chromobius,9bad20ffceef682702084ef23fff5bcc2d4eb0683db23fbcd0bfed14d8705a02,"{""d"":7,""p"":0.00011721022975334806,""r"":28}",
      8192,         1,         0,   0.076,chromobius,ae176568e2f3c8f508e1263c83b8a3ab0cdc6d9f693eac514d94982e41260ad5,"{""d"":7,""p"":0.0001,""r"":28}",
      1024,       502,         0,   0.270,chromobius,5ba41998e593ed35b565fbb2a34a347755cb9fa85101fe7e054715c95e938331,"{""d"":5,""p"":0.008531678524172805,""r"":20}",
      4096,         1,         0,   0.044,chromobius,9bad20ffceef682702084ef23fff5bcc2d4eb0683db23fbcd0bfed14d8705a02,"{""d"":7,""p"":0.00011721022975334806,""r"":28}",
      1024,       520,         0,   0.240,chromobius,d1201e9287c4d35efce63903a215ca6677cb72ce239d2f52a481cbaf691badab,"{""d"":5,""p"":0.007278953843983146,""r"":20}",
      5120,         1,         0,   0.055,chromobius,9bad20ffceef682702084ef23fff5bcc2d4eb0683db23fbcd0bfed14d8705a02,"{""d"":7,""p"":0.00011721022975334806,""r"":28}",
      1024,       498,         0,   0.207,chromobius,ed1263d926f50b41e3ff6d049187914bb4d96c8c25bc71943bb28b0be93ab041,"{""d"":5,""p"":0.006210169418915616,""r"":20}",
     11264,         4,         0,   0.105,chromobius,ae176568e2f3c8f508e1263c83b8a3ab0cdc6d9f693eac514d94982e41260ad5,"{""d"":7,""p"":0.0001,""r"":28}",
      1024,       511,         0,   0.310,chromobius,3f32a41f82afd068d6cd1d8f33aa675286b5683a0341cfb574d406d16ec5797c,"{""d"":5,""p"":0.01,""r"":20}",
      2048,      1008,         0,   0.366,chromobius,b23993d962a194a689ebab779294262ea4dd64707ad518e914d0aff0224d0501,"{""d"":5,""p"":0.005298316906283708,""r"":20}",
      8192,         0,         0,   0.083,chromobius,9bad20ffceef682702084ef23fff5bcc2d4eb0683db23fbcd0bfed14d8705a02,"{""d"":7,""p"":0.00011721022975334806,""r"":28}",
      1297,         0,         0,   0.018,chromobius,9b3b60c121ce74030729b51a516953c4efe231a7f9d7b59aa9e29fb4672991a1,"{""d"":7,""p"":0.00013738237958832623,""r"":28}",
      2048,         0,         0,   0.025,chromobius,9b3b60c121ce74030729b51a516953c4efe231a7f9d7b59aa9e29fb4672991a1,"{""d"":7,""p"":0.00013738237958832623,""r"":28}",
     16384,         5,         0,   0.154,chromobius,ae176568e2f3c8f508e1263c83b8a3ab0cdc6d9f693eac514d94982e41260ad5,"{""d"":7,""p"":0.0001,""r"":28}",
      2048,         2,         0,   0.024,chromobius,9b3b60c121ce74030729b51a516953c4efe231a7f9d7b59aa9e29fb4672991a1,"{""d"":7,""p"":0.00013738237958832623,""r"":28}",
     10240,         2,         0,   0.106,chromobius,9bad20ffceef682702084ef23fff5bcc2d4eb0683db23fbcd0bfed14d8705a02,"{""d"":7,""p"":0.00011721022975334806,""r"":28}",
      1024,       525,         0,   0.209,chromobius,ed1263d926f50b41e3ff6d049187914bb4d96c8c25bc71943bb28b0be93ab041,"{""d"":5,""p"":0.006210169418915616,""r"":20}",
      1024,       502,         0,   0.274,chromobius,5ba41998e593ed35b565fbb2a34a347755cb9fa85101fe7e054715c95e938331,"{""d"":5,""p"":0.008531678524172805,""r"":20}",
      3072,         0,         0,   0.037,chromobius,9b3b60c121ce74030729b51a516953c4efe231a7f9d7b59aa9e29fb4672991a1,"{""d"":7,""p"":0.00013738237958832623,""r"":28}",
      1024,       508,         0,   0.243,chromobius,d1201e9287c4d35efce63903a215ca6677cb72ce239d2f52a481cbaf691badab,"{""d"":5,""p"":0.007278953843983146,""r"":20}",
      4096,         2,         0,   0.049,chromobius,9b3b60c121ce74030729b51a516953c4efe231a7f9d7b59aa9e29fb4672991a1,"{""d"":7,""p"":0.00013738237958832623,""r"":28}",
      5120,         2,         0,   0.061,chromobius,9b3b60c121ce74030729b51a516953c4efe231a7f9d7b59aa9e29fb4672991a1,"{""d"":7,""p"":0.00013738237958832623,""r"":28}",
     14336,         2,         0,   0.148,chromobius,9bad20ffceef682702084ef23fff5bcc2d4eb0683db23fbcd0bfed14d8705a02,"{""d"":7,""p"":0.00011721022975334806,""r"":28}",
      1024,       506,         0,   0.319,chromobius,3f32a41f82afd068d6cd1d8f33aa675286b5683a0341cfb574d406d16ec5797c,"{""d"":5,""p"":0.01,""r"":20}",
     22528,         7,         0,   0.214,chromobius,ae176568e2f3c8f508e1263c83b8a3ab0cdc6d9f693eac514d94982e41260ad5,"{""d"":7,""p"":0.0001,""r"":28}",
      7168,         4,         0,   0.086,chromobius,9b3b60c121ce74030729b51a516953c4efe231a7f9d7b59aa9e29fb4672991a1,"{""d"":7,""p"":0.00013738237958832623,""r"":28}",
      1024,       512,         0,   0.211,chromobius,ed1263d926f50b41e3ff6d049187914bb4d96c8c25bc71943bb28b0be93ab041,"{""d"":5,""p"":0.006210169418915616,""r"":20}",
      1024,       484,         0,   0.251,chromobius,d1201e9287c4d35efce63903a215ca6677cb72ce239d2f52a481cbaf691badab,"{""d"":5,""p"":0.007278953843983146,""r"":20}",
      1024,       507,         0,   0.278,chromobius,5ba41998e593ed35b565fbb2a34a347755cb9fa85101fe7e054715c95e938331,"{""d"":5,""p"":0.008531678524172805,""r"":20}",
      9216,         3,         0,   0.110,chromobius,9b3b60c121ce74030729b51a516953c4efe231a7f9d7b59aa9e29fb4672991a1,"{""d"":7,""p"":0.00013738237958832623,""r"":28}",
     20480,         6,         0,   0.212,chromobius,9bad20ffceef682702084ef23fff5bcc2d4eb0683db23fbcd0bfed14d8705a02,"{""d"":7,""p"":0.00011721022975334806,""r"":28}",
      1024,       508,         0,   0.214,chromobius,ed1263d926f50b41e3ff6d049187914bb4d96c8c25bc71943bb28b0be93ab041,"{""d"":5,""p"":0.006210169418915616,""r"":20}",
      1024,       557,         0,   0.311,chromobius,3f32a41f82afd068d6cd1d8f33aa675286b5683a0341cfb574d406d16ec5797c,"{""d"":5,""p"":0.01,""r"":20}",
     12288,         3,         0,   0.148,chromobius,9b3b60c121ce74030729b51a516953c4efe231a7f9d7b59aa9e29fb4672991a1,"{""d"":7,""p"":0.00013738237958832623,""r"":28}",
     30720,         4,         0,   0.292,chromobius,ae176568e2f3c8f508e1263c83b8a3ab0cdc6d9f693eac514d94982e41260ad5,"{""d"":7,""p"":0.0001,""r"":28}",
    166912,       442,         0,   0.944,chromobius,4f0061d2caa5545d7cfe783ece91150749fbc62393ce2785b3bbc8b84bf2fb32,"{""d"":5,""p"":0.00018873918221350977,""r"":20}",
      1024,       511,         0,   0.245,chromobius,d1201e9287c4d35efce63903a215ca6677cb72ce239d2f52a481cbaf691badab,"{""d"":5,""p"":0.007278953843983146,""r"":20}",
      1024,       483,         0,   0.276,chromobius,5ba41998e593ed35b565fbb2a34a347755cb9fa85101fe7e054715c95e938331,"{""d"":5,""p"":0.008531678524172805,""r"":20}",
      1297,         2,         0,   0.021,chromobius,c72b5b8e417695057d70c3cc4a16bf21b5921ef2cbd1c37319d55e67a9b5ecb2,"{""d"":7,""p"":0.00016102620275609394,""r"":28}",
      1024,         0,         0,   0.014,chromobius,c72b5b8e417695057d70c3cc4a16bf21b5921ef2cbd1c37319d55e67a9b5ecb2,"{""d"":7,""p"":0.00016102620275609394,""r"":28}",
     28672,        10,         0,   0.293,chromobius,9bad20ffceef682702084ef23fff5bcc2d4eb0683db23fbcd0bfed14d8705a02,"{""d"":7,""p"":0.00011721022975334806,""r"":28}",
      1024,       519,         0,   0.214,chromobius,ed1263d926f50b41e3ff6d049187914bb4d96c8c25bc71943bb28b0be93ab041,"{""d"":5,""p"":0.006210169418915616,""r"":20}",
      2048,         1,         0,   0.028,chromobius,c72b5b8e417695057d70c3cc4a16bf21b5921ef2cbd1c37319d55e67a9b5ecb2,"{""d"":7,""p"":0.00016102620275609394,""r"":28}",
     16384,         5,         0,   0.206,chromobius,9b3b60c121ce74030729b51a516953c4efe231a7f9d7b59aa9e29fb4672991a1,"{""d"":7,""p"":0.00013738237958832623,""r"":28}",
      2048,         2,         0,   0.029,chromobius,c72b5b8e417695057d70c3cc4a16bf21b5921ef2cbd1c37319d55e67a9b5ecb2,"{""d"":7,""p"":0.00016102620275609394,""r"":28}",
      3072,         2,         0,   0.045,chromobius,c72b5b8e417695057d70c3cc4a16bf21b5921ef2cbd1c37319d55e67a9b5ecb2,"{""d"":7,""p"":0.00016102620275609394,""r"":28}",
      1024,       539,         0,   0.243,chromobius,d1201e9287c4d35efce63903a215ca6677cb72ce239d2f52a481cbaf691badab,"{""d"":5,""p"":0.007278953843983146,""r"":20}",
      1024,       521,         0,   0.314,chromobius,3f32a41f82afd068d6cd1d8f33aa675286b5683a0341cfb574d406d16ec5797c,"{""d"":5,""p"":0.01,""r"":20}",
      4096,         1,         0,   0.058,chromobius,c72b5b8e417695057d70c3cc4a16bf21b5921ef2cbd1c37319d55e67a9b5ecb2,"{""d"":7,""p"":0.00016102620275609394,""r"":28}",
      1024,       520,         0,   0.278,chromobius,5ba41998e593ed35b565fbb2a34a347755cb9fa85101fe7e054715c95e938331,"{""d"":5,""p"":0.008531678524172805,""r"":20}",
      1024,       528,         0,   0.212,chromobius,ed1263d926f50b41e3ff6d049187914bb4d96c8c25bc71943bb28b0be93ab041,"{""d"":5,""p"":0.006210169418915616,""r"":20}",
     40960,         9,         0,   0.402,chromobius,ae176568e2f3c8f508e1263c83b8a3ab0cdc6d9f693eac514d94982e41260ad5,"{""d"":7,""p"":0.0001,""r"":28}",
      6144,         1,         0,   0.086,chromobius,c72b5b8e417695057d70c3cc4a16bf21b5921ef2cbd1c37319d55e67a9b5ecb2,"{""d"":7,""p"":0.00016102620275609394,""r"":28}",
      1297,         0,         0,   0.025,chromobius,b0412ea68a414079655b58a5f0b04b676b2d3bffdaebe07c4cc26aad9c188f98,"{""d"":7,""p"":0.00018873918221350977,""r"":28}",
     23552,         9,         0,   0.302,chromobius,9b3b60c121ce74030729b51a516953c4efe231a7f9d7b59aa9e29fb4672991a1,"{""d"":7,""p"":0.00013738237958832623,""r"":28}",
      7168,         2,         0,   0.107,chromobius,c72b5b8e417695057d70c3cc4a16bf21b5921ef2cbd1c37319d55e67a9b5ecb2,"{""d"":7,""p"":0.00016102620275609394,""r"":28}",
      1024,         1,         0,   0.018,chromobius,b0412ea68a414079655b58a5f0b04b676b2d3bffdaebe07c4cc26aad9c188f98,"{""d"":7,""p"":0.00018873918221350977,""r"":28}",
      1024,       532,         0,   0.241,chromobius,d1201e9287c4d35efce63903a215ca6677cb72ce239d2f52a481cbaf691badab,"{""d"":5,""p"":0.007278953843983146,""r"":20}",
      2048,         0,         0,   0.035,chromobius,b0412ea68a414079655b58a5f0b04b676b2d3bffdaebe07c4cc26aad9c188f98,"{""d"":7,""p"":0.00018873918221350977,""r"":28}",
     37888,         7,         0,   0.406,chromobius,9bad20ffceef682702084ef23fff5bcc2d4eb0683db23fbcd0bfed14d8705a02,"{""d"":7,""p"":0.00011721022975334806,""r"":28}",
      2048,         1,         0,   0.035,chromobius,b0412ea68a414079655b58a5f0b04b676b2d3bffdaebe07c4cc26aad9c188f98,"{""d"":7,""p"":0.00018873918221350977,""r"":28}",
      1024,       495,         0,   0.314,chromobius,3f32a41f82afd068d6cd1d8f33aa675286b5683a0341cfb574d406d16ec5797c,"{""d"":5,""p"":0.01,""r"":20}",
      3072,         3,         0,   0.053,chromobius,b0412ea68a414079655b58a5f0b04b676b2d3bffdaebe07c4cc26aad9c188f98,"{""d"":7,""p"":0.00018873918221350977,""r"":28}",
      1024,       491,         0,   0.281,chromobius,5ba41998e593ed35b565fbb2a34a347755cb9fa85101fe7e054715c95e938331,"{""d"":5,""p"":0.008531678524172805,""r"":20}",
     10240,        10,         0,   0.156,chromobius,c72b5b8e417695057d70c3cc4a16bf21b5921ef2cbd1c37319d55e67a9b5ecb2,"{""d"":7,""p"":0.00016102620275609394,""r"":28}",
      4096,         6,         0,   0.071,chromobius,b0412ea68a414079655b58a5f0b04b676b2d3bffdaebe07c4cc26aad9c188f98,"{""d"":7,""p"":0.00018873918221350977,""r"":28}",
      1024,       500,         0,   0.247,chromobius,d1201e9287c4d35efce63903a215ca6677cb72ce239d2f52a481cbaf691badab,"{""d"":5,""p"":0.007278953843983146,""r"":20}",
      5120,         4,         0,   0.081,chromobius,b0412ea68a414079655b58a5f0b04b676b2d3bffdaebe07c4cc26aad9c188f98,"{""d"":7,""p"":0.00018873918221350977,""r"":28}",
      1297,         2,         0,   0.030,chromobius,06a9db826dccf4481d817d42be3b0e301242394f82023c7359ec66606a71a37c,"{""d"":7,""p"":0.000221221629107045,""r"":28}",
     14336,        16,         0,   0.219,chromobius,c72b5b8e417695057d70c3cc4a16bf21b5921ef2cbd1c37319d55e67a9b5ecb2,"{""d"":7,""p"":0.00016102620275609394,""r"":28}",
      6144,         7,         0,   0.105,chromobius,b0412ea68a414079655b58a5f0b04b676b2d3bffdaebe07c4cc26aad9c188f98,"{""d"":7,""p"":0.00018873918221350977,""r"":28}",
      1024,         2,         0,   0.022,chromobius,06a9db826dccf4481d817d42be3b0e301242394f82023c7359ec66606a71a37c,"{""d"":7,""p"":0.000221221629107045,""r"":28}",
     31744,        16,         0,   0.408,chromobius,9b3b60c121ce74030729b51a516953c4efe231a7f9d7b59aa9e29fb4672991a1,"{""d"":7,""p"":0.00013738237958832623,""r"":28}",
      1024,       502,         0,   0.314,chromobius,3f32a41f82afd068d6cd1d8f33aa675286b5683a0341cfb574d406d16ec5797c,"{""d"":5,""p"":0.01,""r"":20}",
      1024,       504,         0,   0.278,chromobius,5ba41998e593ed35b565fbb2a34a347755cb9fa85101fe7e054715c95e938331,"{""d"":5,""p"":0.008531678524172805,""r"":20}",
      1024,         0,         0,   0.022,chromobius,06a9db826dccf4481d817d42be3b0e301242394f82023c7359ec66606a71a37c,"{""d"":7,""p"":0.000221221629107045,""r"":28}",
     57344,         8,         0,   0.566,chromobius,ae176568e2f3c8f508e1263c83b8a3ab0cdc6d9f693eac514d94982e41260ad5,"{""d"":7,""p"":0.0001,""r"":28}",
      2048,         2,         0,   0.043,chromobius,06a9db826dccf4481d817d42be3b0e301242394f82023c7359ec66606a71a37c,"{""d"":7,""p"":0.000221221629107045,""r"":28}",
      2048,         1,         0,   0.043,chromobius,06a9db826dccf4481d817d42be3b0e301242394f82023c7359ec66606a71a37c,"{""d"":7,""p"":0.000221221629107045,""r"":28}",
      9216,         5,         0,   0.158,chromobius,b0412ea68a414079655b58a5f0b04b676b2d3bffdaebe07c4cc26aad9c188f98,"{""d"":7,""p"":0.00018873918221350977,""r"":28}",
      3072,         2,         0,   0.064,chromobius,06a9db826dccf4481d817d42be3b0e301242394f82023c7359ec66606a71a37c,"{""d"":7,""p"":0.000221221629107045,""r"":28}",
     51200,        21,         0,   0.563,chromobius,9bad20ffceef682702084ef23fff5bcc2d4eb0683db23fbcd0bfed14d8705a02,"{""d"":7,""p"":0.00011721022975334806,""r"":28}",
      4096,         6,         0,   0.086,chromobius,06a9db826dccf4481d817d42be3b0e301242394f82023c7359ec66606a71a37c,"{""d"":7,""p"":0.000221221629107045,""r"":28}",
     19456,        11,         0,   0.292,chromobius,c72b5b8e417695057d70c3cc4a16bf21b5921ef2cbd1c37319d55e67a9b5ecb2,"{""d"":7,""p"":0.00016102620275609394,""r"":28}",
      1024,       509,         0,   0.280,chromobius,5ba41998e593ed35b565fbb2a34a347755cb9fa85101fe7e054715c95e938331,"{""d"":5,""p"":0.008531678524172805,""r"":20}",
      1024,       515,         0,   0.310,chromobius,3f32a41f82afd068d6cd1d8f33aa675286b5683a0341cfb574d406d16ec5797c,"{""d"":5,""p"":0.01,""r"":20}",
     12288,        12,         0,   0.212,chromobius,b0412ea68a414079655b58a5f0b04b676b2d3bffdaebe07c4cc26aad9c188f98,"{""d"":7,""p"":0.00018873918221350977,""r"":28}",
      5120,         4,         0,   0.107,chromobius,06a9db826dccf4481d817d42be3b0e301242394f82023c7359ec66606a71a37c,"{""d"":7,""p"":0.000221221629107045,""r"":28}",
      7168,        10,         0,   0.150,chromobius,06a9db826dccf4481d817d42be3b0e301242394f82023c7359ec66606a71a37c,"{""d"":7,""p"":0.000221221629107045,""r"":28}",
      1024,       487,         0,   0.281,chromobius,5ba41998e593ed35b565fbb2a34a347755cb9fa85101fe7e054715c95e938331,"{""d"":5,""p"":0.008531678524172805,""r"":20}",
     45056,        22,         0,   0.573,chromobius,9b3b60c121ce74030729b51a516953c4efe231a7f9d7b59aa9e29fb4672991a1,"{""d"":7,""p"":0.00013738237958832623,""r"":28}",
      1024,       497,         0,   0.314,chromobius,3f32a41f82afd068d6cd1d8f33aa675286b5683a0341cfb574d406d16ec5797c,"{""d"":5,""p"":0.01,""r"":20}",
     17408,        10,         0,   0.303,chromobius,b0412ea68a414079655b58a5f0b04b676b2d3bffdaebe07c4cc26aad9c188f98,"{""d"":7,""p"":0.00018873918221350977,""r"":28}",
     26624,        11,         0,   0.403,chromobius,c72b5b8e417695057d70c3cc4a16bf21b5921ef2cbd1c37319d55e67a9b5ecb2,"{""d"":7,""p"":0.00016102620275609394,""r"":28}",
      1297,         2,         0,   0.032,chromobius,293e39bee0e84ac7191538175cdae79882f6714f189c91ace4e4ab6e6df5dc42,"{""d"":7,""p"":0.0002592943797404667,""r"":28}",
      1024,         2,         0,   0.023,chromobius,293e39bee0e84ac7191538175cdae79882f6714f189c91ace4e4ab6e6df5dc42,"{""d"":7,""p"":0.0002592943797404667,""r"":28}",
     10240,        18,         0,   0.210,chromobius,06a9db826dccf4481d817d42be3b0e301242394f82023c7359ec66606a71a37c,"{""d"":7,""p"":0.000221221629107045,""r"":28}",
      1024,         1,         0,   0.024,chromobius,293e39bee0e84ac7191538175cdae79882f6714f189c91ace4e4ab6e6df5dc42,"{""d"":7,""p"":0.0002592943797404667,""r"":28}",
      2048,         1,         0,   0.047,chromobius,293e39bee0e84ac7191538175cdae79882f6714f189c91ace4e4ab6e6df5dc42,"{""d"":7,""p"":0.0002592943797404667,""r"":28}",
    533504,       970,         0,    2.64,chromobius,11571ef97b5bb15de06366ca20660b2d546992cdbd601a0e94f648feeb6b2cb9,"{""d"":5,""p"":0.00016102620275609394,""r"":20}",
      2048,         0,         0,   0.045,chromobius,293e39bee0e84ac7191538175cdae79882f6714f189c91ace4e4ab6e6df5dc42,"{""d"":7,""p"":0.0002592943797404667,""r"":28}",
     78848,        11,         0,   0.798,chromobius,ae176568e2f3c8f508e1263c83b8a3ab0cdc6d9f693eac514d94982e41260ad5,"{""d"":7,""p"":0.0001,""r"":28}",
      3072,         6,         0,   0.071,chromobius,293e39bee0e84ac7191538175cdae79882f6714f189c91ace4e4ab6e6df5dc42,"{""d"":7,""p"":0.0002592943797404667,""r"":28}",
      1297,         5,         0,   0.037,chromobius,4a64e00c705a16dee5e2e82d14bca3de4fa7e5bbbbf007898b5ca071b365a76e,"{""d"":7,""p"":0.0003039195382313198,""r"":28}",
      1024,       527,         0,   0.316,chromobius,3f32a41f82afd068d6cd1d8f33aa675286b5683a0341cfb574d406d16ec5797c,"{""d"":5,""p"":0.01,""r"":20}",
      1024,         0,         0,   0.028,chromobius,4a64e00c705a16dee5e2e82d14bca3de4fa7e5bbbbf007898b5ca071b365a76e,"{""d"":7,""p"":0.0003039195382313198,""r"":28}",
      1024,         5,         0,   0.024,chromobius,4a64e00c705a16dee5e2e82d14bca3de4fa7e5bbbbf007898b5ca071b365a76e,"{""d"":7,""p"":0.0003039195382313198,""r"":28}",
      4096,         7,         0,   0.097,chromobius,293e39bee0e84ac7191538175cdae79882f6714f189c91ace4e4ab6e6df5dc42,"{""d"":7,""p"":0.0002592943797404667,""r"":28}",
      1024,         3,         0,   0.029,chromobius,4a64e00c705a16dee5e2e82d14bca3de4fa7e5bbbbf007898b5ca071b365a76e,"{""d"":7,""p"":0.0003039195382313198,""r"":28}",
     14336,        18,         0,   0.299,chromobius,06a9db826dccf4481d817d42be3b0e301242394f82023c7359ec66606a71a37c,"{""d"":7,""p"":0.000221221629107045,""r"":28}",
     71680,        25,         0,   0.795,chromobius,9bad20ffceef682702084ef23fff5bcc2d4eb0683db23fbcd0bfed14d8705a02,"{""d"":7,""p"":0.00011721022975334806,""r"":28}",
       273,         0,         0,   0.011,chromobius,bb4e8d03f7a8a4129894193a832942ca694ede106388f38a7a35571d75b274ee,"{""d"":7,""p"":0.0003562247890262444,""r"":28}",
      2048,         4,         0,   0.060,chromobius,4a64e00c705a16dee5e2e82d14bca3de4fa7e5bbbbf007898b5ca071b365a76e,"{""d"":7,""p"":0.0003039195382313198,""r"":28}",
     22528,        10,         0,   0.406,chromobius,b0412ea68a414079655b58a5f0b04b676b2d3bffdaebe07c4cc26aad9c188f98,"{""d"":7,""p"":0.00018873918221350977,""r"":28}",
      1024,         3,         0,   0.033,chromobius,bb4e8d03f7a8a4129894193a832942ca694ede106388f38a7a35571d75b274ee,"{""d"":7,""p"":0.0003562247890262444,""r"":28}",
      1024,         5,         0,   0.035,chromobius,bb4e8d03f7a8a4129894193a832942ca694ede106388f38a7a35571d75b274ee,"{""d"":7,""p"":0.0003562247890262444,""r"":28}",
      5120,        10,         0,   0.125,chromobius,293e39bee0e84ac7191538175cdae79882f6714f189c91ace4e4ab6e6df5dc42,"{""d"":7,""p"":0.0002592943797404667,""r"":28}",
      2048,         4,         0,   0.061,chromobius,4a64e00c705a16dee5e2e82d14bca3de4fa7e5bbbbf007898b5ca071b365a76e,"{""d"":7,""p"":0.0003039195382313198,""r"":28}",
      1024,         5,         0,   0.034,chromobius,bb4e8d03f7a8a4129894193a832942ca694ede106388f38a7a35571d75b274ee,"{""d"":7,""p"":0.0003562247890262444,""r"":28}",
      3072,        14,         0,   0.089,chromobius,4a64e00c705a16dee5e2e82d14bca3de4fa7e5bbbbf007898b5ca071b365a76e,"{""d"":7,""p"":0.0003039195382313198,""r"":28}",
      2048,         5,         0,   0.068,chromobius,bb4e8d03f7a8a4129894193a832942ca694ede106388f38a7a35571d75b274ee,"{""d"":7,""p"":0.0003562247890262444,""r"":28}",
     35840,        17,         0,   0.567,chromobius,c72b5b8e417695057d70c3cc4a16bf21b5921ef2cbd1c37319d55e67a9b5ecb2,"{""d"":7,""p"":0.00016102620275609394,""r"":28}",
      6144,        10,         0,   0.148,chromobius,293e39bee0e84ac7191538175cdae79882f6714f189c91ace4e4ab6e6df5dc42,"{""d"":7,""p"":0.0002592943797404667,""r"":28}",
      2048,         6,         0,   0.068,chromobius,bb4e8d03f7a8a4129894193a832942ca694ede106388f38a7a35571d75b274ee,"{""d"":7,""p"":0.0003562247890262444,""r"":28}",
      4096,        12,         0,   0.118,chromobius,4a64e00c705a16dee5e2e82d14bca3de4fa7e5bbbbf007898b5ca071b365a76e,"{""d"":7,""p"":0.0003039195382313198,""r"":28}",
     60416,        17,         0,   0.793,chromobius,9b3b60c121ce74030729b51a516953c4efe231a7f9d7b59aa9e29fb4672991a1,"{""d"":7,""p"":0.00013738237958832623,""r"":28}",
      3072,        11,         0,   0.102,chromobius,bb4e8d03f7a8a4129894193a832942ca694ede106388f38a7a35571d75b274ee,"{""d"":7,""p"":0.0003562247890262444,""r"":28}",
     19456,        20,         0,   0.418,chromobius,06a9db826dccf4481d817d42be3b0e301242394f82023c7359ec66606a71a37c,"{""d"":7,""p"":0.000221221629107045,""r"":28}",
      9216,        20,         0,   0.224,chromobius,293e39bee0e84ac7191538175cdae79882f6714f189c91ace4e4ab6e6df5dc42,"{""d"":7,""p"":0.0002592943797404667,""r"":28}",
      6144,        13,         0,   0.174,chromobius,4a64e00c705a16dee5e2e82d14bca3de4fa7e5bbbbf007898b5ca071b365a76e,"{""d"":7,""p"":0.0003039195382313198,""r"":28}",
      4096,        13,         0,   0.132,chromobius,bb4e8d03f7a8a4129894193a832942ca694ede106388f38a7a35571d75b274ee,"{""d"":7,""p"":0.0003562247890262444,""r"":28}",
     32768,        25,         0,   0.577,chromobius,b0412ea68a414079655b58a5f0b04b676b2d3bffdaebe07c4cc26aad9c188f98,"{""d"":7,""p"":0.00018873918221350977,""r"":28}",
      5120,        20,         0,   0.163,chromobius,bb4e8d03f7a8a4129894193a832942ca694ede106388f38a7a35571d75b274ee,"{""d"":7,""p"":0.0003562247890262444,""r"":28}",
      8192,        16,         0,   0.228,chromobius,4a64e00c705a16dee5e2e82d14bca3de4fa7e5bbbbf007898b5ca071b365a76e,"{""d"":7,""p"":0.0003039195382313198,""r"":28}",
     12288,        22,         0,   0.290,chromobius,293e39bee0e84ac7191538175cdae79882f6714f189c91ace4e4ab6e6df5dc42,"{""d"":7,""p"":0.0002592943797404667,""r"":28}",
      7168,        20,         0,   0.227,chromobius,bb4e8d03f7a8a4129894193a832942ca694ede106388f38a7a35571d75b274ee,"{""d"":7,""p"":0.0003562247890262444,""r"":28}",
    105472,        13,         0,    1.11,chromobius,ae176568e2f3c8f508e1263c83b8a3ab0cdc6d9f693eac514d94982e41260ad5,"{""d"":7,""p"":0.0001,""r"":28}",
     27648,        40,         0,   0.572,chromobius,06a9db826dccf4481d817d42be3b0e301242394f82023c7359ec66606a71a37c,"{""d"":7,""p"":0.000221221629107045,""r"":28}",
     10240,        21,         0,   0.300,chromobius,4a64e00c705a16dee5e2e82d14bca3de4fa7e5bbbbf007898b5ca071b365a76e,"{""d"":7,""p"":0.0003039195382313198,""r"":28}",
     50176,        30,         0,   0.802,chromobius,c72b5b8e417695057d70c3cc4a16bf21b5921ef2cbd1c37319d55e67a9b5ecb2,"{""d"":7,""p"":0.00016102620275609394,""r"":28}",
     96256,        32,         0,    1.11,chromobius,9bad20ffceef682702084ef23fff5bcc2d4eb0683db23fbcd0bfed14d8705a02,"{""d"":7,""p"":0.00011721022975334806,""r"":28}",
      9216,        36,         0,   0.291,chromobius,bb4e8d03f7a8a4129894193a832942ca694ede106388f38a7a35571d75b274ee,"{""d"":7,""p"":0.0003562247890262444,""r"":28}",
     17408,        33,         0,   0.428,chromobius,293e39bee0e84ac7191538175cdae79882f6714f189c91ace4e4ab6e6df5dc42,"{""d"":7,""p"":0.0002592943797404667,""r"":28}",
   1261568,       969,         0,    4.20,chromobius,7b8a0c103cc4c9a69c0591e728f476337ef38e5714779c79a11bd0912526afeb,"{""d"":5,""p"":0.0001,""r"":20}",
   1115136,      1191,         0,    4.21,chromobius,8f4cc7a096c8acf5a76ff25c6e12a2ebe0b564466a81acee7899b239c794c992,"{""d"":5,""p"":0.00011721022975334806,""r"":20}",
    968704,      1296,         0,    4.21,chromobius,ea759473ddebb23b264020163b3f9e1ba05e844b0e7c802d13bb01818d3815cd,"{""d"":5,""p"":0.00013738237958832623,""r"":20}",
     45056,        30,         0,   0.793,chromobius,b0412ea68a414079655b58a5f0b04b676b2d3bffdaebe07c4cc26aad9c188f98,"{""d"":7,""p"":0.00018873918221350977,""r"":28}",
     14336,        28,         0,   0.430,chromobius,4a64e00c705a16dee5e2e82d14bca3de4fa7e5bbbbf007898b5ca071b365a76e,"{""d"":7,""p"":0.0003039195382313198,""r"":28}",
     84992,        20,         0,    1.12,chromobius,9b3b60c121ce74030729b51a516953c4efe231a7f9d7b59aa9e29fb4672991a1,"{""d"":7,""p"":0.00013738237958832623,""r"":28}",
     13312,        51,         0,   0.423,chromobius,bb4e8d03f7a8a4129894193a832942ca694ede106388f38a7a35571d75b274ee,"{""d"":7,""p"":0.0003562247890262444,""r"":28}",
     23552,        41,         0,   0.582,chromobius,293e39bee0e84ac7191538175cdae79882f6714f189c91ace4e4ab6e6df5dc42,"{""d"":7,""p"":0.0002592943797404667,""r"":28}",
     38912,        42,         0,   0.803,chromobius,06a9db826dccf4481d817d42be3b0e301242394f82023c7359ec66606a71a37c,"{""d"":7,""p"":0.000221221629107045,""r"":28}",
     19456,        51,         0,   0.567,chromobius,4a64e00c705a16dee5e2e82d14bca3de4fa7e5bbbbf007898b5ca071b365a76e,"{""d"":7,""p"":0.0003039195382313198,""r"":28}",
     69632,        34,         0,    1.11,chromobius,c72b5b8e417695057d70c3cc4a16bf21b5921ef2cbd1c37319d55e67a9b5ecb2,"{""d"":7,""p"":0.00016102620275609394,""r"":28}",
     18432,        52,         0,   0.584,chromobius,bb4e8d03f7a8a4129894193a832942ca694ede106388f38a7a35571d75b274ee,"{""d"":7,""p"":0.0003562247890262444,""r"":28}",
    237568,       312,         0,    1.03,chromobius,ea759473ddebb23b264020163b3f9e1ba05e844b0e7c802d13bb01818d3815cd,"{""d"":5,""p"":0.00013738237958832623,""r"":20}",
    146432,        19,         0,    1.55,chromobius,ae176568e2f3c8f508e1263c83b8a3ab0cdc6d9f693eac514d94982e41260ad5,"{""d"":7,""p"":0.0001,""r"":28}",
     63488,        51,         0,    1.12,chromobius,b0412ea68a414079655b58a5f0b04b676b2d3bffdaebe07c4cc26aad9c188f98,"{""d"":7,""p"":0.00018873918221350977,""r"":28}",
       273,         1,         0,   0.014,chromobius,b295b94077ef86af7583fa9cd6d0a1eb86ebb79e49ddd229b6385e2e2d380424,"{""d"":7,""p"":0.00041753189365604,""r"":28}",
     32768,        42,         0,   0.806,chromobius,293e39bee0e84ac7191538175cdae79882f6714f189c91ace4e4ab6e6df5dc42,"{""d"":7,""p"":0.0002592943797404667,""r"":28}",
      1024,        10,         0,   0.042,chromobius,b295b94077ef86af7583fa9cd6d0a1eb86ebb79e49ddd229b6385e2e2d380424,"{""d"":7,""p"":0.00041753189365604,""r"":28}",
      1024,         2,         0,   0.040,chromobius,b295b94077ef86af7583fa9cd6d0a1eb86ebb79e49ddd229b6385e2e2d380424,"{""d"":7,""p"":0.00041753189365604,""r"":28}",
      1024,         3,         0,   0.040,chromobius,b295b94077ef86af7583fa9cd6d0a1eb86ebb79e49ddd229b6385e2e2d380424,"{""d"":7,""p"":0.00041753189365604,""r"":28}",
    134144,        36,         0,    1.55,chromobius,9bad20ffceef682702084ef23fff5bcc2d4eb0683db23fbcd0bfed14d8705a02,"{""d"":7,""p"":0.00011721022975334806,""r"":28}",
      1024,         2,         0,   0.041,chromobius,b295b94077ef86af7583fa9cd6d0a1eb86ebb79e49ddd229b6385e2e2d380424,"{""d"":7,""p"":0.00041753189365604,""r"":28}",
      2048,         5,         0,   0.082,chromobius,b295b94077ef86af7583fa9cd6d0a1eb86ebb79e49ddd229b6385e2e2d380424,"{""d"":7,""p"":0.00041753189365604,""r"":28}",
     27648,        67,         0,   0.803,chromobius,4a64e00c705a16dee5e2e82d14bca3de4fa7e5bbbbf007898b5ca071b365a76e,"{""d"":7,""p"":0.0003039195382313198,""r"":28}",
      2048,        11,         0,   0.081,chromobius,b295b94077ef86af7583fa9cd6d0a1eb86ebb79e49ddd229b6385e2e2d380424,"{""d"":7,""p"":0.00041753189365604,""r"":28}",
     53248,        61,         0,    1.11,chromobius,06a9db826dccf4481d817d42be3b0e301242394f82023c7359ec66606a71a37c,"{""d"":7,""p"":0.000221221629107045,""r"":28}",
      3072,        29,         0,   0.122,chromobius,b295b94077ef86af7583fa9cd6d0a1eb86ebb79e49ddd229b6385e2e2d380424,"{""d"":7,""p"":0.00041753189365604,""r"":28}",
     25600,        81,         0,   0.819,chromobius,bb4e8d03f7a8a4129894193a832942ca694ede106388f38a7a35571d75b274ee,"{""d"":7,""p"":0.0003562247890262444,""r"":28}",
    114688,        37,         0,    1.56,chromobius,9b3b60c121ce74030729b51a516953c4efe231a7f9d7b59aa9e29fb4672991a1,"{""d"":7,""p"":0.00013738237958832623,""r"":28}",
      4096,        20,         0,   0.162,chromobius,b295b94077ef86af7583fa9cd6d0a1eb86ebb79e49ddd229b6385e2e2d380424,"{""d"":7,""p"":0.00041753189365604,""r"":28}",
      6144,        27,         0,   0.238,chromobius,b295b94077ef86af7583fa9cd6d0a1eb86ebb79e49ddd229b6385e2e2d380424,"{""d"":7,""p"":0.00041753189365604,""r"":28}",
     96256,        45,         0,    1.56,chromobius,c72b5b8e417695057d70c3cc4a16bf21b5921ef2cbd1c37319d55e67a9b5ecb2,"{""d"":7,""p"":0.00016102620275609394,""r"":28}",
     47104,        66,         0,    1.13,chromobius,293e39bee0e84ac7191538175cdae79882f6714f189c91ace4e4ab6e6df5dc42,"{""d"":7,""p"":0.0002592943797404667,""r"":28}",
      8192,        47,         0,   0.325,chromobius,b295b94077ef86af7583fa9cd6d0a1eb86ebb79e49ddd229b6385e2e2d380424,"{""d"":7,""p"":0.00041753189365604,""r"":28}",
     38912,        77,         0,    1.13,chromobius,4a64e00c705a16dee5e2e82d14bca3de4fa7e5bbbbf007898b5ca071b365a76e,"{""d"":7,""p"":0.0003039195382313198,""r"":28}",
     84992,        68,         0,    1.55,chromobius,b0412ea68a414079655b58a5f0b04b676b2d3bffdaebe07c4cc26aad9c188f98,"{""d"":7,""p"":0.00018873918221350977,""r"":28}",
     34816,       121,         0,    1.11,chromobius,bb4e8d03f7a8a4129894193a832942ca694ede106388f38a7a35571d75b274ee,"{""d"":7,""p"":0.0003562247890262444,""r"":28}",
     10240,        46,         0,   0.411,chromobius,b295b94077ef86af7583fa9cd6d0a1eb86ebb79e49ddd229b6385e2e2d380424,"{""d"":7,""p"":0.00041753189365604,""r"":28}",
     73728,        55,         0,    1.56,chromobius,06a9db826dccf4481d817d42be3b0e301242394f82023c7359ec66606a71a37c,"{""d"":7,""p"":0.000221221629107045,""r"":28}",
    206848,        38,         0,    2.17,chromobius,ae176568e2f3c8f508e1263c83b8a3ab0cdc6d9f693eac514d94982e41260ad5,"{""d"":7,""p"":0.0001,""r"":28}",
     14336,        73,         0,   0.569,chromobius,b295b94077ef86af7583fa9cd6d0a1eb86ebb79e49ddd229b6385e2e2d380424,"{""d"":7,""p"":0.00041753189365604,""r"":28}",
    185344,        40,         0,    2.17,chromobius,9bad20ffceef682702084ef23fff5bcc2d4eb0683db23fbcd0bfed14d8705a02,"{""d"":7,""p"":0.00011721022975334806,""r"":28}",
    906240,       922,         0,    3.47,chromobius,8f4cc7a096c8acf5a76ff25c6e12a2ebe0b564466a81acee7899b239c794c992,"{""d"":5,""p"":0.00011721022975334806,""r"":20}",
       273,         1,         0,   0.014,chromobius,8f387007cb7a26aabb3d78b2ac7412897fd950769da804cfef6013ec449ff52b,"{""d"":7,""p"":0.0004893900918477494,""r"":28}",
      1024,         5,         0,   0.047,chromobius,8f387007cb7a26aabb3d78b2ac7412897fd950769da804cfef6013ec449ff52b,"{""d"":7,""p"":0.0004893900918477494,""r"":28}",
      1024,         6,         0,   0.046,chromobius,8f387007cb7a26aabb3d78b2ac7412897fd950769da804cfef6013ec449ff52b,"{""d"":7,""p"":0.0004893900918477494,""r"":28}",
      1024,         5,         0,   0.047,chromobius,8f387007cb7a26aabb3d78b2ac7412897fd950769da804cfef6013ec449ff52b,"{""d"":7,""p"":0.0004893900918477494,""r"":28}",
      1024,         8,         0,   0.046,chromobius,8f387007cb7a26aabb3d78b2ac7412897fd950769da804cfef6013ec449ff52b,"{""d"":7,""p"":0.0004893900918477494,""r"":28}",
    160768,        48,         0,    2.17,chromobius,9b3b60c121ce74030729b51a516953c4efe231a7f9d7b59aa9e29fb4672991a1,"{""d"":7,""p"":0.00013738237958832623,""r"":28}",
     65536,        95,         0,    1.55,chromobius,293e39bee0e84ac7191538175cdae79882f6714f189c91ace4e4ab6e6df5dc42,"{""d"":7,""p"":0.0002592943797404667,""r"":28}",
      2048,        17,         0,   0.092,chromobius,8f387007cb7a26aabb3d78b2ac7412897fd950769da804cfef6013ec449ff52b,"{""d"":7,""p"":0.0004893900918477494,""r"":28}",
      2048,        13,         0,   0.096,chromobius,8f387007cb7a26aabb3d78b2ac7412897fd950769da804cfef6013ec449ff52b,"{""d"":7,""p"":0.0004893900918477494,""r"":28}",
     55296,       121,         0,    1.57,chromobius,4a64e00c705a16dee5e2e82d14bca3de4fa7e5bbbbf007898b5ca071b365a76e,"{""d"":7,""p"":0.0003039195382313198,""r"":28}",
     20480,        87,         0,   0.824,chromobius,b295b94077ef86af7583fa9cd6d0a1eb86ebb79e49ddd229b6385e2e2d380424,"{""d"":7,""p"":0.00041753189365604,""r"":28}",
      3072,        32,         0,   0.145,chromobius,8f387007cb7a26aabb3d78b2ac7412897fd950769da804cfef6013ec449ff52b,"{""d"":7,""p"":0.0004893900918477494,""r"":28}",
     48128,       135,         0,    1.56,chromobius,bb4e8d03f7a8a4129894193a832942ca694ede106388f38a7a35571d75b274ee,"{""d"":7,""p"":0.0003562247890262444,""r"":28}",
      4096,        24,         0,   0.192,chromobius,8f387007cb7a26aabb3d78b2ac7412897fd950769da804cfef6013ec449ff52b,"{""d"":7,""p"":0.0004893900918477494,""r"":28}",
    130048,        69,         0,    2.18,chromobius,c72b5b8e417695057d70c3cc4a16bf21b5921ef2cbd1c37319d55e67a9b5ecb2,"{""d"":7,""p"":0.00016102620275609394,""r"":28}",
      5120,        45,         0,   0.240,chromobius,8f387007cb7a26aabb3d78b2ac7412897fd950769da804cfef6013ec449ff52b,"{""d"":7,""p"":0.0004893900918477494,""r"":28}",
      6144,        47,         0,   0.290,chromobius,8f387007cb7a26aabb3d78b2ac7412897fd950769da804cfef6013ec449ff52b,"{""d"":7,""p"":0.0004893900918477494,""r"":28}",
    114688,       103,         0,    2.17,chromobius,b0412ea68a414079655b58a5f0b04b676b2d3bffdaebe07c4cc26aad9c188f98,"{""d"":7,""p"":0.00018873918221350977,""r"":28}",
     27648,       148,         0,    1.12,chromobius,b295b94077ef86af7583fa9cd6d0a1eb86ebb79e49ddd229b6385e2e2d380424,"{""d"":7,""p"":0.00041753189365604,""r"":28}",
    101376,       117,         0,    2.17,chromobius,06a9db826dccf4481d817d42be3b0e301242394f82023c7359ec66606a71a37c,"{""d"":7,""p"":0.000221221629107045,""r"":28}",
      9216,        77,         0,   0.416,chromobius,8f387007cb7a26aabb3d78b2ac7412897fd950769da804cfef6013ec449ff52b,"{""d"":7,""p"":0.0004893900918477494,""r"":28}",
     13312,       117,         0,   0.602,chromobius,8f387007cb7a26aabb3d78b2ac7412897fd950769da804cfef6013ec449ff52b,"{""d"":7,""p"":0.0004893900918477494,""r"":28}",
   1752064,      1370,         0,    5.87,chromobius,7b8a0c103cc4c9a69c0591e728f476337ef38e5714779c79a11bd0912526afeb,"{""d"":5,""p"":0.0001,""r"":20}",
     90112,       141,         0,    2.17,chromobius,293e39bee0e84ac7191538175cdae79882f6714f189c91ace4e4ab6e6df5dc42,"{""d"":7,""p"":0.0002592943797404667,""r"":28}",
     62464,        47,         0,   0.207,chromobius,7b8a0c103cc4c9a69c0591e728f476337ef38e5714779c79a11bd0912526afeb,"{""d"":5,""p"":0.0001,""r"":20}",
       273,         1,         0,   0.023,chromobius,e1e7cf39954d7373e814b058b247b860aa89fbdf618f9357998d5fa16d093ec0,"{""d"":7,""p"":0.0005736152510448681,""r"":28}",
     74752,       148,         0,    2.17,chromobius,4a64e00c705a16dee5e2e82d14bca3de4fa7e5bbbbf007898b5ca071b365a76e,"{""d"":7,""p"":0.0003039195382313198,""r"":28}",
      1024,        13,         0,   0.061,chromobius,e1e7cf39954d7373e814b058b247b860aa89fbdf618f9357998d5fa16d093ec0,"{""d"":7,""p"":0.0005736152510448681,""r"":28}",
    284672,        49,         0,    3.03,chromobius,ae176568e2f3c8f508e1263c83b8a3ab0cdc6d9f693eac514d94982e41260ad5,"{""d"":7,""p"":0.0001,""r"":28}",
      1024,        10,         0,   0.055,chromobius,e1e7cf39954d7373e814b058b247b860aa89fbdf618f9357998d5fa16d093ec0,"{""d"":7,""p"":0.0005736152510448681,""r"":28}",
      1024,         7,         0,   0.055,chromobius,e1e7cf39954d7373e814b058b247b860aa89fbdf618f9357998d5fa16d093ec0,"{""d"":7,""p"":0.0005736152510448681,""r"":28}",
     65536,       202,         0,    2.18,chromobius,bb4e8d03f7a8a4129894193a832942ca694ede106388f38a7a35571d75b274ee,"{""d"":7,""p"":0.0003562247890262444,""r"":28}",
      1024,         9,         0,   0.055,chromobius,e1e7cf39954d7373e814b058b247b860aa89fbdf618f9357998d5fa16d093ec0,"{""d"":7,""p"":0.0005736152510448681,""r"":28}",
    257024,        61,         0,    3.03,chromobius,9bad20ffceef682702084ef23fff5bcc2d4eb0683db23fbcd0bfed14d8705a02,"{""d"":7,""p"":0.00011721022975334806,""r"":28}",
      1024,        12,         0,   0.054,chromobius,e1e7cf39954d7373e814b058b247b860aa89fbdf618f9357998d5fa16d093ec0,"{""d"":7,""p"":0.0005736152510448681,""r"":28}",
      2048,        25,         0,   0.108,chromobius,e1e7cf39954d7373e814b058b247b860aa89fbdf618f9357998d5fa16d093ec0,"{""d"":7,""p"":0.0005736152510448681,""r"":28}",
     17408,       133,         0,   0.813,chromobius,8f387007cb7a26aabb3d78b2ac7412897fd950769da804cfef6013ec449ff52b,"{""d"":7,""p"":0.0004893900918477494,""r"":28}",
      2048,        30,         0,   0.109,chromobius,e1e7cf39954d7373e814b058b247b860aa89fbdf618f9357998d5fa16d093ec0,"{""d"":7,""p"":0.0005736152510448681,""r"":28}",
     38912,       193,         0,    1.57,chromobius,b295b94077ef86af7583fa9cd6d0a1eb86ebb79e49ddd229b6385e2e2d380424,"{""d"":7,""p"":0.00041753189365604,""r"":28}",
    225280,        76,         0,    3.04,chromobius,9b3b60c121ce74030729b51a516953c4efe231a7f9d7b59aa9e29fb4672991a1,"{""d"":7,""p"":0.00013738237958832623,""r"":28}",
      3072,        43,         0,   0.165,chromobius,e1e7cf39954d7373e814b058b247b860aa89fbdf618f9357998d5fa16d093ec0,"{""d"":7,""p"":0.0005736152510448681,""r"":28}",
      4096,        50,         0,   0.219,chromobius,e1e7cf39954d7373e814b058b247b860aa89fbdf618f9357998d5fa16d093ec0,"{""d"":7,""p"":0.0005736152510448681,""r"":28}",
      5120,        60,         0,   0.292,chromobius,e1e7cf39954d7373e814b058b247b860aa89fbdf618f9357998d5fa16d093ec0,"{""d"":7,""p"":0.0005736152510448681,""r"":28}",
    187392,       102,         0,    3.05,chromobius,c72b5b8e417695057d70c3cc4a16bf21b5921ef2cbd1c37319d55e67a9b5ecb2,"{""d"":7,""p"":0.00016102620275609394,""r"":28}",
     23552,       157,         0,    1.13,chromobius,8f387007cb7a26aabb3d78b2ac7412897fd950769da804cfef6013ec449ff52b,"{""d"":7,""p"":0.0004893900918477494,""r"":28}",
      7168,        69,         0,   0.418,chromobius,e1e7cf39954d7373e814b058b247b860aa89fbdf618f9357998d5fa16d093ec0,"{""d"":7,""p"":0.0005736152510448681,""r"":28}",
    163840,       113,         0,    3.04,chromobius,b0412ea68a414079655b58a5f0b04b676b2d3bffdaebe07c4cc26aad9c188f98,"{""d"":7,""p"":0.00018873918221350977,""r"":28}",
    141312,       137,         0,    3.05,chromobius,06a9db826dccf4481d817d42be3b0e301242394f82023c7359ec66606a71a37c,"{""d"":7,""p"":0.000221221629107045,""r"":28}",
     10240,       126,         0,   0.592,chromobius,e1e7cf39954d7373e814b058b247b860aa89fbdf618f9357998d5fa16d093ec0,"{""d"":7,""p"":0.0005736152510448681,""r"":28}",
     54272,       289,         0,    2.20,chromobius,b295b94077ef86af7583fa9cd6d0a1eb86ebb79e49ddd229b6385e2e2d380424,"{""d"":7,""p"":0.00041753189365604,""r"":28}",
    123904,       200,         0,    3.06,chromobius,293e39bee0e84ac7191538175cdae79882f6714f189c91ace4e4ab6e6df5dc42,"{""d"":7,""p"":0.0002592943797404667,""r"":28}",
     14336,       171,         0,   0.833,chromobius,e1e7cf39954d7373e814b058b247b860aa89fbdf618f9357998d5fa16d093ec0,"{""d"":7,""p"":0.0005736152510448681,""r"":28}",
    104448,       241,         0,    3.04,chromobius,4a64e00c705a16dee5e2e82d14bca3de4fa7e5bbbbf007898b5ca071b365a76e,"{""d"":7,""p"":0.0003039195382313198,""r"":28}",
     31744,       248,         0,    1.56,chromobius,8f387007cb7a26aabb3d78b2ac7412897fd950769da804cfef6013ec449ff52b,"{""d"":7,""p"":0.0004893900918477494,""r"":28}",
     90112,       296,         0,    3.04,chromobius,bb4e8d03f7a8a4129894193a832942ca694ede106388f38a7a35571d75b274ee,"{""d"":7,""p"":0.0003562247890262444,""r"":28}",
     20480,       227,         0,    1.15,chromobius,e1e7cf39954d7373e814b058b247b860aa89fbdf618f9357998d5fa16d093ec0,"{""d"":7,""p"":0.0005736152510448681,""r"":28}",
    395264,        63,         0,    4.24,chromobius,ae176568e2f3c8f508e1263c83b8a3ab0cdc6d9f693eac514d94982e41260ad5,"{""d"":7,""p"":0.0001,""r"":28}",
    357376,        91,         0,    4.23,chromobius,9bad20ffceef682702084ef23fff5bcc2d4eb0683db23fbcd0bfed14d8705a02,"{""d"":7,""p"":0.00011721022975334806,""r"":28}",
    312320,       110,         0,    4.24,chromobius,9b3b60c121ce74030729b51a516953c4efe231a7f9d7b59aa9e29fb4672991a1,"{""d"":7,""p"":0.00013738237958832623,""r"":28}",
     47104,       364,         0,    2.18,chromobius,8f387007cb7a26aabb3d78b2ac7412897fd950769da804cfef6013ec449ff52b,"{""d"":7,""p"":0.0004893900918477494,""r"":28}",
    259072,       137,         0,    4.25,chromobius,c72b5b8e417695057d70c3cc4a16bf21b5921ef2cbd1c37319d55e67a9b5ecb2,"{""d"":7,""p"":0.00016102620275609394,""r"":28}",
     27648,       309,         0,    1.58,chromobius,e1e7cf39954d7373e814b058b247b860aa89fbdf618f9357998d5fa16d093ec0,"{""d"":7,""p"":0.0005736152510448681,""r"":28}",
     75776,       410,         0,    3.06,chromobius,b295b94077ef86af7583fa9cd6d0a1eb86ebb79e49ddd229b6385e2e2d380424,"{""d"":7,""p"":0.00041753189365604,""r"":28}",
    226304,       166,         0,    4.25,chromobius,b0412ea68a414079655b58a5f0b04b676b2d3bffdaebe07c4cc26aad9c188f98,"{""d"":7,""p"":0.00018873918221350977,""r"":28}",
    197632,       209,         0,    4.27,chromobius,06a9db826dccf4481d817d42be3b0e301242394f82023c7359ec66606a71a37c,"{""d"":7,""p"":0.000221221629107045,""r"":28}",
    172032,       270,         0,    4.26,chromobius,293e39bee0e84ac7191538175cdae79882f6714f189c91ace4e4ab6e6df5dc42,"{""d"":7,""p"":0.0002592943797404667,""r"":28}",
    146432,       296,         0,    4.28,chromobius,4a64e00c705a16dee5e2e82d14bca3de4fa7e5bbbbf007898b5ca071b365a76e,"{""d"":7,""p"":0.0003039195382313198,""r"":28}",
    129024,       432,         0,    4.27,chromobius,bb4e8d03f7a8a4129894193a832942ca694ede106388f38a7a35571d75b274ee,"{""d"":7,""p"":0.0003562247890262444,""r"":28}",
     38912,       396,         0,    2.23,chromobius,e1e7cf39954d7373e814b058b247b860aa89fbdf618f9357998d5fa16d093ec0,"{""d"":7,""p"":0.0005736152510448681,""r"":28}",
     64512,       495,         0,    3.08,chromobius,8f387007cb7a26aabb3d78b2ac7412897fd950769da804cfef6013ec449ff52b,"{""d"":7,""p"":0.0004893900918477494,""r"":28}",
    105472,       524,         0,    4.27,chromobius,b295b94077ef86af7583fa9cd6d0a1eb86ebb79e49ddd229b6385e2e2d380424,"{""d"":7,""p"":0.00041753189365604,""r"":28}",
    556032,        98,         0,    5.93,chromobius,ae176568e2f3c8f508e1263c83b8a3ab0cdc6d9f693eac514d94982e41260ad5,"{""d"":7,""p"":0.0001,""r"":28}",
    498688,       117,         0,    5.94,chromobius,9bad20ffceef682702084ef23fff5bcc2d4eb0683db23fbcd0bfed14d8705a02,"{""d"":7,""p"":0.00011721022975334806,""r"":28}",
    436224,       166,         0,    5.94,chromobius,9b3b60c121ce74030729b51a516953c4efe231a7f9d7b59aa9e29fb4672991a1,"{""d"":7,""p"":0.00013738237958832623,""r"":28}",
     55296,       634,         0,    3.10,chromobius,e1e7cf39954d7373e814b058b247b860aa89fbdf618f9357998d5fa16d093ec0,"{""d"":7,""p"":0.0005736152510448681,""r"":28}",
    357376,       199,         0,    5.95,chromobius,c72b5b8e417695057d70c3cc4a16bf21b5921ef2cbd1c37319d55e67a9b5ecb2,"{""d"":7,""p"":0.00016102620275609394,""r"":28}",
    317440,       239,         0,    5.96,chromobius,b0412ea68a414079655b58a5f0b04b676b2d3bffdaebe07c4cc26aad9c188f98,"{""d"":7,""p"":0.00018873918221350977,""r"":28}",
    278528,       291,         0,    5.97,chromobius,06a9db826dccf4481d817d42be3b0e301242394f82023c7359ec66606a71a37c,"{""d"":7,""p"":0.000221221629107045,""r"":28}",
     90112,       671,         0,    4.30,chromobius,8f387007cb7a26aabb3d78b2ac7412897fd950769da804cfef6013ec449ff52b,"{""d"":7,""p"":0.0004893900918477494,""r"":28}",
    239616,       357,         0,    5.96,chromobius,293e39bee0e84ac7191538175cdae79882f6714f189c91ace4e4ab6e6df5dc42,"{""d"":7,""p"":0.0002592943797404667,""r"":28}",
    207872,       482,         0,    5.97,chromobius,4a64e00c705a16dee5e2e82d14bca3de4fa7e5bbbbf007898b5ca071b365a76e,"{""d"":7,""p"":0.0003039195382313198,""r"":28}",
    182272,       577,         0,    5.98,chromobius,bb4e8d03f7a8a4129894193a832942ca694ede106388f38a7a35571d75b274ee,"{""d"":7,""p"":0.0003562247890262444,""r"":28}",
     75776,       851,         0,    4.29,chromobius,e1e7cf39954d7373e814b058b247b860aa89fbdf618f9357998d5fa16d093ec0,"{""d"":7,""p"":0.0005736152510448681,""r"":28}",
    146432,       728,         0,    5.97,chromobius,b295b94077ef86af7583fa9cd6d0a1eb86ebb79e49ddd229b6385e2e2d380424,"{""d"":7,""p"":0.00041753189365604,""r"":28}",
    123904,       945,         0,    5.98,chromobius,8f387007cb7a26aabb3d78b2ac7412897fd950769da804cfef6013ec449ff52b,"{""d"":7,""p"":0.0004893900918477494,""r"":28}",
    794624,       139,         0,    8.29,chromobius,ae176568e2f3c8f508e1263c83b8a3ab0cdc6d9f693eac514d94982e41260ad5,"{""d"":7,""p"":0.0001,""r"":28}",
    700416,       184,         0,    8.31,chromobius,9bad20ffceef682702084ef23fff5bcc2d4eb0683db23fbcd0bfed14d8705a02,"{""d"":7,""p"":0.00011721022975334806,""r"":28}",
    612352,       207,         0,    8.32,chromobius,9b3b60c121ce74030729b51a516953c4efe231a7f9d7b59aa9e29fb4672991a1,"{""d"":7,""p"":0.00013738237958832623,""r"":28}",
    500736,       245,         0,    8.32,chromobius,c72b5b8e417695057d70c3cc4a16bf21b5921ef2cbd1c37319d55e67a9b5ecb2,"{""d"":7,""p"":0.00016102620275609394,""r"":28}",
    446464,       344,         0,    8.34,chromobius,b0412ea68a414079655b58a5f0b04b676b2d3bffdaebe07c4cc26aad9c188f98,"{""d"":7,""p"":0.00018873918221350977,""r"":28}",
    385024,       412,         0,    8.34,chromobius,06a9db826dccf4481d817d42be3b0e301242394f82023c7359ec66606a71a37c,"{""d"":7,""p"":0.000221221629107045,""r"":28}",
    105472,      1208,         0,    6.02,chromobius,e1e7cf39954d7373e814b058b247b860aa89fbdf618f9357998d5fa16d093ec0,"{""d"":7,""p"":0.0005736152510448681,""r"":28}",
    337920,       531,         0,    8.35,chromobius,293e39bee0e84ac7191538175cdae79882f6714f189c91ace4e4ab6e6df5dc42,"{""d"":7,""p"":0.0002592943797404667,""r"":28}",
    285696,       616,         0,    8.34,chromobius,4a64e00c705a16dee5e2e82d14bca3de4fa7e5bbbbf007898b5ca071b365a76e,"{""d"":7,""p"":0.0003039195382313198,""r"":28}",
    258048,       819,         0,    8.37,chromobius,bb4e8d03f7a8a4129894193a832942ca694ede106388f38a7a35571d75b274ee,"{""d"":7,""p"":0.0003562247890262444,""r"":28}",
    204800,      1072,         0,    8.35,chromobius,b295b94077ef86af7583fa9cd6d0a1eb86ebb79e49ddd229b6385e2e2d380424,"{""d"":7,""p"":0.00041753189365604,""r"":28}",
     67584,       760,         0,    3.94,chromobius,e1e7cf39954d7373e814b058b247b860aa89fbdf618f9357998d5fa16d093ec0,"{""d"":7,""p"":0.0005736152510448681,""r"":28}",
       273,         6,         0,   0.021,chromobius,e7edadabb21657730b1fbf7a108b03c80a9dbf9ae3085adebeaa9ca0bb43dc76,"{""d"":7,""p"":0.0006723357536499335,""r"":28}",
      1024,        18,         0,   0.070,chromobius,e7edadabb21657730b1fbf7a108b03c80a9dbf9ae3085adebeaa9ca0bb43dc76,"{""d"":7,""p"":0.0006723357536499335,""r"":28}",
      1024,        17,         0,   0.067,chromobius,e7edadabb21657730b1fbf7a108b03c80a9dbf9ae3085adebeaa9ca0bb43dc76,"{""d"":7,""p"":0.0006723357536499335,""r"":28}",
      1024,        20,         0,   0.065,chromobius,e7edadabb21657730b1fbf7a108b03c80a9dbf9ae3085adebeaa9ca0bb43dc76,"{""d"":7,""p"":0.0006723357536499335,""r"":28}",
      1024,        14,         0,   0.074,chromobius,e7edadabb21657730b1fbf7a108b03c80a9dbf9ae3085adebeaa9ca0bb43dc76,"{""d"":7,""p"":0.0006723357536499335,""r"":28}",
      1024,        29,         0,   0.069,chromobius,e7edadabb21657730b1fbf7a108b03c80a9dbf9ae3085adebeaa9ca0bb43dc76,"{""d"":7,""p"":0.0006723357536499335,""r"":28}",
      2048,        37,         0,   0.139,chromobius,e7edadabb21657730b1fbf7a108b03c80a9dbf9ae3085adebeaa9ca0bb43dc76,"{""d"":7,""p"":0.0006723357536499335,""r"":28}",
      2048,        24,         0,   0.140,chromobius,e7edadabb21657730b1fbf7a108b03c80a9dbf9ae3085adebeaa9ca0bb43dc76,"{""d"":7,""p"":0.0006723357536499335,""r"":28}",
      3072,        52,         0,   0.206,chromobius,e7edadabb21657730b1fbf7a108b03c80a9dbf9ae3085adebeaa9ca0bb43dc76,"{""d"":7,""p"":0.0006723357536499335,""r"":28}",
      4096,        66,         0,   0.260,chromobius,e7edadabb21657730b1fbf7a108b03c80a9dbf9ae3085adebeaa9ca0bb43dc76,"{""d"":7,""p"":0.0006723357536499335,""r"":28}",
      5120,        91,         0,   0.323,chromobius,e7edadabb21657730b1fbf7a108b03c80a9dbf9ae3085adebeaa9ca0bb43dc76,"{""d"":7,""p"":0.0006723357536499335,""r"":28}",
    172032,      1288,         0,    8.35,chromobius,8f387007cb7a26aabb3d78b2ac7412897fd950769da804cfef6013ec449ff52b,"{""d"":7,""p"":0.0004893900918477494,""r"":28}",
      6144,       114,         0,   0.423,chromobius,e7edadabb21657730b1fbf7a108b03c80a9dbf9ae3085adebeaa9ca0bb43dc76,"{""d"":7,""p"":0.0006723357536499335,""r"":28}",
      8192,       168,         0,   0.566,chromobius,e7edadabb21657730b1fbf7a108b03c80a9dbf9ae3085adebeaa9ca0bb43dc76,"{""d"":7,""p"":0.0006723357536499335,""r"":28}",
     12288,       203,         0,   0.828,chromobius,e7edadabb21657730b1fbf7a108b03c80a9dbf9ae3085adebeaa9ca0bb43dc76,"{""d"":7,""p"":0.0006723357536499335,""r"":28}",
     37888,       303,         0,    1.90,chromobius,8f387007cb7a26aabb3d78b2ac7412897fd950769da804cfef6013ec449ff52b,"{""d"":7,""p"":0.0004893900918477494,""r"":28}",
       273,         4,         0,   0.025,chromobius,ab91ab3f394ff8faa876423f4474e0b3756c4fcf0550c4cbbe16770ea0bb68ef,"{""d"":7,""p"":0.0007880462815669912,""r"":28}",
      1024,        21,         0,   0.085,chromobius,ab91ab3f394ff8faa876423f4474e0b3756c4fcf0550c4cbbe16770ea0bb68ef,"{""d"":7,""p"":0.0007880462815669912,""r"":28}",
      1024,        22,         0,   0.084,chromobius,ab91ab3f394ff8faa876423f4474e0b3756c4fcf0550c4cbbe16770ea0bb68ef,"{""d"":7,""p"":0.0007880462815669912,""r"":28}",
      1024,        24,         0,   0.082,chromobius,ab91ab3f394ff8faa876423f4474e0b3756c4fcf0550c4cbbe16770ea0bb68ef,"{""d"":7,""p"":0.0007880462815669912,""r"":28}",
      1024,        38,         0,   0.084,chromobius,ab91ab3f394ff8faa876423f4474e0b3756c4fcf0550c4cbbe16770ea0bb68ef,"{""d"":7,""p"":0.0007880462815669912,""r"":28}",
      1024,        27,         0,   0.082,chromobius,ab91ab3f394ff8faa876423f4474e0b3756c4fcf0550c4cbbe16770ea0bb68ef,"{""d"":7,""p"":0.0007880462815669912,""r"":28}",
      1024,        26,         0,   0.082,chromobius,ab91ab3f394ff8faa876423f4474e0b3756c4fcf0550c4cbbe16770ea0bb68ef,"{""d"":7,""p"":0.0007880462815669912,""r"":28}",
      2048,        67,         0,   0.161,chromobius,ab91ab3f394ff8faa876423f4474e0b3756c4fcf0550c4cbbe16770ea0bb68ef,"{""d"":7,""p"":0.0007880462815669912,""r"":28}",
     17408,       284,         0,    1.16,chromobius,e7edadabb21657730b1fbf7a108b03c80a9dbf9ae3085adebeaa9ca0bb43dc76,"{""d"":7,""p"":0.0006723357536499335,""r"":28}",
      2048,        57,         0,   0.164,chromobius,ab91ab3f394ff8faa876423f4474e0b3756c4fcf0550c4cbbe16770ea0bb68ef,"{""d"":7,""p"":0.0007880462815669912,""r"":28}",
      3072,        80,         0,   0.245,chromobius,ab91ab3f394ff8faa876423f4474e0b3756c4fcf0550c4cbbe16770ea0bb68ef,"{""d"":7,""p"":0.0007880462815669912,""r"":28}",
   1054720,       200,         0,    11.6,chromobius,ae176568e2f3c8f508e1263c83b8a3ab0cdc6d9f693eac514d94982e41260ad5,"{""d"":7,""p"":0.0001,""r"":28}",
      4096,       106,         0,   0.325,chromobius,ab91ab3f394ff8faa876423f4474e0b3756c4fcf0550c4cbbe16770ea0bb68ef,"{""d"":7,""p"":0.0007880462815669912,""r"":28}",
    974848,       246,         0,    11.6,chromobius,9bad20ffceef682702084ef23fff5bcc2d4eb0683db23fbcd0bfed14d8705a02,"{""d"":7,""p"":0.00011721022975334806,""r"":28}",
      5120,       130,         0,   0.409,chromobius,ab91ab3f394ff8faa876423f4474e0b3756c4fcf0550c4cbbe16770ea0bb68ef,"{""d"":7,""p"":0.0007880462815669912,""r"":28}",
    826368,       277,         0,    11.6,chromobius,9b3b60c121ce74030729b51a516953c4efe231a7f9d7b59aa9e29fb4672991a1,"{""d"":7,""p"":0.00013738237958832623,""r"":28}",
      7168,       194,         0,   0.570,chromobius,ab91ab3f394ff8faa876423f4474e0b3756c4fcf0550c4cbbe16770ea0bb68ef,"{""d"":7,""p"":0.0007880462815669912,""r"":28}",
     24576,       463,         0,    1.61,chromobius,e7edadabb21657730b1fbf7a108b03c80a9dbf9ae3085adebeaa9ca0bb43dc76,"{""d"":7,""p"":0.0006723357536499335,""r"":28}",
    687104,       349,         0,    11.6,chromobius,c72b5b8e417695057d70c3cc4a16bf21b5921ef2cbd1c37319d55e67a9b5ecb2,"{""d"":7,""p"":0.00016102620275609394,""r"":28}",
    621568,       465,         0,    11.7,chromobius,b0412ea68a414079655b58a5f0b04b676b2d3bffdaebe07c4cc26aad9c188f98,"{""d"":7,""p"":0.00018873918221350977,""r"":28}",
     10240,       247,         0,   0.823,chromobius,ab91ab3f394ff8faa876423f4474e0b3756c4fcf0550c4cbbe16770ea0bb68ef,"{""d"":7,""p"":0.0007880462815669912,""r"":28}",
    541696,       594,         0,    11.7,chromobius,06a9db826dccf4481d817d42be3b0e301242394f82023c7359ec66606a71a37c,"{""d"":7,""p"":0.000221221629107045,""r"":28}",
    468992,       739,         0,    11.7,chromobius,293e39bee0e84ac7191538175cdae79882f6714f189c91ace4e4ab6e6df5dc42,"{""d"":7,""p"":0.0002592943797404667,""r"":28}",
     14336,       395,         0,    1.12,chromobius,ab91ab3f394ff8faa876423f4474e0b3756c4fcf0550c4cbbe16770ea0bb68ef,"{""d"":7,""p"":0.0007880462815669912,""r"":28}",
    390144,       860,         0,    11.7,chromobius,4a64e00c705a16dee5e2e82d14bca3de4fa7e5bbbbf007898b5ca071b365a76e,"{""d"":7,""p"":0.0003039195382313198,""r"":28}",
    344064,      1122,         0,    11.7,chromobius,bb4e8d03f7a8a4129894193a832942ca694ede106388f38a7a35571d75b274ee,"{""d"":7,""p"":0.0003562247890262444,""r"":28}",
     33792,       594,         0,    2.23,chromobius,e7edadabb21657730b1fbf7a108b03c80a9dbf9ae3085adebeaa9ca0bb43dc76,"{""d"":7,""p"":0.0006723357536499335,""r"":28}",
    242688,      1274,         0,    10.1,chromobius,b295b94077ef86af7583fa9cd6d0a1eb86ebb79e49ddd229b6385e2e2d380424,"{""d"":7,""p"":0.00041753189365604,""r"":28}",
       273,        10,         0,   0.026,chromobius,9e826584815ff8c2aba746f2ea4c51fd7701ea97e4a8919aef78dd4ef11568ec,"{""d"":7,""p"":0.0009236708571873865,""r"":28}",
      1024,        35,         0,   0.095,chromobius,9e826584815ff8c2aba746f2ea4c51fd7701ea97e4a8919aef78dd4ef11568ec,"{""d"":7,""p"":0.0009236708571873865,""r"":28}",
      1024,        34,         0,   0.094,chromobius,9e826584815ff8c2aba746f2ea4c51fd7701ea97e4a8919aef78dd4ef11568ec,"{""d"":7,""p"":0.0009236708571873865,""r"":28}",
     19456,       481,         0,    1.57,chromobius,ab91ab3f394ff8faa876423f4474e0b3756c4fcf0550c4cbbe16770ea0bb68ef,"{""d"":7,""p"":0.0007880462815669912,""r"":28}",
      1024,        45,         0,   0.092,chromobius,9e826584815ff8c2aba746f2ea4c51fd7701ea97e4a8919aef78dd4ef11568ec,"{""d"":7,""p"":0.0009236708571873865,""r"":28}",
      1024,        39,         0,   0.093,chromobius,9e826584815ff8c2aba746f2ea4c51fd7701ea97e4a8919aef78dd4ef11568ec,"{""d"":7,""p"":0.0009236708571873865,""r"":28}",
      1024,        38,         0,   0.092,chromobius,9e826584815ff8c2aba746f2ea4c51fd7701ea97e4a8919aef78dd4ef11568ec,"{""d"":7,""p"":0.0009236708571873865,""r"":28}",
      1024,        42,         0,   0.094,chromobius,9e826584815ff8c2aba746f2ea4c51fd7701ea97e4a8919aef78dd4ef11568ec,"{""d"":7,""p"":0.0009236708571873865,""r"":28}",
      2048,        88,         0,   0.184,chromobius,9e826584815ff8c2aba746f2ea4c51fd7701ea97e4a8919aef78dd4ef11568ec,"{""d"":7,""p"":0.0009236708571873865,""r"":28}",
      2048,        77,         0,   0.184,chromobius,9e826584815ff8c2aba746f2ea4c51fd7701ea97e4a8919aef78dd4ef11568ec,"{""d"":7,""p"":0.0009236708571873865,""r"":28}",
      3072,       124,         0,   0.273,chromobius,9e826584815ff8c2aba746f2ea4c51fd7701ea97e4a8919aef78dd4ef11568ec,"{""d"":7,""p"":0.0009236708571873865,""r"":28}",
      4096,       164,         0,   0.365,chromobius,9e826584815ff8c2aba746f2ea4c51fd7701ea97e4a8919aef78dd4ef11568ec,"{""d"":7,""p"":0.0009236708571873865,""r"":28}",
      5120,       191,         0,   0.467,chromobius,9e826584815ff8c2aba746f2ea4c51fd7701ea97e4a8919aef78dd4ef11568ec,"{""d"":7,""p"":0.0009236708571873865,""r"":28}",
     48128,       858,         0,    3.09,chromobius,e7edadabb21657730b1fbf7a108b03c80a9dbf9ae3085adebeaa9ca0bb43dc76,"{""d"":7,""p"":0.0006723357536499335,""r"":28}",
     27648,       714,         0,    2.22,chromobius,ab91ab3f394ff8faa876423f4474e0b3756c4fcf0550c4cbbe16770ea0bb68ef,"{""d"":7,""p"":0.0007880462815669912,""r"":28}",
      7168,       287,         0,   0.652,chromobius,9e826584815ff8c2aba746f2ea4c51fd7701ea97e4a8919aef78dd4ef11568ec,"{""d"":7,""p"":0.0009236708571873865,""r"":28}",
      9216,       351,         0,   0.836,chromobius,9e826584815ff8c2aba746f2ea4c51fd7701ea97e4a8919aef78dd4ef11568ec,"{""d"":7,""p"":0.0009236708571873865,""r"":28}",
     12288,       480,         0,    1.12,chromobius,9e826584815ff8c2aba746f2ea4c51fd7701ea97e4a8919aef78dd4ef11568ec,"{""d"":7,""p"":0.0009236708571873865,""r"":28}",
     37888,      1002,         0,    3.09,chromobius,ab91ab3f394ff8faa876423f4474e0b3756c4fcf0550c4cbbe16770ea0bb68ef,"{""d"":7,""p"":0.0007880462815669912,""r"":28}",
     17408,       729,         0,    1.59,chromobius,9e826584815ff8c2aba746f2ea4c51fd7701ea97e4a8919aef78dd4ef11568ec,"{""d"":7,""p"":0.0009236708571873865,""r"":28}",
     66560,      1170,         0,    4.31,chromobius,e7edadabb21657730b1fbf7a108b03c80a9dbf9ae3085adebeaa9ca0bb43dc76,"{""d"":7,""p"":0.0006723357536499335,""r"":28}",
    289792,       989,         0,    9.49,chromobius,bb4e8d03f7a8a4129894193a832942ca694ede106388f38a7a35571d75b274ee,"{""d"":7,""p"":0.0003562247890262444,""r"":28}",
     24576,       957,         0,    2.23,chromobius,9e826584815ff8c2aba746f2ea4c51fd7701ea97e4a8919aef78dd4ef11568ec,"{""d"":7,""p"":0.0009236708571873865,""r"":28}",
       273,        22,         0,   0.031,chromobius,25c2b844627c8df1bd32dd6476042fa759d6eefc2e65ad8f26c4c7e753b47fe4,"{""d"":7,""p"":0.001082636733874054,""r"":28}",
      1024,        53,         0,   0.113,chromobius,25c2b844627c8df1bd32dd6476042fa759d6eefc2e65ad8f26c4c7e753b47fe4,"{""d"":7,""p"":0.001082636733874054,""r"":28}",
      1024,        69,         0,   0.112,chromobius,25c2b844627c8df1bd32dd6476042fa759d6eefc2e65ad8f26c4c7e753b47fe4,"{""d"":7,""p"":0.001082636733874054,""r"":28}",
      1024,        57,         0,   0.112,chromobius,25c2b844627c8df1bd32dd6476042fa759d6eefc2e65ad8f26c4c7e753b47fe4,"{""d"":7,""p"":0.001082636733874054,""r"":28}",
      1024,        71,         0,   0.113,chromobius,25c2b844627c8df1bd32dd6476042fa759d6eefc2e65ad8f26c4c7e753b47fe4,"{""d"":7,""p"":0.001082636733874054,""r"":28}",
      1024,        67,         0,   0.114,chromobius,25c2b844627c8df1bd32dd6476042fa759d6eefc2e65ad8f26c4c7e753b47fe4,"{""d"":7,""p"":0.001082636733874054,""r"":28}",
     43008,       779,         0,    2.76,chromobius,e7edadabb21657730b1fbf7a108b03c80a9dbf9ae3085adebeaa9ca0bb43dc76,"{""d"":7,""p"":0.0006723357536499335,""r"":28}",
      1024,        64,         0,   0.114,chromobius,25c2b844627c8df1bd32dd6476042fa759d6eefc2e65ad8f26c4c7e753b47fe4,"{""d"":7,""p"":0.001082636733874054,""r"":28}",
       273,        23,         0,   0.040,chromobius,b3edb3d99f81de3336bee3fc416e93aa193416c6d61145655fd16542b5a82234,"{""d"":7,""p"":0.0012689610031679222,""r"":28}",
      1024,        61,         0,   0.109,chromobius,25c2b844627c8df1bd32dd6476042fa759d6eefc2e65ad8f26c4c7e753b47fe4,"{""d"":7,""p"":0.001082636733874054,""r"":28}",
      1024,        94,         0,   0.138,chromobius,b3edb3d99f81de3336bee3fc416e93aa193416c6d61145655fd16542b5a82234,"{""d"":7,""p"":0.0012689610031679222,""r"":28}",
     51200,      1377,         0,    3.99,chromobius,ab91ab3f394ff8faa876423f4474e0b3756c4fcf0550c4cbbe16770ea0bb68ef,"{""d"":7,""p"":0.0007880462815669912,""r"":28}",
      1024,       103,         0,   0.135,chromobius,b3edb3d99f81de3336bee3fc416e93aa193416c6d61145655fd16542b5a82234,"{""d"":7,""p"":0.0012689610031679222,""r"":28}",
      2048,       134,         0,   0.227,chromobius,25c2b844627c8df1bd32dd6476042fa759d6eefc2e65ad8f26c4c7e753b47fe4,"{""d"":7,""p"":0.001082636733874054,""r"":28}",
       273,        35,         0,   0.046,chromobius,ff2e220ec057ccb0c6ca78184f3d14471cb4b44216f1e5f5ccb5ce8eed24572b,"{""d"":7,""p"":0.0014873521072935117,""r"":28}",
      1024,        96,         0,   0.134,chromobius,b3edb3d99f81de3336bee3fc416e93aa193416c6d61145655fd16542b5a82234,"{""d"":7,""p"":0.0012689610031679222,""r"":28}",
      2048,       132,         0,   0.228,chromobius,25c2b844627c8df1bd32dd6476042fa759d6eefc2e65ad8f26c4c7e753b47fe4,"{""d"":7,""p"":0.001082636733874054,""r"":28}",
      1024,        84,         0,   0.130,chromobius,b3edb3d99f81de3336bee3fc416e93aa193416c6d61145655fd16542b5a82234,"{""d"":7,""p"":0.0012689610031679222,""r"":28}",
      1024,       131,         0,   0.167,chromobius,ff2e220ec057ccb0c6ca78184f3d14471cb4b44216f1e5f5ccb5ce8eed24572b,"{""d"":7,""p"":0.0014873521072935117,""r"":28}",
      1024,        95,         0,   0.130,chromobius,b3edb3d99f81de3336bee3fc416e93aa193416c6d61145655fd16542b5a82234,"{""d"":7,""p"":0.0012689610031679222,""r"":28}",
      1024,       153,         0,   0.174,chromobius,ff2e220ec057ccb0c6ca78184f3d14471cb4b44216f1e5f5ccb5ce8eed24572b,"{""d"":7,""p"":0.0014873521072935117,""r"":28}",
      1024,        86,         0,   0.129,chromobius,b3edb3d99f81de3336bee3fc416e93aa193416c6d61145655fd16542b5a82234,"{""d"":7,""p"":0.0012689610031679222,""r"":28}",
      3072,       172,         0,   0.329,chromobius,25c2b844627c8df1bd32dd6476042fa759d6eefc2e65ad8f26c4c7e753b47fe4,"{""d"":7,""p"":0.001082636733874054,""r"":28}",
      1024,       123,         0,   0.173,chromobius,ff2e220ec057ccb0c6ca78184f3d14471cb4b44216f1e5f5ccb5ce8eed24572b,"{""d"":7,""p"":0.0014873521072935117,""r"":28}",
      1024,        98,         0,   0.128,chromobius,b3edb3d99f81de3336bee3fc416e93aa193416c6d61145655fd16542b5a82234,"{""d"":7,""p"":0.0012689610031679222,""r"":28}",
      1024,       124,         0,   0.173,chromobius,ff2e220ec057ccb0c6ca78184f3d14471cb4b44216f1e5f5ccb5ce8eed24572b,"{""d"":7,""p"":0.0014873521072935117,""r"":28}",
      2048,       184,         0,   0.257,chromobius,b3edb3d99f81de3336bee3fc416e93aa193416c6d61145655fd16542b5a82234,"{""d"":7,""p"":0.0012689610031679222,""r"":28}",
      1024,       123,         0,   0.175,chromobius,ff2e220ec057ccb0c6ca78184f3d14471cb4b44216f1e5f5ccb5ce8eed24572b,"{""d"":7,""p"":0.0014873521072935117,""r"":28}",
      4096,       260,         0,   0.441,chromobius,25c2b844627c8df1bd32dd6476042fa759d6eefc2e65ad8f26c4c7e753b47fe4,"{""d"":7,""p"":0.001082636733874054,""r"":28}",
      1024,       140,         0,   0.176,chromobius,ff2e220ec057ccb0c6ca78184f3d14471cb4b44216f1e5f5ccb5ce8eed24572b,"{""d"":7,""p"":0.0014873521072935117,""r"":28}",
      2048,       164,         0,   0.259,chromobius,b3edb3d99f81de3336bee3fc416e93aa193416c6d61145655fd16542b5a82234,"{""d"":7,""p"":0.0012689610031679222,""r"":28}",
      1024,       137,         0,   0.174,chromobius,ff2e220ec057ccb0c6ca78184f3d14471cb4b44216f1e5f5ccb5ce8eed24572b,"{""d"":7,""p"":0.0014873521072935117,""r"":28}",
      1024,       127,         0,   0.172,chromobius,ff2e220ec057ccb0c6ca78184f3d14471cb4b44216f1e5f5ccb5ce8eed24572b,"{""d"":7,""p"":0.0014873521072935117,""r"":28}",
      3072,       293,         0,   0.393,chromobius,b3edb3d99f81de3336bee3fc416e93aa193416c6d61145655fd16542b5a82234,"{""d"":7,""p"":0.0012689610031679222,""r"":28}",
      6144,       375,         0,   0.675,chromobius,25c2b844627c8df1bd32dd6476042fa759d6eefc2e65ad8f26c4c7e753b47fe4,"{""d"":7,""p"":0.001082636733874054,""r"":28}",
      2048,       297,         0,   0.346,chromobius,ff2e220ec057ccb0c6ca78184f3d14471cb4b44216f1e5f5ccb5ce8eed24572b,"{""d"":7,""p"":0.0014873521072935117,""r"":28}",
     33792,      1287,         0,    3.12,chromobius,9e826584815ff8c2aba746f2ea4c51fd7701ea97e4a8919aef78dd4ef11568ec,"{""d"":7,""p"":0.0009236708571873865,""r"":28}",
      4096,       370,         0,   0.530,chromobius,b3edb3d99f81de3336bee3fc416e93aa193416c6d61145655fd16542b5a82234,"{""d"":7,""p"":0.0012689610031679222,""r"":28}",
      1024,        37,         0,   0.094,chromobius,9e826584815ff8c2aba746f2ea4c51fd7701ea97e4a8919aef78dd4ef11568ec,"{""d"":7,""p"":0.0009236708571873865,""r"":28}",
      2048,       246,         0,   0.339,chromobius,ff2e220ec057ccb0c6ca78184f3d14471cb4b44216f1e5f5ccb5ce8eed24572b,"{""d"":7,""p"":0.0014873521072935117,""r"":28}",
       273,        53,         0,   0.053,chromobius,81ebf1cdee3cc075d2e539767a31018059bac080719a81a5b2b527d7900bc34c,"{""d"":7,""p"":0.0017433288221999873,""r"":28}",
      1024,       186,         0,   0.188,chromobius,81ebf1cdee3cc075d2e539767a31018059bac080719a81a5b2b527d7900bc34c,"{""d"":7,""p"":0.0017433288221999873,""r"":28}",
   1497088,       244,         0,    16.3,chromobius,ae176568e2f3c8f508e1263c83b8a3ab0cdc6d9f693eac514d94982e41260ad5,"{""d"":7,""p"":0.0001,""r"":28}",
      8192,       507,         0,   0.905,chromobius,25c2b844627c8df1bd32dd6476042fa759d6eefc2e65ad8f26c4c7e753b47fe4,"{""d"":7,""p"":0.001082636733874054,""r"":28}",
      1024,       180,         0,   0.189,chromobius,81ebf1cdee3cc075d2e539767a31018059bac080719a81a5b2b527d7900bc34c,"{""d"":7,""p"":0.0017433288221999873,""r"":28}",
      3072,       413,         0,   0.473,chromobius,ff2e220ec057ccb0c6ca78184f3d14471cb4b44216f1e5f5ccb5ce8eed24572b,"{""d"":7,""p"":0.0014873521072935117,""r"":28}",
   1383424,       360,         0,    16.3,chromobius,9bad20ffceef682702084ef23fff5bcc2d4eb0683db23fbcd0bfed14d8705a02,"{""d"":7,""p"":0.00011721022975334806,""r"":28}",
      5120,       399,         0,   0.684,chromobius,b3edb3d99f81de3336bee3fc416e93aa193416c6d61145655fd16542b5a82234,"{""d"":7,""p"":0.0012689610031679222,""r"":28}",
      1024,       185,         0,   0.189,chromobius,81ebf1cdee3cc075d2e539767a31018059bac080719a81a5b2b527d7900bc34c,"{""d"":7,""p"":0.0017433288221999873,""r"":28}",
      1024,       211,         0,   0.191,chromobius,81ebf1cdee3cc075d2e539767a31018059bac080719a81a5b2b527d7900bc34c,"{""d"":7,""p"":0.0017433288221999873,""r"":28}",
   1171456,       446,         0,    16.3,chromobius,9b3b60c121ce74030729b51a516953c4efe231a7f9d7b59aa9e29fb4672991a1,"{""d"":7,""p"":0.00013738237958832623,""r"":28}",
      1024,       189,         0,   0.187,chromobius,81ebf1cdee3cc075d2e539767a31018059bac080719a81a5b2b527d7900bc34c,"{""d"":7,""p"":0.0017433288221999873,""r"":28}",
      4096,       537,         0,   0.635,chromobius,ff2e220ec057ccb0c6ca78184f3d14471cb4b44216f1e5f5ccb5ce8eed24572b,"{""d"":7,""p"":0.0014873521072935117,""r"":28}",
      1024,       187,         0,   0.188,chromobius,81ebf1cdee3cc075d2e539767a31018059bac080719a81a5b2b527d7900bc34c,"{""d"":7,""p"":0.0017433288221999873,""r"":28}",
      1024,       202,         0,   0.189,chromobius,81ebf1cdee3cc075d2e539767a31018059bac080719a81a5b2b527d7900bc34c,"{""d"":7,""p"":0.0017433288221999873,""r"":28}",
      6144,       555,         0,   0.822,chromobius,b3edb3d99f81de3336bee3fc416e93aa193416c6d61145655fd16542b5a82234,"{""d"":7,""p"":0.0012689610031679222,""r"":28}",
    973824,       521,         0,    16.3,chromobius,c72b5b8e417695057d70c3cc4a16bf21b5921ef2cbd1c37319d55e67a9b5ecb2,"{""d"":7,""p"":0.00016102620275609394,""r"":28}",
     10240,       588,         0,    1.15,chromobius,25c2b844627c8df1bd32dd6476042fa759d6eefc2e65ad8f26c4c7e753b47fe4,"{""d"":7,""p"":0.001082636733874054,""r"":28}",
      1024,       186,         0,   0.187,chromobius,81ebf1cdee3cc075d2e539767a31018059bac080719a81a5b2b527d7900bc34c,"{""d"":7,""p"":0.0017433288221999873,""r"":28}",
      5120,       663,         0,   0.794,chromobius,ff2e220ec057ccb0c6ca78184f3d14471cb4b44216f1e5f5ccb5ce8eed24572b,"{""d"":7,""p"":0.0014873521072935117,""r"":28}",
    874496,       630,         0,    16.3,chromobius,b0412ea68a414079655b58a5f0b04b676b2d3bffdaebe07c4cc26aad9c188f98,"{""d"":7,""p"":0.00018873918221350977,""r"":28}",
      2048,       387,         0,   0.382,chromobius,81ebf1cdee3cc075d2e539767a31018059bac080719a81a5b2b527d7900bc34c,"{""d"":7,""p"":0.0017433288221999873,""r"":28}",
    742400,       774,         0,    16.3,chromobius,06a9db826dccf4481d817d42be3b0e301242394f82023c7359ec66606a71a37c,"{""d"":7,""p"":0.000221221629107045,""r"":28}",
      2048,       419,         0,   0.383,chromobius,81ebf1cdee3cc075d2e539767a31018059bac080719a81a5b2b527d7900bc34c,"{""d"":7,""p"":0.0017433288221999873,""r"":28}",
      9216,       881,         0,    1.24,chromobius,b3edb3d99f81de3336bee3fc416e93aa193416c6d61145655fd16542b5a82234,"{""d"":7,""p"":0.0012689610031679222,""r"":28}",
      3072,       561,         0,   0.562,chromobius,81ebf1cdee3cc075d2e539767a31018059bac080719a81a5b2b527d7900bc34c,"{""d"":7,""p"":0.0017433288221999873,""r"":28}",
    660480,      1023,         0,    16.4,chromobius,293e39bee0e84ac7191538175cdae79882f6714f189c91ace4e4ab6e6df5dc42,"{""d"":7,""p"":0.0002592943797404667,""r"":28}",
     14336,       830,         0,    1.60,chromobius,25c2b844627c8df1bd32dd6476042fa759d6eefc2e65ad8f26c4c7e753b47fe4,"{""d"":7,""p"":0.001082636733874054,""r"":28}",
      8192,      1029,         0,    1.27,chromobius,ff2e220ec057ccb0c6ca78184f3d14471cb4b44216f1e5f5ccb5ce8eed24572b,"{""d"":7,""p"":0.0014873521072935117,""r"":28}",
    552960,      1216,         0,    16.4,chromobius,4a64e00c705a16dee5e2e82d14bca3de4fa7e5bbbbf007898b5ca071b365a76e,"{""d"":7,""p"":0.0003039195382313198,""r"":28}",
      3072,       550,         0,   0.570,chromobius,81ebf1cdee3cc075d2e539767a31018059bac080719a81a5b2b527d7900bc34c,"{""d"":7,""p"":0.0017433288221999873,""r"":28}",
      6144,       763,         0,   0.966,chromobius,ff2e220ec057ccb0c6ca78184f3d14471cb4b44216f1e5f5ccb5ce8eed24572b,"{""d"":7,""p"":0.0014873521072935117,""r"":28}",
       273,        69,         0,   0.064,chromobius,b8f1ea116caf39a19a4f10202de242a4b3b61e6c1c40325ea36bed68c265b516,"{""d"":7,""p"":0.0020433597178569417,""r"":28}",
     12288,      1047,         0,    1.66,chromobius,b3edb3d99f81de3336bee3fc416e93aa193416c6d61145655fd16542b5a82234,"{""d"":7,""p"":0.0012689610031679222,""r"":28}",
      5120,       905,         0,   0.948,chromobius,81ebf1cdee3cc075d2e539767a31018059bac080719a81a5b2b527d7900bc34c,"{""d"":7,""p"":0.0017433288221999873,""r"":28}",
      1024,       254,         0,   0.238,chromobius,b8f1ea116caf39a19a4f10202de242a4b3b61e6c1c40325ea36bed68c265b516,"{""d"":7,""p"":0.0020433597178569417,""r"":28}",
      1024,       264,         0,   0.240,chromobius,b8f1ea116caf39a19a4f10202de242a4b3b61e6c1c40325ea36bed68c265b516,"{""d"":7,""p"":0.0020433597178569417,""r"":28}",
      5120,       440,         0,   0.678,chromobius,b3edb3d99f81de3336bee3fc416e93aa193416c6d61145655fd16542b5a82234,"{""d"":7,""p"":0.0012689610031679222,""r"":28}",
      1024,       259,         0,   0.238,chromobius,b8f1ea116caf39a19a4f10202de242a4b3b61e6c1c40325ea36bed68c265b516,"{""d"":7,""p"":0.0020433597178569417,""r"":28}",
       273,        77,         0,   0.078,chromobius,50d206675814d26cc539d1bc1c1f024154426702e7f16fcfedfce59db2aa23d5,"{""d"":7,""p"":0.002395026619987486,""r"":28}",
      4096,       747,         0,   0.753,chromobius,81ebf1cdee3cc075d2e539767a31018059bac080719a81a5b2b527d7900bc34c,"{""d"":7,""p"":0.0017433288221999873,""r"":28}",
      1024,       245,         0,   0.230,chromobius,b8f1ea116caf39a19a4f10202de242a4b3b61e6c1c40325ea36bed68c265b516,"{""d"":7,""p"":0.0020433597178569417,""r"":28}",
       273,       123,         0,   0.096,chromobius,fbe488a798c461f1bb0b30ea66eb9f5c224bf46ee268be1a571039494a3ec942,"{""d"":7,""p"":0.0028072162039411755,""r"":28}",
     20480,      1204,         0,    2.27,chromobius,25c2b844627c8df1bd32dd6476042fa759d6eefc2e65ad8f26c4c7e753b47fe4,"{""d"":7,""p"":0.001082636733874054,""r"":28}",
      1024,       353,         0,   0.273,chromobius,50d206675814d26cc539d1bc1c1f024154426702e7f16fcfedfce59db2aa23d5,"{""d"":7,""p"":0.002395026619987486,""r"":28}",
      1024,       279,         0,   0.245,chromobius,b8f1ea116caf39a19a4f10202de242a4b3b61e6c1c40325ea36bed68c265b516,"{""d"":7,""p"":0.0020433597178569417,""r"":28}",
      1024,       367,         0,   0.278,chromobius,50d206675814d26cc539d1bc1c1f024154426702e7f16fcfedfce59db2aa23d5,"{""d"":7,""p"":0.002395026619987486,""r"":28}",
      1024,       400,         0,   0.343,chromobius,fbe488a798c461f1bb0b30ea66eb9f5c224bf46ee268be1a571039494a3ec942,"{""d"":7,""p"":0.0028072162039411755,""r"":28}",
      1024,       274,         0,   0.245,chromobius,b8f1ea116caf39a19a4f10202de242a4b3b61e6c1c40325ea36bed68c265b516,"{""d"":7,""p"":0.0020433597178569417,""r"":28}",
      1024,       245,         0,   0.240,chromobius,b8f1ea116caf39a19a4f10202de242a4b3b61e6c1c40325ea36bed68c265b516,"{""d"":7,""p"":0.0020433597178569417,""r"":28}",
      1024,       339,         0,   0.290,chromobius,50d206675814d26cc539d1bc1c1f024154426702e7f16fcfedfce59db2aa23d5,"{""d"":7,""p"":0.002395026619987486,""r"":28}",
      1024,       442,         0,   0.355,chromobius,fbe488a798c461f1bb0b30ea66eb9f5c224bf46ee268be1a571039494a3ec942,"{""d"":7,""p"":0.0028072162039411755,""r"":28}",
      6144,       354,         0,   0.677,chromobius,25c2b844627c8df1bd32dd6476042fa759d6eefc2e65ad8f26c4c7e753b47fe4,"{""d"":7,""p"":0.001082636733874054,""r"":28}",
      1024,       251,         0,   0.236,chromobius,b8f1ea116caf39a19a4f10202de242a4b3b61e6c1c40325ea36bed68c265b516,"{""d"":7,""p"":0.0020433597178569417,""r"":28}",
      1024,       350,         0,   0.273,chromobius,50d206675814d26cc539d1bc1c1f024154426702e7f16fcfedfce59db2aa23d5,"{""d"":7,""p"":0.002395026619987486,""r"":28}",
       273,       131,         0,   0.115,chromobius,79a492548ef772d3fef57a40a0a031cfbea00cc93fc84b4416d4399db55f28b2,"{""d"":7,""p"":0.0032903445623126675,""r"":28}",
      1024,       407,         0,   0.351,chromobius,fbe488a798c461f1bb0b30ea66eb9f5c224bf46ee268be1a571039494a3ec942,"{""d"":7,""p"":0.0028072162039411755,""r"":28}",
      1024,       267,         0,   0.236,chromobius,b8f1ea116caf39a19a4f10202de242a4b3b61e6c1c40325ea36bed68c265b516,"{""d"":7,""p"":0.0020433597178569417,""r"":28}",
      1024,       274,         0,   0.289,chromobius,50d206675814d26cc539d1bc1c1f024154426702e7f16fcfedfce59db2aa23d5,"{""d"":7,""p"":0.002395026619987486,""r"":28}",
      1024,       461,         0,   0.423,chromobius,79a492548ef772d3fef57a40a0a031cfbea00cc93fc84b4416d4399db55f28b2,"{""d"":7,""p"":0.0032903445623126675,""r"":28}",
      1024,       410,         0,   0.368,chromobius,fbe488a798c461f1bb0b30ea66eb9f5c224bf46ee268be1a571039494a3ec942,"{""d"":7,""p"":0.0028072162039411755,""r"":28}",
      1024,       315,         0,   0.280,chromobius,50d206675814d26cc539d1bc1c1f024154426702e7f16fcfedfce59db2aa23d5,"{""d"":7,""p"":0.002395026619987486,""r"":28}",
      2048,       543,         0,   0.480,chromobius,b8f1ea116caf39a19a4f10202de242a4b3b61e6c1c40325ea36bed68c265b516,"{""d"":7,""p"":0.0020433597178569417,""r"":28}",
      1024,       337,         0,   0.272,chromobius,50d206675814d26cc539d1bc1c1f024154426702e7f16fcfedfce59db2aa23d5,"{""d"":7,""p"":0.002395026619987486,""r"":28}",
      1024,       446,         0,   0.430,chromobius,79a492548ef772d3fef57a40a0a031cfbea00cc93fc84b4416d4399db55f28b2,"{""d"":7,""p"":0.0032903445623126675,""r"":28}",
      1024,       404,         0,   0.372,chromobius,fbe488a798c461f1bb0b30ea66eb9f5c224bf46ee268be1a571039494a3ec942,"{""d"":7,""p"":0.0028072162039411755,""r"":28}",
      2048,       479,         0,   0.473,chromobius,b8f1ea116caf39a19a4f10202de242a4b3b61e6c1c40325ea36bed68c265b516,"{""d"":7,""p"":0.0020433597178569417,""r"":28}",
      1024,       335,         0,   0.271,chromobius,50d206675814d26cc539d1bc1c1f024154426702e7f16fcfedfce59db2aa23d5,"{""d"":7,""p"":0.002395026619987486,""r"":28}",
      1024,       393,         0,   0.367,chromobius,fbe488a798c461f1bb0b30ea66eb9f5c224bf46ee268be1a571039494a3ec942,"{""d"":7,""p"":0.0028072162039411755,""r"":28}",
      1024,       476,         0,   0.424,chromobius,79a492548ef772d3fef57a40a0a031cfbea00cc93fc84b4416d4399db55f28b2,"{""d"":7,""p"":0.0032903445623126675,""r"":28}",
      1024,       310,         0,   0.272,chromobius,50d206675814d26cc539d1bc1c1f024154426702e7f16fcfedfce59db2aa23d5,"{""d"":7,""p"":0.002395026619987486,""r"":28}",
      1024,       403,         0,   0.371,chromobius,fbe488a798c461f1bb0b30ea66eb9f5c224bf46ee268be1a571039494a3ec942,"{""d"":7,""p"":0.0028072162039411755,""r"":28}",
      1024,       426,         0,   0.428,chromobius,79a492548ef772d3fef57a40a0a031cfbea00cc93fc84b4416d4399db55f28b2,"{""d"":7,""p"":0.0032903445623126675,""r"":28}",
      3072,       740,         0,   0.703,chromobius,b8f1ea116caf39a19a4f10202de242a4b3b61e6c1c40325ea36bed68c265b516,"{""d"":7,""p"":0.0020433597178569417,""r"":28}",
      2048,       673,         0,   0.545,chromobius,50d206675814d26cc539d1bc1c1f024154426702e7f16fcfedfce59db2aa23d5,"{""d"":7,""p"":0.002395026619987486,""r"":28}",
      1024,       417,         0,   0.379,chromobius,fbe488a798c461f1bb0b30ea66eb9f5c224bf46ee268be1a571039494a3ec942,"{""d"":7,""p"":0.0028072162039411755,""r"":28}",
      1024,       469,         0,   0.437,chromobius,79a492548ef772d3fef57a40a0a031cfbea00cc93fc84b4416d4399db55f28b2,"{""d"":7,""p"":0.0032903445623126675,""r"":28}",
      1024,       393,         0,   0.358,chromobius,fbe488a798c461f1bb0b30ea66eb9f5c224bf46ee268be1a571039494a3ec942,"{""d"":7,""p"":0.0028072162039411755,""r"":28}",
      2048,       644,         0,   0.554,chromobius,50d206675814d26cc539d1bc1c1f024154426702e7f16fcfedfce59db2aa23d5,"{""d"":7,""p"":0.002395026619987486,""r"":28}",
      1024,       463,         0,   0.421,chromobius,79a492548ef772d3fef57a40a0a031cfbea00cc93fc84b4416d4399db55f28b2,"{""d"":7,""p"":0.0032903445623126675,""r"":28}",
      1024,       395,         0,   0.338,chromobius,fbe488a798c461f1bb0b30ea66eb9f5c224bf46ee268be1a571039494a3ec942,"{""d"":7,""p"":0.0028072162039411755,""r"":28}",
      4096,       994,         0,   0.937,chromobius,b8f1ea116caf39a19a4f10202de242a4b3b61e6c1c40325ea36bed68c265b516,"{""d"":7,""p"":0.0020433597178569417,""r"":28}",
        17,         8,         0,   0.010,chromobius,55db450c98a593b36687a58b1a92230a32e932d6c65d666ecdc9141b8b8126e8,"{""d"":7,""p"":0.0038566204211634724,""r"":28}",
       256,       112,         0,   0.126,chromobius,55db450c98a593b36687a58b1a92230a32e932d6c65d666ecdc9141b8b8126e8,"{""d"":7,""p"":0.0038566204211634724,""r"":28}",
      1024,       507,         0,   0.423,chromobius,79a492548ef772d3fef57a40a0a031cfbea00cc93fc84b4416d4399db55f28b2,"{""d"":7,""p"":0.0032903445623126675,""r"":28}",
      2048,       665,         0,   0.546,chromobius,50d206675814d26cc539d1bc1c1f024154426702e7f16fcfedfce59db2aa23d5,"{""d"":7,""p"":0.002395026619987486,""r"":28}",
        17,         6,         0,   0.011,chromobius,2946d55f136f4ea7bf865dfa6d39c31a44a619cf2562d909154c2711d3f76ad5,"{""d"":7,""p"":0.004520353656360241,""r"":28}",
       256,       126,         0,   0.151,chromobius,2946d55f136f4ea7bf865dfa6d39c31a44a619cf2562d909154c2711d3f76ad5,"{""d"":7,""p"":0.004520353656360241,""r"":28}",
      2048,       836,         0,   0.705,chromobius,fbe488a798c461f1bb0b30ea66eb9f5c224bf46ee268be1a571039494a3ec942,"{""d"":7,""p"":0.0028072162039411755,""r"":28}",
      1024,       453,         0,   0.421,chromobius,79a492548ef772d3fef57a40a0a031cfbea00cc93fc84b4416d4399db55f28b2,"{""d"":7,""p"":0.0032903445623126675,""r"":28}",
      1024,       507,         0,   0.496,chromobius,55db450c98a593b36687a58b1a92230a32e932d6c65d666ecdc9141b8b8126e8,"{""d"":7,""p"":0.0038566204211634724,""r"":28}",
        17,         7,         0,   0.014,chromobius,a426b789abdcd06af53bc55daf1f804d0e1884ae08ae6e4e08f97f40c97314dc,"{""d"":7,""p"":0.005298316906283708,""r"":28}",
       512,       243,         0,   0.302,chromobius,2946d55f136f4ea7bf865dfa6d39c31a44a619cf2562d909154c2711d3f76ad5,"{""d"":7,""p"":0.004520353656360241,""r"":28}",
       256,       125,         0,   0.182,chromobius,a426b789abdcd06af53bc55daf1f804d0e1884ae08ae6e4e08f97f40c97314dc,"{""d"":7,""p"":0.005298316906283708,""r"":28}",
      1024,       452,         0,   0.418,chromobius,79a492548ef772d3fef57a40a0a031cfbea00cc93fc84b4416d4399db55f28b2,"{""d"":7,""p"":0.0032903445623126675,""r"":28}",
       512,       243,         0,   0.313,chromobius,2946d55f136f4ea7bf865dfa6d39c31a44a619cf2562d909154c2711d3f76ad5,"{""d"":7,""p"":0.004520353656360241,""r"":28}",
      1024,       481,         0,   0.524,chromobius,55db450c98a593b36687a58b1a92230a32e932d6c65d666ecdc9141b8b8126e8,"{""d"":7,""p"":0.0038566204211634724,""r"":28}",
       512,       278,         0,   0.350,chromobius,a426b789abdcd06af53bc55daf1f804d0e1884ae08ae6e4e08f97f40c97314dc,"{""d"":7,""p"":0.005298316906283708,""r"":28}",
       512,       256,         0,   0.311,chromobius,2946d55f136f4ea7bf865dfa6d39c31a44a619cf2562d909154c2711d3f76ad5,"{""d"":7,""p"":0.004520353656360241,""r"":28}",
      1024,       455,         0,   0.431,chromobius,79a492548ef772d3fef57a40a0a031cfbea00cc93fc84b4416d4399db55f28b2,"{""d"":7,""p"":0.0032903445623126675,""r"":28}",
       512,       250,         0,   0.356,chromobius,a426b789abdcd06af53bc55daf1f804d0e1884ae08ae6e4e08f97f40c97314dc,"{""d"":7,""p"":0.005298316906283708,""r"":28}",
       512,       273,         0,   0.308,chromobius,2946d55f136f4ea7bf865dfa6d39c31a44a619cf2562d909154c2711d3f76ad5,"{""d"":7,""p"":0.004520353656360241,""r"":28}",
      1024,       485,         0,   0.518,chromobius,55db450c98a593b36687a58b1a92230a32e932d6c65d666ecdc9141b8b8126e8,"{""d"":7,""p"":0.0038566204211634724,""r"":28}",
      1024,       436,         0,   0.430,chromobius,79a492548ef772d3fef57a40a0a031cfbea00cc93fc84b4416d4399db55f28b2,"{""d"":7,""p"":0.0032903445623126675,""r"":28}",
       512,       236,         0,   0.351,chromobius,a426b789abdcd06af53bc55daf1f804d0e1884ae08ae6e4e08f97f40c97314dc,"{""d"":7,""p"":0.005298316906283708,""r"":28}",
        17,        11,         0,   0.019,chromobius,cd5e267646286c8fd1df57347192656f46ae73d21c5b113152fec03913d1dd62,"{""d"":7,""p"":0.006210169418915616,""r"":28}",
       512,       268,         0,   0.304,chromobius,2946d55f136f4ea7bf865dfa6d39c31a44a619cf2562d909154c2711d3f76ad5,"{""d"":7,""p"":0.004520353656360241,""r"":28}",
       256,       127,         0,   0.215,chromobius,cd5e267646286c8fd1df57347192656f46ae73d21c5b113152fec03913d1dd62,"{""d"":7,""p"":0.006210169418915616,""r"":28}",
      1024,       514,         0,   0.521,chromobius,55db450c98a593b36687a58b1a92230a32e932d6c65d666ecdc9141b8b8126e8,"{""d"":7,""p"":0.0038566204211634724,""r"":28}",
       512,       263,         0,   0.357,chromobius,a426b789abdcd06af53bc55daf1f804d0e1884ae08ae6e4e08f97f40c97314dc,"{""d"":7,""p"":0.005298316906283708,""r"":28}",
       512,       259,         0,   0.305,chromobius,2946d55f136f4ea7bf865dfa6d39c31a44a619cf2562d909154c2711d3f76ad5,"{""d"":7,""p"":0.004520353656360241,""r"":28}",
       512,       251,         0,   0.293,chromobius,2946d55f136f4ea7bf865dfa6d39c31a44a619cf2562d909154c2711d3f76ad5,"{""d"":7,""p"":0.004520353656360241,""r"":28}",
       512,       274,         0,   0.420,chromobius,cd5e267646286c8fd1df57347192656f46ae73d21c5b113152fec03913d1dd62,"{""d"":7,""p"":0.006210169418915616,""r"":28}",
       512,       246,         0,   0.369,chromobius,a426b789abdcd06af53bc55daf1f804d0e1884ae08ae6e4e08f97f40c97314dc,"{""d"":7,""p"":0.005298316906283708,""r"":28}",
      1024,       475,         0,   0.525,chromobius,55db450c98a593b36687a58b1a92230a32e932d6c65d666ecdc9141b8b8126e8,"{""d"":7,""p"":0.0038566204211634724,""r"":28}",
       512,       279,         0,   0.354,chromobius,a426b789abdcd06af53bc55daf1f804d0e1884ae08ae6e4e08f97f40c97314dc,"{""d"":7,""p"":0.005298316906283708,""r"":28}",
       512,       254,         0,   0.425,chromobius,cd5e267646286c8fd1df57347192656f46ae73d21c5b113152fec03913d1dd62,"{""d"":7,""p"":0.006210169418915616,""r"":28}",
      1024,       514,         0,   0.585,chromobius,2946d55f136f4ea7bf865dfa6d39c31a44a619cf2562d909154c2711d3f76ad5,"{""d"":7,""p"":0.004520353656360241,""r"":28}",
      1024,       504,         0,   0.517,chromobius,55db450c98a593b36687a58b1a92230a32e932d6c65d666ecdc9141b8b8126e8,"{""d"":7,""p"":0.0038566204211634724,""r"":28}",
       512,       241,         0,   0.359,chromobius,a426b789abdcd06af53bc55daf1f804d0e1884ae08ae6e4e08f97f40c97314dc,"{""d"":7,""p"":0.005298316906283708,""r"":28}",
    311296,       700,         0,    9.08,chromobius,4a64e00c705a16dee5e2e82d14bca3de4fa7e5bbbbf007898b5ca071b365a76e,"{""d"":7,""p"":0.0003039195382313198,""r"":28}",
       512,       233,         0,   0.423,chromobius,cd5e267646286c8fd1df57347192656f46ae73d21c5b113152fec03913d1dd62,"{""d"":7,""p"":0.006210169418915616,""r"":28}",
        17,        10,         0,   0.020,chromobius,1c7d0c553a0c210e76bf6cf37301a5dbabf8d219f2ba58f716f8982866951060,"{""d"":7,""p"":0.007278953843983146,""r"":28}",
       512,       247,         0,   0.366,chromobius,a426b789abdcd06af53bc55daf1f804d0e1884ae08ae6e4e08f97f40c97314dc,"{""d"":7,""p"":0.005298316906283708,""r"":28}",
       256,       122,         0,   0.271,chromobius,1c7d0c553a0c210e76bf6cf37301a5dbabf8d219f2ba58f716f8982866951060,"{""d"":7,""p"":0.007278953843983146,""r"":28}",
      1024,       470,         0,   0.511,chromobius,55db450c98a593b36687a58b1a92230a32e932d6c65d666ecdc9141b8b8126e8,"{""d"":7,""p"":0.0038566204211634724,""r"":28}",
      1024,       500,         0,   0.591,chromobius,2946d55f136f4ea7bf865dfa6d39c31a44a619cf2562d909154c2711d3f76ad5,"{""d"":7,""p"":0.004520353656360241,""r"":28}",
       512,       254,         0,   0.424,chromobius,cd5e267646286c8fd1df57347192656f46ae73d21c5b113152fec03913d1dd62,"{""d"":7,""p"":0.006210169418915616,""r"":28}",
       512,       252,         0,   0.368,chromobius,a426b789abdcd06af53bc55daf1f804d0e1884ae08ae6e4e08f97f40c97314dc,"{""d"":7,""p"":0.005298316906283708,""r"":28}",
       512,       260,         0,   0.530,chromobius,1c7d0c553a0c210e76bf6cf37301a5dbabf8d219f2ba58f716f8982866951060,"{""d"":7,""p"":0.007278953843983146,""r"":28}",
      1024,       524,         0,   0.513,chromobius,55db450c98a593b36687a58b1a92230a32e932d6c65d666ecdc9141b8b8126e8,"{""d"":7,""p"":0.0038566204211634724,""r"":28}",
       512,       255,         0,   0.410,chromobius,cd5e267646286c8fd1df57347192656f46ae73d21c5b113152fec03913d1dd62,"{""d"":7,""p"":0.006210169418915616,""r"":28}",
      1024,       496,         0,   0.582,chromobius,2946d55f136f4ea7bf865dfa6d39c31a44a619cf2562d909154c2711d3f76ad5,"{""d"":7,""p"":0.004520353656360241,""r"":28}",
       512,       235,         0,   0.428,chromobius,cd5e267646286c8fd1df57347192656f46ae73d21c5b113152fec03913d1dd62,"{""d"":7,""p"":0.006210169418915616,""r"":28}",
      1024,       499,         0,   0.514,chromobius,55db450c98a593b36687a58b1a92230a32e932d6c65d666ecdc9141b8b8126e8,"{""d"":7,""p"":0.0038566204211634724,""r"":28}",
       512,       261,         0,   0.536,chromobius,1c7d0c553a0c210e76bf6cf37301a5dbabf8d219f2ba58f716f8982866951060,"{""d"":7,""p"":0.007278953843983146,""r"":28}",
      1024,       492,         0,   0.731,chromobius,a426b789abdcd06af53bc55daf1f804d0e1884ae08ae6e4e08f97f40c97314dc,"{""d"":7,""p"":0.005298316906283708,""r"":28}",
      1024,       528,         0,   0.580,chromobius,2946d55f136f4ea7bf865dfa6d39c31a44a619cf2562d909154c2711d3f76ad5,"{""d"":7,""p"":0.004520353656360241,""r"":28}",
       512,       253,         0,   0.419,chromobius,cd5e267646286c8fd1df57347192656f46ae73d21c5b113152fec03913d1dd62,"{""d"":7,""p"":0.006210169418915616,""r"":28}",
      1024,       485,         0,   0.499,chromobius,55db450c98a593b36687a58b1a92230a32e932d6c65d666ecdc9141b8b8126e8,"{""d"":7,""p"":0.0038566204211634724,""r"":28}",
       512,       247,         0,   0.533,chromobius,1c7d0c553a0c210e76bf6cf37301a5dbabf8d219f2ba58f716f8982866951060,"{""d"":7,""p"":0.007278953843983146,""r"":28}",
        17,         5,         0,   0.022,chromobius,b55b5554d70411e485d661289e9aa7476e74386b8f5dfb8e7eadd3664b74078c,"{""d"":7,""p"":0.008531678524172805,""r"":28}",
      1024,       488,         0,   0.732,chromobius,a426b789abdcd06af53bc55daf1f804d0e1884ae08ae6e4e08f97f40c97314dc,"{""d"":7,""p"":0.005298316906283708,""r"":28}",
       512,       248,         0,   0.412,chromobius,cd5e267646286c8fd1df57347192656f46ae73d21c5b113152fec03913d1dd62,"{""d"":7,""p"":0.006210169418915616,""r"":28}",
       256,       131,         0,   0.296,chromobius,b55b5554d70411e485d661289e9aa7476e74386b8f5dfb8e7eadd3664b74078c,"{""d"":7,""p"":0.008531678524172805,""r"":28}",
       512,       248,         0,   0.520,chromobius,1c7d0c553a0c210e76bf6cf37301a5dbabf8d219f2ba58f716f8982866951060,"{""d"":7,""p"":0.007278953843983146,""r"":28}",
       512,       246,         0,   0.419,chromobius,cd5e267646286c8fd1df57347192656f46ae73d21c5b113152fec03913d1dd62,"{""d"":7,""p"":0.006210169418915616,""r"":28}",
      2048,      1005,         0,    1.22,chromobius,2946d55f136f4ea7bf865dfa6d39c31a44a619cf2562d909154c2711d3f76ad5,"{""d"":7,""p"":0.004520353656360241,""r"":28}",
       512,       254,         0,   0.594,chromobius,b55b5554d70411e485d661289e9aa7476e74386b8f5dfb8e7eadd3664b74078c,"{""d"":7,""p"":0.008531678524172805,""r"":28}",
       512,       260,         0,   0.494,chromobius,1c7d0c553a0c210e76bf6cf37301a5dbabf8d219f2ba58f716f8982866951060,"{""d"":7,""p"":0.007278953843983146,""r"":28}",
       512,       257,         0,   0.421,chromobius,cd5e267646286c8fd1df57347192656f46ae73d21c5b113152fec03913d1dd62,"{""d"":7,""p"":0.006210169418915616,""r"":28}",
      1536,       773,         0,    1.07,chromobius,a426b789abdcd06af53bc55daf1f804d0e1884ae08ae6e4e08f97f40c97314dc,"{""d"":7,""p"":0.005298316906283708,""r"":28}",
      1024,       531,         0,   0.631,chromobius,2946d55f136f4ea7bf865dfa6d39c31a44a619cf2562d909154c2711d3f76ad5,"{""d"":7,""p"":0.004520353656360241,""r"":28}",
       512,       263,         0,   0.491,chromobius,1c7d0c553a0c210e76bf6cf37301a5dbabf8d219f2ba58f716f8982866951060,"{""d"":7,""p"":0.007278953843983146,""r"":28}",
       512,       243,         0,   0.608,chromobius,b55b5554d70411e485d661289e9aa7476e74386b8f5dfb8e7eadd3664b74078c,"{""d"":7,""p"":0.008531678524172805,""r"":28}",
        17,         7,         0,   0.025,chromobius,bb4de6ac7fb722c62a41d8e539ef7b1fb720cddd1d7fd283b659a6b2f5e86d33,"{""d"":7,""p"":0.01,""r"":28}",
      1024,       485,         0,   0.839,chromobius,cd5e267646286c8fd1df57347192656f46ae73d21c5b113152fec03913d1dd62,"{""d"":7,""p"":0.006210169418915616,""r"":28}",
       256,       134,         0,   0.345,chromobius,bb4de6ac7fb722c62a41d8e539ef7b1fb720cddd1d7fd283b659a6b2f5e86d33,"{""d"":7,""p"":0.01,""r"":28}",
       512,       269,         0,   0.489,chromobius,1c7d0c553a0c210e76bf6cf37301a5dbabf8d219f2ba58f716f8982866951060,"{""d"":7,""p"":0.007278953843983146,""r"":28}",
       512,       254,         0,   0.601,chromobius,b55b5554d70411e485d661289e9aa7476e74386b8f5dfb8e7eadd3664b74078c,"{""d"":7,""p"":0.008531678524172805,""r"":28}",
       256,       124,         0,   0.343,chromobius,bb4de6ac7fb722c62a41d8e539ef7b1fb720cddd1d7fd283b659a6b2f5e86d33,"{""d"":7,""p"":0.01,""r"":28}",
       512,       261,         0,   0.493,chromobius,1c7d0c553a0c210e76bf6cf37301a5dbabf8d219f2ba58f716f8982866951060,"{""d"":7,""p"":0.007278953843983146,""r"":28}",
       256,       130,         0,   0.336,chromobius,bb4de6ac7fb722c62a41d8e539ef7b1fb720cddd1d7fd283b659a6b2f5e86d33,"{""d"":7,""p"":0.01,""r"":28}",
       512,       258,         0,   0.601,chromobius,b55b5554d70411e485d661289e9aa7476e74386b8f5dfb8e7eadd3664b74078c,"{""d"":7,""p"":0.008531678524172805,""r"":28}",
      1024,       504,         0,   0.859,chromobius,cd5e267646286c8fd1df57347192656f46ae73d21c5b113152fec03913d1dd62,"{""d"":7,""p"":0.006210169418915616,""r"":28}",
      2048,       992,         0,    1.47,chromobius,a426b789abdcd06af53bc55daf1f804d0e1884ae08ae6e4e08f97f40c97314dc,"{""d"":7,""p"":0.005298316906283708,""r"":28}",
       256,       139,         0,   0.339,chromobius,bb4de6ac7fb722c62a41d8e539ef7b1fb720cddd1d7fd283b659a6b2f5e86d33,"{""d"":7,""p"":0.01,""r"":28}",
       273,         0,         0,   0.011,chromobius,b9ef5fd8abb9eee137e8986380f19862fc4f7ec93ec93b78c9ca2652dc3ee5de,"{""d"":9,""p"":0.0001,""r"":36}",
      1024,         0,         0,   0.030,chromobius,b9ef5fd8abb9eee137e8986380f19862fc4f7ec93ec93b78c9ca2652dc3ee5de,"{""d"":9,""p"":0.0001,""r"":36}",
       512,       253,         0,   0.497,chromobius,1c7d0c553a0c210e76bf6cf37301a5dbabf8d219f2ba58f716f8982866951060,"{""d"":7,""p"":0.007278953843983146,""r"":28}",
      1024,         0,         0,   0.029,chromobius,b9ef5fd8abb9eee137e8986380f19862fc4f7ec93ec93b78c9ca2652dc3ee5de,"{""d"":9,""p"":0.0001,""r"":36}",
      1024,         0,         0,   0.031,chromobius,b9ef5fd8abb9eee137e8986380f19862fc4f7ec93ec93b78c9ca2652dc3ee5de,"{""d"":9,""p"":0.0001,""r"":36}",
      2048,         0,         0,   0.061,chromobius,b9ef5fd8abb9eee137e8986380f19862fc4f7ec93ec93b78c9ca2652dc3ee5de,"{""d"":9,""p"":0.0001,""r"":36}",
      2048,         0,         0,   0.061,chromobius,b9ef5fd8abb9eee137e8986380f19862fc4f7ec93ec93b78c9ca2652dc3ee5de,"{""d"":9,""p"":0.0001,""r"":36}",
      3072,         0,         0,   0.095,chromobius,b9ef5fd8abb9eee137e8986380f19862fc4f7ec93ec93b78c9ca2652dc3ee5de,"{""d"":9,""p"":0.0001,""r"":36}",
       256,       129,         0,   0.333,chromobius,bb4de6ac7fb722c62a41d8e539ef7b1fb720cddd1d7fd283b659a6b2f5e86d33,"{""d"":7,""p"":0.01,""r"":28}",
      4096,         0,         0,   0.119,chromobius,b9ef5fd8abb9eee137e8986380f19862fc4f7ec93ec93b78c9ca2652dc3ee5de,"{""d"":9,""p"":0.0001,""r"":36}",
       512,       253,         0,   0.619,chromobius,b55b5554d70411e485d661289e9aa7476e74386b8f5dfb8e7eadd3664b74078c,"{""d"":7,""p"":0.008531678524172805,""r"":28}",
       512,       276,         0,   0.498,chromobius,1c7d0c553a0c210e76bf6cf37301a5dbabf8d219f2ba58f716f8982866951060,"{""d"":7,""p"":0.007278953843983146,""r"":28}",
      6144,         0,         0,   0.172,chromobius,b9ef5fd8abb9eee137e8986380f19862fc4f7ec93ec93b78c9ca2652dc3ee5de,"{""d"":9,""p"":0.0001,""r"":36}",
       256,       121,         0,   0.334,chromobius,bb4de6ac7fb722c62a41d8e539ef7b1fb720cddd1d7fd283b659a6b2f5e86d33,"{""d"":7,""p"":0.01,""r"":28}",
      8192,         0,         0,   0.236,chromobius,b9ef5fd8abb9eee137e8986380f19862fc4f7ec93ec93b78c9ca2652dc3ee5de,"{""d"":9,""p"":0.0001,""r"":36}",
       256,       131,         0,   0.342,chromobius,bb4de6ac7fb722c62a41d8e539ef7b1fb720cddd1d7fd283b659a6b2f5e86d33,"{""d"":7,""p"":0.01,""r"":28}",
       512,       255,         0,   0.613,chromobius,b55b5554d70411e485d661289e9aa7476e74386b8f5dfb8e7eadd3664b74078c,"{""d"":7,""p"":0.008531678524172805,""r"":28}",
      1536,       734,         0,    1.27,chromobius,cd5e267646286c8fd1df57347192656f46ae73d21c5b113152fec03913d1dd62,"{""d"":7,""p"":0.006210169418915616,""r"":28}",
     10240,         0,         0,   0.306,chromobius,b9ef5fd8abb9eee137e8986380f19862fc4f7ec93ec93b78c9ca2652dc3ee5de,"{""d"":9,""p"":0.0001,""r"":36}",
       256,       130,         0,   0.336,chromobius,bb4de6ac7fb722c62a41d8e539ef7b1fb720cddd1d7fd283b659a6b2f5e86d33,"{""d"":7,""p"":0.01,""r"":28}",
     14336,         1,         0,   0.416,chromobius,b9ef5fd8abb9eee137e8986380f19862fc4f7ec93ec93b78c9ca2652dc3ee5de,"{""d"":9,""p"":0.0001,""r"":36}",
      1024,       491,         0,    1.05,chromobius,1c7d0c553a0c210e76bf6cf37301a5dbabf8d219f2ba58f716f8982866951060,"{""d"":7,""p"":0.007278953843983146,""r"":28}",
       512,       249,         0,   0.600,chromobius,b55b5554d70411e485d661289e9aa7476e74386b8f5dfb8e7eadd3664b74078c,"{""d"":7,""p"":0.008531678524172805,""r"":28}",
       256,       122,         0,   0.335,chromobius,bb4de6ac7fb722c62a41d8e539ef7b1fb720cddd1d7fd283b659a6b2f5e86d33,"{""d"":7,""p"":0.01,""r"":28}",
       256,       130,         0,   0.334,chromobius,bb4de6ac7fb722c62a41d8e539ef7b1fb720cddd1d7fd283b659a6b2f5e86d33,"{""d"":7,""p"":0.01,""r"":28}",
     20480,         1,         0,   0.569,chromobius,b9ef5fd8abb9eee137e8986380f19862fc4f7ec93ec93b78c9ca2652dc3ee5de,"{""d"":9,""p"":0.0001,""r"":36}",
       512,       240,         0,   0.606,chromobius,b55b5554d70411e485d661289e9aa7476e74386b8f5dfb8e7eadd3664b74078c,"{""d"":7,""p"":0.008531678524172805,""r"":28}",
      1536,       749,         0,    1.26,chromobius,cd5e267646286c8fd1df57347192656f46ae73d21c5b113152fec03913d1dd62,"{""d"":7,""p"":0.006210169418915616,""r"":28}",
       273,         0,         0,   0.011,chromobius,b52ee76d489112738b53d18a73703b292322b6d8048af12cf3976bceb059b3ff,"{""d"":9,""p"":0.00011721022975334806,""r"":36}",
      1024,         0,         0,   0.032,chromobius,b52ee76d489112738b53d18a73703b292322b6d8048af12cf3976bceb059b3ff,"{""d"":9,""p"":0.00011721022975334806,""r"":36}",
      1024,         0,         0,   0.036,chromobius,b52ee76d489112738b53d18a73703b292322b6d8048af12cf3976bceb059b3ff,"{""d"":9,""p"":0.00011721022975334806,""r"":36}",
      1024,       535,         0,    1.03,chromobius,1c7d0c553a0c210e76bf6cf37301a5dbabf8d219f2ba58f716f8982866951060,"{""d"":7,""p"":0.007278953843983146,""r"":28}",
      1024,         0,         0,   0.035,chromobius,b52ee76d489112738b53d18a73703b292322b6d8048af12cf3976bceb059b3ff,"{""d"":9,""p"":0.00011721022975334806,""r"":36}",
       512,       275,         0,   0.664,chromobius,bb4de6ac7fb722c62a41d8e539ef7b1fb720cddd1d7fd283b659a6b2f5e86d33,"{""d"":7,""p"":0.01,""r"":28}",
      2048,         0,         0,   0.071,chromobius,b52ee76d489112738b53d18a73703b292322b6d8048af12cf3976bceb059b3ff,"{""d"":9,""p"":0.00011721022975334806,""r"":36}",
      2048,         0,         0,   0.073,chromobius,b52ee76d489112738b53d18a73703b292322b6d8048af12cf3976bceb059b3ff,"{""d"":9,""p"":0.00011721022975334806,""r"":36}",
       512,       230,         0,   0.630,chromobius,b55b5554d70411e485d661289e9aa7476e74386b8f5dfb8e7eadd3664b74078c,"{""d"":7,""p"":0.008531678524172805,""r"":28}",
      3072,         0,         0,   0.110,chromobius,b52ee76d489112738b53d18a73703b292322b6d8048af12cf3976bceb059b3ff,"{""d"":9,""p"":0.00011721022975334806,""r"":36}",
     26624,         1,         0,   0.792,chromobius,b9ef5fd8abb9eee137e8986380f19862fc4f7ec93ec93b78c9ca2652dc3ee5de,"{""d"":9,""p"":0.0001,""r"":36}",
      3072,         0,         0,   0.107,chromobius,b52ee76d489112738b53d18a73703b292322b6d8048af12cf3976bceb059b3ff,"{""d"":9,""p"":0.00011721022975334806,""r"":36}",
      5120,         0,         0,   0.179,chromobius,b52ee76d489112738b53d18a73703b292322b6d8048af12cf3976bceb059b3ff,"{""d"":9,""p"":0.00011721022975334806,""r"":36}",
       512,       262,         0,   0.711,chromobius,bb4de6ac7fb722c62a41d8e539ef7b1fb720cddd1d7fd283b659a6b2f5e86d33,"{""d"":7,""p"":0.01,""r"":28}",
      7168,         0,         0,   0.240,chromobius,b52ee76d489112738b53d18a73703b292322b6d8048af12cf3976bceb059b3ff,"{""d"":9,""p"":0.00011721022975334806,""r"":36}",
       512,       262,         0,   0.653,chromobius,b55b5554d70411e485d661289e9aa7476e74386b8f5dfb8e7eadd3664b74078c,"{""d"":7,""p"":0.008531678524172805,""r"":28}",
      9216,         0,         0,   0.314,chromobius,b52ee76d489112738b53d18a73703b292322b6d8048af12cf3976bceb059b3ff,"{""d"":9,""p"":0.00011721022975334806,""r"":36}",
     37888,         2,         0,    1.13,chromobius,b9ef5fd8abb9eee137e8986380f19862fc4f7ec93ec93b78c9ca2652dc3ee5de,"{""d"":9,""p"":0.0001,""r"":36}",
      1536,       740,         0,    1.51,chromobius,1c7d0c553a0c210e76bf6cf37301a5dbabf8d219f2ba58f716f8982866951060,"{""d"":7,""p"":0.007278953843983146,""r"":28}",
       512,       259,         0,   0.608,chromobius,b55b5554d70411e485d661289e9aa7476e74386b8f5dfb8e7eadd3664b74078c,"{""d"":7,""p"":0.008531678524172805,""r"":28}",
     13312,         0,         0,   0.440,chromobius,b52ee76d489112738b53d18a73703b292322b6d8048af12cf3976bceb059b3ff,"{""d"":9,""p"":0.00011721022975334806,""r"":36}",
       768,       386,         0,    1.01,chromobius,bb4de6ac7fb722c62a41d8e539ef7b1fb720cddd1d7fd283b659a6b2f5e86d33,"{""d"":7,""p"":0.01,""r"":28}",
     17408,         0,         0,   0.579,chromobius,b52ee76d489112738b53d18a73703b292322b6d8048af12cf3976bceb059b3ff,"{""d"":9,""p"":0.00011721022975334806,""r"":36}",
      1024,       488,         0,    1.21,chromobius,b55b5554d70411e485d661289e9aa7476e74386b8f5dfb8e7eadd3664b74078c,"{""d"":7,""p"":0.008531678524172805,""r"":28}",
     24576,         2,         0,   0.812,chromobius,b52ee76d489112738b53d18a73703b292322b6d8048af12cf3976bceb059b3ff,"{""d"":9,""p"":0.00011721022975334806,""r"":36}",
     55296,         1,         0,    1.56,chromobius,b9ef5fd8abb9eee137e8986380f19862fc4f7ec93ec93b78c9ca2652dc3ee5de,"{""d"":9,""p"":0.0001,""r"":36}",
      1536,       742,         0,    1.55,chromobius,1c7d0c553a0c210e76bf6cf37301a5dbabf8d219f2ba58f716f8982866951060,"{""d"":7,""p"":0.007278953843983146,""r"":28}",
      1024,       492,         0,    1.34,chromobius,bb4de6ac7fb722c62a41d8e539ef7b1fb720cddd1d7fd283b659a6b2f5e86d33,"{""d"":7,""p"":0.01,""r"":28}",
       273,         0,         0,   0.014,chromobius,e7e9d721a9737279e85aba24d617af5ba5dba17d686fceabaf5a501c6a6e70e9,"{""d"":9,""p"":0.00013738237958832623,""r"":36}",
      1024,         0,         0,   0.043,chromobius,e7e9d721a9737279e85aba24d617af5ba5dba17d686fceabaf5a501c6a6e70e9,"{""d"":9,""p"":0.00013738237958832623,""r"":36}",
   2164736,       358,         0,    22.8,chromobius,ae176568e2f3c8f508e1263c83b8a3ab0cdc6d9f693eac514d94982e41260ad5,"{""d"":7,""p"":0.0001,""r"":28}",
      1024,         0,         0,   0.042,chromobius,e7e9d721a9737279e85aba24d617af5ba5dba17d686fceabaf5a501c6a6e70e9,"{""d"":9,""p"":0.00013738237958832623,""r"":36}",
      1024,         0,         0,   0.041,chromobius,e7e9d721a9737279e85aba24d617af5ba5dba17d686fceabaf5a501c6a6e70e9,"{""d"":9,""p"":0.00013738237958832623,""r"":36}",
      1024,         0,         0,   0.041,chromobius,e7e9d721a9737279e85aba24d617af5ba5dba17d686fceabaf5a501c6a6e70e9,"{""d"":9,""p"":0.00013738237958832623,""r"":36}",
   1935360,       503,         0,    22.8,chromobius,9bad20ffceef682702084ef23fff5bcc2d4eb0683db23fbcd0bfed14d8705a02,"{""d"":7,""p"":0.00011721022975334806,""r"":28}",
      2048,         0,         0,   0.084,chromobius,e7e9d721a9737279e85aba24d617af5ba5dba17d686fceabaf5a501c6a6e70e9,"{""d"":9,""p"":0.00013738237958832623,""r"":36}",
      2048,         0,         0,   0.078,chromobius,e7e9d721a9737279e85aba24d617af5ba5dba17d686fceabaf5a501c6a6e70e9,"{""d"":9,""p"":0.00013738237958832623,""r"":36}",
      3072,         0,         0,   0.120,chromobius,e7e9d721a9737279e85aba24d617af5ba5dba17d686fceabaf5a501c6a6e70e9,"{""d"":9,""p"":0.00013738237958832623,""r"":36}",
   1676288,       586,         0,    22.8,chromobius,9b3b60c121ce74030729b51a516953c4efe231a7f9d7b59aa9e29fb4672991a1,"{""d"":7,""p"":0.00013738237958832623,""r"":28}",
      4096,         0,         0,   0.159,chromobius,e7e9d721a9737279e85aba24d617af5ba5dba17d686fceabaf5a501c6a6e70e9,"{""d"":9,""p"":0.00013738237958832623,""r"":36}",
      1024,       503,         0,    1.25,chromobius,b55b5554d70411e485d661289e9aa7476e74386b8f5dfb8e7eadd3664b74078c,"{""d"":7,""p"":0.008531678524172805,""r"":28}",
     36864,         0,         0,    1.13,chromobius,b52ee76d489112738b53d18a73703b292322b6d8048af12cf3976bceb059b3ff,"{""d"":9,""p"":0.00011721022975334806,""r"":36}",
      6144,         0,         0,   0.236,chromobius,e7e9d721a9737279e85aba24d617af5ba5dba17d686fceabaf5a501c6a6e70e9,"{""d"":9,""p"":0.00013738237958832623,""r"":36}",
      8192,         0,         0,   0.309,chromobius,e7e9d721a9737279e85aba24d617af5ba5dba17d686fceabaf5a501c6a6e70e9,"{""d"":9,""p"":0.00013738237958832623,""r"":36}",
   1367040,       711,         0,    22.8,chromobius,c72b5b8e417695057d70c3cc4a16bf21b5921ef2cbd1c37319d55e67a9b5ecb2,"{""d"":7,""p"":0.00016102620275609394,""r"":28}",
      1280,       628,         0,    1.72,chromobius,bb4de6ac7fb722c62a41d8e539ef7b1fb720cddd1d7fd283b659a6b2f5e86d33,"{""d"":7,""p"":0.01,""r"":28}",
     11264,         0,         0,   0.428,chromobius,e7e9d721a9737279e85aba24d617af5ba5dba17d686fceabaf5a501c6a6e70e9,"{""d"":9,""p"":0.00013738237958832623,""r"":36}",
   1239040,       876,         0,    22.9,chromobius,b0412ea68a414079655b58a5f0b04b676b2d3bffdaebe07c4cc26aad9c188f98,"{""d"":7,""p"":0.00018873918221350977,""r"":28}",
     73728,         1,         0,    2.20,chromobius,b9ef5fd8abb9eee137e8986380f19862fc4f7ec93ec93b78c9ca2652dc3ee5de,"{""d"":9,""p"":0.0001,""r"":36}",
   1053696,      1145,         0,    22.9,chromobius,06a9db826dccf4481d817d42be3b0e301242394f82023c7359ec66606a71a37c,"{""d"":7,""p"":0.000221221629107045,""r"":28}",
     15360,         0,         0,   0.601,chromobius,e7e9d721a9737279e85aba24d617af5ba5dba17d686fceabaf5a501c6a6e70e9,"{""d"":9,""p"":0.00013738237958832623,""r"":36}",
     50176,         2,         0,    1.56,chromobius,b52ee76d489112738b53d18a73703b292322b6d8048af12cf3976bceb059b3ff,"{""d"":9,""p"":0.00011721022975334806,""r"":36}",
      1536,       755,         0,    1.85,chromobius,b55b5554d70411e485d661289e9aa7476e74386b8f5dfb8e7eadd3664b74078c,"{""d"":7,""p"":0.008531678524172805,""r"":28}",
    898048,      1343,         0,    22.9,chromobius,293e39bee0e84ac7191538175cdae79882f6714f189c91ace4e4ab6e6df5dc42,"{""d"":7,""p"":0.0002592943797404667,""r"":28}",
     20480,         1,         0,   0.804,chromobius,e7e9d721a9737279e85aba24d617af5ba5dba17d686fceabaf5a501c6a6e70e9,"{""d"":9,""p"":0.00013738237958832623,""r"":36}",
     21504,        38,         0,   0.557,chromobius,293e39bee0e84ac7191538175cdae79882f6714f189c91ace4e4ab6e6df5dc42,"{""d"":7,""p"":0.0002592943797404667,""r"":28}",
       273,         0,         0,   0.015,chromobius,60a3732502e2c5c16735dc7bee4884d2a749d5b873a287807285e3e99019f9f7,"{""d"":9,""p"":0.00016102620275609394,""r"":36}",
      1024,         0,         0,   0.047,chromobius,60a3732502e2c5c16735dc7bee4884d2a749d5b873a287807285e3e99019f9f7,"{""d"":9,""p"":0.00016102620275609394,""r"":36}",
      1024,         0,         0,   0.047,chromobius,60a3732502e2c5c16735dc7bee4884d2a749d5b873a287807285e3e99019f9f7,"{""d"":9,""p"":0.00016102620275609394,""r"":36}",
      1024,         0,         0,   0.047,chromobius,60a3732502e2c5c16735dc7bee4884d2a749d5b873a287807285e3e99019f9f7,"{""d"":9,""p"":0.00016102620275609394,""r"":36}",
      1024,         0,         0,   0.045,chromobius,60a3732502e2c5c16735dc7bee4884d2a749d5b873a287807285e3e99019f9f7,"{""d"":9,""p"":0.00016102620275609394,""r"":36}",
      1024,       511,         0,    1.25,chromobius,b55b5554d70411e485d661289e9aa7476e74386b8f5dfb8e7eadd3664b74078c,"{""d"":7,""p"":0.008531678524172805,""r"":28}",
      2048,         0,         0,   0.094,chromobius,60a3732502e2c5c16735dc7bee4884d2a749d5b873a287807285e3e99019f9f7,"{""d"":9,""p"":0.00016102620275609394,""r"":36}",
      1792,       865,         0,    2.38,chromobius,bb4de6ac7fb722c62a41d8e539ef7b1fb720cddd1d7fd283b659a6b2f5e86d33,"{""d"":7,""p"":0.01,""r"":28}",
      2048,         0,         0,   0.097,chromobius,60a3732502e2c5c16735dc7bee4884d2a749d5b873a287807285e3e99019f9f7,"{""d"":9,""p"":0.00016102620275609394,""r"":36}",
       273,         0,         0,   0.016,chromobius,ac167fb5c1d28fc59af52dc488be6afe3b1df0510e901bcdc8e2d7de37577e3f,"{""d"":9,""p"":0.00018873918221350977,""r"":36}",
      1024,         0,         0,   0.051,chromobius,ac167fb5c1d28fc59af52dc488be6afe3b1df0510e901bcdc8e2d7de37577e3f,"{""d"":9,""p"":0.00018873918221350977,""r"":36}",
      3072,         0,         0,   0.142,chromobius,60a3732502e2c5c16735dc7bee4884d2a749d5b873a287807285e3e99019f9f7,"{""d"":9,""p"":0.00016102620275609394,""r"":36}",
      1024,         0,         0,   0.052,chromobius,ac167fb5c1d28fc59af52dc488be6afe3b1df0510e901bcdc8e2d7de37577e3f,"{""d"":9,""p"":0.00018873918221350977,""r"":36}",
     28672,         1,         0,    1.14,chromobius,e7e9d721a9737279e85aba24d617af5ba5dba17d686fceabaf5a501c6a6e70e9,"{""d"":9,""p"":0.00013738237958832623,""r"":36}",
      1024,         0,         0,   0.052,chromobius,ac167fb5c1d28fc59af52dc488be6afe3b1df0510e901bcdc8e2d7de37577e3f,"{""d"":9,""p"":0.00018873918221350977,""r"":36}",
      1024,         0,         0,   0.052,chromobius,ac167fb5c1d28fc59af52dc488be6afe3b1df0510e901bcdc8e2d7de37577e3f,"{""d"":9,""p"":0.00018873918221350977,""r"":36}",
      4096,         0,         0,   0.185,chromobius,60a3732502e2c5c16735dc7bee4884d2a749d5b873a287807285e3e99019f9f7,"{""d"":9,""p"":0.00016102620275609394,""r"":36}",
      2048,         0,         0,   0.107,chromobius,ac167fb5c1d28fc59af52dc488be6afe3b1df0510e901bcdc8e2d7de37577e3f,"{""d"":9,""p"":0.00018873918221350977,""r"":36}",
      2048,         0,         0,   0.106,chromobius,ac167fb5c1d28fc59af52dc488be6afe3b1df0510e901bcdc8e2d7de37577e3f,"{""d"":9,""p"":0.00018873918221350977,""r"":36}",
      5120,         0,         0,   0.211,chromobius,60a3732502e2c5c16735dc7bee4884d2a749d5b873a287807285e3e99019f9f7,"{""d"":9,""p"":0.00016102620275609394,""r"":36}",
      2048,         0,         0,   0.107,chromobius,ac167fb5c1d28fc59af52dc488be6afe3b1df0510e901bcdc8e2d7de37577e3f,"{""d"":9,""p"":0.00018873918221350977,""r"":36}",
     68608,         2,         0,    2.19,chromobius,b52ee76d489112738b53d18a73703b292322b6d8048af12cf3976bceb059b3ff,"{""d"":9,""p"":0.00011721022975334806,""r"":36}",
      3072,         1,         0,   0.157,chromobius,ac167fb5c1d28fc59af52dc488be6afe3b1df0510e901bcdc8e2d7de37577e3f,"{""d"":9,""p"":0.00018873918221350977,""r"":36}",
      7168,         0,         0,   0.335,chromobius,60a3732502e2c5c16735dc7bee4884d2a749d5b873a287807285e3e99019f9f7,"{""d"":9,""p"":0.00016102620275609394,""r"":36}",
      5120,         2,         0,   0.243,chromobius,ac167fb5c1d28fc59af52dc488be6afe3b1df0510e901bcdc8e2d7de37577e3f,"{""d"":9,""p"":0.00018873918221350977,""r"":36}",
    103424,         1,         0,    3.05,chromobius,b9ef5fd8abb9eee137e8986380f19862fc4f7ec93ec93b78c9ca2652dc3ee5de,"{""d"":9,""p"":0.0001,""r"":36}",
      6144,         0,         0,   0.295,chromobius,ac167fb5c1d28fc59af52dc488be6afe3b1df0510e901bcdc8e2d7de37577e3f,"{""d"":9,""p"":0.00018873918221350977,""r"":36}",
      9216,         1,         0,   0.435,chromobius,60a3732502e2c5c16735dc7bee4884d2a749d5b873a287807285e3e99019f9f7,"{""d"":9,""p"":0.00016102620275609394,""r"":36}",
      9216,         1,         0,   0.445,chromobius,ac167fb5c1d28fc59af52dc488be6afe3b1df0510e901bcdc8e2d7de37577e3f,"{""d"":9,""p"":0.00018873918221350977,""r"":36}",
     39936,         1,         0,    1.57,chromobius,e7e9d721a9737279e85aba24d617af5ba5dba17d686fceabaf5a501c6a6e70e9,"{""d"":9,""p"":0.00013738237958832623,""r"":36}",
     12288,         0,         0,   0.582,chromobius,60a3732502e2c5c16735dc7bee4884d2a749d5b873a287807285e3e99019f9f7,"{""d"":9,""p"":0.00016102620275609394,""r"":36}",
     11264,         0,         0,   0.618,chromobius,ac167fb5c1d28fc59af52dc488be6afe3b1df0510e901bcdc8e2d7de37577e3f,"{""d"":9,""p"":0.00018873918221350977,""r"":36}",
      1792,       891,         0,    2.41,chromobius,bb4de6ac7fb722c62a41d8e539ef7b1fb720cddd1d7fd283b659a6b2f5e86d33,"{""d"":7,""p"":0.01,""r"":28}",
       273,         0,         0,   0.017,chromobius,c4bceeb37166a1fc1ebc5042542c780b5d3a66150060327794e7651a6ca2a272,"{""d"":9,""p"":0.000221221629107045,""r"":36}",
      1024,         0,         0,   0.058,chromobius,c4bceeb37166a1fc1ebc5042542c780b5d3a66150060327794e7651a6ca2a272,"{""d"":9,""p"":0.000221221629107045,""r"":36}",
      1024,         0,         0,   0.057,chromobius,c4bceeb37166a1fc1ebc5042542c780b5d3a66150060327794e7651a6ca2a272,"{""d"":9,""p"":0.000221221629107045,""r"":36}",
     17408,         2,         0,   0.814,chromobius,60a3732502e2c5c16735dc7bee4884d2a749d5b873a287807285e3e99019f9f7,"{""d"":9,""p"":0.00016102620275609394,""r"":36}",
      1024,         0,         0,   0.055,chromobius,c4bceeb37166a1fc1ebc5042542c780b5d3a66150060327794e7651a6ca2a272,"{""d"":9,""p"":0.000221221629107045,""r"":36}",
      1024,         0,         0,   0.057,chromobius,c4bceeb37166a1fc1ebc5042542c780b5d3a66150060327794e7651a6ca2a272,"{""d"":9,""p"":0.000221221629107045,""r"":36}",
      1024,         0,         0,   0.057,chromobius,c4bceeb37166a1fc1ebc5042542c780b5d3a66150060327794e7651a6ca2a272,"{""d"":9,""p"":0.000221221629107045,""r"":36}",
      2048,         0,         0,   0.111,chromobius,c4bceeb37166a1fc1ebc5042542c780b5d3a66150060327794e7651a6ca2a272,"{""d"":9,""p"":0.000221221629107045,""r"":36}",
      2048,         1,         0,   0.113,chromobius,c4bceeb37166a1fc1ebc5042542c780b5d3a66150060327794e7651a6ca2a272,"{""d"":9,""p"":0.000221221629107045,""r"":36}",
     15360,         1,         0,   0.816,chromobius,ac167fb5c1d28fc59af52dc488be6afe3b1df0510e901bcdc8e2d7de37577e3f,"{""d"":9,""p"":0.00018873918221350977,""r"":36}",
      3072,         0,         0,   0.172,chromobius,c4bceeb37166a1fc1ebc5042542c780b5d3a66150060327794e7651a6ca2a272,"{""d"":9,""p"":0.000221221629107045,""r"":36}",
      4096,         2,         0,   0.229,chromobius,c4bceeb37166a1fc1ebc5042542c780b5d3a66150060327794e7651a6ca2a272,"{""d"":9,""p"":0.000221221629107045,""r"":36}",
     93184,         3,         0,    3.06,chromobius,b52ee76d489112738b53d18a73703b292322b6d8048af12cf3976bceb059b3ff,"{""d"":9,""p"":0.00011721022975334806,""r"":36}",
      6144,         0,         0,   0.340,chromobius,c4bceeb37166a1fc1ebc5042542c780b5d3a66150060327794e7651a6ca2a272,"{""d"":9,""p"":0.000221221629107045,""r"":36}",
     24576,         4,         0,    1.14,chromobius,60a3732502e2c5c16735dc7bee4884d2a749d5b873a287807285e3e99019f9f7,"{""d"":9,""p"":0.00016102620275609394,""r"":36}",
     55296,         2,         0,    2.21,chromobius,e7e9d721a9737279e85aba24d617af5ba5dba17d686fceabaf5a501c6a6e70e9,"{""d"":9,""p"":0.00013738237958832623,""r"":36}",
      8192,         2,         0,   0.459,chromobius,c4bceeb37166a1fc1ebc5042542c780b5d3a66150060327794e7651a6ca2a272,"{""d"":9,""p"":0.000221221629107045,""r"":36}",
     21504,         1,         0,    1.12,chromobius,ac167fb5c1d28fc59af52dc488be6afe3b1df0510e901bcdc8e2d7de37577e3f,"{""d"":9,""p"":0.00018873918221350977,""r"":36}",
     10240,         1,         0,   0.568,chromobius,c4bceeb37166a1fc1ebc5042542c780b5d3a66150060327794e7651a6ca2a272,"{""d"":9,""p"":0.000221221629107045,""r"":36}",
    145408,         7,         0,    4.27,chromobius,b9ef5fd8abb9eee137e8986380f19862fc4f7ec93ec93b78c9ca2652dc3ee5de,"{""d"":9,""p"":0.0001,""r"":36}",
     34816,         1,         0,    1.60,chromobius,60a3732502e2c5c16735dc7bee4884d2a749d5b873a287807285e3e99019f9f7,"{""d"":9,""p"":0.00016102620275609394,""r"":36}",
     15360,         2,         0,   0.846,chromobius,c4bceeb37166a1fc1ebc5042542c780b5d3a66150060327794e7651a6ca2a272,"{""d"":9,""p"":0.000221221629107045,""r"":36}",
     31744,         3,         0,    1.59,chromobius,ac167fb5c1d28fc59af52dc488be6afe3b1df0510e901bcdc8e2d7de37577e3f,"{""d"":9,""p"":0.00018873918221350977,""r"":36}",
     20480,         5,         0,    1.14,chromobius,c4bceeb37166a1fc1ebc5042542c780b5d3a66150060327794e7651a6ca2a272,"{""d"":9,""p"":0.000221221629107045,""r"":36}",
     76800,         4,         0,    3.05,chromobius,e7e9d721a9737279e85aba24d617af5ba5dba17d686fceabaf5a501c6a6e70e9,"{""d"":9,""p"":0.00013738237958832623,""r"":36}",
     48128,         2,         0,    2.19,chromobius,60a3732502e2c5c16735dc7bee4884d2a749d5b873a287807285e3e99019f9f7,"{""d"":9,""p"":0.00016102620275609394,""r"":36}",
    132096,         3,         0,    4.27,chromobius,b52ee76d489112738b53d18a73703b292322b6d8048af12cf3976bceb059b3ff,"{""d"":9,""p"":0.00011721022975334806,""r"":36}",
     44032,         4,         0,    2.20,chromobius,ac167fb5c1d28fc59af52dc488be6afe3b1df0510e901bcdc8e2d7de37577e3f,"{""d"":9,""p"":0.00018873918221350977,""r"":36}",
     27648,         2,         0,    1.57,chromobius,c4bceeb37166a1fc1ebc5042542c780b5d3a66150060327794e7651a6ca2a272,"{""d"":9,""p"":0.000221221629107045,""r"":36}",
     38912,         4,         0,    2.18,chromobius,c4bceeb37166a1fc1ebc5042542c780b5d3a66150060327794e7651a6ca2a272,"{""d"":9,""p"":0.000221221629107045,""r"":36}",
     68608,         2,         0,    3.09,chromobius,60a3732502e2c5c16735dc7bee4884d2a749d5b873a287807285e3e99019f9f7,"{""d"":9,""p"":0.00016102620275609394,""r"":36}",
     61440,         9,         0,    3.08,chromobius,ac167fb5c1d28fc59af52dc488be6afe3b1df0510e901bcdc8e2d7de37577e3f,"{""d"":9,""p"":0.00018873918221350977,""r"":36}",
    105472,         4,         0,    4.30,chromobius,e7e9d721a9737279e85aba24d617af5ba5dba17d686fceabaf5a501c6a6e70e9,"{""d"":9,""p"":0.00013738237958832623,""r"":36}",
    198656,         3,         0,    5.96,chromobius,b9ef5fd8abb9eee137e8986380f19862fc4f7ec93ec93b78c9ca2652dc3ee5de,"{""d"":9,""p"":0.0001,""r"":36}",
     55296,        13,         0,    3.10,chromobius,c4bceeb37166a1fc1ebc5042542c780b5d3a66150060327794e7651a6ca2a272,"{""d"":9,""p"":0.000221221629107045,""r"":36}",
    187392,         4,         0,    5.98,chromobius,b52ee76d489112738b53d18a73703b292322b6d8048af12cf3976bceb059b3ff,"{""d"":9,""p"":0.00011721022975334806,""r"":36}",
     93184,         5,         0,    4.27,chromobius,60a3732502e2c5c16735dc7bee4884d2a749d5b873a287807285e3e99019f9f7,"{""d"":9,""p"":0.00016102620275609394,""r"":36}",
     83968,         9,         0,    4.28,chromobius,ac167fb5c1d28fc59af52dc488be6afe3b1df0510e901bcdc8e2d7de37577e3f,"{""d"":9,""p"":0.00018873918221350977,""r"":36}",
    146432,         4,         0,    6.00,chromobius,e7e9d721a9737279e85aba24d617af5ba5dba17d686fceabaf5a501c6a6e70e9,"{""d"":9,""p"":0.00013738237958832623,""r"":36}",
     77824,        10,         0,    4.27,chromobius,c4bceeb37166a1fc1ebc5042542c780b5d3a66150060327794e7651a6ca2a272,"{""d"":9,""p"":0.000221221629107045,""r"":36}",
    278528,         2,         0,    8.35,chromobius,b9ef5fd8abb9eee137e8986380f19862fc4f7ec93ec93b78c9ca2652dc3ee5de,"{""d"":9,""p"":0.0001,""r"":36}",
    961536,      1039,         0,    21.6,chromobius,06a9db826dccf4481d817d42be3b0e301242394f82023c7359ec66606a71a37c,"{""d"":7,""p"":0.000221221629107045,""r"":28}",
       273,         0,         0,   0.022,chromobius,70e4713146f61b8f79dc58f35f84348f3689ed8459a0d42898940309ffe7741b,"{""d"":9,""p"":0.0002592943797404667,""r"":36}",
      1024,         0,         0,   0.074,chromobius,70e4713146f61b8f79dc58f35f84348f3689ed8459a0d42898940309ffe7741b,"{""d"":9,""p"":0.0002592943797404667,""r"":36}",
      1024,         0,         0,   0.074,chromobius,70e4713146f61b8f79dc58f35f84348f3689ed8459a0d42898940309ffe7741b,"{""d"":9,""p"":0.0002592943797404667,""r"":36}",
      1024,         0,         0,   0.075,chromobius,70e4713146f61b8f79dc58f35f84348f3689ed8459a0d42898940309ffe7741b,"{""d"":9,""p"":0.0002592943797404667,""r"":36}",
      1024,         0,         0,   0.077,chromobius,70e4713146f61b8f79dc58f35f84348f3689ed8459a0d42898940309ffe7741b,"{""d"":9,""p"":0.0002592943797404667,""r"":36}",
      1024,         0,         0,   0.078,chromobius,70e4713146f61b8f79dc58f35f84348f3689ed8459a0d42898940309ffe7741b,"{""d"":9,""p"":0.0002592943797404667,""r"":36}",
      1024,         1,         0,   0.078,chromobius,70e4713146f61b8f79dc58f35f84348f3689ed8459a0d42898940309ffe7741b,"{""d"":9,""p"":0.0002592943797404667,""r"":36}",
      2048,         1,         0,   0.157,chromobius,70e4713146f61b8f79dc58f35f84348f3689ed8459a0d42898940309ffe7741b,"{""d"":9,""p"":0.0002592943797404667,""r"":36}",
      2048,         0,         0,   0.157,chromobius,70e4713146f61b8f79dc58f35f84348f3689ed8459a0d42898940309ffe7741b,"{""d"":9,""p"":0.0002592943797404667,""r"":36}",
      3072,         3,         0,   0.220,chromobius,70e4713146f61b8f79dc58f35f84348f3689ed8459a0d42898940309ffe7741b,"{""d"":9,""p"":0.0002592943797404667,""r"":36}",
    136192,        11,         0,    5.97,chromobius,60a3732502e2c5c16735dc7bee4884d2a749d5b873a287807285e3e99019f9f7,"{""d"":9,""p"":0.00016102620275609394,""r"":36}",
      4096,         0,         0,   0.302,chromobius,70e4713146f61b8f79dc58f35f84348f3689ed8459a0d42898940309ffe7741b,"{""d"":9,""p"":0.0002592943797404667,""r"":36}",
    117760,         9,         0,    5.99,chromobius,ac167fb5c1d28fc59af52dc488be6afe3b1df0510e901bcdc8e2d7de37577e3f,"{""d"":9,""p"":0.00018873918221350977,""r"":36}",
      6144,         1,         0,   0.452,chromobius,70e4713146f61b8f79dc58f35f84348f3689ed8459a0d42898940309ffe7741b,"{""d"":9,""p"":0.0002592943797404667,""r"":36}",
    258048,         4,         0,    8.35,chromobius,b52ee76d489112738b53d18a73703b292322b6d8048af12cf3976bceb059b3ff,"{""d"":9,""p"":0.00011721022975334806,""r"":36}",
      8192,         3,         0,   0.615,chromobius,70e4713146f61b8f79dc58f35f84348f3689ed8459a0d42898940309ffe7741b,"{""d"":9,""p"":0.0002592943797404667,""r"":36}",
     11264,        10,         0,   0.845,chromobius,70e4713146f61b8f79dc58f35f84348f3689ed8459a0d42898940309ffe7741b,"{""d"":9,""p"":0.0002592943797404667,""r"":36}",
    106496,        25,         0,    6.01,chromobius,c4bceeb37166a1fc1ebc5042542c780b5d3a66150060327794e7651a6ca2a272,"{""d"":9,""p"":0.000221221629107045,""r"":36}",
     15360,         4,         0,    1.19,chromobius,70e4713146f61b8f79dc58f35f84348f3689ed8459a0d42898940309ffe7741b,"{""d"":9,""p"":0.0002592943797404667,""r"":36}",
    205824,        11,         0,    8.38,chromobius,e7e9d721a9737279e85aba24d617af5ba5dba17d686fceabaf5a501c6a6e70e9,"{""d"":9,""p"":0.00013738237958832623,""r"":36}",
     21504,         8,         0,    1.59,chromobius,70e4713146f61b8f79dc58f35f84348f3689ed8459a0d42898940309ffe7741b,"{""d"":9,""p"":0.0002592943797404667,""r"":36}",
     29696,        10,         0,    2.22,chromobius,70e4713146f61b8f79dc58f35f84348f3689ed8459a0d42898940309ffe7741b,"{""d"":9,""p"":0.0002592943797404667,""r"":36}",
   2976768,       527,         0,    31.9,chromobius,ae176568e2f3c8f508e1263c83b8a3ab0cdc6d9f693eac514d94982e41260ad5,"{""d"":7,""p"":0.0001,""r"":28}",
   2659328,       712,         0,    31.9,chromobius,9bad20ffceef682702084ef23fff5bcc2d4eb0683db23fbcd0bfed14d8705a02,"{""d"":7,""p"":0.00011721022975334806,""r"":28}",
   2291712,       808,         0,    31.9,chromobius,9b3b60c121ce74030729b51a516953c4efe231a7f9d7b59aa9e29fb4672991a1,"{""d"":7,""p"":0.00013738237958832623,""r"":28}",
    185344,         6,         0,    8.36,chromobius,60a3732502e2c5c16735dc7bee4884d2a749d5b873a287807285e3e99019f9f7,"{""d"":9,""p"":0.00016102620275609394,""r"":36}",
   1871872,       950,         0,    32.0,chromobius,c72b5b8e417695057d70c3cc4a16bf21b5921ef2cbd1c37319d55e67a9b5ecb2,"{""d"":7,""p"":0.00016102620275609394,""r"":28}",
   1685504,      1241,         0,    32.0,chromobius,b0412ea68a414079655b58a5f0b04b676b2d3bffdaebe07c4cc26aad9c188f98,"{""d"":7,""p"":0.00018873918221350977,""r"":28}",
    159744,        23,         0,    8.39,chromobius,ac167fb5c1d28fc59af52dc488be6afe3b1df0510e901bcdc8e2d7de37577e3f,"{""d"":9,""p"":0.00018873918221350977,""r"":36}",
     40960,        10,         0,    3.05,chromobius,70e4713146f61b8f79dc58f35f84348f3689ed8459a0d42898940309ffe7741b,"{""d"":9,""p"":0.0002592943797404667,""r"":36}",
    391168,         4,         0,    11.7,chromobius,b9ef5fd8abb9eee137e8986380f19862fc4f7ec93ec93b78c9ca2652dc3ee5de,"{""d"":9,""p"":0.0001,""r"":36}",
    148480,        19,         0,    8.40,chromobius,c4bceeb37166a1fc1ebc5042542c780b5d3a66150060327794e7651a6ca2a272,"{""d"":9,""p"":0.000221221629107045,""r"":36}",
    345088,        12,         0,    11.7,chromobius,b52ee76d489112738b53d18a73703b292322b6d8048af12cf3976bceb059b3ff,"{""d"":9,""p"":0.00011721022975334806,""r"":36}",
     56320,        12,         0,    4.27,chromobius,70e4713146f61b8f79dc58f35f84348f3689ed8459a0d42898940309ffe7741b,"{""d"":9,""p"":0.0002592943797404667,""r"":36}",
    291840,        12,         0,    11.7,chromobius,e7e9d721a9737279e85aba24d617af5ba5dba17d686fceabaf5a501c6a6e70e9,"{""d"":9,""p"":0.00013738237958832623,""r"":36}",
    253952,        10,         0,    11.7,chromobius,60a3732502e2c5c16735dc7bee4884d2a749d5b873a287807285e3e99019f9f7,"{""d"":9,""p"":0.00016102620275609394,""r"":36}",
     79872,        22,         0,    6.01,chromobius,70e4713146f61b8f79dc58f35f84348f3689ed8459a0d42898940309ffe7741b,"{""d"":9,""p"":0.0002592943797404667,""r"":36}",
    224256,        25,         0,    11.7,chromobius,ac167fb5c1d28fc59af52dc488be6afe3b1df0510e901bcdc8e2d7de37577e3f,"{""d"":9,""p"":0.00018873918221350977,""r"":36}",
    205824,        38,         0,    11.7,chromobius,c4bceeb37166a1fc1ebc5042542c780b5d3a66150060327794e7651a6ca2a272,"{""d"":9,""p"":0.000221221629107045,""r"":36}",
    878592,       591,         0,    16.2,chromobius,b0412ea68a414079655b58a5f0b04b676b2d3bffdaebe07c4cc26aad9c188f98,"{""d"":7,""p"":0.00018873918221350977,""r"":28}",
       273,         0,         0,   0.026,chromobius,a22378b7fd20d912e3aef5207e7b2112e491581ff1181285eeee61a00600b208,"{""d"":9,""p"":0.0003039195382313198,""r"":36}",
      1024,         1,         0,   0.086,chromobius,a22378b7fd20d912e3aef5207e7b2112e491581ff1181285eeee61a00600b208,"{""d"":9,""p"":0.0003039195382313198,""r"":36}",
      1024,         0,         0,   0.086,chromobius,a22378b7fd20d912e3aef5207e7b2112e491581ff1181285eeee61a00600b208,"{""d"":9,""p"":0.0003039195382313198,""r"":36}",
      1024,         0,         0,   0.088,chromobius,a22378b7fd20d912e3aef5207e7b2112e491581ff1181285eeee61a00600b208,"{""d"":9,""p"":0.0003039195382313198,""r"":36}",
      1024,         0,         0,   0.087,chromobius,a22378b7fd20d912e3aef5207e7b2112e491581ff1181285eeee61a00600b208,"{""d"":9,""p"":0.0003039195382313198,""r"":36}",
      1024,         2,         0,   0.086,chromobius,a22378b7fd20d912e3aef5207e7b2112e491581ff1181285eeee61a00600b208,"{""d"":9,""p"":0.0003039195382313198,""r"":36}",
      1024,         0,         0,   0.084,chromobius,a22378b7fd20d912e3aef5207e7b2112e491581ff1181285eeee61a00600b208,"{""d"":9,""p"":0.0003039195382313198,""r"":36}",
      2048,         0,         0,   0.177,chromobius,a22378b7fd20d912e3aef5207e7b2112e491581ff1181285eeee61a00600b208,"{""d"":9,""p"":0.0003039195382313198,""r"":36}",
      2048,         0,         0,   0.177,chromobius,a22378b7fd20d912e3aef5207e7b2112e491581ff1181285eeee61a00600b208,"{""d"":9,""p"":0.0003039195382313198,""r"":36}",
      3072,         0,         0,   0.258,chromobius,a22378b7fd20d912e3aef5207e7b2112e491581ff1181285eeee61a00600b208,"{""d"":9,""p"":0.0003039195382313198,""r"":36}",
      4096,         1,         0,   0.349,chromobius,a22378b7fd20d912e3aef5207e7b2112e491581ff1181285eeee61a00600b208,"{""d"":9,""p"":0.0003039195382313198,""r"":36}",
    539648,         8,         0,    16.4,chromobius,b9ef5fd8abb9eee137e8986380f19862fc4f7ec93ec93b78c9ca2652dc3ee5de,"{""d"":9,""p"":0.0001,""r"":36}",
      5120,         4,         0,   0.435,chromobius,a22378b7fd20d912e3aef5207e7b2112e491581ff1181285eeee61a00600b208,"{""d"":9,""p"":0.0003039195382313198,""r"":36}",
      7168,         1,         0,   0.607,chromobius,a22378b7fd20d912e3aef5207e7b2112e491581ff1181285eeee61a00600b208,"{""d"":9,""p"":0.0003039195382313198,""r"":36}",
      9216,         2,         0,   0.810,chromobius,a22378b7fd20d912e3aef5207e7b2112e491581ff1181285eeee61a00600b208,"{""d"":9,""p"":0.0003039195382313198,""r"":36}",
    112640,        31,         0,    8.42,chromobius,70e4713146f61b8f79dc58f35f84348f3689ed8459a0d42898940309ffe7741b,"{""d"":9,""p"":0.0002592943797404667,""r"":36}",
    505856,        21,         0,    16.4,chromobius,b52ee76d489112738b53d18a73703b292322b6d8048af12cf3976bceb059b3ff,"{""d"":9,""p"":0.00011721022975334806,""r"":36}",
     14336,         5,         0,    1.19,chromobius,a22378b7fd20d912e3aef5207e7b2112e491581ff1181285eeee61a00600b208,"{""d"":9,""p"":0.0003039195382313198,""r"":36}",
     19456,        11,         0,    1.63,chromobius,a22378b7fd20d912e3aef5207e7b2112e491581ff1181285eeee61a00600b208,"{""d"":9,""p"":0.0003039195382313198,""r"":36}",
    408576,        14,         0,    16.4,chromobius,e7e9d721a9737279e85aba24d617af5ba5dba17d686fceabaf5a501c6a6e70e9,"{""d"":9,""p"":0.00013738237958832623,""r"":36}",
     26624,         9,         0,    2.20,chromobius,a22378b7fd20d912e3aef5207e7b2112e491581ff1181285eeee61a00600b208,"{""d"":9,""p"":0.0003039195382313198,""r"":36}",
    352256,        30,         0,    16.4,chromobius,60a3732502e2c5c16735dc7bee4884d2a749d5b873a287807285e3e99019f9f7,"{""d"":9,""p"":0.00016102620275609394,""r"":36}",
     37888,        24,         0,    3.07,chromobius,a22378b7fd20d912e3aef5207e7b2112e491581ff1181285eeee61a00600b208,"{""d"":9,""p"":0.0003039195382313198,""r"":36}",
    309248,        27,         0,    16.4,chromobius,ac167fb5c1d28fc59af52dc488be6afe3b1df0510e901bcdc8e2d7de37577e3f,"{""d"":9,""p"":0.00018873918221350977,""r"":36}",
    289792,        65,         0,    16.4,chromobius,c4bceeb37166a1fc1ebc5042542c780b5d3a66150060327794e7651a6ca2a272,"{""d"":9,""p"":0.000221221629107045,""r"":36}",
    155648,        45,         0,    11.8,chromobius,70e4713146f61b8f79dc58f35f84348f3689ed8459a0d42898940309ffe7741b,"{""d"":9,""p"":0.0002592943797404667,""r"":36}",
     54272,        27,         0,    4.34,chromobius,a22378b7fd20d912e3aef5207e7b2112e491581ff1181285eeee61a00600b208,"{""d"":9,""p"":0.0003039195382313198,""r"":36}",
     74752,        40,         0,    6.01,chromobius,a22378b7fd20d912e3aef5207e7b2112e491581ff1181285eeee61a00600b208,"{""d"":9,""p"":0.0003039195382313198,""r"":36}",
    745472,         9,         0,    22.9,chromobius,b9ef5fd8abb9eee137e8986380f19862fc4f7ec93ec93b78c9ca2652dc3ee5de,"{""d"":9,""p"":0.0001,""r"":36}",
   4100096,       703,         0,    44.6,chromobius,ae176568e2f3c8f508e1263c83b8a3ab0cdc6d9f693eac514d94982e41260ad5,"{""d"":7,""p"":0.0001,""r"":28}",
   3664896,       909,         0,    44.6,chromobius,9bad20ffceef682702084ef23fff5bcc2d4eb0683db23fbcd0bfed14d8705a02,"{""d"":7,""p"":0.00011721022975334806,""r"":28}",
    690176,        14,         0,    22.9,chromobius,b52ee76d489112738b53d18a73703b292322b6d8048af12cf3976bceb059b3ff,"{""d"":9,""p"":0.00011721022975334806,""r"":36}",
   3217408,      1147,         0,    44.7,chromobius,9b3b60c121ce74030729b51a516953c4efe231a7f9d7b59aa9e29fb4672991a1,"{""d"":7,""p"":0.00013738237958832623,""r"":28}",
   2672640,      1412,         0,    44.7,chromobius,c72b5b8e417695057d70c3cc4a16bf21b5921ef2cbd1c37319d55e67a9b5ecb2,"{""d"":7,""p"":0.00016102620275609394,""r"":28}",
    102400,        53,         0,    8.39,chromobius,a22378b7fd20d912e3aef5207e7b2112e491581ff1181285eeee61a00600b208,"{""d"":9,""p"":0.0003039195382313198,""r"":36}",
    567296,        19,         0,    22.9,chromobius,e7e9d721a9737279e85aba24d617af5ba5dba17d686fceabaf5a501c6a6e70e9,"{""d"":9,""p"":0.00013738237958832623,""r"":36}",
    217088,        78,         0,    16.4,chromobius,70e4713146f61b8f79dc58f35f84348f3689ed8459a0d42898940309ffe7741b,"{""d"":9,""p"":0.0002592943797404667,""r"":36}",
    238592,       120,         0,    3.99,chromobius,c72b5b8e417695057d70c3cc4a16bf21b5921ef2cbd1c37319d55e67a9b5ecb2,"{""d"":7,""p"":0.00016102620275609394,""r"":28}",
       273,         0,         0,   0.032,chromobius,0dc567c868e1cdbfe4e05bf094ee0947d11e1e36306517a9c0a8a1712572286d,"{""d"":9,""p"":0.0003562247890262444,""r"":36}",
      1024,         0,         0,   0.100,chromobius,0dc567c868e1cdbfe4e05bf094ee0947d11e1e36306517a9c0a8a1712572286d,"{""d"":9,""p"":0.0003562247890262444,""r"":36}",
      1024,         0,         0,   0.096,chromobius,0dc567c868e1cdbfe4e05bf094ee0947d11e1e36306517a9c0a8a1712572286d,"{""d"":9,""p"":0.0003562247890262444,""r"":36}",
      1024,         0,         0,   0.092,chromobius,0dc567c868e1cdbfe4e05bf094ee0947d11e1e36306517a9c0a8a1712572286d,"{""d"":9,""p"":0.0003562247890262444,""r"":36}",
      1024,         0,         0,   0.097,chromobius,0dc567c868e1cdbfe4e05bf094ee0947d11e1e36306517a9c0a8a1712572286d,"{""d"":9,""p"":0.0003562247890262444,""r"":36}",
      1024,         2,         0,   0.098,chromobius,0dc567c868e1cdbfe4e05bf094ee0947d11e1e36306517a9c0a8a1712572286d,"{""d"":9,""p"":0.0003562247890262444,""r"":36}",
      1024,         1,         0,   0.098,chromobius,0dc567c868e1cdbfe4e05bf094ee0947d11e1e36306517a9c0a8a1712572286d,"{""d"":9,""p"":0.0003562247890262444,""r"":36}",
      2048,         1,         0,   0.186,chromobius,0dc567c868e1cdbfe4e05bf094ee0947d11e1e36306517a9c0a8a1712572286d,"{""d"":9,""p"":0.0003562247890262444,""r"":36}",
      2048,         0,         0,   0.179,chromobius,0dc567c868e1cdbfe4e05bf094ee0947d11e1e36306517a9c0a8a1712572286d,"{""d"":9,""p"":0.0003562247890262444,""r"":36}",
      3072,         3,         0,   0.295,chromobius,0dc567c868e1cdbfe4e05bf094ee0947d11e1e36306517a9c0a8a1712572286d,"{""d"":9,""p"":0.0003562247890262444,""r"":36}",
      3072,         3,         0,   0.295,chromobius,0dc567c868e1cdbfe4e05bf094ee0947d11e1e36306517a9c0a8a1712572286d,"{""d"":9,""p"":0.0003562247890262444,""r"":36}",
    509952,        29,         0,    22.9,chromobius,60a3732502e2c5c16735dc7bee4884d2a749d5b873a287807285e3e99019f9f7,"{""d"":9,""p"":0.00016102620275609394,""r"":36}",
      5120,         4,         0,   0.494,chromobius,0dc567c868e1cdbfe4e05bf094ee0947d11e1e36306517a9c0a8a1712572286d,"{""d"":9,""p"":0.0003562247890262444,""r"":36}",
    432128,        58,         0,    22.9,chromobius,ac167fb5c1d28fc59af52dc488be6afe3b1df0510e901bcdc8e2d7de37577e3f,"{""d"":9,""p"":0.00018873918221350977,""r"":36}",
      6144,         5,         0,   0.602,chromobius,0dc567c868e1cdbfe4e05bf094ee0947d11e1e36306517a9c0a8a1712572286d,"{""d"":9,""p"":0.0003562247890262444,""r"":36}",
      9216,         8,         0,   0.872,chromobius,0dc567c868e1cdbfe4e05bf094ee0947d11e1e36306517a9c0a8a1712572286d,"{""d"":9,""p"":0.0003562247890262444,""r"":36}",
     13312,        10,         0,    1.20,chromobius,0dc567c868e1cdbfe4e05bf094ee0947d11e1e36306517a9c0a8a1712572286d,"{""d"":9,""p"":0.0003562247890262444,""r"":36}",
    399360,        68,         0,    22.9,chromobius,c4bceeb37166a1fc1ebc5042542c780b5d3a66150060327794e7651a6ca2a272,"{""d"":9,""p"":0.000221221629107045,""r"":36}",
     17408,        11,         0,    1.62,chromobius,0dc567c868e1cdbfe4e05bf094ee0947d11e1e36306517a9c0a8a1712572286d,"{""d"":9,""p"":0.0003562247890262444,""r"":36}",
     24576,        23,         0,    2.22,chromobius,0dc567c868e1cdbfe4e05bf094ee0947d11e1e36306517a9c0a8a1712572286d,"{""d"":9,""p"":0.0003562247890262444,""r"":36}",
    141312,        66,         0,    11.7,chromobius,a22378b7fd20d912e3aef5207e7b2112e491581ff1181285eeee61a00600b208,"{""d"":9,""p"":0.0003039195382313198,""r"":36}",
     32768,        29,         0,    3.09,chromobius,0dc567c868e1cdbfe4e05bf094ee0947d11e1e36306517a9c0a8a1712572286d,"{""d"":9,""p"":0.0003562247890262444,""r"":36}",
     47104,        41,         0,    4.28,chromobius,0dc567c868e1cdbfe4e05bf094ee0947d11e1e36306517a9c0a8a1712572286d,"{""d"":9,""p"":0.0003562247890262444,""r"":36}",
     64512,        43,         0,    5.98,chromobius,0dc567c868e1cdbfe4e05bf094ee0947d11e1e36306517a9c0a8a1712572286d,"{""d"":9,""p"":0.0003562247890262444,""r"":36}",
    300032,        97,         0,    23.0,chromobius,70e4713146f61b8f79dc58f35f84348f3689ed8459a0d42898940309ffe7741b,"{""d"":9,""p"":0.0002592943797404667,""r"":36}",
   1054720,        23,         0,    32.0,chromobius,b9ef5fd8abb9eee137e8986380f19862fc4f7ec93ec93b78c9ca2652dc3ee5de,"{""d"":9,""p"":0.0001,""r"":36}",
    197632,       100,         0,    16.4,chromobius,a22378b7fd20d912e3aef5207e7b2112e491581ff1181285eeee61a00600b208,"{""d"":9,""p"":0.0003039195382313198,""r"":36}",
    955392,        25,         0,    32.0,chromobius,b52ee76d489112738b53d18a73703b292322b6d8048af12cf3976bceb059b3ff,"{""d"":9,""p"":0.00011721022975334806,""r"":36}",
     93184,        80,         0,    8.43,chromobius,0dc567c868e1cdbfe4e05bf094ee0947d11e1e36306517a9c0a8a1712572286d,"{""d"":9,""p"":0.0003562247890262444,""r"":36}",
    772096,        40,         0,    32.1,chromobius,e7e9d721a9737279e85aba24d617af5ba5dba17d686fceabaf5a501c6a6e70e9,"{""d"":9,""p"":0.00013738237958832623,""r"":36}",
    683008,        44,         0,    32.1,chromobius,60a3732502e2c5c16735dc7bee4884d2a749d5b873a287807285e3e99019f9f7,"{""d"":9,""p"":0.00016102620275609394,""r"":36}",
    609280,        68,         0,    32.1,chromobius,ac167fb5c1d28fc59af52dc488be6afe3b1df0510e901bcdc8e2d7de37577e3f,"{""d"":9,""p"":0.00018873918221350977,""r"":36}",
   2906112,       988,         0,    40.5,chromobius,9b3b60c121ce74030729b51a516953c4efe231a7f9d7b59aa9e29fb4672991a1,"{""d"":7,""p"":0.00013738237958832623,""r"":28}",
       273,         0,         0,   0.034,chromobius,2e041f4519b2530b9d4223dee9665d8ca95bf8d964349210e1ecf2573cbdd426,"{""d"":9,""p"":0.00041753189365604,""r"":36}",
      1024,         3,         0,   0.112,chromobius,2e041f4519b2530b9d4223dee9665d8ca95bf8d964349210e1ecf2573cbdd426,"{""d"":9,""p"":0.00041753189365604,""r"":36}",
      1024,         2,         0,   0.113,chromobius,2e041f4519b2530b9d4223dee9665d8ca95bf8d964349210e1ecf2573cbdd426,"{""d"":9,""p"":0.00041753189365604,""r"":36}",
      1024,         2,         0,   0.116,chromobius,2e041f4519b2530b9d4223dee9665d8ca95bf8d964349210e1ecf2573cbdd426,"{""d"":9,""p"":0.00041753189365604,""r"":36}",
      1024,         3,         0,   0.114,chromobius,2e041f4519b2530b9d4223dee9665d8ca95bf8d964349210e1ecf2573cbdd426,"{""d"":9,""p"":0.00041753189365604,""r"":36}",
      1024,         3,         0,   0.114,chromobius,2e041f4519b2530b9d4223dee9665d8ca95bf8d964349210e1ecf2573cbdd426,"{""d"":9,""p"":0.00041753189365604,""r"":36}",
      1024,         2,         0,   0.111,chromobius,2e041f4519b2530b9d4223dee9665d8ca95bf8d964349210e1ecf2573cbdd426,"{""d"":9,""p"":0.00041753189365604,""r"":36}",
      1024,         6,         0,   0.118,chromobius,2e041f4519b2530b9d4223dee9665d8ca95bf8d964349210e1ecf2573cbdd426,"{""d"":9,""p"":0.00041753189365604,""r"":36}",
    564224,       103,         0,    32.1,chromobius,c4bceeb37166a1fc1ebc5042542c780b5d3a66150060327794e7651a6ca2a272,"{""d"":9,""p"":0.000221221629107045,""r"":36}",
      2048,         4,         0,   0.239,chromobius,2e041f4519b2530b9d4223dee9665d8ca95bf8d964349210e1ecf2573cbdd426,"{""d"":9,""p"":0.00041753189365604,""r"":36}",
      2048,         4,         0,   0.233,chromobius,2e041f4519b2530b9d4223dee9665d8ca95bf8d964349210e1ecf2573cbdd426,"{""d"":9,""p"":0.00041753189365604,""r"":36}",
      3072,         3,         0,   0.350,chromobius,2e041f4519b2530b9d4223dee9665d8ca95bf8d964349210e1ecf2573cbdd426,"{""d"":9,""p"":0.00041753189365604,""r"":36}",
      4096,         6,         0,   0.460,chromobius,2e041f4519b2530b9d4223dee9665d8ca95bf8d964349210e1ecf2573cbdd426,"{""d"":9,""p"":0.00041753189365604,""r"":36}",
      5120,         6,         0,   0.576,chromobius,2e041f4519b2530b9d4223dee9665d8ca95bf8d964349210e1ecf2573cbdd426,"{""d"":9,""p"":0.00041753189365604,""r"":36}",
      7168,         3,         0,   0.813,chromobius,2e041f4519b2530b9d4223dee9665d8ca95bf8d964349210e1ecf2573cbdd426,"{""d"":9,""p"":0.00041753189365604,""r"":36}",
     10240,        13,         0,    1.20,chromobius,2e041f4519b2530b9d4223dee9665d8ca95bf8d964349210e1ecf2573cbdd426,"{""d"":9,""p"":0.00041753189365604,""r"":36}",
    122880,        94,         0,    11.8,chromobius,0dc567c868e1cdbfe4e05bf094ee0947d11e1e36306517a9c0a8a1712572286d,"{""d"":9,""p"":0.0003562247890262444,""r"":36}",
     14336,        17,         0,    1.62,chromobius,2e041f4519b2530b9d4223dee9665d8ca95bf8d964349210e1ecf2573cbdd426,"{""d"":9,""p"":0.00041753189365604,""r"":36}",
     19456,        27,         0,    2.18,chromobius,2e041f4519b2530b9d4223dee9665d8ca95bf8d964349210e1ecf2573cbdd426,"{""d"":9,""p"":0.00041753189365604,""r"":36}",
     27648,        41,         0,    3.14,chromobius,2e041f4519b2530b9d4223dee9665d8ca95bf8d964349210e1ecf2573cbdd426,"{""d"":9,""p"":0.00041753189365604,""r"":36}",
    277504,       125,         0,    22.9,chromobius,a22378b7fd20d912e3aef5207e7b2112e491581ff1181285eeee61a00600b208,"{""d"":9,""p"":0.0003039195382313198,""r"":36}",
     37888,        52,         0,    4.28,chromobius,2e041f4519b2530b9d4223dee9665d8ca95bf8d964349210e1ecf2573cbdd426,"{""d"":9,""p"":0.00041753189365604,""r"":36}",
    428032,       116,         0,    32.1,chromobius,70e4713146f61b8f79dc58f35f84348f3689ed8459a0d42898940309ffe7741b,"{""d"":9,""p"":0.0002592943797404667,""r"":36}",
   5741568,      1030,         0,    62.4,chromobius,ae176568e2f3c8f508e1263c83b8a3ab0cdc6d9f693eac514d94982e41260ad5,"{""d"":7,""p"":0.0001,""r"":28}",
   5145600,      1260,         0,    62.5,chromobius,9bad20ffceef682702084ef23fff5bcc2d4eb0683db23fbcd0bfed14d8705a02,"{""d"":7,""p"":0.00011721022975334806,""r"":28}",
     53248,        74,         0,    6.05,chromobius,2e041f4519b2530b9d4223dee9665d8ca95bf8d964349210e1ecf2573cbdd426,"{""d"":9,""p"":0.00041753189365604,""r"":36}",
    167936,       114,         0,    16.4,chromobius,0dc567c868e1cdbfe4e05bf094ee0947d11e1e36306517a9c0a8a1712572286d,"{""d"":9,""p"":0.0003562247890262444,""r"":36}",
     74752,       103,         0,    8.45,chromobius,2e041f4519b2530b9d4223dee9665d8ca95bf8d964349210e1ecf2573cbdd426,"{""d"":9,""p"":0.00041753189365604,""r"":36}",
   1440768,        24,         0,    44.9,chromobius,b9ef5fd8abb9eee137e8986380f19862fc4f7ec93ec93b78c9ca2652dc3ee5de,"{""d"":9,""p"":0.0001,""r"":36}",
   1321984,        29,         0,    44.9,chromobius,b52ee76d489112738b53d18a73703b292322b6d8048af12cf3976bceb059b3ff,"{""d"":9,""p"":0.00011721022975334806,""r"":36}",
   1091584,        41,         0,    44.9,chromobius,e7e9d721a9737279e85aba24d617af5ba5dba17d686fceabaf5a501c6a6e70e9,"{""d"":9,""p"":0.00013738237958832623,""r"":36}",
   1518592,       371,         0,    17.9,chromobius,9bad20ffceef682702084ef23fff5bcc2d4eb0683db23fbcd0bfed14d8705a02,"{""d"":7,""p"":0.00011721022975334806,""r"":28}",
       273,         0,         0,   0.036,chromobius,cfbe3f7080f84d26648aac4e5c55e84051cebaf77edce3e875d53572a43bd0e2,"{""d"":9,""p"":0.0004893900918477494,""r"":36}",
      1024,         5,         0,   0.125,chromobius,cfbe3f7080f84d26648aac4e5c55e84051cebaf77edce3e875d53572a43bd0e2,"{""d"":9,""p"":0.0004893900918477494,""r"":36}",
      1024,         3,         0,   0.130,chromobius,cfbe3f7080f84d26648aac4e5c55e84051cebaf77edce3e875d53572a43bd0e2,"{""d"":9,""p"":0.0004893900918477494,""r"":36}",
      1024,         5,         0,   0.128,chromobius,cfbe3f7080f84d26648aac4e5c55e84051cebaf77edce3e875d53572a43bd0e2,"{""d"":9,""p"":0.0004893900918477494,""r"":36}",
      1024,         1,         0,   0.124,chromobius,cfbe3f7080f84d26648aac4e5c55e84051cebaf77edce3e875d53572a43bd0e2,"{""d"":9,""p"":0.0004893900918477494,""r"":36}",
      1024,         1,         0,   0.128,chromobius,cfbe3f7080f84d26648aac4e5c55e84051cebaf77edce3e875d53572a43bd0e2,"{""d"":9,""p"":0.0004893900918477494,""r"":36}",
      1024,         2,         0,   0.124,chromobius,cfbe3f7080f84d26648aac4e5c55e84051cebaf77edce3e875d53572a43bd0e2,"{""d"":9,""p"":0.0004893900918477494,""r"":36}",
      1024,         2,         0,   0.124,chromobius,cfbe3f7080f84d26648aac4e5c55e84051cebaf77edce3e875d53572a43bd0e2,"{""d"":9,""p"":0.0004893900918477494,""r"":36}",
      2048,         7,         0,   0.247,chromobius,cfbe3f7080f84d26648aac4e5c55e84051cebaf77edce3e875d53572a43bd0e2,"{""d"":9,""p"":0.0004893900918477494,""r"":36}",
      2048,         2,         0,   0.255,chromobius,cfbe3f7080f84d26648aac4e5c55e84051cebaf77edce3e875d53572a43bd0e2,"{""d"":9,""p"":0.0004893900918477494,""r"":36}",
      3072,         6,         0,   0.383,chromobius,cfbe3f7080f84d26648aac4e5c55e84051cebaf77edce3e875d53572a43bd0e2,"{""d"":9,""p"":0.0004893900918477494,""r"":36}",
      3072,         6,         0,   0.413,chromobius,cfbe3f7080f84d26648aac4e5c55e84051cebaf77edce3e875d53572a43bd0e2,"{""d"":9,""p"":0.0004893900918477494,""r"":36}",
    104448,       144,         0,    11.7,chromobius,2e041f4519b2530b9d4223dee9665d8ca95bf8d964349210e1ecf2573cbdd426,"{""d"":9,""p"":0.00041753189365604,""r"":36}",
      5120,        11,         0,   0.650,chromobius,cfbe3f7080f84d26648aac4e5c55e84051cebaf77edce3e875d53572a43bd0e2,"{""d"":9,""p"":0.0004893900918477494,""r"":36}",
    936960,        53,         0,    44.9,chromobius,60a3732502e2c5c16735dc7bee4884d2a749d5b873a287807285e3e99019f9f7,"{""d"":9,""p"":0.00016102620275609394,""r"":36}",
    845824,       100,         0,    44.9,chromobius,ac167fb5c1d28fc59af52dc488be6afe3b1df0510e901bcdc8e2d7de37577e3f,"{""d"":9,""p"":0.00018873918221350977,""r"":36}",
      7168,        14,         0,   0.882,chromobius,cfbe3f7080f84d26648aac4e5c55e84051cebaf77edce3e875d53572a43bd0e2,"{""d"":9,""p"":0.0004893900918477494,""r"":36}",
      9216,        19,         0,    1.13,chromobius,cfbe3f7080f84d26648aac4e5c55e84051cebaf77edce3e875d53572a43bd0e2,"{""d"":9,""p"":0.0004893900918477494,""r"":36}",
    387072,       194,         0,    32.1,chromobius,a22378b7fd20d912e3aef5207e7b2112e491581ff1181285eeee61a00600b208,"{""d"":9,""p"":0.0003039195382313198,""r"":36}",
    237568,       182,         0,    23.0,chromobius,0dc567c868e1cdbfe4e05bf094ee0947d11e1e36306517a9c0a8a1712572286d,"{""d"":9,""p"":0.0003562247890262444,""r"":36}",
    761856,       134,         0,    44.9,chromobius,c4bceeb37166a1fc1ebc5042542c780b5d3a66150060327794e7651a6ca2a272,"{""d"":9,""p"":0.000221221629107045,""r"":36}",
     12288,        31,         0,    1.56,chromobius,cfbe3f7080f84d26648aac4e5c55e84051cebaf77edce3e875d53572a43bd0e2,"{""d"":9,""p"":0.0004893900918477494,""r"":36}",
     17408,        41,         0,    2.25,chromobius,cfbe3f7080f84d26648aac4e5c55e84051cebaf77edce3e875d53572a43bd0e2,"{""d"":9,""p"":0.0004893900918477494,""r"":36}",
     23552,        48,         0,    3.11,chromobius,cfbe3f7080f84d26648aac4e5c55e84051cebaf77edce3e875d53572a43bd0e2,"{""d"":9,""p"":0.0004893900918477494,""r"":36}",
     32768,        76,         0,    4.28,chromobius,cfbe3f7080f84d26648aac4e5c55e84051cebaf77edce3e875d53572a43bd0e2,"{""d"":9,""p"":0.0004893900918477494,""r"":36}",
    145408,       192,         0,    16.5,chromobius,2e041f4519b2530b9d4223dee9665d8ca95bf8d964349210e1ecf2573cbdd426,"{""d"":9,""p"":0.00041753189365604,""r"":36}",
     47104,       104,         0,    5.97,chromobius,cfbe3f7080f84d26648aac4e5c55e84051cebaf77edce3e875d53572a43bd0e2,"{""d"":9,""p"":0.0004893900918477494,""r"":36}",
    595968,       159,         0,    44.9,chromobius,70e4713146f61b8f79dc58f35f84348f3689ed8459a0d42898940309ffe7741b,"{""d"":9,""p"":0.0002592943797404667,""r"":36}",
     63488,       139,         0,    8.39,chromobius,cfbe3f7080f84d26648aac4e5c55e84051cebaf77edce3e875d53572a43bd0e2,"{""d"":9,""p"":0.0004893900918477494,""r"":36}",
    330752,       259,         0,    32.1,chromobius,0dc567c868e1cdbfe4e05bf094ee0947d11e1e36306517a9c0a8a1712572286d,"{""d"":9,""p"":0.0003562247890262444,""r"":36}",
    200704,       267,         0,    23.0,chromobius,2e041f4519b2530b9d4223dee9665d8ca95bf8d964349210e1ecf2573cbdd426,"{""d"":9,""p"":0.00041753189365604,""r"":36}",
     91136,       215,         0,    11.7,chromobius,cfbe3f7080f84d26648aac4e5c55e84051cebaf77edce3e875d53572a43bd0e2,"{""d"":9,""p"":0.0004893900918477494,""r"":36}",
    533504,       248,         0,    44.9,chromobius,a22378b7fd20d912e3aef5207e7b2112e491581ff1181285eeee61a00600b208,"{""d"":9,""p"":0.0003039195382313198,""r"":36}",
   2028544,        29,         0,    62.8,chromobius,b9ef5fd8abb9eee137e8986380f19862fc4f7ec93ec93b78c9ca2652dc3ee5de,"{""d"":9,""p"":0.0001,""r"":36}",
    119808,       254,         0,    16.4,chromobius,cfbe3f7080f84d26648aac4e5c55e84051cebaf77edce3e875d53572a43bd0e2,"{""d"":9,""p"":0.0004893900918477494,""r"":36}",
   1818624,        47,         0,    62.8,chromobius,b52ee76d489112738b53d18a73703b292322b6d8048af12cf3976bceb059b3ff,"{""d"":9,""p"":0.00011721022975334806,""r"":36}",
   1524736,        66,         0,    62.8,chromobius,e7e9d721a9737279e85aba24d617af5ba5dba17d686fceabaf5a501c6a6e70e9,"{""d"":9,""p"":0.00013738237958832623,""r"":36}",
   1318912,        89,         0,    62.9,chromobius,60a3732502e2c5c16735dc7bee4884d2a749d5b873a287807285e3e99019f9f7,"{""d"":9,""p"":0.00016102620275609394,""r"":36}",
   1148928,       109,         0,    62.9,chromobius,ac167fb5c1d28fc59af52dc488be6afe3b1df0510e901bcdc8e2d7de37577e3f,"{""d"":9,""p"":0.00018873918221350977,""r"":36}",
   1096704,       201,         0,    62.9,chromobius,c4bceeb37166a1fc1ebc5042542c780b5d3a66150060327794e7651a6ca2a272,"{""d"":9,""p"":0.000221221629107045,""r"":36}",
   7980032,      1353,         0,    87.3,chromobius,ae176568e2f3c8f508e1263c83b8a3ab0cdc6d9f693eac514d94982e41260ad5,"{""d"":7,""p"":0.0001,""r"":28}",
    276480,       377,         0,    32.1,chromobius,2e041f4519b2530b9d4223dee9665d8ca95bf8d964349210e1ecf2573cbdd426,"{""d"":9,""p"":0.00041753189365604,""r"":36}",
    637952,       111,         0,    7.13,chromobius,ae176568e2f3c8f508e1263c83b8a3ab0cdc6d9f693eac514d94982e41260ad5,"{""d"":7,""p"":0.0001,""r"":28}",
       273,         3,         0,   0.051,chromobius,0ec6cc00541437c7a240e255afa9a0899e6f50f49c30704367e6428c70779e9b,"{""d"":9,""p"":0.0005736152510448681,""r"":36}",
      1024,         7,         0,   0.171,chromobius,0ec6cc00541437c7a240e255afa9a0899e6f50f49c30704367e6428c70779e9b,"{""d"":9,""p"":0.0005736152510448681,""r"":36}",
      1024,         3,         0,   0.168,chromobius,0ec6cc00541437c7a240e255afa9a0899e6f50f49c30704367e6428c70779e9b,"{""d"":9,""p"":0.0005736152510448681,""r"":36}",
      1024,         3,         0,   0.169,chromobius,0ec6cc00541437c7a240e255afa9a0899e6f50f49c30704367e6428c70779e9b,"{""d"":9,""p"":0.0005736152510448681,""r"":36}",
      1024,         5,         0,   0.172,chromobius,0ec6cc00541437c7a240e255afa9a0899e6f50f49c30704367e6428c70779e9b,"{""d"":9,""p"":0.0005736152510448681,""r"":36}",
      1024,         5,         0,   0.171,chromobius,0ec6cc00541437c7a240e255afa9a0899e6f50f49c30704367e6428c70779e9b,"{""d"":9,""p"":0.0005736152510448681,""r"":36}",
      1024,         5,         0,   0.166,chromobius,0ec6cc00541437c7a240e255afa9a0899e6f50f49c30704367e6428c70779e9b,"{""d"":9,""p"":0.0005736152510448681,""r"":36}",
      1024,         6,         0,   0.173,chromobius,0ec6cc00541437c7a240e255afa9a0899e6f50f49c30704367e6428c70779e9b,"{""d"":9,""p"":0.0005736152510448681,""r"":36}",
      1024,         9,         0,   0.170,chromobius,0ec6cc00541437c7a240e255afa9a0899e6f50f49c30704367e6428c70779e9b,"{""d"":9,""p"":0.0005736152510448681,""r"":36}",
      2048,         6,         0,   0.347,chromobius,0ec6cc00541437c7a240e255afa9a0899e6f50f49c30704367e6428c70779e9b,"{""d"":9,""p"":0.0005736152510448681,""r"":36}",
      2048,        11,         0,   0.339,chromobius,0ec6cc00541437c7a240e255afa9a0899e6f50f49c30704367e6428c70779e9b,"{""d"":9,""p"":0.0005736152510448681,""r"":36}",
      3072,        11,         0,   0.517,chromobius,0ec6cc00541437c7a240e255afa9a0899e6f50f49c30704367e6428c70779e9b,"{""d"":9,""p"":0.0005736152510448681,""r"":36}",
      4096,        18,         0,   0.694,chromobius,0ec6cc00541437c7a240e255afa9a0899e6f50f49c30704367e6428c70779e9b,"{""d"":9,""p"":0.0005736152510448681,""r"":36}",
      5120,        28,         0,   0.861,chromobius,0ec6cc00541437c7a240e255afa9a0899e6f50f49c30704367e6428c70779e9b,"{""d"":9,""p"":0.0005736152510448681,""r"":36}",
    168960,       411,         0,    23.0,chromobius,cfbe3f7080f84d26648aac4e5c55e84051cebaf77edce3e875d53572a43bd0e2,"{""d"":9,""p"":0.0004893900918477494,""r"":36}",
      7168,        29,         0,    1.21,chromobius,0ec6cc00541437c7a240e255afa9a0899e6f50f49c30704367e6428c70779e9b,"{""d"":9,""p"":0.0005736152510448681,""r"":36}",
    463872,       389,         0,    45.0,chromobius,0dc567c868e1cdbfe4e05bf094ee0947d11e1e36306517a9c0a8a1712572286d,"{""d"":9,""p"":0.0003562247890262444,""r"":36}",
      9216,        31,         0,    1.57,chromobius,0ec6cc00541437c7a240e255afa9a0899e6f50f49c30704367e6428c70779e9b,"{""d"":9,""p"":0.0005736152510448681,""r"":36}",
     13312,        65,         0,    2.21,chromobius,0ec6cc00541437c7a240e255afa9a0899e6f50f49c30704367e6428c70779e9b,"{""d"":9,""p"":0.0005736152510448681,""r"":36}",
    850944,       233,         0,    62.9,chromobius,70e4713146f61b8f79dc58f35f84348f3689ed8459a0d42898940309ffe7741b,"{""d"":9,""p"":0.0002592943797404667,""r"":36}",
     18432,        77,         0,    3.12,chromobius,0ec6cc00541437c7a240e255afa9a0899e6f50f49c30704367e6428c70779e9b,"{""d"":9,""p"":0.0005736152510448681,""r"":36}",
     26624,       100,         0,    4.43,chromobius,0ec6cc00541437c7a240e255afa9a0899e6f50f49c30704367e6428c70779e9b,"{""d"":9,""p"":0.0005736152510448681,""r"":36}",
     36864,       166,         0,    6.07,chromobius,0ec6cc00541437c7a240e255afa9a0899e6f50f49c30704367e6428c70779e9b,"{""d"":9,""p"":0.0005736152510448681,""r"":36}",
     51200,       227,         0,    8.40,chromobius,0ec6cc00541437c7a240e255afa9a0899e6f50f49c30704367e6428c70779e9b,"{""d"":9,""p"":0.0005736152510448681,""r"":36}",
    760832,       350,         0,    63.0,chromobius,a22378b7fd20d912e3aef5207e7b2112e491581ff1181285eeee61a00600b208,"{""d"":9,""p"":0.0003039195382313198,""r"":36}",
    235520,       533,         0,    32.1,chromobius,cfbe3f7080f84d26648aac4e5c55e84051cebaf77edce3e875d53572a43bd0e2,"{""d"":9,""p"":0.0004893900918477494,""r"":36}",
    382976,       548,         0,    45.1,chromobius,2e041f4519b2530b9d4223dee9665d8ca95bf8d964349210e1ecf2573cbdd426,"{""d"":9,""p"":0.00041753189365604,""r"":36}",
     70656,       263,         0,    11.7,chromobius,0ec6cc00541437c7a240e255afa9a0899e6f50f49c30704367e6428c70779e9b,"{""d"":9,""p"":0.0005736152510448681,""r"":36}",
    100352,       413,         0,    16.5,chromobius,0ec6cc00541437c7a240e255afa9a0899e6f50f49c30704367e6428c70779e9b,"{""d"":9,""p"":0.0005736152510448681,""r"":36}",
   2877440,        31,         0,    87.9,chromobius,b9ef5fd8abb9eee137e8986380f19862fc4f7ec93ec93b78c9ca2652dc3ee5de,"{""d"":9,""p"":0.0001,""r"":36}",
    659456,       550,         0,    63.0,chromobius,0dc567c868e1cdbfe4e05bf094ee0947d11e1e36306517a9c0a8a1712572286d,"{""d"":9,""p"":0.0003562247890262444,""r"":36}",
   2492416,        57,         0,    87.9,chromobius,b52ee76d489112738b53d18a73703b292322b6d8048af12cf3976bceb059b3ff,"{""d"":9,""p"":0.00011721022975334806,""r"":36}",
   2131968,        73,         0,    88.0,chromobius,e7e9d721a9737279e85aba24d617af5ba5dba17d686fceabaf5a501c6a6e70e9,"{""d"":9,""p"":0.00013738237958832623,""r"":36}",
   1888256,       108,         0,    88.0,chromobius,60a3732502e2c5c16735dc7bee4884d2a749d5b873a287807285e3e99019f9f7,"{""d"":9,""p"":0.00016102620275609394,""r"":36}",
   1610752,       149,         0,    88.0,chromobius,ac167fb5c1d28fc59af52dc488be6afe3b1df0510e901bcdc8e2d7de37577e3f,"{""d"":9,""p"":0.00018873918221350977,""r"":36}",
   1486848,       255,         0,    88.0,chromobius,c4bceeb37166a1fc1ebc5042542c780b5d3a66150060327794e7651a6ca2a272,"{""d"":9,""p"":0.000221221629107045,""r"":36}",
    338944,       775,         0,    45.0,chromobius,cfbe3f7080f84d26648aac4e5c55e84051cebaf77edce3e875d53572a43bd0e2,"{""d"":9,""p"":0.0004893900918477494,""r"":36}",
    139264,       558,         0,    23.1,chromobius,0ec6cc00541437c7a240e255afa9a0899e6f50f49c30704367e6428c70779e9b,"{""d"":9,""p"":0.0005736152510448681,""r"":36}",
   1208320,       340,         0,    88.1,chromobius,70e4713146f61b8f79dc58f35f84348f3689ed8459a0d42898940309ffe7741b,"{""d"":9,""p"":0.0002592943797404667,""r"":36}",
    535552,       767,         0,    63.0,chromobius,2e041f4519b2530b9d4223dee9665d8ca95bf8d964349210e1ecf2573cbdd426,"{""d"":9,""p"":0.00041753189365604,""r"":36}",
    194560,       751,         0,    32.3,chromobius,0ec6cc00541437c7a240e255afa9a0899e6f50f49c30704367e6428c70779e9b,"{""d"":9,""p"":0.0005736152510448681,""r"":36}",
   1055744,       503,         0,    88.1,chromobius,a22378b7fd20d912e3aef5207e7b2112e491581ff1181285eeee61a00600b208,"{""d"":9,""p"":0.0003039195382313198,""r"":36}",
    453632,      1048,         0,    63.0,chromobius,cfbe3f7080f84d26648aac4e5c55e84051cebaf77edce3e875d53572a43bd0e2,"{""d"":9,""p"":0.0004893900918477494,""r"":36}",
    911360,       714,         0,    88.1,chromobius,0dc567c868e1cdbfe4e05bf094ee0947d11e1e36306517a9c0a8a1712572286d,"{""d"":9,""p"":0.0003562247890262444,""r"":36}",
    265216,      1091,         0,    45.1,chromobius,0ec6cc00541437c7a240e255afa9a0899e6f50f49c30704367e6428c70779e9b,"{""d"":9,""p"":0.0005736152510448681,""r"":36}",
   3828736,        54,         0,   119.5,chromobius,b9ef5fd8abb9eee137e8986380f19862fc4f7ec93ec93b78c9ca2652dc3ee5de,"{""d"":9,""p"":0.0001,""r"":36}",
   3312640,        87,         0,   119.6,chromobius,b52ee76d489112738b53d18a73703b292322b6d8048af12cf3976bceb059b3ff,"{""d"":9,""p"":0.00011721022975334806,""r"":36}",
    750592,      1006,         0,    88.2,chromobius,2e041f4519b2530b9d4223dee9665d8ca95bf8d964349210e1ecf2573cbdd426,"{""d"":9,""p"":0.00041753189365604,""r"":36}",
   2863104,       140,         0,   119.7,chromobius,e7e9d721a9737279e85aba24d617af5ba5dba17d686fceabaf5a501c6a6e70e9,"{""d"":9,""p"":0.00013738237958832623,""r"":36}",
   2503680,       162,         0,   119.7,chromobius,60a3732502e2c5c16735dc7bee4884d2a749d5b873a287807285e3e99019f9f7,"{""d"":9,""p"":0.00016102620275609394,""r"":36}",
   2196480,       228,         0,   119.8,chromobius,ac167fb5c1d28fc59af52dc488be6afe3b1df0510e901bcdc8e2d7de37577e3f,"{""d"":9,""p"":0.00018873918221350977,""r"":36}",
   1995776,       345,         0,   119.8,chromobius,c4bceeb37166a1fc1ebc5042542c780b5d3a66150060327794e7651a6ca2a272,"{""d"":9,""p"":0.000221221629107045,""r"":36}",
    276480,      1109,         0,    45.5,chromobius,0ec6cc00541437c7a240e255afa9a0899e6f50f49c30704367e6428c70779e9b,"{""d"":9,""p"":0.0005736152510448681,""r"":36}",
       273,         0,         0,   0.058,chromobius,ba010ca137038940c3ec077971d2c6e053dbb1b987ae4331f50e2a1b5d179738,"{""d"":9,""p"":0.0006723357536499335,""r"":36}",
      1024,         4,         0,   0.200,chromobius,ba010ca137038940c3ec077971d2c6e053dbb1b987ae4331f50e2a1b5d179738,"{""d"":9,""p"":0.0006723357536499335,""r"":36}",
      1024,         6,         0,   0.199,chromobius,ba010ca137038940c3ec077971d2c6e053dbb1b987ae4331f50e2a1b5d179738,"{""d"":9,""p"":0.0006723357536499335,""r"":36}",
      1024,         7,         0,   0.215,chromobius,ba010ca137038940c3ec077971d2c6e053dbb1b987ae4331f50e2a1b5d179738,"{""d"":9,""p"":0.0006723357536499335,""r"":36}",
      1024,         8,         0,   0.208,chromobius,ba010ca137038940c3ec077971d2c6e053dbb1b987ae4331f50e2a1b5d179738,"{""d"":9,""p"":0.0006723357536499335,""r"":36}",
      1024,         5,         0,   0.213,chromobius,ba010ca137038940c3ec077971d2c6e053dbb1b987ae4331f50e2a1b5d179738,"{""d"":9,""p"":0.0006723357536499335,""r"":36}",
      1024,         8,         0,   0.205,chromobius,ba010ca137038940c3ec077971d2c6e053dbb1b987ae4331f50e2a1b5d179738,"{""d"":9,""p"":0.0006723357536499335,""r"":36}",
      1024,         4,         0,   0.211,chromobius,ba010ca137038940c3ec077971d2c6e053dbb1b987ae4331f50e2a1b5d179738,"{""d"":9,""p"":0.0006723357536499335,""r"":36}",
      1024,         7,         0,   0.213,chromobius,ba010ca137038940c3ec077971d2c6e053dbb1b987ae4331f50e2a1b5d179738,"{""d"":9,""p"":0.0006723357536499335,""r"":36}",
      2048,        11,         0,   0.395,chromobius,ba010ca137038940c3ec077971d2c6e053dbb1b987ae4331f50e2a1b5d179738,"{""d"":9,""p"":0.0006723357536499335,""r"":36}",
      2048,        14,         0,   0.406,chromobius,ba010ca137038940c3ec077971d2c6e053dbb1b987ae4331f50e2a1b5d179738,"{""d"":9,""p"":0.0006723357536499335,""r"":36}",
      2048,        15,         0,   0.423,chromobius,ba010ca137038940c3ec077971d2c6e053dbb1b987ae4331f50e2a1b5d179738,"{""d"":9,""p"":0.0006723357536499335,""r"":36}",
      3072,        20,         0,   0.612,chromobius,ba010ca137038940c3ec077971d2c6e053dbb1b987ae4331f50e2a1b5d179738,"{""d"":9,""p"":0.0006723357536499335,""r"":36}",
      4096,        25,         0,   0.809,chromobius,ba010ca137038940c3ec077971d2c6e053dbb1b987ae4331f50e2a1b5d179738,"{""d"":9,""p"":0.0006723357536499335,""r"":36}",
      6144,        38,         0,    1.23,chromobius,ba010ca137038940c3ec077971d2c6e053dbb1b987ae4331f50e2a1b5d179738,"{""d"":9,""p"":0.0006723357536499335,""r"":36}",
      8192,        58,         0,    1.63,chromobius,ba010ca137038940c3ec077971d2c6e053dbb1b987ae4331f50e2a1b5d179738,"{""d"":9,""p"":0.0006723357536499335,""r"":36}",
     11264,        91,         0,    2.25,chromobius,ba010ca137038940c3ec077971d2c6e053dbb1b987ae4331f50e2a1b5d179738,"{""d"":9,""p"":0.0006723357536499335,""r"":36}",
   1585152,       445,         0,   119.8,chromobius,70e4713146f61b8f79dc58f35f84348f3689ed8459a0d42898940309ffe7741b,"{""d"":9,""p"":0.0002592943797404667,""r"":36}",
     16384,        96,         0,    3.24,chromobius,ba010ca137038940c3ec077971d2c6e053dbb1b987ae4331f50e2a1b5d179738,"{""d"":9,""p"":0.0006723357536499335,""r"":36}",
    530432,      1242,         0,    74.1,chromobius,cfbe3f7080f84d26648aac4e5c55e84051cebaf77edce3e875d53572a43bd0e2,"{""d"":9,""p"":0.0004893900918477494,""r"":36}",
       273,         4,         0,   0.067,chromobius,1861a4994e5454171c17617324a95faf2e060ee0dd20820620e3b024f6bed30f,"{""d"":9,""p"":0.0007880462815669912,""r"":36}",
      1024,        20,         0,   0.237,chromobius,1861a4994e5454171c17617324a95faf2e060ee0dd20820620e3b024f6bed30f,"{""d"":9,""p"":0.0007880462815669912,""r"":36}",
      1024,        12,         0,   0.233,chromobius,1861a4994e5454171c17617324a95faf2e060ee0dd20820620e3b024f6bed30f,"{""d"":9,""p"":0.0007880462815669912,""r"":36}",
      1024,        11,         0,   0.233,chromobius,1861a4994e5454171c17617324a95faf2e060ee0dd20820620e3b024f6bed30f,"{""d"":9,""p"":0.0007880462815669912,""r"":36}",
      1024,        16,         0,   0.233,chromobius,1861a4994e5454171c17617324a95faf2e060ee0dd20820620e3b024f6bed30f,"{""d"":9,""p"":0.0007880462815669912,""r"":36}",
      1024,         6,         0,   0.233,chromobius,1861a4994e5454171c17617324a95faf2e060ee0dd20820620e3b024f6bed30f,"{""d"":9,""p"":0.0007880462815669912,""r"":36}",
      1024,        12,         0,   0.238,chromobius,1861a4994e5454171c17617324a95faf2e060ee0dd20820620e3b024f6bed30f,"{""d"":9,""p"":0.0007880462815669912,""r"":36}",
      1024,        11,         0,   0.235,chromobius,1861a4994e5454171c17617324a95faf2e060ee0dd20820620e3b024f6bed30f,"{""d"":9,""p"":0.0007880462815669912,""r"":36}",
      1024,        20,         0,   0.232,chromobius,1861a4994e5454171c17617324a95faf2e060ee0dd20820620e3b024f6bed30f,"{""d"":9,""p"":0.0007880462815669912,""r"":36}",
      1024,        11,         0,   0.235,chromobius,1861a4994e5454171c17617324a95faf2e060ee0dd20820620e3b024f6bed30f,"{""d"":9,""p"":0.0007880462815669912,""r"":36}",
      2048,        25,         0,   0.464,chromobius,1861a4994e5454171c17617324a95faf2e060ee0dd20820620e3b024f6bed30f,"{""d"":9,""p"":0.0007880462815669912,""r"":36}",
      2048,        13,         0,   0.468,chromobius,1861a4994e5454171c17617324a95faf2e060ee0dd20820620e3b024f6bed30f,"{""d"":9,""p"":0.0007880462815669912,""r"":36}",
     22528,       163,         0,    4.41,chromobius,ba010ca137038940c3ec077971d2c6e053dbb1b987ae4331f50e2a1b5d179738,"{""d"":9,""p"":0.0006723357536499335,""r"":36}",
      3072,        36,         0,   0.709,chromobius,1861a4994e5454171c17617324a95faf2e060ee0dd20820620e3b024f6bed30f,"{""d"":9,""p"":0.0007880462815669912,""r"":36}",
      4096,        56,         0,   0.972,chromobius,1861a4994e5454171c17617324a95faf2e060ee0dd20820620e3b024f6bed30f,"{""d"":9,""p"":0.0007880462815669912,""r"":36}",
      5120,        61,         0,    1.17,chromobius,1861a4994e5454171c17617324a95faf2e060ee0dd20820620e3b024f6bed30f,"{""d"":9,""p"":0.0007880462815669912,""r"":36}",
      7168,        93,         0,    1.63,chromobius,1861a4994e5454171c17617324a95faf2e060ee0dd20820620e3b024f6bed30f,"{""d"":9,""p"":0.0007880462815669912,""r"":36}",
     30720,       216,         0,    5.99,chromobius,ba010ca137038940c3ec077971d2c6e053dbb1b987ae4331f50e2a1b5d179738,"{""d"":9,""p"":0.0006723357536499335,""r"":36}",
     10240,       123,         0,    2.38,chromobius,1861a4994e5454171c17617324a95faf2e060ee0dd20820620e3b024f6bed30f,"{""d"":9,""p"":0.0007880462815669912,""r"":36}",
     14336,       168,         0,    3.29,chromobius,1861a4994e5454171c17617324a95faf2e060ee0dd20820620e3b024f6bed30f,"{""d"":9,""p"":0.0007880462815669912,""r"":36}",
     19456,       215,         0,    4.48,chromobius,1861a4994e5454171c17617324a95faf2e060ee0dd20820620e3b024f6bed30f,"{""d"":9,""p"":0.0007880462815669912,""r"":36}",
     44032,       302,         0,    8.49,chromobius,ba010ca137038940c3ec077971d2c6e053dbb1b987ae4331f50e2a1b5d179738,"{""d"":9,""p"":0.0006723357536499335,""r"":36}",
     26624,       310,         0,    6.09,chromobius,1861a4994e5454171c17617324a95faf2e060ee0dd20820620e3b024f6bed30f,"{""d"":9,""p"":0.0007880462815669912,""r"":36}",
   1384448,       632,         0,   119.9,chromobius,a22378b7fd20d912e3aef5207e7b2112e491581ff1181285eeee61a00600b208,"{""d"":9,""p"":0.0003039195382313198,""r"":36}",
     60416,       418,         0,    11.7,chromobius,ba010ca137038940c3ec077971d2c6e053dbb1b987ae4331f50e2a1b5d179738,"{""d"":9,""p"":0.0006723357536499335,""r"":36}",
     36864,       401,         0,    8.48,chromobius,1861a4994e5454171c17617324a95faf2e060ee0dd20820620e3b024f6bed30f,"{""d"":9,""p"":0.0007880462815669912,""r"":36}",
     51200,       620,         0,    11.8,chromobius,1861a4994e5454171c17617324a95faf2e060ee0dd20820620e3b024f6bed30f,"{""d"":9,""p"":0.0007880462815669912,""r"":36}",
     86016,       591,         0,    16.5,chromobius,ba010ca137038940c3ec077971d2c6e053dbb1b987ae4331f50e2a1b5d179738,"{""d"":9,""p"":0.0006723357536499335,""r"":36}",
   1235968,       947,         0,   119.9,chromobius,0dc567c868e1cdbfe4e05bf094ee0947d11e1e36306517a9c0a8a1712572286d,"{""d"":9,""p"":0.0003562247890262444,""r"":36}",
     70656,       781,         0,    16.6,chromobius,1861a4994e5454171c17617324a95faf2e060ee0dd20820620e3b024f6bed30f,"{""d"":9,""p"":0.0007880462815669912,""r"":36}",
    117760,       776,         0,    23.1,chromobius,ba010ca137038940c3ec077971d2c6e053dbb1b987ae4331f50e2a1b5d179738,"{""d"":9,""p"":0.0006723357536499335,""r"":36}",
     97280,      1197,         0,    23.0,chromobius,1861a4994e5454171c17617324a95faf2e060ee0dd20820620e3b024f6bed30f,"{""d"":9,""p"":0.0007880462815669912,""r"":36}",
    930816,      1326,         0,   111.8,chromobius,2e041f4519b2530b9d4223dee9665d8ca95bf8d964349210e1ecf2573cbdd426,"{""d"":9,""p"":0.00041753189365604,""r"":36}",
       273,         5,         0,   0.080,chromobius,f8ca5188fb5221e607452280bfbf3b25ac8e6feb0447612fc2e6b4ff7fdb6afc,"{""d"":9,""p"":0.0009236708571873865,""r"":36}",
      1024,        19,         0,   0.294,chromobius,f8ca5188fb5221e607452280bfbf3b25ac8e6feb0447612fc2e6b4ff7fdb6afc,"{""d"":9,""p"":0.0009236708571873865,""r"":36}",
      1024,        22,         0,   0.308,chromobius,f8ca5188fb5221e607452280bfbf3b25ac8e6feb0447612fc2e6b4ff7fdb6afc,"{""d"":9,""p"":0.0009236708571873865,""r"":36}",
      1024,        17,         0,   0.292,chromobius,f8ca5188fb5221e607452280bfbf3b25ac8e6feb0447612fc2e6b4ff7fdb6afc,"{""d"":9,""p"":0.0009236708571873865,""r"":36}",
      1024,        17,         0,   0.291,chromobius,f8ca5188fb5221e607452280bfbf3b25ac8e6feb0447612fc2e6b4ff7fdb6afc,"{""d"":9,""p"":0.0009236708571873865,""r"":36}",
      1024,        20,         0,   0.293,chromobius,f8ca5188fb5221e607452280bfbf3b25ac8e6feb0447612fc2e6b4ff7fdb6afc,"{""d"":9,""p"":0.0009236708571873865,""r"":36}",
      1024,        21,         0,   0.301,chromobius,f8ca5188fb5221e607452280bfbf3b25ac8e6feb0447612fc2e6b4ff7fdb6afc,"{""d"":9,""p"":0.0009236708571873865,""r"":36}",
      1024,        23,         0,   0.280,chromobius,f8ca5188fb5221e607452280bfbf3b25ac8e6feb0447612fc2e6b4ff7fdb6afc,"{""d"":9,""p"":0.0009236708571873865,""r"":36}",
   3817472,        57,         0,   119.5,chromobius,b9ef5fd8abb9eee137e8986380f19862fc4f7ec93ec93b78c9ca2652dc3ee5de,"{""d"":9,""p"":0.0001,""r"":36}",
      1024,        24,         0,   0.290,chromobius,f8ca5188fb5221e607452280bfbf3b25ac8e6feb0447612fc2e6b4ff7fdb6afc,"{""d"":9,""p"":0.0009236708571873865,""r"":36}",
      1024,        11,         0,   0.295,chromobius,f8ca5188fb5221e607452280bfbf3b25ac8e6feb0447612fc2e6b4ff7fdb6afc,"{""d"":9,""p"":0.0009236708571873865,""r"":36}",
      2048,        43,         0,   0.574,chromobius,f8ca5188fb5221e607452280bfbf3b25ac8e6feb0447612fc2e6b4ff7fdb6afc,"{""d"":9,""p"":0.0009236708571873865,""r"":36}",
      2048,        30,         0,   0.578,chromobius,f8ca5188fb5221e607452280bfbf3b25ac8e6feb0447612fc2e6b4ff7fdb6afc,"{""d"":9,""p"":0.0009236708571873865,""r"":36}",
      2048,        45,         0,   0.596,chromobius,f8ca5188fb5221e607452280bfbf3b25ac8e6feb0447612fc2e6b4ff7fdb6afc,"{""d"":9,""p"":0.0009236708571873865,""r"":36}",
   3405824,        88,         0,   119.6,chromobius,b52ee76d489112738b53d18a73703b292322b6d8048af12cf3976bceb059b3ff,"{""d"":9,""p"":0.00011721022975334806,""r"":36}",
      3072,        74,         0,   0.892,chromobius,f8ca5188fb5221e607452280bfbf3b25ac8e6feb0447612fc2e6b4ff7fdb6afc,"{""d"":9,""p"":0.0009236708571873865,""r"":36}",
      4096,        73,         0,    1.15,chromobius,f8ca5188fb5221e607452280bfbf3b25ac8e6feb0447612fc2e6b4ff7fdb6afc,"{""d"":9,""p"":0.0009236708571873865,""r"":36}",
      6144,       143,         0,    1.80,chromobius,f8ca5188fb5221e607452280bfbf3b25ac8e6feb0447612fc2e6b4ff7fdb6afc,"{""d"":9,""p"":0.0009236708571873865,""r"":36}",
   2884608,       139,         0,   119.7,chromobius,e7e9d721a9737279e85aba24d617af5ba5dba17d686fceabaf5a501c6a6e70e9,"{""d"":9,""p"":0.00013738237958832623,""r"":36}",
      8192,       159,         0,    2.35,chromobius,f8ca5188fb5221e607452280bfbf3b25ac8e6feb0447612fc2e6b4ff7fdb6afc,"{""d"":9,""p"":0.0009236708571873865,""r"":36}",
   2536448,       165,         0,   119.7,chromobius,60a3732502e2c5c16735dc7bee4884d2a749d5b873a287807285e3e99019f9f7,"{""d"":9,""p"":0.00016102620275609394,""r"":36}",
     62464,       791,         0,    14.8,chromobius,1861a4994e5454171c17617324a95faf2e060ee0dd20820620e3b024f6bed30f,"{""d"":9,""p"":0.0007880462815669912,""r"":36}",
   2156544,       254,         0,   119.8,chromobius,ac167fb5c1d28fc59af52dc488be6afe3b1df0510e901bcdc8e2d7de37577e3f,"{""d"":9,""p"":0.00018873918221350977,""r"":36}",
       273,         8,         0,   0.082,chromobius,6b2cb42433df68000e9f351d9197ca22cd5f2a050aa0dad07e4fe7ddf0c52fae,"{""d"":9,""p"":0.001082636733874054,""r"":36}",
      1024,        41,         0,   0.298,chromobius,6b2cb42433df68000e9f351d9197ca22cd5f2a050aa0dad07e4fe7ddf0c52fae,"{""d"":9,""p"":0.001082636733874054,""r"":36}",
      1024,        44,         0,   0.319,chromobius,6b2cb42433df68000e9f351d9197ca22cd5f2a050aa0dad07e4fe7ddf0c52fae,"{""d"":9,""p"":0.001082636733874054,""r"":36}",
      1024,        35,         0,   0.346,chromobius,6b2cb42433df68000e9f351d9197ca22cd5f2a050aa0dad07e4fe7ddf0c52fae,"{""d"":9,""p"":0.001082636733874054,""r"":36}",
     11264,       227,         0,    3.23,chromobius,f8ca5188fb5221e607452280bfbf3b25ac8e6feb0447612fc2e6b4ff7fdb6afc,"{""d"":9,""p"":0.0009236708571873865,""r"":36}",
      1024,        29,         0,   0.353,chromobius,6b2cb42433df68000e9f351d9197ca22cd5f2a050aa0dad07e4fe7ddf0c52fae,"{""d"":9,""p"":0.001082636733874054,""r"":36}",
      1024,        41,         0,   0.346,chromobius,6b2cb42433df68000e9f351d9197ca22cd5f2a050aa0dad07e4fe7ddf0c52fae,"{""d"":9,""p"":0.001082636733874054,""r"":36}",
      1024,        40,         0,   0.331,chromobius,6b2cb42433df68000e9f351d9197ca22cd5f2a050aa0dad07e4fe7ddf0c52fae,"{""d"":9,""p"":0.001082636733874054,""r"":36}",
      1024,        32,         0,   0.288,chromobius,6b2cb42433df68000e9f351d9197ca22cd5f2a050aa0dad07e4fe7ddf0c52fae,"{""d"":9,""p"":0.001082636733874054,""r"":36}",
   1999872,       334,         0,   119.8,chromobius,c4bceeb37166a1fc1ebc5042542c780b5d3a66150060327794e7651a6ca2a272,"{""d"":9,""p"":0.000221221629107045,""r"":36}",
      1024,        28,         0,   0.328,chromobius,6b2cb42433df68000e9f351d9197ca22cd5f2a050aa0dad07e4fe7ddf0c52fae,"{""d"":9,""p"":0.001082636733874054,""r"":36}",
    169984,      1187,         0,    32.2,chromobius,ba010ca137038940c3ec077971d2c6e053dbb1b987ae4331f50e2a1b5d179738,"{""d"":9,""p"":0.0006723357536499335,""r"":36}",
      1024,        48,         0,   0.342,chromobius,6b2cb42433df68000e9f351d9197ca22cd5f2a050aa0dad07e4fe7ddf0c52fae,"{""d"":9,""p"":0.001082636733874054,""r"":36}",
      1024,        25,         0,   0.339,chromobius,6b2cb42433df68000e9f351d9197ca22cd5f2a050aa0dad07e4fe7ddf0c52fae,"{""d"":9,""p"":0.001082636733874054,""r"":36}",
      2048,        73,         0,   0.684,chromobius,6b2cb42433df68000e9f351d9197ca22cd5f2a050aa0dad07e4fe7ddf0c52fae,"{""d"":9,""p"":0.001082636733874054,""r"":36}",
      2048,        58,         0,   0.597,chromobius,6b2cb42433df68000e9f351d9197ca22cd5f2a050aa0dad07e4fe7ddf0c52fae,"{""d"":9,""p"":0.001082636733874054,""r"":36}",
     15360,       335,         0,    4.34,chromobius,f8ca5188fb5221e607452280bfbf3b25ac8e6feb0447612fc2e6b4ff7fdb6afc,"{""d"":9,""p"":0.0009236708571873865,""r"":36}",
      3072,       111,         0,   0.983,chromobius,6b2cb42433df68000e9f351d9197ca22cd5f2a050aa0dad07e4fe7ddf0c52fae,"{""d"":9,""p"":0.001082636733874054,""r"":36}",
      4096,       158,         0,    1.37,chromobius,6b2cb42433df68000e9f351d9197ca22cd5f2a050aa0dad07e4fe7ddf0c52fae,"{""d"":9,""p"":0.001082636733874054,""r"":36}",
      5120,       179,         0,    1.71,chromobius,6b2cb42433df68000e9f351d9197ca22cd5f2a050aa0dad07e4fe7ddf0c52fae,"{""d"":9,""p"":0.001082636733874054,""r"":36}",
      7168,       264,         0,    2.27,chromobius,6b2cb42433df68000e9f351d9197ca22cd5f2a050aa0dad07e4fe7ddf0c52fae,"{""d"":9,""p"":0.001082636733874054,""r"":36}",
     21504,       412,         0,    6.06,chromobius,f8ca5188fb5221e607452280bfbf3b25ac8e6feb0447612fc2e6b4ff7fdb6afc,"{""d"":9,""p"":0.0009236708571873865,""r"":36}",
     10240,       352,         0,    3.31,chromobius,6b2cb42433df68000e9f351d9197ca22cd5f2a050aa0dad07e4fe7ddf0c52fae,"{""d"":9,""p"":0.001082636733874054,""r"":36}",
     13312,       460,         0,    4.29,chromobius,6b2cb42433df68000e9f351d9197ca22cd5f2a050aa0dad07e4fe7ddf0c52fae,"{""d"":9,""p"":0.001082636733874054,""r"":36}",
     29696,       592,         0,    8.40,chromobius,f8ca5188fb5221e607452280bfbf3b25ac8e6feb0447612fc2e6b4ff7fdb6afc,"{""d"":9,""p"":0.0009236708571873865,""r"":36}",
   1587200,       465,         0,   119.8,chromobius,70e4713146f61b8f79dc58f35f84348f3689ed8459a0d42898940309ffe7741b,"{""d"":9,""p"":0.0002592943797404667,""r"":36}",
     18432,       647,         0,    6.00,chromobius,6b2cb42433df68000e9f351d9197ca22cd5f2a050aa0dad07e4fe7ddf0c52fae,"{""d"":9,""p"":0.001082636733874054,""r"":36}",
    140288,       931,         0,    26.6,chromobius,ba010ca137038940c3ec077971d2c6e053dbb1b987ae4331f50e2a1b5d179738,"{""d"":9,""p"":0.0006723357536499335,""r"":36}",
       273,        14,         0,   0.098,chromobius,e9f0dea1d83f22821a37d78fa8b3814460843b2ac17f6775bcdc98b5545937f1,"{""d"":9,""p"":0.0012689610031679222,""r"":36}",
      1024,        54,         0,   0.352,chromobius,e9f0dea1d83f22821a37d78fa8b3814460843b2ac17f6775bcdc98b5545937f1,"{""d"":9,""p"":0.0012689610031679222,""r"":36}",
      1024,        49,         0,   0.364,chromobius,e9f0dea1d83f22821a37d78fa8b3814460843b2ac17f6775bcdc98b5545937f1,"{""d"":9,""p"":0.0012689610031679222,""r"":36}",
      1024,        55,         0,   0.372,chromobius,e9f0dea1d83f22821a37d78fa8b3814460843b2ac17f6775bcdc98b5545937f1,"{""d"":9,""p"":0.0012689610031679222,""r"":36}",
      1024,        61,         0,   0.395,chromobius,e9f0dea1d83f22821a37d78fa8b3814460843b2ac17f6775bcdc98b5545937f1,"{""d"":9,""p"":0.0012689610031679222,""r"":36}",
      1024,        67,         0,   0.390,chromobius,e9f0dea1d83f22821a37d78fa8b3814460843b2ac17f6775bcdc98b5545937f1,"{""d"":9,""p"":0.0012689610031679222,""r"":36}",
     41984,       857,         0,    12.0,chromobius,f8ca5188fb5221e607452280bfbf3b25ac8e6feb0447612fc2e6b4ff7fdb6afc,"{""d"":9,""p"":0.0009236708571873865,""r"":36}",
      1024,        67,         0,   0.347,chromobius,e9f0dea1d83f22821a37d78fa8b3814460843b2ac17f6775bcdc98b5545937f1,"{""d"":9,""p"":0.0012689610031679222,""r"":36}",
      1024,        67,         0,   0.344,chromobius,e9f0dea1d83f22821a37d78fa8b3814460843b2ac17f6775bcdc98b5545937f1,"{""d"":9,""p"":0.0012689610031679222,""r"":36}",
      1024,        46,         0,   0.348,chromobius,e9f0dea1d83f22821a37d78fa8b3814460843b2ac17f6775bcdc98b5545937f1,"{""d"":9,""p"":0.0012689610031679222,""r"":36}",
     25600,       856,         0,    8.44,chromobius,6b2cb42433df68000e9f351d9197ca22cd5f2a050aa0dad07e4fe7ddf0c52fae,"{""d"":9,""p"":0.001082636733874054,""r"":36}",
      1024,        61,         0,   0.357,chromobius,e9f0dea1d83f22821a37d78fa8b3814460843b2ac17f6775bcdc98b5545937f1,"{""d"":9,""p"":0.0012689610031679222,""r"":36}",
      1024,        58,         0,   0.355,chromobius,e9f0dea1d83f22821a37d78fa8b3814460843b2ac17f6775bcdc98b5545937f1,"{""d"":9,""p"":0.0012689610031679222,""r"":36}",
      2048,       133,         0,   0.716,chromobius,e9f0dea1d83f22821a37d78fa8b3814460843b2ac17f6775bcdc98b5545937f1,"{""d"":9,""p"":0.0012689610031679222,""r"":36}",
      2048,       122,         0,   0.714,chromobius,e9f0dea1d83f22821a37d78fa8b3814460843b2ac17f6775bcdc98b5545937f1,"{""d"":9,""p"":0.0012689610031679222,""r"":36}",
      3072,       201,         0,    1.10,chromobius,e9f0dea1d83f22821a37d78fa8b3814460843b2ac17f6775bcdc98b5545937f1,"{""d"":9,""p"":0.0012689610031679222,""r"":36}",
      4096,       249,         0,    1.45,chromobius,e9f0dea1d83f22821a37d78fa8b3814460843b2ac17f6775bcdc98b5545937f1,"{""d"":9,""p"":0.0012689610031679222,""r"":36}",
      5120,       289,         0,    1.76,chromobius,e9f0dea1d83f22821a37d78fa8b3814460843b2ac17f6775bcdc98b5545937f1,"{""d"":9,""p"":0.0012689610031679222,""r"":36}",
      6144,       361,         0,    2.20,chromobius,e9f0dea1d83f22821a37d78fa8b3814460843b2ac17f6775bcdc98b5545937f1,"{""d"":9,""p"":0.0012689610031679222,""r"":36}",
      9216,       556,         0,    3.33,chromobius,e9f0dea1d83f22821a37d78fa8b3814460843b2ac17f6775bcdc98b5545937f1,"{""d"":9,""p"":0.0012689610031679222,""r"":36}",
     36864,      1289,         0,    11.8,chromobius,6b2cb42433df68000e9f351d9197ca22cd5f2a050aa0dad07e4fe7ddf0c52fae,"{""d"":9,""p"":0.001082636733874054,""r"":36}",
      5120,       185,         0,    1.54,chromobius,6b2cb42433df68000e9f351d9197ca22cd5f2a050aa0dad07e4fe7ddf0c52fae,"{""d"":9,""p"":0.001082636733874054,""r"":36}",
        17,         4,         0,   0.010,chromobius,0c0bc86932d31346e723f9913d75cd81da3b2d930d6466b1a2664bf3e75a7737,"{""d"":9,""p"":0.0014873521072935117,""r"":36}",
   1406976,       643,         0,   119.9,chromobius,a22378b7fd20d912e3aef5207e7b2112e491581ff1181285eeee61a00600b208,"{""d"":9,""p"":0.0003039195382313198,""r"":36}",
       256,        29,         0,   0.116,chromobius,0c0bc86932d31346e723f9913d75cd81da3b2d930d6466b1a2664bf3e75a7737,"{""d"":9,""p"":0.0014873521072935117,""r"":36}",
      1024,        90,         0,   0.477,chromobius,0c0bc86932d31346e723f9913d75cd81da3b2d930d6466b1a2664bf3e75a7737,"{""d"":9,""p"":0.0014873521072935117,""r"":36}",
      1024,        88,         0,   0.485,chromobius,0c0bc86932d31346e723f9913d75cd81da3b2d930d6466b1a2664bf3e75a7737,"{""d"":9,""p"":0.0014873521072935117,""r"":36}",
      1024,       124,         0,   0.494,chromobius,0c0bc86932d31346e723f9913d75cd81da3b2d930d6466b1a2664bf3e75a7737,"{""d"":9,""p"":0.0014873521072935117,""r"":36}",
     56320,      1175,         0,    16.5,chromobius,f8ca5188fb5221e607452280bfbf3b25ac8e6feb0447612fc2e6b4ff7fdb6afc,"{""d"":9,""p"":0.0009236708571873865,""r"":36}",
      1024,        86,         0,   0.501,chromobius,0c0bc86932d31346e723f9913d75cd81da3b2d930d6466b1a2664bf3e75a7737,"{""d"":9,""p"":0.0014873521072935117,""r"":36}",
      1024,       115,         0,   0.502,chromobius,0c0bc86932d31346e723f9913d75cd81da3b2d930d6466b1a2664bf3e75a7737,"{""d"":9,""p"":0.0014873521072935117,""r"":36}",
     12288,       730,         0,    4.60,chromobius,e9f0dea1d83f22821a37d78fa8b3814460843b2ac17f6775bcdc98b5545937f1,"{""d"":9,""p"":0.0012689610031679222,""r"":36}",
      1024,       116,         0,   0.493,chromobius,0c0bc86932d31346e723f9913d75cd81da3b2d930d6466b1a2664bf3e75a7737,"{""d"":9,""p"":0.0014873521072935117,""r"":36}",
      1024,        98,         0,   0.489,chromobius,0c0bc86932d31346e723f9913d75cd81da3b2d930d6466b1a2664bf3e75a7737,"{""d"":9,""p"":0.0014873521072935117,""r"":36}",
      1024,        96,         0,   0.499,chromobius,0c0bc86932d31346e723f9913d75cd81da3b2d930d6466b1a2664bf3e75a7737,"{""d"":9,""p"":0.0014873521072935117,""r"":36}",
      1024,       102,         0,   0.485,chromobius,0c0bc86932d31346e723f9913d75cd81da3b2d930d6466b1a2664bf3e75a7737,"{""d"":9,""p"":0.0014873521072935117,""r"":36}",
      1024,       103,         0,   0.480,chromobius,0c0bc86932d31346e723f9913d75cd81da3b2d930d6466b1a2664bf3e75a7737,"{""d"":9,""p"":0.0014873521072935117,""r"":36}",
      2048,       213,         0,   0.992,chromobius,0c0bc86932d31346e723f9913d75cd81da3b2d930d6466b1a2664bf3e75a7737,"{""d"":9,""p"":0.0014873521072935117,""r"":36}",
      2048,       217,         0,   0.996,chromobius,0c0bc86932d31346e723f9913d75cd81da3b2d930d6466b1a2664bf3e75a7737,"{""d"":9,""p"":0.0014873521072935117,""r"":36}",
      3072,       319,         0,    1.45,chromobius,0c0bc86932d31346e723f9913d75cd81da3b2d930d6466b1a2664bf3e75a7737,"{""d"":9,""p"":0.0014873521072935117,""r"":36}",
     17408,      1029,         0,    6.18,chromobius,e9f0dea1d83f22821a37d78fa8b3814460843b2ac17f6775bcdc98b5545937f1,"{""d"":9,""p"":0.0012689610031679222,""r"":36}",
      4096,       418,         0,    1.95,chromobius,0c0bc86932d31346e723f9913d75cd81da3b2d930d6466b1a2664bf3e75a7737,"{""d"":9,""p"":0.0014873521072935117,""r"":36}",
     34816,       671,         0,    10.2,chromobius,f8ca5188fb5221e607452280bfbf3b25ac8e6feb0447612fc2e6b4ff7fdb6afc,"{""d"":9,""p"":0.0009236708571873865,""r"":36}",
        17,         1,         0,   0.012,chromobius,3fa0fb570bcf438b365d06dc3ae85351be570e869b05238e47c44695f025b889,"{""d"":9,""p"":0.0017433288221999873,""r"":36}",
       256,        40,         0,   0.138,chromobius,3fa0fb570bcf438b365d06dc3ae85351be570e869b05238e47c44695f025b889,"{""d"":9,""p"":0.0017433288221999873,""r"":36}",
      5120,       507,         0,    2.48,chromobius,0c0bc86932d31346e723f9913d75cd81da3b2d930d6466b1a2664bf3e75a7737,"{""d"":9,""p"":0.0014873521072935117,""r"":36}",
      1024,       168,         0,   0.588,chromobius,3fa0fb570bcf438b365d06dc3ae85351be570e869b05238e47c44695f025b889,"{""d"":9,""p"":0.0017433288221999873,""r"":36}",
     12288,       735,         0,    4.47,chromobius,e9f0dea1d83f22821a37d78fa8b3814460843b2ac17f6775bcdc98b5545937f1,"{""d"":9,""p"":0.0012689610031679222,""r"":36}",
      1024,       151,         0,   0.563,chromobius,3fa0fb570bcf438b365d06dc3ae85351be570e869b05238e47c44695f025b889,"{""d"":9,""p"":0.0017433288221999873,""r"":36}",
        17,         2,         0,   0.014,chromobius,37ff242e79151c26e3c0f12c35a27af09759c7c13b39a084c85a2a0ea09f46cc,"{""d"":9,""p"":0.0020433597178569417,""r"":36}",
       256,        65,         0,   0.183,chromobius,37ff242e79151c26e3c0f12c35a27af09759c7c13b39a084c85a2a0ea09f46cc,"{""d"":9,""p"":0.0020433597178569417,""r"":36}",
       512,       121,         0,   0.381,chromobius,37ff242e79151c26e3c0f12c35a27af09759c7c13b39a084c85a2a0ea09f46cc,"{""d"":9,""p"":0.0020433597178569417,""r"":36}",
      1024,       163,         0,   0.599,chromobius,3fa0fb570bcf438b365d06dc3ae85351be570e869b05238e47c44695f025b889,"{""d"":9,""p"":0.0017433288221999873,""r"":36}",
       512,       127,         0,   0.373,chromobius,37ff242e79151c26e3c0f12c35a27af09759c7c13b39a084c85a2a0ea09f46cc,"{""d"":9,""p"":0.0020433597178569417,""r"":36}",
      1024,       185,         0,   0.635,chromobius,3fa0fb570bcf438b365d06dc3ae85351be570e869b05238e47c44695f025b889,"{""d"":9,""p"":0.0017433288221999873,""r"":36}",
       512,       110,         0,   0.371,chromobius,37ff242e79151c26e3c0f12c35a27af09759c7c13b39a084c85a2a0ea09f46cc,"{""d"":9,""p"":0.0020433597178569417,""r"":36}",
       512,       128,         0,   0.380,chromobius,37ff242e79151c26e3c0f12c35a27af09759c7c13b39a084c85a2a0ea09f46cc,"{""d"":9,""p"":0.0020433597178569417,""r"":36}",
      1024,       168,         0,   0.636,chromobius,3fa0fb570bcf438b365d06dc3ae85351be570e869b05238e47c44695f025b889,"{""d"":9,""p"":0.0017433288221999873,""r"":36}",
       512,       115,         0,   0.365,chromobius,37ff242e79151c26e3c0f12c35a27af09759c7c13b39a084c85a2a0ea09f46cc,"{""d"":9,""p"":0.0020433597178569417,""r"":36}",
       512,       112,         0,   0.364,chromobius,37ff242e79151c26e3c0f12c35a27af09759c7c13b39a084c85a2a0ea09f46cc,"{""d"":9,""p"":0.0020433597178569417,""r"":36}",
      1024,       170,         0,   0.616,chromobius,3fa0fb570bcf438b365d06dc3ae85351be570e869b05238e47c44695f025b889,"{""d"":9,""p"":0.0017433288221999873,""r"":36}",
      7168,       713,         0,    3.35,chromobius,0c0bc86932d31346e723f9913d75cd81da3b2d930d6466b1a2664bf3e75a7737,"{""d"":9,""p"":0.0014873521072935117,""r"":36}",
       512,       129,         0,   0.372,chromobius,37ff242e79151c26e3c0f12c35a27af09759c7c13b39a084c85a2a0ea09f46cc,"{""d"":9,""p"":0.0020433597178569417,""r"":36}",
      1024,       150,         0,   0.615,chromobius,3fa0fb570bcf438b365d06dc3ae85351be570e869b05238e47c44695f025b889,"{""d"":9,""p"":0.0017433288221999873,""r"":36}",
       512,       113,         0,   0.368,chromobius,37ff242e79151c26e3c0f12c35a27af09759c7c13b39a084c85a2a0ea09f46cc,"{""d"":9,""p"":0.0020433597178569417,""r"":36}",
       512,       124,         0,   0.364,chromobius,37ff242e79151c26e3c0f12c35a27af09759c7c13b39a084c85a2a0ea09f46cc,"{""d"":9,""p"":0.0020433597178569417,""r"":36}",
      1024,       156,         0,   0.601,chromobius,3fa0fb570bcf438b365d06dc3ae85351be570e869b05238e47c44695f025b889,"{""d"":9,""p"":0.0017433288221999873,""r"":36}",
      1024,       262,         0,   0.745,chromobius,37ff242e79151c26e3c0f12c35a27af09759c7c13b39a084c85a2a0ea09f46cc,"{""d"":9,""p"":0.0020433597178569417,""r"":36}",
      1024,       174,         0,   0.608,chromobius,3fa0fb570bcf438b365d06dc3ae85351be570e869b05238e47c44695f025b889,"{""d"":9,""p"":0.0017433288221999873,""r"":36}",
      1024,       149,         0,   0.606,chromobius,3fa0fb570bcf438b365d06dc3ae85351be570e869b05238e47c44695f025b889,"{""d"":9,""p"":0.0017433288221999873,""r"":36}",
      1024,       230,         0,   0.740,chromobius,37ff242e79151c26e3c0f12c35a27af09759c7c13b39a084c85a2a0ea09f46cc,"{""d"":9,""p"":0.0020433597178569417,""r"":36}",
      1024,       141,         0,   0.610,chromobius,3fa0fb570bcf438b365d06dc3ae85351be570e869b05238e47c44695f025b889,"{""d"":9,""p"":0.0017433288221999873,""r"":36}",
      1536,       347,         0,    1.13,chromobius,37ff242e79151c26e3c0f12c35a27af09759c7c13b39a084c85a2a0ea09f46cc,"{""d"":9,""p"":0.0020433597178569417,""r"":36}",
      2048,       321,         0,    1.24,chromobius,3fa0fb570bcf438b365d06dc3ae85351be570e869b05238e47c44695f025b889,"{""d"":9,""p"":0.0017433288221999873,""r"":36}",
      9216,       893,         0,    4.31,chromobius,0c0bc86932d31346e723f9913d75cd81da3b2d930d6466b1a2664bf3e75a7737,"{""d"":9,""p"":0.0014873521072935117,""r"":36}",
      2048,       483,         0,    1.46,chromobius,37ff242e79151c26e3c0f12c35a27af09759c7c13b39a084c85a2a0ea09f46cc,"{""d"":9,""p"":0.0020433597178569417,""r"":36}",
      2048,       345,         0,    1.24,chromobius,3fa0fb570bcf438b365d06dc3ae85351be570e869b05238e47c44695f025b889,"{""d"":9,""p"":0.0017433288221999873,""r"":36}",
      2560,       575,         0,    1.88,chromobius,37ff242e79151c26e3c0f12c35a27af09759c7c13b39a084c85a2a0ea09f46cc,"{""d"":9,""p"":0.0020433597178569417,""r"":36}",
      3072,       495,         0,    1.83,chromobius,3fa0fb570bcf438b365d06dc3ae85351be570e869b05238e47c44695f025b889,"{""d"":9,""p"":0.0017433288221999873,""r"":36}",
      7168,       719,         0,    3.41,chromobius,0c0bc86932d31346e723f9913d75cd81da3b2d930d6466b1a2664bf3e75a7737,"{""d"":9,""p"":0.0014873521072935117,""r"":36}",
        17,         7,         0,   0.017,chromobius,31e9ccbc6d085d609b55041885541002d875cb929a108437f0f8285e76e862de,"{""d"":9,""p"":0.002395026619987486,""r"":36}",
       256,        81,         0,   0.229,chromobius,31e9ccbc6d085d609b55041885541002d875cb929a108437f0f8285e76e862de,"{""d"":9,""p"":0.002395026619987486,""r"":36}",
       512,       178,         0,   0.455,chromobius,31e9ccbc6d085d609b55041885541002d875cb929a108437f0f8285e76e862de,"{""d"":9,""p"":0.002395026619987486,""r"":36}",
       512,       167,         0,   0.443,chromobius,31e9ccbc6d085d609b55041885541002d875cb929a108437f0f8285e76e862de,"{""d"":9,""p"":0.002395026619987486,""r"":36}",
      3072,       733,         0,    2.19,chromobius,37ff242e79151c26e3c0f12c35a27af09759c7c13b39a084c85a2a0ea09f46cc,"{""d"":9,""p"":0.0020433597178569417,""r"":36}",
       512,       149,         0,   0.427,chromobius,31e9ccbc6d085d609b55041885541002d875cb929a108437f0f8285e76e862de,"{""d"":9,""p"":0.002395026619987486,""r"":36}",
      4096,       628,         0,    2.41,chromobius,3fa0fb570bcf438b365d06dc3ae85351be570e869b05238e47c44695f025b889,"{""d"":9,""p"":0.0017433288221999873,""r"":36}",
       512,       169,         0,   0.453,chromobius,31e9ccbc6d085d609b55041885541002d875cb929a108437f0f8285e76e862de,"{""d"":9,""p"":0.002395026619987486,""r"":36}",
       512,       178,         0,   0.444,chromobius,31e9ccbc6d085d609b55041885541002d875cb929a108437f0f8285e76e862de,"{""d"":9,""p"":0.002395026619987486,""r"":36}",
       512,       174,         0,   0.449,chromobius,31e9ccbc6d085d609b55041885541002d875cb929a108437f0f8285e76e862de,"{""d"":9,""p"":0.002395026619987486,""r"":36}",
       512,       167,         0,   0.430,chromobius,31e9ccbc6d085d609b55041885541002d875cb929a108437f0f8285e76e862de,"{""d"":9,""p"":0.002395026619987486,""r"":36}",
       512,       147,         0,   0.432,chromobius,31e9ccbc6d085d609b55041885541002d875cb929a108437f0f8285e76e862de,"{""d"":9,""p"":0.002395026619987486,""r"":36}",
       512,       160,         0,   0.429,chromobius,31e9ccbc6d085d609b55041885541002d875cb929a108437f0f8285e76e862de,"{""d"":9,""p"":0.002395026619987486,""r"":36}",
      4608,      1124,         0,    3.15,chromobius,37ff242e79151c26e3c0f12c35a27af09759c7c13b39a084c85a2a0ea09f46cc,"{""d"":9,""p"":0.0020433597178569417,""r"":36}",
       512,       169,         0,   0.441,chromobius,31e9ccbc6d085d609b55041885541002d875cb929a108437f0f8285e76e862de,"{""d"":9,""p"":0.002395026619987486,""r"":36}",
       512,       121,         0,   0.362,chromobius,37ff242e79151c26e3c0f12c35a27af09759c7c13b39a084c85a2a0ea09f46cc,"{""d"":9,""p"":0.0020433597178569417,""r"":36}",
        17,         9,         0,   0.021,chromobius,33b56ed3eaaa0471ea91099e4dca251736ebf7610b895439dadb127befcaae35,"{""d"":9,""p"":0.0028072162039411755,""r"":36}",
       256,        94,         0,   0.267,chromobius,33b56ed3eaaa0471ea91099e4dca251736ebf7610b895439dadb127befcaae35,"{""d"":9,""p"":0.0028072162039411755,""r"":36}",
      6144,       948,         0,    3.62,chromobius,3fa0fb570bcf438b365d06dc3ae85351be570e869b05238e47c44695f025b889,"{""d"":9,""p"":0.0017433288221999873,""r"":36}",
      1024,       332,         0,   0.894,chromobius,31e9ccbc6d085d609b55041885541002d875cb929a108437f0f8285e76e862de,"{""d"":9,""p"":0.002395026619987486,""r"":36}",
       512,       196,         0,   0.550,chromobius,33b56ed3eaaa0471ea91099e4dca251736ebf7610b895439dadb127befcaae35,"{""d"":9,""p"":0.0028072162039411755,""r"":36}",
       512,       211,         0,   0.547,chromobius,33b56ed3eaaa0471ea91099e4dca251736ebf7610b895439dadb127befcaae35,"{""d"":9,""p"":0.0028072162039411755,""r"":36}",
      1024,       324,         0,   0.908,chromobius,31e9ccbc6d085d609b55041885541002d875cb929a108437f0f8285e76e862de,"{""d"":9,""p"":0.002395026619987486,""r"":36}",
       512,       200,         0,   0.551,chromobius,33b56ed3eaaa0471ea91099e4dca251736ebf7610b895439dadb127befcaae35,"{""d"":9,""p"":0.0028072162039411755,""r"":36}",
      3072,       494,         0,    1.77,chromobius,3fa0fb570bcf438b365d06dc3ae85351be570e869b05238e47c44695f025b889,"{""d"":9,""p"":0.0017433288221999873,""r"":36}",
        17,        12,         0,   0.024,chromobius,ba9197aa7db8f5100d827c42029e14d316cf055c3b278bb6e938cef31e8c0704,"{""d"":9,""p"":0.0032903445623126675,""r"":36}",
       512,       215,         0,   0.534,chromobius,33b56ed3eaaa0471ea91099e4dca251736ebf7610b895439dadb127befcaae35,"{""d"":9,""p"":0.0028072162039411755,""r"":36}",
       256,       121,         0,   0.322,chromobius,ba9197aa7db8f5100d827c42029e14d316cf055c3b278bb6e938cef31e8c0704,"{""d"":9,""p"":0.0032903445623126675,""r"":36}",
      1536,       515,         0,    1.24,chromobius,31e9ccbc6d085d609b55041885541002d875cb929a108437f0f8285e76e862de,"{""d"":9,""p"":0.002395026619987486,""r"":36}",
       512,       218,         0,   0.540,chromobius,33b56ed3eaaa0471ea91099e4dca251736ebf7610b895439dadb127befcaae35,"{""d"":9,""p"":0.0028072162039411755,""r"":36}",
       256,       123,         0,   0.320,chromobius,ba9197aa7db8f5100d827c42029e14d316cf055c3b278bb6e938cef31e8c0704,"{""d"":9,""p"":0.0032903445623126675,""r"":36}",
       256,       119,         0,   0.325,chromobius,ba9197aa7db8f5100d827c42029e14d316cf055c3b278bb6e938cef31e8c0704,"{""d"":9,""p"":0.0032903445623126675,""r"":36}",
   1265664,      1045,         0,   119.9,chromobius,0dc567c868e1cdbfe4e05bf094ee0947d11e1e36306517a9c0a8a1712572286d,"{""d"":9,""p"":0.0003562247890262444,""r"":36}",
       512,       210,         0,   0.548,chromobius,33b56ed3eaaa0471ea91099e4dca251736ebf7610b895439dadb127befcaae35,"{""d"":9,""p"":0.0028072162039411755,""r"":36}",
       256,       121,         0,   0.338,chromobius,ba9197aa7db8f5100d827c42029e14d316cf055c3b278bb6e938cef31e8c0704,"{""d"":9,""p"":0.0032903445623126675,""r"":36}",
       256,       119,         0,   0.341,chromobius,ba9197aa7db8f5100d827c42029e14d316cf055c3b278bb6e938cef31e8c0704,"{""d"":9,""p"":0.0032903445623126675,""r"":36}",
       512,       197,         0,   0.554,chromobius,33b56ed3eaaa0471ea91099e4dca251736ebf7610b895439dadb127befcaae35,"{""d"":9,""p"":0.0028072162039411755,""r"":36}",
      2048,       666,         0,    1.63,chromobius,31e9ccbc6d085d609b55041885541002d875cb929a108437f0f8285e76e862de,"{""d"":9,""p"":0.002395026619987486,""r"":36}",
       256,       120,         0,   0.324,chromobius,ba9197aa7db8f5100d827c42029e14d316cf055c3b278bb6e938cef31e8c0704,"{""d"":9,""p"":0.0032903445623126675,""r"":36}",
       512,       210,         0,   0.548,chromobius,33b56ed3eaaa0471ea91099e4dca251736ebf7610b895439dadb127befcaae35,"{""d"":9,""p"":0.0028072162039411755,""r"":36}",
       256,       116,         0,   0.333,chromobius,ba9197aa7db8f5100d827c42029e14d316cf055c3b278bb6e938cef31e8c0704,"{""d"":9,""p"":0.0032903445623126675,""r"":36}",
       256,       118,         0,   0.334,chromobius,ba9197aa7db8f5100d827c42029e14d316cf055c3b278bb6e938cef31e8c0704,"{""d"":9,""p"":0.0032903445623126675,""r"":36}",
       512,       222,         0,   0.538,chromobius,33b56ed3eaaa0471ea91099e4dca251736ebf7610b895439dadb127befcaae35,"{""d"":9,""p"":0.0028072162039411755,""r"":36}",
       256,       128,         0,   0.329,chromobius,ba9197aa7db8f5100d827c42029e14d316cf055c3b278bb6e938cef31e8c0704,"{""d"":9,""p"":0.0032903445623126675,""r"":36}",
       512,       210,         0,   0.548,chromobius,33b56ed3eaaa0471ea91099e4dca251736ebf7610b895439dadb127befcaae35,"{""d"":9,""p"":0.0028072162039411755,""r"":36}",
       256,       130,         0,   0.337,chromobius,ba9197aa7db8f5100d827c42029e14d316cf055c3b278bb6e938cef31e8c0704,"{""d"":9,""p"":0.0032903445623126675,""r"":36}",
       512,       256,         0,   0.661,chromobius,ba9197aa7db8f5100d827c42029e14d316cf055c3b278bb6e938cef31e8c0704,"{""d"":9,""p"":0.0032903445623126675,""r"":36}",
      1024,       436,         0,    1.09,chromobius,33b56ed3eaaa0471ea91099e4dca251736ebf7610b895439dadb127befcaae35,"{""d"":9,""p"":0.0028072162039411755,""r"":36}",
      3072,       995,         0,    2.59,chromobius,31e9ccbc6d085d609b55041885541002d875cb929a108437f0f8285e76e862de,"{""d"":9,""p"":0.002395026619987486,""r"":36}",
       512,       240,         0,   0.677,chromobius,ba9197aa7db8f5100d827c42029e14d316cf055c3b278bb6e938cef31e8c0704,"{""d"":9,""p"":0.0032903445623126675,""r"":36}",
      1024,       430,         0,    1.08,chromobius,33b56ed3eaaa0471ea91099e4dca251736ebf7610b895439dadb127befcaae35,"{""d"":9,""p"":0.0028072162039411755,""r"":36}",
       768,       348,         0,    1.02,chromobius,ba9197aa7db8f5100d827c42029e14d316cf055c3b278bb6e938cef31e8c0704,"{""d"":9,""p"":0.0032903445623126675,""r"":36}",
      1536,       534,         0,    1.25,chromobius,31e9ccbc6d085d609b55041885541002d875cb929a108437f0f8285e76e862de,"{""d"":9,""p"":0.002395026619987486,""r"":36}",
        17,         8,         0,   0.030,chromobius,f9dcdf41554986a8c48f587fd349741cc2e0be28e7d43ec83383184eadf7a52c,"{""d"":9,""p"":0.0038566204211634724,""r"":36}",
       256,       116,         0,   0.413,chromobius,f9dcdf41554986a8c48f587fd349741cc2e0be28e7d43ec83383184eadf7a52c,"{""d"":9,""p"":0.0038566204211634724,""r"":36}",
       256,       125,         0,   0.382,chromobius,f9dcdf41554986a8c48f587fd349741cc2e0be28e7d43ec83383184eadf7a52c,"{""d"":9,""p"":0.0038566204211634724,""r"":36}",
      1536,       657,         0,    1.66,chromobius,33b56ed3eaaa0471ea91099e4dca251736ebf7610b895439dadb127befcaae35,"{""d"":9,""p"":0.0028072162039411755,""r"":36}",
       256,       122,         0,   0.399,chromobius,f9dcdf41554986a8c48f587fd349741cc2e0be28e7d43ec83383184eadf7a52c,"{""d"":9,""p"":0.0038566204211634724,""r"":36}",
      1280,       581,         0,    1.59,chromobius,ba9197aa7db8f5100d827c42029e14d316cf055c3b278bb6e938cef31e8c0704,"{""d"":9,""p"":0.0032903445623126675,""r"":36}",
       256,       136,         0,   0.426,chromobius,f9dcdf41554986a8c48f587fd349741cc2e0be28e7d43ec83383184eadf7a52c,"{""d"":9,""p"":0.0038566204211634724,""r"":36}",
       256,       129,         0,   0.406,chromobius,f9dcdf41554986a8c48f587fd349741cc2e0be28e7d43ec83383184eadf7a52c,"{""d"":9,""p"":0.0038566204211634724,""r"":36}",
       256,       127,         0,   0.396,chromobius,f9dcdf41554986a8c48f587fd349741cc2e0be28e7d43ec83383184eadf7a52c,"{""d"":9,""p"":0.0038566204211634724,""r"":36}",
      1536,       648,         0,    1.65,chromobius,33b56ed3eaaa0471ea91099e4dca251736ebf7610b895439dadb127befcaae35,"{""d"":9,""p"":0.0028072162039411755,""r"":36}",
       256,       116,         0,   0.395,chromobius,f9dcdf41554986a8c48f587fd349741cc2e0be28e7d43ec83383184eadf7a52c,"{""d"":9,""p"":0.0038566204211634724,""r"":36}",
       256,       130,         0,   0.417,chromobius,f9dcdf41554986a8c48f587fd349741cc2e0be28e7d43ec83383184eadf7a52c,"{""d"":9,""p"":0.0038566204211634724,""r"":36}",
      1536,       739,         0,    2.00,chromobius,ba9197aa7db8f5100d827c42029e14d316cf055c3b278bb6e938cef31e8c0704,"{""d"":9,""p"":0.0032903445623126675,""r"":36}",
       256,       123,         0,   0.406,chromobius,f9dcdf41554986a8c48f587fd349741cc2e0be28e7d43ec83383184eadf7a52c,"{""d"":9,""p"":0.0038566204211634724,""r"":36}",
       256,       126,         0,   0.399,chromobius,f9dcdf41554986a8c48f587fd349741cc2e0be28e7d43ec83383184eadf7a52c,"{""d"":9,""p"":0.0038566204211634724,""r"":36}",
       256,       124,         0,   0.417,chromobius,f9dcdf41554986a8c48f587fd349741cc2e0be28e7d43ec83383184eadf7a52c,"{""d"":9,""p"":0.0038566204211634724,""r"":36}",
      2048,       844,         0,    2.13,chromobius,33b56ed3eaaa0471ea91099e4dca251736ebf7610b895439dadb127befcaae35,"{""d"":9,""p"":0.0028072162039411755,""r"":36}",
        17,        10,         0,   0.031,chromobius,47b9a80bb6ade723413e63421ca2404aadf36edd58954400382d23ef6cc149aa,"{""d"":9,""p"":0.004520353656360241,""r"":36}",
       512,       245,         0,   0.804,chromobius,f9dcdf41554986a8c48f587fd349741cc2e0be28e7d43ec83383184eadf7a52c,"{""d"":9,""p"":0.0038566204211634724,""r"":36}",
       256,       131,         0,   0.484,chromobius,47b9a80bb6ade723413e63421ca2404aadf36edd58954400382d23ef6cc149aa,"{""d"":9,""p"":0.004520353656360241,""r"":36}",
      2048,       952,         0,    2.68,chromobius,ba9197aa7db8f5100d827c42029e14d316cf055c3b278bb6e938cef31e8c0704,"{""d"":9,""p"":0.0032903445623126675,""r"":36}",
       512,       257,         0,   0.817,chromobius,f9dcdf41554986a8c48f587fd349741cc2e0be28e7d43ec83383184eadf7a52c,"{""d"":9,""p"":0.0038566204211634724,""r"":36}",
       256,       124,         0,   0.493,chromobius,47b9a80bb6ade723413e63421ca2404aadf36edd58954400382d23ef6cc149aa,"{""d"":9,""p"":0.004520353656360241,""r"":36}",
       256,       122,         0,   0.492,chromobius,47b9a80bb6ade723413e63421ca2404aadf36edd58954400382d23ef6cc149aa,"{""d"":9,""p"":0.004520353656360241,""r"":36}",
       256,       144,         0,   0.492,chromobius,47b9a80bb6ade723413e63421ca2404aadf36edd58954400382d23ef6cc149aa,"{""d"":9,""p"":0.004520353656360241,""r"":36}",
       768,       390,         0,    1.22,chromobius,f9dcdf41554986a8c48f587fd349741cc2e0be28e7d43ec83383184eadf7a52c,"{""d"":9,""p"":0.0038566204211634724,""r"":36}",
       256,       120,         0,   0.482,chromobius,47b9a80bb6ade723413e63421ca2404aadf36edd58954400382d23ef6cc149aa,"{""d"":9,""p"":0.004520353656360241,""r"":36}",
      1536,       700,         0,    1.97,chromobius,ba9197aa7db8f5100d827c42029e14d316cf055c3b278bb6e938cef31e8c0704,"{""d"":9,""p"":0.0032903445623126675,""r"":36}",
       256,       132,         0,   0.498,chromobius,47b9a80bb6ade723413e63421ca2404aadf36edd58954400382d23ef6cc149aa,"{""d"":9,""p"":0.004520353656360241,""r"":36}",
        17,         9,         0,   0.043,chromobius,bd07e04ff4bbead1aef804c9656b80abb605faebb3e80d5b0b30e24ea2fca562,"{""d"":9,""p"":0.005298316906283708,""r"":36}",
       128,        74,         0,   0.305,chromobius,bd07e04ff4bbead1aef804c9656b80abb605faebb3e80d5b0b30e24ea2fca562,"{""d"":9,""p"":0.005298316906283708,""r"":36}",
       256,       134,         0,   0.522,chromobius,47b9a80bb6ade723413e63421ca2404aadf36edd58954400382d23ef6cc149aa,"{""d"":9,""p"":0.004520353656360241,""r"":36}",
       128,        68,         0,   0.308,chromobius,bd07e04ff4bbead1aef804c9656b80abb605faebb3e80d5b0b30e24ea2fca562,"{""d"":9,""p"":0.005298316906283708,""r"":36}",
      1024,       509,         0,    1.62,chromobius,f9dcdf41554986a8c48f587fd349741cc2e0be28e7d43ec83383184eadf7a52c,"{""d"":9,""p"":0.0038566204211634724,""r"":36}",
       128,        66,         0,   0.321,chromobius,bd07e04ff4bbead1aef804c9656b80abb605faebb3e80d5b0b30e24ea2fca562,"{""d"":9,""p"":0.005298316906283708,""r"":36}",
       256,       120,         0,   0.490,chromobius,47b9a80bb6ade723413e63421ca2404aadf36edd58954400382d23ef6cc149aa,"{""d"":9,""p"":0.004520353656360241,""r"":36}",
       128,        58,         0,   0.309,chromobius,bd07e04ff4bbead1aef804c9656b80abb605faebb3e80d5b0b30e24ea2fca562,"{""d"":9,""p"":0.005298316906283708,""r"":36}",
       256,       114,         0,   0.499,chromobius,47b9a80bb6ade723413e63421ca2404aadf36edd58954400382d23ef6cc149aa,"{""d"":9,""p"":0.004520353656360241,""r"":36}",
       128,        55,         0,   0.307,chromobius,bd07e04ff4bbead1aef804c9656b80abb605faebb3e80d5b0b30e24ea2fca562,"{""d"":9,""p"":0.005298316906283708,""r"":36}",
       128,        60,         0,   0.293,chromobius,bd07e04ff4bbead1aef804c9656b80abb605faebb3e80d5b0b30e24ea2fca562,"{""d"":9,""p"":0.005298316906283708,""r"":36}",
       256,       142,         0,   0.489,chromobius,47b9a80bb6ade723413e63421ca2404aadf36edd58954400382d23ef6cc149aa,"{""d"":9,""p"":0.004520353656360241,""r"":36}",
       256,       146,         0,   0.496,chromobius,47b9a80bb6ade723413e63421ca2404aadf36edd58954400382d23ef6cc149aa,"{""d"":9,""p"":0.004520353656360241,""r"":36}",
       256,       122,         0,   0.601,chromobius,bd07e04ff4bbead1aef804c9656b80abb605faebb3e80d5b0b30e24ea2fca562,"{""d"":9,""p"":0.005298316906283708,""r"":36}",
       256,       139,         0,   0.614,chromobius,bd07e04ff4bbead1aef804c9656b80abb605faebb3e80d5b0b30e24ea2fca562,"{""d"":9,""p"":0.005298316906283708,""r"":36}",
      1536,       758,         0,    2.44,chromobius,f9dcdf41554986a8c48f587fd349741cc2e0be28e7d43ec83383184eadf7a52c,"{""d"":9,""p"":0.0038566204211634724,""r"":36}",
       512,       257,         0,    1.01,chromobius,47b9a80bb6ade723413e63421ca2404aadf36edd58954400382d23ef6cc149aa,"{""d"":9,""p"":0.004520353656360241,""r"":36}",
       256,       118,         0,   0.607,chromobius,bd07e04ff4bbead1aef804c9656b80abb605faebb3e80d5b0b30e24ea2fca562,"{""d"":9,""p"":0.005298316906283708,""r"":36}",
       256,       126,         0,   0.602,chromobius,bd07e04ff4bbead1aef804c9656b80abb605faebb3e80d5b0b30e24ea2fca562,"{""d"":9,""p"":0.005298316906283708,""r"":36}",
       512,       249,         0,    1.02,chromobius,47b9a80bb6ade723413e63421ca2404aadf36edd58954400382d23ef6cc149aa,"{""d"":9,""p"":0.004520353656360241,""r"":36}",
       256,       122,         0,   0.613,chromobius,bd07e04ff4bbead1aef804c9656b80abb605faebb3e80d5b0b30e24ea2fca562,"{""d"":9,""p"":0.005298316906283708,""r"":36}",
       256,       125,         0,   0.584,chromobius,bd07e04ff4bbead1aef804c9656b80abb605faebb3e80d5b0b30e24ea2fca562,"{""d"":9,""p"":0.005298316906283708,""r"":36}",
       768,       386,         0,    1.54,chromobius,47b9a80bb6ade723413e63421ca2404aadf36edd58954400382d23ef6cc149aa,"{""d"":9,""p"":0.004520353656360241,""r"":36}",
      2048,      1002,         0,    3.24,chromobius,f9dcdf41554986a8c48f587fd349741cc2e0be28e7d43ec83383184eadf7a52c,"{""d"":9,""p"":0.0038566204211634724,""r"":36}",
       512,       255,         0,    1.24,chromobius,bd07e04ff4bbead1aef804c9656b80abb605faebb3e80d5b0b30e24ea2fca562,"{""d"":9,""p"":0.005298316906283708,""r"":36}",
       512,       262,         0,    1.25,chromobius,bd07e04ff4bbead1aef804c9656b80abb605faebb3e80d5b0b30e24ea2fca562,"{""d"":9,""p"":0.005298316906283708,""r"":36}",
      1024,       527,         0,    1.98,chromobius,47b9a80bb6ade723413e63421ca2404aadf36edd58954400382d23ef6cc149aa,"{""d"":9,""p"":0.004520353656360241,""r"":36}",
      1024,       501,         0,    1.67,chromobius,f9dcdf41554986a8c48f587fd349741cc2e0be28e7d43ec83383184eadf7a52c,"{""d"":9,""p"":0.0038566204211634724,""r"":36}",
        17,         6,         0,   0.051,chromobius,706bd659355285a4c3de6c59e20cb122bed83352cb27a11a131a10dafd686dd7,"{""d"":9,""p"":0.006210169418915616,""r"":36}",
       128,        66,         0,   0.371,chromobius,706bd659355285a4c3de6c59e20cb122bed83352cb27a11a131a10dafd686dd7,"{""d"":9,""p"":0.006210169418915616,""r"":36}",
       128,        59,         0,   0.365,chromobius,706bd659355285a4c3de6c59e20cb122bed83352cb27a11a131a10dafd686dd7,"{""d"":9,""p"":0.006210169418915616,""r"":36}",
       128,        57,         0,   0.368,chromobius,706bd659355285a4c3de6c59e20cb122bed83352cb27a11a131a10dafd686dd7,"{""d"":9,""p"":0.006210169418915616,""r"":36}",
       768,       386,         0,    1.86,chromobius,bd07e04ff4bbead1aef804c9656b80abb605faebb3e80d5b0b30e24ea2fca562,"{""d"":9,""p"":0.005298316906283708,""r"":36}",
       128,        65,         0,   0.369,chromobius,706bd659355285a4c3de6c59e20cb122bed83352cb27a11a131a10dafd686dd7,"{""d"":9,""p"":0.006210169418915616,""r"":36}",
       128,        58,         0,   0.372,chromobius,706bd659355285a4c3de6c59e20cb122bed83352cb27a11a131a10dafd686dd7,"{""d"":9,""p"":0.006210169418915616,""r"":36}",
      1280,       651,         0,    2.52,chromobius,47b9a80bb6ade723413e63421ca2404aadf36edd58954400382d23ef6cc149aa,"{""d"":9,""p"":0.004520353656360241,""r"":36}",
       128,        75,         0,   0.385,chromobius,706bd659355285a4c3de6c59e20cb122bed83352cb27a11a131a10dafd686dd7,"{""d"":9,""p"":0.006210169418915616,""r"":36}",
       128,        60,         0,   0.388,chromobius,706bd659355285a4c3de6c59e20cb122bed83352cb27a11a131a10dafd686dd7,"{""d"":9,""p"":0.006210169418915616,""r"":36}",
       128,        64,         0,   0.388,chromobius,706bd659355285a4c3de6c59e20cb122bed83352cb27a11a131a10dafd686dd7,"{""d"":9,""p"":0.006210169418915616,""r"":36}",
       128,        70,         0,   0.372,chromobius,706bd659355285a4c3de6c59e20cb122bed83352cb27a11a131a10dafd686dd7,"{""d"":9,""p"":0.006210169418915616,""r"":36}",
       128,        63,         0,   0.390,chromobius,706bd659355285a4c3de6c59e20cb122bed83352cb27a11a131a10dafd686dd7,"{""d"":9,""p"":0.006210169418915616,""r"":36}",
      1024,       524,         0,    2.48,chromobius,bd07e04ff4bbead1aef804c9656b80abb605faebb3e80d5b0b30e24ea2fca562,"{""d"":9,""p"":0.005298316906283708,""r"":36}",
       256,       126,         0,   0.763,chromobius,706bd659355285a4c3de6c59e20cb122bed83352cb27a11a131a10dafd686dd7,"{""d"":9,""p"":0.006210169418915616,""r"":36}",
       256,       133,         0,   0.766,chromobius,706bd659355285a4c3de6c59e20cb122bed83352cb27a11a131a10dafd686dd7,"{""d"":9,""p"":0.006210169418915616,""r"":36}",
      1792,       865,         0,    3.43,chromobius,47b9a80bb6ade723413e63421ca2404aadf36edd58954400382d23ef6cc149aa,"{""d"":9,""p"":0.004520353656360241,""r"":36}",
       384,       203,         0,    1.10,chromobius,706bd659355285a4c3de6c59e20cb122bed83352cb27a11a131a10dafd686dd7,"{""d"":9,""p"":0.006210169418915616,""r"":36}",
      1280,       613,         0,    3.10,chromobius,bd07e04ff4bbead1aef804c9656b80abb605faebb3e80d5b0b30e24ea2fca562,"{""d"":9,""p"":0.005298316906283708,""r"":36}",
       384,       203,         0,    1.14,chromobius,706bd659355285a4c3de6c59e20cb122bed83352cb27a11a131a10dafd686dd7,"{""d"":9,""p"":0.006210169418915616,""r"":36}",
      1280,       651,         0,    2.51,chromobius,47b9a80bb6ade723413e63421ca2404aadf36edd58954400382d23ef6cc149aa,"{""d"":9,""p"":0.004520353656360241,""r"":36}",
        17,         5,         0,   0.066,chromobius,f734841b20b3094f10811e1a82fe488c37428f1944a06451df9b565fdbebc527,"{""d"":9,""p"":0.007278953843983146,""r"":36}",
       128,        66,         0,   0.473,chromobius,f734841b20b3094f10811e1a82fe488c37428f1944a06451df9b565fdbebc527,"{""d"":9,""p"":0.007278953843983146,""r"":36}",
   3895296,        62,         0,   119.5,chromobius,b9ef5fd8abb9eee137e8986380f19862fc4f7ec93ec93b78c9ca2652dc3ee5de,"{""d"":9,""p"":0.0001,""r"":36}",
       128,        67,         0,   0.469,chromobius,f734841b20b3094f10811e1a82fe488c37428f1944a06451df9b565fdbebc527,"{""d"":9,""p"":0.007278953843983146,""r"":36}",
       640,       328,         0,    1.90,chromobius,706bd659355285a4c3de6c59e20cb122bed83352cb27a11a131a10dafd686dd7,"{""d"":9,""p"":0.006210169418915616,""r"":36}",
       128,        55,         0,   0.453,chromobius,f734841b20b3094f10811e1a82fe488c37428f1944a06451df9b565fdbebc527,"{""d"":9,""p"":0.007278953843983146,""r"":36}",
       128,        60,         0,   0.448,chromobius,f734841b20b3094f10811e1a82fe488c37428f1944a06451df9b565fdbebc527,"{""d"":9,""p"":0.007278953843983146,""r"":36}",
       128,        55,         0,   0.443,chromobius,f734841b20b3094f10811e1a82fe488c37428f1944a06451df9b565fdbebc527,"{""d"":9,""p"":0.007278953843983146,""r"":36}",
       128,        70,         0,   0.437,chromobius,f734841b20b3094f10811e1a82fe488c37428f1944a06451df9b565fdbebc527,"{""d"":9,""p"":0.007278953843983146,""r"":36}",
      1792,       899,         0,    4.38,chromobius,bd07e04ff4bbead1aef804c9656b80abb605faebb3e80d5b0b30e24ea2fca562,"{""d"":9,""p"":0.005298316906283708,""r"":36}",
       128,        63,         0,   0.445,chromobius,f734841b20b3094f10811e1a82fe488c37428f1944a06451df9b565fdbebc527,"{""d"":9,""p"":0.007278953843983146,""r"":36}",
       768,       387,         0,    2.22,chromobius,706bd659355285a4c3de6c59e20cb122bed83352cb27a11a131a10dafd686dd7,"{""d"":9,""p"":0.006210169418915616,""r"":36}",
   3358720,        81,         0,   119.6,chromobius,b52ee76d489112738b53d18a73703b292322b6d8048af12cf3976bceb059b3ff,"{""d"":9,""p"":0.00011721022975334806,""r"":36}",
       128,        61,         0,   0.457,chromobius,f734841b20b3094f10811e1a82fe488c37428f1944a06451df9b565fdbebc527,"{""d"":9,""p"":0.007278953843983146,""r"":36}",
       128,        66,         0,   0.478,chromobius,f734841b20b3094f10811e1a82fe488c37428f1944a06451df9b565fdbebc527,"{""d"":9,""p"":0.007278953843983146,""r"":36}",
       128,        72,         0,   0.451,chromobius,f734841b20b3094f10811e1a82fe488c37428f1944a06451df9b565fdbebc527,"{""d"":9,""p"":0.007278953843983146,""r"":36}",
       128,        63,         0,   0.452,chromobius,f734841b20b3094f10811e1a82fe488c37428f1944a06451df9b565fdbebc527,"{""d"":9,""p"":0.007278953843983146,""r"":36}",
       256,       128,         0,   0.902,chromobius,f734841b20b3094f10811e1a82fe488c37428f1944a06451df9b565fdbebc527,"{""d"":9,""p"":0.007278953843983146,""r"":36}",
      1152,       556,         0,    3.33,chromobius,706bd659355285a4c3de6c59e20cb122bed83352cb27a11a131a10dafd686dd7,"{""d"":9,""p"":0.006210169418915616,""r"":36}",
       256,       134,         0,   0.867,chromobius,f734841b20b3094f10811e1a82fe488c37428f1944a06451df9b565fdbebc527,"{""d"":9,""p"":0.007278953843983146,""r"":36}",
   2811904,       110,         0,   119.7,chromobius,e7e9d721a9737279e85aba24d617af5ba5dba17d686fceabaf5a501c6a6e70e9,"{""d"":9,""p"":0.00013738237958832623,""r"":36}",
      2048,      1023,         0,    5.03,chromobius,bd07e04ff4bbead1aef804c9656b80abb605faebb3e80d5b0b30e24ea2fca562,"{""d"":9,""p"":0.005298316906283708,""r"":36}",
       384,       181,         0,    1.35,chromobius,f734841b20b3094f10811e1a82fe488c37428f1944a06451df9b565fdbebc527,"{""d"":9,""p"":0.007278953843983146,""r"":36}",
        17,        13,         0,   0.070,chromobius,2d6a94831ea115cfd4d1d5e924b59a8ff3bcb0b487684d30e966aecbd2acbfe6,"{""d"":9,""p"":0.008531678524172805,""r"":36}",
       128,        59,         0,   0.517,chromobius,2d6a94831ea115cfd4d1d5e924b59a8ff3bcb0b487684d30e966aecbd2acbfe6,"{""d"":9,""p"":0.008531678524172805,""r"":36}",
       128,        58,         0,   0.532,chromobius,2d6a94831ea115cfd4d1d5e924b59a8ff3bcb0b487684d30e966aecbd2acbfe6,"{""d"":9,""p"":0.008531678524172805,""r"":36}",
       512,       246,         0,    1.81,chromobius,f734841b20b3094f10811e1a82fe488c37428f1944a06451df9b565fdbebc527,"{""d"":9,""p"":0.007278953843983146,""r"":36}",
       128,        67,         0,   0.535,chromobius,2d6a94831ea115cfd4d1d5e924b59a8ff3bcb0b487684d30e966aecbd2acbfe6,"{""d"":9,""p"":0.008531678524172805,""r"":36}",
   2502656,       154,         0,   119.7,chromobius,60a3732502e2c5c16735dc7bee4884d2a749d5b873a287807285e3e99019f9f7,"{""d"":9,""p"":0.00016102620275609394,""r"":36}",
       128,        50,         0,   0.553,chromobius,2d6a94831ea115cfd4d1d5e924b59a8ff3bcb0b487684d30e966aecbd2acbfe6,"{""d"":9,""p"":0.008531678524172805,""r"":36}",
   2198528,       252,         0,   119.8,chromobius,ac167fb5c1d28fc59af52dc488be6afe3b1df0510e901bcdc8e2d7de37577e3f,"{""d"":9,""p"":0.00018873918221350977,""r"":36}",
       128,        65,         0,   0.549,chromobius,2d6a94831ea115cfd4d1d5e924b59a8ff3bcb0b487684d30e966aecbd2acbfe6,"{""d"":9,""p"":0.008531678524172805,""r"":36}",
      1536,       798,         0,    4.46,chromobius,706bd659355285a4c3de6c59e20cb122bed83352cb27a11a131a10dafd686dd7,"{""d"":9,""p"":0.006210169418915616,""r"":36}",
       128,        69,         0,   0.541,chromobius,2d6a94831ea115cfd4d1d5e924b59a8ff3bcb0b487684d30e966aecbd2acbfe6,"{""d"":9,""p"":0.008531678524172805,""r"":36}",
       640,       296,         0,    2.19,chromobius,f734841b20b3094f10811e1a82fe488c37428f1944a06451df9b565fdbebc527,"{""d"":9,""p"":0.007278953843983146,""r"":36}",
       128,        59,         0,   0.522,chromobius,2d6a94831ea115cfd4d1d5e924b59a8ff3bcb0b487684d30e966aecbd2acbfe6,"{""d"":9,""p"":0.008531678524172805,""r"":36}",
       128,        64,         0,   0.515,chromobius,2d6a94831ea115cfd4d1d5e924b59a8ff3bcb0b487684d30e966aecbd2acbfe6,"{""d"":9,""p"":0.008531678524172805,""r"":36}",
       128,        66,         0,   0.557,chromobius,2d6a94831ea115cfd4d1d5e924b59a8ff3bcb0b487684d30e966aecbd2acbfe6,"{""d"":9,""p"":0.008531678524172805,""r"":36}",
   2083840,       393,         0,   119.8,chromobius,c4bceeb37166a1fc1ebc5042542c780b5d3a66150060327794e7651a6ca2a272,"{""d"":9,""p"":0.000221221629107045,""r"":36}",
       128,        65,         0,   0.538,chromobius,2d6a94831ea115cfd4d1d5e924b59a8ff3bcb0b487684d30e966aecbd2acbfe6,"{""d"":9,""p"":0.008531678524172805,""r"":36}",
       128,        60,         0,   0.548,chromobius,2d6a94831ea115cfd4d1d5e924b59a8ff3bcb0b487684d30e966aecbd2acbfe6,"{""d"":9,""p"":0.008531678524172805,""r"":36}",
       896,       447,         0,    3.17,chromobius,f734841b20b3094f10811e1a82fe488c37428f1944a06451df9b565fdbebc527,"{""d"":9,""p"":0.007278953843983146,""r"":36}",
       256,       137,         0,    1.11,chromobius,2d6a94831ea115cfd4d1d5e924b59a8ff3bcb0b487684d30e966aecbd2acbfe6,"{""d"":9,""p"":0.008531678524172805,""r"":36}",
       256,       121,         0,    1.06,chromobius,2d6a94831ea115cfd4d1d5e924b59a8ff3bcb0b487684d30e966aecbd2acbfe6,"{""d"":9,""p"":0.008531678524172805,""r"":36}",
      2048,      1029,         0,    6.01,chromobius,706bd659355285a4c3de6c59e20cb122bed83352cb27a11a131a10dafd686dd7,"{""d"":9,""p"":0.006210169418915616,""r"":36}",
       256,       134,         0,    1.12,chromobius,2d6a94831ea115cfd4d1d5e924b59a8ff3bcb0b487684d30e966aecbd2acbfe6,"{""d"":9,""p"":0.008531678524172805,""r"":36}",
       384,       192,         0,    1.63,chromobius,2d6a94831ea115cfd4d1d5e924b59a8ff3bcb0b487684d30e966aecbd2acbfe6,"{""d"":9,""p"":0.008531678524172805,""r"":36}",
    526336,       444,         0,    49.4,chromobius,0dc567c868e1cdbfe4e05bf094ee0947d11e1e36306517a9c0a8a1712572286d,"{""d"":9,""p"":0.0003562247890262444,""r"":36}",
      1280,       649,         0,    4.54,chromobius,f734841b20b3094f10811e1a82fe488c37428f1944a06451df9b565fdbebc527,"{""d"":9,""p"":0.007278953843983146,""r"":36}",
        17,         8,         0,   0.087,chromobius,7c1107314bf31753647e384776676ee94930d3085ffbc261883aa878768cf21b,"{""d"":9,""p"":0.01,""r"":36}",
        64,        28,         0,   0.314,chromobius,7c1107314bf31753647e384776676ee94930d3085ffbc261883aa878768cf21b,"{""d"":9,""p"":0.01,""r"":36}",
        64,        35,         0,   0.313,chromobius,7c1107314bf31753647e384776676ee94930d3085ffbc261883aa878768cf21b,"{""d"":9,""p"":0.01,""r"":36}",
        64,        28,         0,   0.309,chromobius,7c1107314bf31753647e384776676ee94930d3085ffbc261883aa878768cf21b,"{""d"":9,""p"":0.01,""r"":36}",
      1280,       635,         0,    3.77,chromobius,706bd659355285a4c3de6c59e20cb122bed83352cb27a11a131a10dafd686dd7,"{""d"":9,""p"":0.006210169418915616,""r"":36}",
       273,         0,         0,   0.011,chromobius,b9ef5fd8abb9eee137e8986380f19862fc4f7ec93ec93b78c9ca2652dc3ee5de,"{""d"":9,""p"":0.0001,""r"":36}",
      1024,         0,         0,   0.034,chromobius,b9ef5fd8abb9eee137e8986380f19862fc4f7ec93ec93b78c9ca2652dc3ee5de,"{""d"":9,""p"":0.0001,""r"":36}",
      1024,         0,         0,   0.032,chromobius,b9ef5fd8abb9eee137e8986380f19862fc4f7ec93ec93b78c9ca2652dc3ee5de,"{""d"":9,""p"":0.0001,""r"":36}",
      1024,         0,         0,   0.032,chromobius,b9ef5fd8abb9eee137e8986380f19862fc4f7ec93ec93b78c9ca2652dc3ee5de,"{""d"":9,""p"":0.0001,""r"":36}",
        64,        26,         0,   0.300,chromobius,7c1107314bf31753647e384776676ee94930d3085ffbc261883aa878768cf21b,"{""d"":9,""p"":0.01,""r"":36}",
      2048,         0,         0,   0.066,chromobius,b9ef5fd8abb9eee137e8986380f19862fc4f7ec93ec93b78c9ca2652dc3ee5de,"{""d"":9,""p"":0.0001,""r"":36}",
      2048,         0,         0,   0.063,chromobius,b9ef5fd8abb9eee137e8986380f19862fc4f7ec93ec93b78c9ca2652dc3ee5de,"{""d"":9,""p"":0.0001,""r"":36}",
      3072,         0,         0,   0.093,chromobius,b9ef5fd8abb9eee137e8986380f19862fc4f7ec93ec93b78c9ca2652dc3ee5de,"{""d"":9,""p"":0.0001,""r"":36}",
        64,        27,         0,   0.316,chromobius,7c1107314bf31753647e384776676ee94930d3085ffbc261883aa878768cf21b,"{""d"":9,""p"":0.01,""r"":36}",
      4096,         0,         0,   0.126,chromobius,b9ef5fd8abb9eee137e8986380f19862fc4f7ec93ec93b78c9ca2652dc3ee5de,"{""d"":9,""p"":0.0001,""r"":36}",
      5120,         0,         0,   0.154,chromobius,b9ef5fd8abb9eee137e8986380f19862fc4f7ec93ec93b78c9ca2652dc3ee5de,"{""d"":9,""p"":0.0001,""r"":36}",
        64,        34,         0,   0.310,chromobius,7c1107314bf31753647e384776676ee94930d3085ffbc261883aa878768cf21b,"{""d"":9,""p"":0.01,""r"":36}",
       640,       326,         0,    2.69,chromobius,2d6a94831ea115cfd4d1d5e924b59a8ff3bcb0b487684d30e966aecbd2acbfe6,"{""d"":9,""p"":0.008531678524172805,""r"":36}",
      7168,         0,         0,   0.216,chromobius,b9ef5fd8abb9eee137e8986380f19862fc4f7ec93ec93b78c9ca2652dc3ee5de,"{""d"":9,""p"":0.0001,""r"":36}",
        64,        32,         0,   0.305,chromobius,7c1107314bf31753647e384776676ee94930d3085ffbc261883aa878768cf21b,"{""d"":9,""p"":0.01,""r"":36}",
      9216,         0,         0,   0.291,chromobius,b9ef5fd8abb9eee137e8986380f19862fc4f7ec93ec93b78c9ca2652dc3ee5de,"{""d"":9,""p"":0.0001,""r"":36}",
        64,        39,         0,   0.302,chromobius,7c1107314bf31753647e384776676ee94930d3085ffbc261883aa878768cf21b,"{""d"":9,""p"":0.01,""r"":36}",
     13312,         0,         0,   0.413,chromobius,b9ef5fd8abb9eee137e8986380f19862fc4f7ec93ec93b78c9ca2652dc3ee5de,"{""d"":9,""p"":0.0001,""r"":36}",
        64,        38,         0,   0.313,chromobius,7c1107314bf31753647e384776676ee94930d3085ffbc261883aa878768cf21b,"{""d"":9,""p"":0.01,""r"":36}",
        64,        34,         0,   0.325,chromobius,7c1107314bf31753647e384776676ee94930d3085ffbc261883aa878768cf21b,"{""d"":9,""p"":0.01,""r"":36}",
     18432,         1,         0,   0.568,chromobius,b9ef5fd8abb9eee137e8986380f19862fc4f7ec93ec93b78c9ca2652dc3ee5de,"{""d"":9,""p"":0.0001,""r"":36}",
       128,        62,         0,   0.622,chromobius,7c1107314bf31753647e384776676ee94930d3085ffbc261883aa878768cf21b,"{""d"":9,""p"":0.01,""r"":36}",
     26624,         1,         0,   0.805,chromobius,b9ef5fd8abb9eee137e8986380f19862fc4f7ec93ec93b78c9ca2652dc3ee5de,"{""d"":9,""p"":0.0001,""r"":36}",
       128,        68,         0,   0.636,chromobius,7c1107314bf31753647e384776676ee94930d3085ffbc261883aa878768cf21b,"{""d"":9,""p"":0.01,""r"":36}",
       768,       393,         0,    3.22,chromobius,2d6a94831ea115cfd4d1d5e924b59a8ff3bcb0b487684d30e966aecbd2acbfe6,"{""d"":9,""p"":0.008531678524172805,""r"":36}",
     35840,         0,         0,    1.14,chromobius,b9ef5fd8abb9eee137e8986380f19862fc4f7ec93ec93b78c9ca2652dc3ee5de,"{""d"":9,""p"":0.0001,""r"":36}",
       192,        91,         0,   0.946,chromobius,7c1107314bf31753647e384776676ee94930d3085ffbc261883aa878768cf21b,"{""d"":9,""p"":0.01,""r"":36}",
      1792,       920,         0,    6.23,chromobius,f734841b20b3094f10811e1a82fe488c37428f1944a06451df9b565fdbebc527,"{""d"":9,""p"":0.007278953843983146,""r"":36}",
     52224,         0,         0,    1.56,chromobius,b9ef5fd8abb9eee137e8986380f19862fc4f7ec93ec93b78c9ca2652dc3ee5de,"{""d"":9,""p"":0.0001,""r"":36}",
       320,       155,         0,    1.55,chromobius,7c1107314bf31753647e384776676ee94930d3085ffbc261883aa878768cf21b,"{""d"":9,""p"":0.01,""r"":36}",
       384,       191,         0,    1.86,chromobius,7c1107314bf31753647e384776676ee94930d3085ffbc261883aa878768cf21b,"{""d"":9,""p"":0.01,""r"":36}",
     71680,         0,         0,    2.19,chromobius,b9ef5fd8abb9eee137e8986380f19862fc4f7ec93ec93b78c9ca2652dc3ee5de,"{""d"":9,""p"":0.0001,""r"":36}",
      1024,       551,         0,    4.30,chromobius,2d6a94831ea115cfd4d1d5e924b59a8ff3bcb0b487684d30e966aecbd2acbfe6,"{""d"":9,""p"":0.008531678524172805,""r"":36}",
       512,       253,         0,    2.53,chromobius,7c1107314bf31753647e384776676ee94930d3085ffbc261883aa878768cf21b,"{""d"":9,""p"":0.01,""r"":36}",
   1523712,       459,         0,   119.9,chromobius,70e4713146f61b8f79dc58f35f84348f3689ed8459a0d42898940309ffe7741b,"{""d"":9,""p"":0.0002592943797404667,""r"":36}",
    100352,         1,         0,    3.05,chromobius,b9ef5fd8abb9eee137e8986380f19862fc4f7ec93ec93b78c9ca2652dc3ee5de,"{""d"":9,""p"":0.0001,""r"":36}",
       640,       289,         0,    3.12,chromobius,7c1107314bf31753647e384776676ee94930d3085ffbc261883aa878768cf21b,"{""d"":9,""p"":0.01,""r"":36}",
      2560,      1271,         0,    8.63,chromobius,f734841b20b3094f10811e1a82fe488c37428f1944a06451df9b565fdbebc527,"{""d"":9,""p"":0.007278953843983146,""r"":36}",
       128,        63,         0,   0.428,chromobius,f734841b20b3094f10811e1a82fe488c37428f1944a06451df9b565fdbebc527,"{""d"":9,""p"":0.007278953843983146,""r"":36}",
       273,         0,         0,   0.013,chromobius,b52ee76d489112738b53d18a73703b292322b6d8048af12cf3976bceb059b3ff,"{""d"":9,""p"":0.00011721022975334806,""r"":36}",
      1024,         0,         0,   0.037,chromobius,b52ee76d489112738b53d18a73703b292322b6d8048af12cf3976bceb059b3ff,"{""d"":9,""p"":0.00011721022975334806,""r"":36}",
      1024,         0,         0,   0.035,chromobius,b52ee76d489112738b53d18a73703b292322b6d8048af12cf3976bceb059b3ff,"{""d"":9,""p"":0.00011721022975334806,""r"":36}",
      1024,         0,         0,   0.035,chromobius,b52ee76d489112738b53d18a73703b292322b6d8048af12cf3976bceb059b3ff,"{""d"":9,""p"":0.00011721022975334806,""r"":36}",
      2048,         0,         0,   0.073,chromobius,b52ee76d489112738b53d18a73703b292322b6d8048af12cf3976bceb059b3ff,"{""d"":9,""p"":0.00011721022975334806,""r"":36}",
      2048,         0,         0,   0.069,chromobius,b52ee76d489112738b53d18a73703b292322b6d8048af12cf3976bceb059b3ff,"{""d"":9,""p"":0.00011721022975334806,""r"":36}",
      3072,         0,         0,   0.103,chromobius,b52ee76d489112738b53d18a73703b292322b6d8048af12cf3976bceb059b3ff,"{""d"":9,""p"":0.00011721022975334806,""r"":36}",
      1536,       741,         0,    6.26,chromobius,2d6a94831ea115cfd4d1d5e924b59a8ff3bcb0b487684d30e966aecbd2acbfe6,"{""d"":9,""p"":0.008531678524172805,""r"":36}",
      4096,         0,         0,   0.139,chromobius,b52ee76d489112738b53d18a73703b292322b6d8048af12cf3976bceb059b3ff,"{""d"":9,""p"":0.00011721022975334806,""r"":36}",
      5120,         0,         0,   0.175,chromobius,b52ee76d489112738b53d18a73703b292322b6d8048af12cf3976bceb059b3ff,"{""d"":9,""p"":0.00011721022975334806,""r"":36}",
      6144,         1,         0,   0.214,chromobius,b52ee76d489112738b53d18a73703b292322b6d8048af12cf3976bceb059b3ff,"{""d"":9,""p"":0.00011721022975334806,""r"":36}",
    140288,         3,         0,    4.28,chromobius,b9ef5fd8abb9eee137e8986380f19862fc4f7ec93ec93b78c9ca2652dc3ee5de,"{""d"":9,""p"":0.0001,""r"":36}",
      9216,         0,         0,   0.314,chromobius,b52ee76d489112738b53d18a73703b292322b6d8048af12cf3976bceb059b3ff,"{""d"":9,""p"":0.00011721022975334806,""r"":36}",
     12288,         0,         0,   0.418,chromobius,b52ee76d489112738b53d18a73703b292322b6d8048af12cf3976bceb059b3ff,"{""d"":9,""p"":0.00011721022975334806,""r"":36}",
     18432,         0,         0,   0.584,chromobius,b52ee76d489112738b53d18a73703b292322b6d8048af12cf3976bceb059b3ff,"{""d"":9,""p"":0.00011721022975334806,""r"":36}",
     24576,         1,         0,   0.804,chromobius,b52ee76d489112738b53d18a73703b292322b6d8048af12cf3976bceb059b3ff,"{""d"":9,""p"":0.00011721022975334806,""r"":36}",
       896,       430,         0,    4.40,chromobius,7c1107314bf31753647e384776676ee94930d3085ffbc261883aa878768cf21b,"{""d"":9,""p"":0.01,""r"":36}",
     35840,         0,         0,    1.11,chromobius,b52ee76d489112738b53d18a73703b292322b6d8048af12cf3976bceb059b3ff,"{""d"":9,""p"":0.00011721022975334806,""r"":36}",
     48128,         1,         0,    1.58,chromobius,b52ee76d489112738b53d18a73703b292322b6d8048af12cf3976bceb059b3ff,"{""d"":9,""p"":0.00011721022975334806,""r"":36}",
    193536,         4,         0,    5.96,chromobius,b9ef5fd8abb9eee137e8986380f19862fc4f7ec93ec93b78c9ca2652dc3ee5de,"{""d"":9,""p"":0.0001,""r"":36}",
     69632,         1,         0,    2.18,chromobius,b52ee76d489112738b53d18a73703b292322b6d8048af12cf3976bceb059b3ff,"{""d"":9,""p"":0.00011721022975334806,""r"":36}",
      2176,      1142,         0,    8.83,chromobius,2d6a94831ea115cfd4d1d5e924b59a8ff3bcb0b487684d30e966aecbd2acbfe6,"{""d"":9,""p"":0.008531678524172805,""r"":36}",
      1280,       661,         0,    6.31,chromobius,7c1107314bf31753647e384776676ee94930d3085ffbc261883aa878768cf21b,"{""d"":9,""p"":0.01,""r"":36}",
     97280,         2,         0,    3.06,chromobius,b52ee76d489112738b53d18a73703b292322b6d8048af12cf3976bceb059b3ff,"{""d"":9,""p"":0.00011721022975334806,""r"":36}",
      1152,       592,         0,    4.81,chromobius,2d6a94831ea115cfd4d1d5e924b59a8ff3bcb0b487684d30e966aecbd2acbfe6,"{""d"":9,""p"":0.008531678524172805,""r"":36}",
       273,         0,         0,   0.012,chromobius,e7e9d721a9737279e85aba24d617af5ba5dba17d686fceabaf5a501c6a6e70e9,"{""d"":9,""p"":0.00013738237958832623,""r"":36}",
      1024,         0,         0,   0.037,chromobius,e7e9d721a9737279e85aba24d617af5ba5dba17d686fceabaf5a501c6a6e70e9,"{""d"":9,""p"":0.00013738237958832623,""r"":36}",
      1024,         0,         0,   0.040,chromobius,e7e9d721a9737279e85aba24d617af5ba5dba17d686fceabaf5a501c6a6e70e9,"{""d"":9,""p"":0.00013738237958832623,""r"":36}",
      1024,         0,         0,   0.040,chromobius,e7e9d721a9737279e85aba24d617af5ba5dba17d686fceabaf5a501c6a6e70e9,"{""d"":9,""p"":0.00013738237958832623,""r"":36}",
      1024,         0,         0,   0.040,chromobius,e7e9d721a9737279e85aba24d617af5ba5dba17d686fceabaf5a501c6a6e70e9,"{""d"":9,""p"":0.00013738237958832623,""r"":36}",
      2048,         0,         0,   0.081,chromobius,e7e9d721a9737279e85aba24d617af5ba5dba17d686fceabaf5a501c6a6e70e9,"{""d"":9,""p"":0.00013738237958832623,""r"":36}",
      2048,         0,         0,   0.079,chromobius,e7e9d721a9737279e85aba24d617af5ba5dba17d686fceabaf5a501c6a6e70e9,"{""d"":9,""p"":0.00013738237958832623,""r"":36}",
      3072,         1,         0,   0.119,chromobius,e7e9d721a9737279e85aba24d617af5ba5dba17d686fceabaf5a501c6a6e70e9,"{""d"":9,""p"":0.00013738237958832623,""r"":36}",
      4096,         0,         0,   0.164,chromobius,e7e9d721a9737279e85aba24d617af5ba5dba17d686fceabaf5a501c6a6e70e9,"{""d"":9,""p"":0.00013738237958832623,""r"":36}",
      5120,         0,         0,   0.208,chromobius,e7e9d721a9737279e85aba24d617af5ba5dba17d686fceabaf5a501c6a6e70e9,"{""d"":9,""p"":0.00013738237958832623,""r"":36}",
    135168,         4,         0,    4.26,chromobius,b52ee76d489112738b53d18a73703b292322b6d8048af12cf3976bceb059b3ff,"{""d"":9,""p"":0.00011721022975334806,""r"":36}",
    271360,         5,         0,    8.36,chromobius,b9ef5fd8abb9eee137e8986380f19862fc4f7ec93ec93b78c9ca2652dc3ee5de,"{""d"":9,""p"":0.0001,""r"":36}",
      8192,         1,         0,   0.329,chromobius,e7e9d721a9737279e85aba24d617af5ba5dba17d686fceabaf5a501c6a6e70e9,"{""d"":9,""p"":0.00013738237958832623,""r"":36}",
     10240,         2,         0,   0.406,chromobius,e7e9d721a9737279e85aba24d617af5ba5dba17d686fceabaf5a501c6a6e70e9,"{""d"":9,""p"":0.00013738237958832623,""r"":36}",
     15360,         0,         0,   0.593,chromobius,e7e9d721a9737279e85aba24d617af5ba5dba17d686fceabaf5a501c6a6e70e9,"{""d"":9,""p"":0.00013738237958832623,""r"":36}",
     20480,         2,         0,   0.798,chromobius,e7e9d721a9737279e85aba24d617af5ba5dba17d686fceabaf5a501c6a6e70e9,"{""d"":9,""p"":0.00013738237958832623,""r"":36}",
     28672,         0,         0,    1.11,chromobius,e7e9d721a9737279e85aba24d617af5ba5dba17d686fceabaf5a501c6a6e70e9,"{""d"":9,""p"":0.00013738237958832623,""r"":36}",
      1792,       873,         0,    8.89,chromobius,7c1107314bf31753647e384776676ee94930d3085ffbc261883aa878768cf21b,"{""d"":9,""p"":0.01,""r"":36}",
     40960,         2,         0,    1.59,chromobius,e7e9d721a9737279e85aba24d617af5ba5dba17d686fceabaf5a501c6a6e70e9,"{""d"":9,""p"":0.00013738237958832623,""r"":36}",
    185344,         6,         0,    5.96,chromobius,b52ee76d489112738b53d18a73703b292322b6d8048af12cf3976bceb059b3ff,"{""d"":9,""p"":0.00011721022975334806,""r"":36}",
     56320,         3,         0,    2.20,chromobius,e7e9d721a9737279e85aba24d617af5ba5dba17d686fceabaf5a501c6a6e70e9,"{""d"":9,""p"":0.00013738237958832623,""r"":36}",
   1406976,       706,         0,   119.9,chromobius,a22378b7fd20d912e3aef5207e7b2112e491581ff1181285eeee61a00600b208,"{""d"":9,""p"":0.0003039195382313198,""r"":36}",
     76800,         2,         0,    3.04,chromobius,e7e9d721a9737279e85aba24d617af5ba5dba17d686fceabaf5a501c6a6e70e9,"{""d"":9,""p"":0.00013738237958832623,""r"":36}",
    375808,         6,         0,    11.7,chromobius,b9ef5fd8abb9eee137e8986380f19862fc4f7ec93ec93b78c9ca2652dc3ee5de,"{""d"":9,""p"":0.0001,""r"":36}",
    107520,        11,         0,    4.30,chromobius,e7e9d721a9737279e85aba24d617af5ba5dba17d686fceabaf5a501c6a6e70e9,"{""d"":9,""p"":0.00013738237958832623,""r"":36}",
    258048,         8,         0,    8.37,chromobius,b52ee76d489112738b53d18a73703b292322b6d8048af12cf3976bceb059b3ff,"{""d"":9,""p"":0.00011721022975334806,""r"":36}",
      2432,      1219,         0,    12.1,chromobius,7c1107314bf31753647e384776676ee94930d3085ffbc261883aa878768cf21b,"{""d"":9,""p"":0.01,""r"":36}",
       768,       395,         0,    3.86,chromobius,7c1107314bf31753647e384776676ee94930d3085ffbc261883aa878768cf21b,"{""d"":9,""p"":0.01,""r"":36}",
       273,         0,         0,   0.016,chromobius,60a3732502e2c5c16735dc7bee4884d2a749d5b873a287807285e3e99019f9f7,"{""d"":9,""p"":0.00016102620275609394,""r"":36}",
      1024,         0,         0,   0.050,chromobius,60a3732502e2c5c16735dc7bee4884d2a749d5b873a287807285e3e99019f9f7,"{""d"":9,""p"":0.00016102620275609394,""r"":36}",
      1024,         0,         0,   0.050,chromobius,60a3732502e2c5c16735dc7bee4884d2a749d5b873a287807285e3e99019f9f7,"{""d"":9,""p"":0.00016102620275609394,""r"":36}",
      1024,         0,         0,   0.048,chromobius,60a3732502e2c5c16735dc7bee4884d2a749d5b873a287807285e3e99019f9f7,"{""d"":9,""p"":0.00016102620275609394,""r"":36}",
      1024,         0,         0,   0.050,chromobius,60a3732502e2c5c16735dc7bee4884d2a749d5b873a287807285e3e99019f9f7,"{""d"":9,""p"":0.00016102620275609394,""r"":36}",
      2048,         0,         0,   0.091,chromobius,60a3732502e2c5c16735dc7bee4884d2a749d5b873a287807285e3e99019f9f7,"{""d"":9,""p"":0.00016102620275609394,""r"":36}",
      2048,         0,         0,   0.091,chromobius,60a3732502e2c5c16735dc7bee4884d2a749d5b873a287807285e3e99019f9f7,"{""d"":9,""p"":0.00016102620275609394,""r"":36}",
      3072,         0,         0,   0.133,chromobius,60a3732502e2c5c16735dc7bee4884d2a749d5b873a287807285e3e99019f9f7,"{""d"":9,""p"":0.00016102620275609394,""r"":36}",
      4096,         0,         0,   0.180,chromobius,60a3732502e2c5c16735dc7bee4884d2a749d5b873a287807285e3e99019f9f7,"{""d"":9,""p"":0.00016102620275609394,""r"":36}",
    153600,         8,         0,    5.96,chromobius,e7e9d721a9737279e85aba24d617af5ba5dba17d686fceabaf5a501c6a6e70e9,"{""d"":9,""p"":0.00013738237958832623,""r"":36}",
      5120,         0,         0,   0.231,chromobius,60a3732502e2c5c16735dc7bee4884d2a749d5b873a287807285e3e99019f9f7,"{""d"":9,""p"":0.00016102620275609394,""r"":36}",
      6144,         0,         0,   0.290,chromobius,60a3732502e2c5c16735dc7bee4884d2a749d5b873a287807285e3e99019f9f7,"{""d"":9,""p"":0.00016102620275609394,""r"":36}",
      9216,         0,         0,   0.433,chromobius,60a3732502e2c5c16735dc7bee4884d2a749d5b873a287807285e3e99019f9f7,"{""d"":9,""p"":0.00016102620275609394,""r"":36}",
     12288,         1,         0,   0.576,chromobius,60a3732502e2c5c16735dc7bee4884d2a749d5b873a287807285e3e99019f9f7,"{""d"":9,""p"":0.00016102620275609394,""r"":36}",
     17408,         1,         0,   0.796,chromobius,60a3732502e2c5c16735dc7bee4884d2a749d5b873a287807285e3e99019f9f7,"{""d"":9,""p"":0.00016102620275609394,""r"":36}",
     24576,         6,         0,    1.15,chromobius,60a3732502e2c5c16735dc7bee4884d2a749d5b873a287807285e3e99019f9f7,"{""d"":9,""p"":0.00016102620275609394,""r"":36}",
     32768,         1,         0,    1.56,chromobius,60a3732502e2c5c16735dc7bee4884d2a749d5b873a287807285e3e99019f9f7,"{""d"":9,""p"":0.00016102620275609394,""r"":36}",
    345088,         8,         0,    11.7,chromobius,b52ee76d489112738b53d18a73703b292322b6d8048af12cf3976bceb059b3ff,"{""d"":9,""p"":0.00011721022975334806,""r"":36}",
     46080,         3,         0,    2.18,chromobius,60a3732502e2c5c16735dc7bee4884d2a749d5b873a287807285e3e99019f9f7,"{""d"":9,""p"":0.00016102620275609394,""r"":36}",
    526336,         8,         0,    16.4,chromobius,b9ef5fd8abb9eee137e8986380f19862fc4f7ec93ec93b78c9ca2652dc3ee5de,"{""d"":9,""p"":0.0001,""r"":36}",
    204800,        11,         0,    8.37,chromobius,e7e9d721a9737279e85aba24d617af5ba5dba17d686fceabaf5a501c6a6e70e9,"{""d"":9,""p"":0.00013738237958832623,""r"":36}",
     64512,         6,         0,    3.07,chromobius,60a3732502e2c5c16735dc7bee4884d2a749d5b873a287807285e3e99019f9f7,"{""d"":9,""p"":0.00016102620275609394,""r"":36}",
     90112,         7,         0,    4.26,chromobius,60a3732502e2c5c16735dc7bee4884d2a749d5b873a287807285e3e99019f9f7,"{""d"":9,""p"":0.00016102620275609394,""r"":36}",
    286720,         8,         0,    11.7,chromobius,e7e9d721a9737279e85aba24d617af5ba5dba17d686fceabaf5a501c6a6e70e9,"{""d"":9,""p"":0.00013738237958832623,""r"":36}",
    126976,         5,         0,    6.00,chromobius,60a3732502e2c5c16735dc7bee4884d2a749d5b873a287807285e3e99019f9f7,"{""d"":9,""p"":0.00016102620275609394,""r"":36}",
    471040,         9,         0,    16.4,chromobius,b52ee76d489112738b53d18a73703b292322b6d8048af12cf3976bceb059b3ff,"{""d"":9,""p"":0.00011721022975334806,""r"":36}",
    179200,        12,         0,    8.37,chromobius,60a3732502e2c5c16735dc7bee4884d2a749d5b873a287807285e3e99019f9f7,"{""d"":9,""p"":0.00016102620275609394,""r"":36}",
    740352,         7,         0,    22.9,chromobius,b9ef5fd8abb9eee137e8986380f19862fc4f7ec93ec93b78c9ca2652dc3ee5de,"{""d"":9,""p"":0.0001,""r"":36}",
    400384,         8,         0,    16.4,chromobius,e7e9d721a9737279e85aba24d617af5ba5dba17d686fceabaf5a501c6a6e70e9,"{""d"":9,""p"":0.00013738237958832623,""r"":36}",
    251904,        12,         0,    11.7,chromobius,60a3732502e2c5c16735dc7bee4884d2a749d5b873a287807285e3e99019f9f7,"{""d"":9,""p"":0.00016102620275609394,""r"":36}",
    665600,        14,         0,    22.9,chromobius,b52ee76d489112738b53d18a73703b292322b6d8048af12cf3976bceb059b3ff,"{""d"":9,""p"":0.00011721022975334806,""r"":36}",
   3805184,        53,         0,   119.6,chromobius,b9ef5fd8abb9eee137e8986380f19862fc4f7ec93ec93b78c9ca2652dc3ee5de,"{""d"":9,""p"":0.0001,""r"":36}",
   3390464,        78,         0,   119.6,chromobius,b52ee76d489112738b53d18a73703b292322b6d8048af12cf3976bceb059b3ff,"{""d"":9,""p"":0.00011721022975334806,""r"":36}",
   2924544,       118,         0,   119.7,chromobius,e7e9d721a9737279e85aba24d617af5ba5dba17d686fceabaf5a501c6a6e70e9,"{""d"":9,""p"":0.00013738237958832623,""r"":36}",
    348160,        30,         0,    16.4,chromobius,60a3732502e2c5c16735dc7bee4884d2a749d5b873a287807285e3e99019f9f7,"{""d"":9,""p"":0.00016102620275609394,""r"":36}",
    566272,        20,         0,    22.9,chromobius,e7e9d721a9737279e85aba24d617af5ba5dba17d686fceabaf5a501c6a6e70e9,"{""d"":9,""p"":0.00013738237958832623,""r"":36}",
   2483200,       170,         0,   119.7,chromobius,60a3732502e2c5c16735dc7bee4884d2a749d5b873a287807285e3e99019f9f7,"{""d"":9,""p"":0.00016102620275609394,""r"":36}",
   2238464,       237,         0,   119.8,chromobius,ac167fb5c1d28fc59af52dc488be6afe3b1df0510e901bcdc8e2d7de37577e3f,"{""d"":9,""p"":0.00018873918221350977,""r"":36}",
   2114560,       381,         0,   119.8,chromobius,c4bceeb37166a1fc1ebc5042542c780b5d3a66150060327794e7651a6ca2a272,"{""d"":9,""p"":0.000221221629107045,""r"":36}",
   1034240,        16,         0,    32.0,chromobius,b9ef5fd8abb9eee137e8986380f19862fc4f7ec93ec93b78c9ca2652dc3ee5de,"{""d"":9,""p"":0.0001,""r"":36}",
    918528,        16,         0,    32.1,chromobius,b52ee76d489112738b53d18a73703b292322b6d8048af12cf3976bceb059b3ff,"{""d"":9,""p"":0.00011721022975334806,""r"":36}",
    493568,        25,         0,    22.9,chromobius,60a3732502e2c5c16735dc7bee4884d2a749d5b873a287807285e3e99019f9f7,"{""d"":9,""p"":0.00016102620275609394,""r"":36}",
   1601536,       431,         0,   119.8,chromobius,70e4713146f61b8f79dc58f35f84348f3689ed8459a0d42898940309ffe7741b,"{""d"":9,""p"":0.0002592943797404667,""r"":36}",
    787456,        31,         0,    32.1,chromobius,e7e9d721a9737279e85aba24d617af5ba5dba17d686fceabaf5a501c6a6e70e9,"{""d"":9,""p"":0.00013738237958832623,""r"":36}",
   1422336,       708,         0,   119.9,chromobius,a22378b7fd20d912e3aef5207e7b2112e491581ff1181285eeee61a00600b208,"{""d"":9,""p"":0.0003039195382313198,""r"":36}",
   1472512,        29,         0,    44.8,chromobius,b9ef5fd8abb9eee137e8986380f19862fc4f7ec93ec93b78c9ca2652dc3ee5de,"{""d"":9,""p"":0.0001,""r"":36}",
    691200,        58,         0,    32.1,chromobius,60a3732502e2c5c16735dc7bee4884d2a749d5b873a287807285e3e99019f9f7,"{""d"":9,""p"":0.00016102620275609394,""r"":36}",
   1295360,        32,         0,    44.8,chromobius,b52ee76d489112738b53d18a73703b292322b6d8048af12cf3976bceb059b3ff,"{""d"":9,""p"":0.00011721022975334806,""r"":36}",
   1084416,        44,         0,    44.9,chromobius,e7e9d721a9737279e85aba24d617af5ba5dba17d686fceabaf5a501c6a6e70e9,"{""d"":9,""p"":0.00013738237958832623,""r"":36}",
    932864,        55,         0,    44.9,chromobius,60a3732502e2c5c16735dc7bee4884d2a749d5b873a287807285e3e99019f9f7,"{""d"":9,""p"":0.00016102620275609394,""r"":36}",
   3819520,        44,         0,   119.6,chromobius,b9ef5fd8abb9eee137e8986380f19862fc4f7ec93ec93b78c9ca2652dc3ee5de,"{""d"":9,""p"":0.0001,""r"":36}",
   2076672,        21,         0,    62.8,chromobius,b9ef5fd8abb9eee137e8986380f19862fc4f7ec93ec93b78c9ca2652dc3ee5de,"{""d"":9,""p"":0.0001,""r"":36}",
   3422208,        91,         0,   119.6,chromobius,b52ee76d489112738b53d18a73703b292322b6d8048af12cf3976bceb059b3ff,"{""d"":9,""p"":0.00011721022975334806,""r"":36}",
   2955264,       115,         0,   119.7,chromobius,e7e9d721a9737279e85aba24d617af5ba5dba17d686fceabaf5a501c6a6e70e9,"{""d"":9,""p"":0.00013738237958832623,""r"":36}",
   2557952,       170,         0,   119.7,chromobius,60a3732502e2c5c16735dc7bee4884d2a749d5b873a287807285e3e99019f9f7,"{""d"":9,""p"":0.00016102620275609394,""r"":36}",
   2192384,       258,         0,   119.8,chromobius,ac167fb5c1d28fc59af52dc488be6afe3b1df0510e901bcdc8e2d7de37577e3f,"{""d"":9,""p"":0.00018873918221350977,""r"":36}",
   2074624,       409,         0,   119.8,chromobius,c4bceeb37166a1fc1ebc5042542c780b5d3a66150060327794e7651a6ca2a272,"{""d"":9,""p"":0.000221221629107045,""r"":36}",
   1807360,        56,         0,    62.8,chromobius,b52ee76d489112738b53d18a73703b292322b6d8048af12cf3976bceb059b3ff,"{""d"":9,""p"":0.00011721022975334806,""r"":36}",
   1500160,        62,         0,    62.9,chromobius,e7e9d721a9737279e85aba24d617af5ba5dba17d686fceabaf5a501c6a6e70e9,"{""d"":9,""p"":0.00013738237958832623,""r"":36}",
   1600512,       439,         0,   119.9,chromobius,70e4713146f61b8f79dc58f35f84348f3689ed8459a0d42898940309ffe7741b,"{""d"":9,""p"":0.0002592943797404667,""r"":36}",
   1147904,       545,         0,    95.9,chromobius,a22378b7fd20d912e3aef5207e7b2112e491581ff1181285eeee61a00600b208,"{""d"":9,""p"":0.0003039195382313198,""r"":36}",
       273,         0,         0,   0.015,chromobius,ac167fb5c1d28fc59af52dc488be6afe3b1df0510e901bcdc8e2d7de37577e3f,"{""d"":9,""p"":0.00018873918221350977,""r"":36}",
      1024,         0,         0,   0.046,chromobius,ac167fb5c1d28fc59af52dc488be6afe3b1df0510e901bcdc8e2d7de37577e3f,"{""d"":9,""p"":0.00018873918221350977,""r"":36}",
      1024,         0,         0,   0.045,chromobius,ac167fb5c1d28fc59af52dc488be6afe3b1df0510e901bcdc8e2d7de37577e3f,"{""d"":9,""p"":0.00018873918221350977,""r"":36}",
      1024,         0,         0,   0.045,chromobius,ac167fb5c1d28fc59af52dc488be6afe3b1df0510e901bcdc8e2d7de37577e3f,"{""d"":9,""p"":0.00018873918221350977,""r"":36}",
      1024,         0,         0,   0.045,chromobius,ac167fb5c1d28fc59af52dc488be6afe3b1df0510e901bcdc8e2d7de37577e3f,"{""d"":9,""p"":0.00018873918221350977,""r"":36}",
      2048,         0,         0,   0.092,chromobius,ac167fb5c1d28fc59af52dc488be6afe3b1df0510e901bcdc8e2d7de37577e3f,"{""d"":9,""p"":0.00018873918221350977,""r"":36}",
      2048,         2,         0,   0.091,chromobius,ac167fb5c1d28fc59af52dc488be6afe3b1df0510e901bcdc8e2d7de37577e3f,"{""d"":9,""p"":0.00018873918221350977,""r"":36}",
      3072,         2,         0,   0.144,chromobius,ac167fb5c1d28fc59af52dc488be6afe3b1df0510e901bcdc8e2d7de37577e3f,"{""d"":9,""p"":0.00018873918221350977,""r"":36}",
      3072,         0,         0,   0.151,chromobius,ac167fb5c1d28fc59af52dc488be6afe3b1df0510e901bcdc8e2d7de37577e3f,"{""d"":9,""p"":0.00018873918221350977,""r"":36}",
      5120,         0,         0,   0.247,chromobius,ac167fb5c1d28fc59af52dc488be6afe3b1df0510e901bcdc8e2d7de37577e3f,"{""d"":9,""p"":0.00018873918221350977,""r"":36}",
      6144,         0,         0,   0.298,chromobius,ac167fb5c1d28fc59af52dc488be6afe3b1df0510e901bcdc8e2d7de37577e3f,"{""d"":9,""p"":0.00018873918221350977,""r"":36}",
      9216,         3,         0,   0.423,chromobius,ac167fb5c1d28fc59af52dc488be6afe3b1df0510e901bcdc8e2d7de37577e3f,"{""d"":9,""p"":0.00018873918221350977,""r"":36}",
     12288,         0,         0,   0.613,chromobius,ac167fb5c1d28fc59af52dc488be6afe3b1df0510e901bcdc8e2d7de37577e3f,"{""d"":9,""p"":0.00018873918221350977,""r"":36}",
     16384,         3,         0,   0.825,chromobius,ac167fb5c1d28fc59af52dc488be6afe3b1df0510e901bcdc8e2d7de37577e3f,"{""d"":9,""p"":0.00018873918221350977,""r"":36}",
     23552,         3,         0,    1.12,chromobius,ac167fb5c1d28fc59af52dc488be6afe3b1df0510e901bcdc8e2d7de37577e3f,"{""d"":9,""p"":0.00018873918221350977,""r"":36}",
     33792,         1,         0,    1.59,chromobius,ac167fb5c1d28fc59af52dc488be6afe3b1df0510e901bcdc8e2d7de37577e3f,"{""d"":9,""p"":0.00018873918221350977,""r"":36}",
     45056,         3,         0,    2.19,chromobius,ac167fb5c1d28fc59af52dc488be6afe3b1df0510e901bcdc8e2d7de37577e3f,"{""d"":9,""p"":0.00018873918221350977,""r"":36}",
     62464,         8,         0,    3.05,chromobius,ac167fb5c1d28fc59af52dc488be6afe3b1df0510e901bcdc8e2d7de37577e3f,"{""d"":9,""p"":0.00018873918221350977,""r"":36}",
     92160,        13,         0,    4.28,chromobius,ac167fb5c1d28fc59af52dc488be6afe3b1df0510e901bcdc8e2d7de37577e3f,"{""d"":9,""p"":0.00018873918221350977,""r"":36}",
   1318912,        65,         0,    62.8,chromobius,60a3732502e2c5c16735dc7bee4884d2a749d5b873a287807285e3e99019f9f7,"{""d"":9,""p"":0.00016102620275609394,""r"":36}",
    122880,        18,         0,    5.99,chromobius,ac167fb5c1d28fc59af52dc488be6afe3b1df0510e901bcdc8e2d7de37577e3f,"{""d"":9,""p"":0.00018873918221350977,""r"":36}",
    174080,        16,         0,    8.35,chromobius,ac167fb5c1d28fc59af52dc488be6afe3b1df0510e901bcdc8e2d7de37577e3f,"{""d"":9,""p"":0.00018873918221350977,""r"":36}",
    245760,        23,         0,    11.7,chromobius,ac167fb5c1d28fc59af52dc488be6afe3b1df0510e901bcdc8e2d7de37577e3f,"{""d"":9,""p"":0.00018873918221350977,""r"":36}",
   3016704,        49,         0,    87.9,chromobius,b9ef5fd8abb9eee137e8986380f19862fc4f7ec93ec93b78c9ca2652dc3ee5de,"{""d"":9,""p"":0.0001,""r"":36}",
    347136,        46,         0,    16.4,chromobius,ac167fb5c1d28fc59af52dc488be6afe3b1df0510e901bcdc8e2d7de37577e3f,"{""d"":9,""p"":0.00018873918221350977,""r"":36}",
   2437120,        63,         0,    87.9,chromobius,b52ee76d489112738b53d18a73703b292322b6d8048af12cf3976bceb059b3ff,"{""d"":9,""p"":0.00011721022975334806,""r"":36}",
    468992,        48,         0,    22.9,chromobius,ac167fb5c1d28fc59af52dc488be6afe3b1df0510e901bcdc8e2d7de37577e3f,"{""d"":9,""p"":0.00018873918221350977,""r"":36}",
   2118656,        91,         0,    88.0,chromobius,e7e9d721a9737279e85aba24d617af5ba5dba17d686fceabaf5a501c6a6e70e9,"{""d"":9,""p"":0.00013738237958832623,""r"":36}",
   3834880,        69,         0,   119.6,chromobius,b9ef5fd8abb9eee137e8986380f19862fc4f7ec93ec93b78c9ca2652dc3ee5de,"{""d"":9,""p"":0.0001,""r"":36}",
   3321856,        98,         0,   119.6,chromobius,b52ee76d489112738b53d18a73703b292322b6d8048af12cf3976bceb059b3ff,"{""d"":9,""p"":0.00011721022975334806,""r"":36}",
   3062784,       134,         0,   119.7,chromobius,e7e9d721a9737279e85aba24d617af5ba5dba17d686fceabaf5a501c6a6e70e9,"{""d"":9,""p"":0.00013738237958832623,""r"":36}",
   2503680,       175,         0,   119.7,chromobius,60a3732502e2c5c16735dc7bee4884d2a749d5b873a287807285e3e99019f9f7,"{""d"":9,""p"":0.00016102620275609394,""r"":36}",
   2176000,       222,         0,   119.8,chromobius,ac167fb5c1d28fc59af52dc488be6afe3b1df0510e901bcdc8e2d7de37577e3f,"{""d"":9,""p"":0.00018873918221350977,""r"":36}",
   2125824,       367,         0,   119.8,chromobius,c4bceeb37166a1fc1ebc5042542c780b5d3a66150060327794e7651a6ca2a272,"{""d"":9,""p"":0.000221221629107045,""r"":36}",
   1858560,       135,         0,    88.0,chromobius,60a3732502e2c5c16735dc7bee4884d2a749d5b873a287807285e3e99019f9f7,"{""d"":9,""p"":0.00016102620275609394,""r"":36}",
    665600,        60,         0,    32.1,chromobius,ac167fb5c1d28fc59af52dc488be6afe3b1df0510e901bcdc8e2d7de37577e3f,"{""d"":9,""p"":0.00018873918221350977,""r"":36}",
   1536000,       417,         0,   119.9,chromobius,70e4713146f61b8f79dc58f35f84348f3689ed8459a0d42898940309ffe7741b,"{""d"":9,""p"":0.0002592943797404667,""r"":36}",
    945152,       114,         0,    44.9,chromobius,ac167fb5c1d28fc59af52dc488be6afe3b1df0510e901bcdc8e2d7de37577e3f,"{""d"":9,""p"":0.00018873918221350977,""r"":36}",
   2734008,        39,         0,    85.7,chromobius,b9ef5fd8abb9eee137e8986380f19862fc4f7ec93ec93b78c9ca2652dc3ee5de,"{""d"":9,""p"":0.0001,""r"":36}",
   3934208,        57,         0,   116.2,chromobius,b9ef5fd8abb9eee137e8986380f19862fc4f7ec93ec93b78c9ca2652dc3ee5de,"{""d"":9,""p"":0.0001,""r"":36}",
     28499,         0,         0,   0.885,chromobius,b9ef5fd8abb9eee137e8986380f19862fc4f7ec93ec93b78c9ca2652dc3ee5de,"{""d"":9,""p"":0.0001,""r"":36}",
     27648,         2,         0,   0.896,chromobius,b9ef5fd8abb9eee137e8986380f19862fc4f7ec93ec93b78c9ca2652dc3ee5de,"{""d"":9,""p"":0.0001,""r"":36}",
       426,         0,         0,   0.015,chromobius,b9ef5fd8abb9eee137e8986380f19862fc4f7ec93ec93b78c9ca2652dc3ee5de,"{""d"":9,""p"":0.0001,""r"":36}",
       425,         0,         0,   0.016,chromobius,b9ef5fd8abb9eee137e8986380f19862fc4f7ec93ec93b78c9ca2652dc3ee5de,"{""d"":9,""p"":0.0001,""r"":36}",
       273,         0,         0,   0.018,chromobius,c4bceeb37166a1fc1ebc5042542c780b5d3a66150060327794e7651a6ca2a272,"{""d"":9,""p"":0.000221221629107045,""r"":36}",
       273,         0,         0,   0.023,chromobius,70e4713146f61b8f79dc58f35f84348f3689ed8459a0d42898940309ffe7741b,"{""d"":9,""p"":0.0002592943797404667,""r"":36}",
      1024,         0,         0,   0.056,chromobius,c4bceeb37166a1fc1ebc5042542c780b5d3a66150060327794e7651a6ca2a272,"{""d"":9,""p"":0.000221221629107045,""r"":36}",
      1024,         0,         0,   0.079,chromobius,70e4713146f61b8f79dc58f35f84348f3689ed8459a0d42898940309ffe7741b,"{""d"":9,""p"":0.0002592943797404667,""r"":36}",
      1024,         0,         0,   0.058,chromobius,c4bceeb37166a1fc1ebc5042542c780b5d3a66150060327794e7651a6ca2a272,"{""d"":9,""p"":0.000221221629107045,""r"":36}",
      1024,         1,         0,   0.077,chromobius,70e4713146f61b8f79dc58f35f84348f3689ed8459a0d42898940309ffe7741b,"{""d"":9,""p"":0.0002592943797404667,""r"":36}",
      1024,         0,         0,   0.065,chromobius,c4bceeb37166a1fc1ebc5042542c780b5d3a66150060327794e7651a6ca2a272,"{""d"":9,""p"":0.000221221629107045,""r"":36}",
      1024,         0,         0,   0.077,chromobius,70e4713146f61b8f79dc58f35f84348f3689ed8459a0d42898940309ffe7741b,"{""d"":9,""p"":0.0002592943797404667,""r"":36}",
      1024,         0,         0,   0.066,chromobius,c4bceeb37166a1fc1ebc5042542c780b5d3a66150060327794e7651a6ca2a272,"{""d"":9,""p"":0.000221221629107045,""r"":36}",
      1024,         1,         0,   0.064,chromobius,c4bceeb37166a1fc1ebc5042542c780b5d3a66150060327794e7651a6ca2a272,"{""d"":9,""p"":0.000221221629107045,""r"":36}",
      1024,         0,         0,   0.077,chromobius,70e4713146f61b8f79dc58f35f84348f3689ed8459a0d42898940309ffe7741b,"{""d"":9,""p"":0.0002592943797404667,""r"":36}",
      1024,         0,         0,   0.077,chromobius,70e4713146f61b8f79dc58f35f84348f3689ed8459a0d42898940309ffe7741b,"{""d"":9,""p"":0.0002592943797404667,""r"":36}",
      2048,         0,         0,   0.125,chromobius,c4bceeb37166a1fc1ebc5042542c780b5d3a66150060327794e7651a6ca2a272,"{""d"":9,""p"":0.000221221629107045,""r"":36}",
      1024,         0,         0,   0.076,chromobius,70e4713146f61b8f79dc58f35f84348f3689ed8459a0d42898940309ffe7741b,"{""d"":9,""p"":0.0002592943797404667,""r"":36}",
      2048,         0,         0,   0.125,chromobius,c4bceeb37166a1fc1ebc5042542c780b5d3a66150060327794e7651a6ca2a272,"{""d"":9,""p"":0.000221221629107045,""r"":36}",
      2048,         3,         0,   0.155,chromobius,70e4713146f61b8f79dc58f35f84348f3689ed8459a0d42898940309ffe7741b,"{""d"":9,""p"":0.0002592943797404667,""r"":36}",
      3072,         1,         0,   0.192,chromobius,c4bceeb37166a1fc1ebc5042542c780b5d3a66150060327794e7651a6ca2a272,"{""d"":9,""p"":0.000221221629107045,""r"":36}",
      2048,         2,         0,   0.154,chromobius,70e4713146f61b8f79dc58f35f84348f3689ed8459a0d42898940309ffe7741b,"{""d"":9,""p"":0.0002592943797404667,""r"":36}",
      4096,         0,         0,   0.251,chromobius,c4bceeb37166a1fc1ebc5042542c780b5d3a66150060327794e7651a6ca2a272,"{""d"":9,""p"":0.000221221629107045,""r"":36}",
      3072,         2,         0,   0.231,chromobius,70e4713146f61b8f79dc58f35f84348f3689ed8459a0d42898940309ffe7741b,"{""d"":9,""p"":0.0002592943797404667,""r"":36}",
      4096,         0,         0,   0.306,chromobius,70e4713146f61b8f79dc58f35f84348f3689ed8459a0d42898940309ffe7741b,"{""d"":9,""p"":0.0002592943797404667,""r"":36}",
      5120,         0,         0,   0.316,chromobius,c4bceeb37166a1fc1ebc5042542c780b5d3a66150060327794e7651a6ca2a272,"{""d"":9,""p"":0.000221221629107045,""r"":36}",
      7168,         4,         0,   0.447,chromobius,c4bceeb37166a1fc1ebc5042542c780b5d3a66150060327794e7651a6ca2a272,"{""d"":9,""p"":0.000221221629107045,""r"":36}",
      6144,         0,         0,   0.460,chromobius,70e4713146f61b8f79dc58f35f84348f3689ed8459a0d42898940309ffe7741b,"{""d"":9,""p"":0.0002592943797404667,""r"":36}",
      9216,         2,         0,   0.577,chromobius,c4bceeb37166a1fc1ebc5042542c780b5d3a66150060327794e7651a6ca2a272,"{""d"":9,""p"":0.000221221629107045,""r"":36}",
      8192,         1,         0,   0.616,chromobius,70e4713146f61b8f79dc58f35f84348f3689ed8459a0d42898940309ffe7741b,"{""d"":9,""p"":0.0002592943797404667,""r"":36}",
     14336,         4,         0,   0.801,chromobius,c4bceeb37166a1fc1ebc5042542c780b5d3a66150060327794e7651a6ca2a272,"{""d"":9,""p"":0.000221221629107045,""r"":36}",
     11264,         3,         0,   0.849,chromobius,70e4713146f61b8f79dc58f35f84348f3689ed8459a0d42898940309ffe7741b,"{""d"":9,""p"":0.0002592943797404667,""r"":36}",
     18432,         5,         0,    1.13,chromobius,c4bceeb37166a1fc1ebc5042542c780b5d3a66150060327794e7651a6ca2a272,"{""d"":9,""p"":0.000221221629107045,""r"":36}",
     15360,         3,         0,    1.15,chromobius,70e4713146f61b8f79dc58f35f84348f3689ed8459a0d42898940309ffe7741b,"{""d"":9,""p"":0.0002592943797404667,""r"":36}",
     25600,         3,         0,    1.58,chromobius,c4bceeb37166a1fc1ebc5042542c780b5d3a66150060327794e7651a6ca2a272,"{""d"":9,""p"":0.000221221629107045,""r"":36}",
     20480,         8,         0,    1.56,chromobius,70e4713146f61b8f79dc58f35f84348f3689ed8459a0d42898940309ffe7741b,"{""d"":9,""p"":0.0002592943797404667,""r"":36}",
     35840,         5,         0,    2.20,chromobius,c4bceeb37166a1fc1ebc5042542c780b5d3a66150060327794e7651a6ca2a272,"{""d"":9,""p"":0.000221221629107045,""r"":36}",
     28672,         1,         0,    2.20,chromobius,70e4713146f61b8f79dc58f35f84348f3689ed8459a0d42898940309ffe7741b,"{""d"":9,""p"":0.0002592943797404667,""r"":36}",
     50176,         8,         0,    3.09,chromobius,c4bceeb37166a1fc1ebc5042542c780b5d3a66150060327794e7651a6ca2a272,"{""d"":9,""p"":0.000221221629107045,""r"":36}",
     40960,        13,         0,    3.11,chromobius,70e4713146f61b8f79dc58f35f84348f3689ed8459a0d42898940309ffe7741b,"{""d"":9,""p"":0.0002592943797404667,""r"":36}",
     69632,        12,         0,    4.26,chromobius,c4bceeb37166a1fc1ebc5042542c780b5d3a66150060327794e7651a6ca2a272,"{""d"":9,""p"":0.000221221629107045,""r"":36}",
     56320,        20,         0,    4.29,chromobius,70e4713146f61b8f79dc58f35f84348f3689ed8459a0d42898940309ffe7741b,"{""d"":9,""p"":0.0002592943797404667,""r"":36}",
   3318784,        82,         0,   119.6,chromobius,b52ee76d489112738b53d18a73703b292322b6d8048af12cf3976bceb059b3ff,"{""d"":9,""p"":0.00011721022975334806,""r"":36}",
    100352,        26,         0,    5.98,chromobius,c4bceeb37166a1fc1ebc5042542c780b5d3a66150060327794e7651a6ca2a272,"{""d"":9,""p"":0.000221221629107045,""r"":36}",
     79872,        22,         0,    6.04,chromobius,70e4713146f61b8f79dc58f35f84348f3689ed8459a0d42898940309ffe7741b,"{""d"":9,""p"":0.0002592943797404667,""r"":36}",
    136192,        16,         0,    8.37,chromobius,c4bceeb37166a1fc1ebc5042542c780b5d3a66150060327794e7651a6ca2a272,"{""d"":9,""p"":0.000221221629107045,""r"":36}",
    110592,        30,         0,    8.42,chromobius,70e4713146f61b8f79dc58f35f84348f3689ed8459a0d42898940309ffe7741b,"{""d"":9,""p"":0.0002592943797404667,""r"":36}",
   2840576,       101,         0,   119.7,chromobius,e7e9d721a9737279e85aba24d617af5ba5dba17d686fceabaf5a501c6a6e70e9,"{""d"":9,""p"":0.00013738237958832623,""r"":36}",
   3490816,        96,         0,   119.6,chromobius,b52ee76d489112738b53d18a73703b292322b6d8048af12cf3976bceb059b3ff,"{""d"":9,""p"":0.00011721022975334806,""r"":36}",
   2934784,       112,         0,   119.7,chromobius,e7e9d721a9737279e85aba24d617af5ba5dba17d686fceabaf5a501c6a6e70e9,"{""d"":9,""p"":0.00013738237958832623,""r"":36}",
    198656,        38,         0,    11.7,chromobius,c4bceeb37166a1fc1ebc5042542c780b5d3a66150060327794e7651a6ca2a272,"{""d"":9,""p"":0.000221221629107045,""r"":36}",
    154624,        43,         0,    11.7,chromobius,70e4713146f61b8f79dc58f35f84348f3689ed8459a0d42898940309ffe7741b,"{""d"":9,""p"":0.0002592943797404667,""r"":36}",
   2615296,       148,         0,   119.7,chromobius,60a3732502e2c5c16735dc7bee4884d2a749d5b873a287807285e3e99019f9f7,"{""d"":9,""p"":0.00016102620275609394,""r"":36}",
   2169856,       207,         0,   119.8,chromobius,ac167fb5c1d28fc59af52dc488be6afe3b1df0510e901bcdc8e2d7de37577e3f,"{""d"":9,""p"":0.00018873918221350977,""r"":36}",
   2118656,       343,         0,   119.8,chromobius,c4bceeb37166a1fc1ebc5042542c780b5d3a66150060327794e7651a6ca2a272,"{""d"":9,""p"":0.000221221629107045,""r"":36}",
   1282048,       154,         0,    62.9,chromobius,ac167fb5c1d28fc59af52dc488be6afe3b1df0510e901bcdc8e2d7de37577e3f,"{""d"":9,""p"":0.00018873918221350977,""r"":36}",
   2546688,       141,         0,   119.7,chromobius,60a3732502e2c5c16735dc7bee4884d2a749d5b873a287807285e3e99019f9f7,"{""d"":9,""p"":0.00016102620275609394,""r"":36}",
    270336,        45,         0,    16.4,chromobius,c4bceeb37166a1fc1ebc5042542c780b5d3a66150060327794e7651a6ca2a272,"{""d"":9,""p"":0.000221221629107045,""r"":36}",
    214016,        55,         0,    16.4,chromobius,70e4713146f61b8f79dc58f35f84348f3689ed8459a0d42898940309ffe7741b,"{""d"":9,""p"":0.0002592943797404667,""r"":36}",
   1530880,       447,         0,   119.9,chromobius,70e4713146f61b8f79dc58f35f84348f3689ed8459a0d42898940309ffe7741b,"{""d"":9,""p"":0.0002592943797404667,""r"":36}",
    376832,        59,         0,    22.9,chromobius,c4bceeb37166a1fc1ebc5042542c780b5d3a66150060327794e7651a6ca2a272,"{""d"":9,""p"":0.000221221629107045,""r"":36}",
    302080,        84,         0,    23.0,chromobius,70e4713146f61b8f79dc58f35f84348f3689ed8459a0d42898940309ffe7741b,"{""d"":9,""p"":0.0002592943797404667,""r"":36}",
   1812920,        42,         0,    61.6,chromobius,b52ee76d489112738b53d18a73703b292322b6d8048af12cf3976bceb059b3ff,"{""d"":9,""p"":0.00011721022975334806,""r"":36}",
   2271232,        59,         0,    80.5,chromobius,b52ee76d489112738b53d18a73703b292322b6d8048af12cf3976bceb059b3ff,"{""d"":9,""p"":0.00011721022975334806,""r"":36}",
    539648,        83,         0,    32.1,chromobius,c4bceeb37166a1fc1ebc5042542c780b5d3a66150060327794e7651a6ca2a272,"{""d"":9,""p"":0.000221221629107045,""r"":36}",
    436224,       158,         0,    32.1,chromobius,70e4713146f61b8f79dc58f35f84348f3689ed8459a0d42898940309ffe7741b,"{""d"":9,""p"":0.0002592943797404667,""r"":36}",
    494163,        11,         0,    17.5,chromobius,b52ee76d489112738b53d18a73703b292322b6d8048af12cf3976bceb059b3ff,"{""d"":9,""p"":0.00011721022975334806,""r"":36}",
    480256,        12,         0,    17.6,chromobius,b52ee76d489112738b53d18a73703b292322b6d8048af12cf3976bceb059b3ff,"{""d"":9,""p"":0.00011721022975334806,""r"":36}",
      6953,         0,         0,   0.259,chromobius,b52ee76d489112738b53d18a73703b292322b6d8048af12cf3976bceb059b3ff,"{""d"":9,""p"":0.00011721022975334806,""r"":36}",
      6954,         0,         0,   0.257,chromobius,b52ee76d489112738b53d18a73703b292322b6d8048af12cf3976bceb059b3ff,"{""d"":9,""p"":0.00011721022975334806,""r"":36}",
       273,         0,         0,   0.014,chromobius,60a3732502e2c5c16735dc7bee4884d2a749d5b873a287807285e3e99019f9f7,"{""d"":9,""p"":0.00016102620275609394,""r"":36}",
       273,         0,         0,   0.013,chromobius,e7e9d721a9737279e85aba24d617af5ba5dba17d686fceabaf5a501c6a6e70e9,"{""d"":9,""p"":0.00013738237958832623,""r"":36}",
      1024,         0,         0,   0.047,chromobius,60a3732502e2c5c16735dc7bee4884d2a749d5b873a287807285e3e99019f9f7,"{""d"":9,""p"":0.00016102620275609394,""r"":36}",
      1024,         0,         0,   0.050,chromobius,e7e9d721a9737279e85aba24d617af5ba5dba17d686fceabaf5a501c6a6e70e9,"{""d"":9,""p"":0.00013738237958832623,""r"":36}",
      1024,         1,         0,   0.044,chromobius,60a3732502e2c5c16735dc7bee4884d2a749d5b873a287807285e3e99019f9f7,"{""d"":9,""p"":0.00016102620275609394,""r"":36}",
      1024,         0,         0,   0.051,chromobius,e7e9d721a9737279e85aba24d617af5ba5dba17d686fceabaf5a501c6a6e70e9,"{""d"":9,""p"":0.00013738237958832623,""r"":36}",
      1024,         0,         0,   0.046,chromobius,60a3732502e2c5c16735dc7bee4884d2a749d5b873a287807285e3e99019f9f7,"{""d"":9,""p"":0.00016102620275609394,""r"":36}",
      1024,         0,         0,   0.043,chromobius,e7e9d721a9737279e85aba24d617af5ba5dba17d686fceabaf5a501c6a6e70e9,"{""d"":9,""p"":0.00013738237958832623,""r"":36}",
      1024,         0,         0,   0.050,chromobius,60a3732502e2c5c16735dc7bee4884d2a749d5b873a287807285e3e99019f9f7,"{""d"":9,""p"":0.00016102620275609394,""r"":36}",
      1024,         0,         0,   0.043,chromobius,e7e9d721a9737279e85aba24d617af5ba5dba17d686fceabaf5a501c6a6e70e9,"{""d"":9,""p"":0.00013738237958832623,""r"":36}",
      2048,         0,         0,   0.099,chromobius,60a3732502e2c5c16735dc7bee4884d2a749d5b873a287807285e3e99019f9f7,"{""d"":9,""p"":0.00016102620275609394,""r"":36}",
      2048,         0,         0,   0.077,chromobius,e7e9d721a9737279e85aba24d617af5ba5dba17d686fceabaf5a501c6a6e70e9,"{""d"":9,""p"":0.00013738237958832623,""r"":36}",
      2048,         0,         0,   0.078,chromobius,e7e9d721a9737279e85aba24d617af5ba5dba17d686fceabaf5a501c6a6e70e9,"{""d"":9,""p"":0.00013738237958832623,""r"":36}",
      2048,         0,         0,   0.097,chromobius,60a3732502e2c5c16735dc7bee4884d2a749d5b873a287807285e3e99019f9f7,"{""d"":9,""p"":0.00016102620275609394,""r"":36}",
      3072,         0,         0,   0.114,chromobius,e7e9d721a9737279e85aba24d617af5ba5dba17d686fceabaf5a501c6a6e70e9,"{""d"":9,""p"":0.00013738237958832623,""r"":36}",
      3072,         0,         0,   0.149,chromobius,60a3732502e2c5c16735dc7bee4884d2a749d5b873a287807285e3e99019f9f7,"{""d"":9,""p"":0.00016102620275609394,""r"":36}",
      4096,         0,         0,   0.177,chromobius,e7e9d721a9737279e85aba24d617af5ba5dba17d686fceabaf5a501c6a6e70e9,"{""d"":9,""p"":0.00013738237958832623,""r"":36}",
      3072,         0,         0,   0.150,chromobius,60a3732502e2c5c16735dc7bee4884d2a749d5b873a287807285e3e99019f9f7,"{""d"":9,""p"":0.00016102620275609394,""r"":36}",
      5120,         0,         0,   0.220,chromobius,e7e9d721a9737279e85aba24d617af5ba5dba17d686fceabaf5a501c6a6e70e9,"{""d"":9,""p"":0.00013738237958832623,""r"":36}",
      5120,         0,         0,   0.218,chromobius,60a3732502e2c5c16735dc7bee4884d2a749d5b873a287807285e3e99019f9f7,"{""d"":9,""p"":0.00016102620275609394,""r"":36}",
      7168,         1,         0,   0.302,chromobius,e7e9d721a9737279e85aba24d617af5ba5dba17d686fceabaf5a501c6a6e70e9,"{""d"":9,""p"":0.00013738237958832623,""r"":36}",
      7168,         1,         0,   0.314,chromobius,60a3732502e2c5c16735dc7bee4884d2a749d5b873a287807285e3e99019f9f7,"{""d"":9,""p"":0.00016102620275609394,""r"":36}",
     11264,         0,         0,   0.433,chromobius,e7e9d721a9737279e85aba24d617af5ba5dba17d686fceabaf5a501c6a6e70e9,"{""d"":9,""p"":0.00013738237958832623,""r"":36}",
      9216,         0,         0,   0.405,chromobius,60a3732502e2c5c16735dc7bee4884d2a749d5b873a287807285e3e99019f9f7,"{""d"":9,""p"":0.00016102620275609394,""r"":36}",
     15360,         1,         0,   0.587,chromobius,e7e9d721a9737279e85aba24d617af5ba5dba17d686fceabaf5a501c6a6e70e9,"{""d"":9,""p"":0.00013738237958832623,""r"":36}",
     13312,         0,         0,   0.584,chromobius,60a3732502e2c5c16735dc7bee4884d2a749d5b873a287807285e3e99019f9f7,"{""d"":9,""p"":0.00016102620275609394,""r"":36}",
     17408,         0,         0,   0.803,chromobius,60a3732502e2c5c16735dc7bee4884d2a749d5b873a287807285e3e99019f9f7,"{""d"":9,""p"":0.00016102620275609394,""r"":36}",
     19456,         2,         0,   0.807,chromobius,e7e9d721a9737279e85aba24d617af5ba5dba17d686fceabaf5a501c6a6e70e9,"{""d"":9,""p"":0.00013738237958832623,""r"":36}",
     24576,         1,         0,    1.11,chromobius,60a3732502e2c5c16735dc7bee4884d2a749d5b873a287807285e3e99019f9f7,"{""d"":9,""p"":0.00016102620275609394,""r"":36}",
     27648,         1,         0,    1.13,chromobius,e7e9d721a9737279e85aba24d617af5ba5dba17d686fceabaf5a501c6a6e70e9,"{""d"":9,""p"":0.00013738237958832623,""r"":36}",
     34816,         3,         0,    1.57,chromobius,60a3732502e2c5c16735dc7bee4884d2a749d5b873a287807285e3e99019f9f7,"{""d"":9,""p"":0.00016102620275609394,""r"":36}",
     39936,         3,         0,    1.58,chromobius,e7e9d721a9737279e85aba24d617af5ba5dba17d686fceabaf5a501c6a6e70e9,"{""d"":9,""p"":0.00013738237958832623,""r"":36}",
     48128,         0,         0,    2.20,chromobius,60a3732502e2c5c16735dc7bee4884d2a749d5b873a287807285e3e99019f9f7,"{""d"":9,""p"":0.00016102620275609394,""r"":36}",
     55296,         2,         0,    2.20,chromobius,e7e9d721a9737279e85aba24d617af5ba5dba17d686fceabaf5a501c6a6e70e9,"{""d"":9,""p"":0.00013738237958832623,""r"":36}",
     68608,         6,         0,    3.07,chromobius,60a3732502e2c5c16735dc7bee4884d2a749d5b873a287807285e3e99019f9f7,"{""d"":9,""p"":0.00016102620275609394,""r"":36}",
     76800,         1,         0,    3.04,chromobius,e7e9d721a9737279e85aba24d617af5ba5dba17d686fceabaf5a501c6a6e70e9,"{""d"":9,""p"":0.00013738237958832623,""r"":36}",
     90112,         4,         0,    4.26,chromobius,60a3732502e2c5c16735dc7bee4884d2a749d5b873a287807285e3e99019f9f7,"{""d"":9,""p"":0.00016102620275609394,""r"":36}",
    106496,         6,         0,    4.29,chromobius,e7e9d721a9737279e85aba24d617af5ba5dba17d686fceabaf5a501c6a6e70e9,"{""d"":9,""p"":0.00013738237958832623,""r"":36}",
   1773568,       193,         0,    88.0,chromobius,ac167fb5c1d28fc59af52dc488be6afe3b1df0510e901bcdc8e2d7de37577e3f,"{""d"":9,""p"":0.00018873918221350977,""r"":36}",
    128000,         3,         0,    6.00,chromobius,60a3732502e2c5c16735dc7bee4884d2a749d5b873a287807285e3e99019f9f7,"{""d"":9,""p"":0.00016102620275609394,""r"":36}",
    148480,         9,         0,    5.99,chromobius,e7e9d721a9737279e85aba24d617af5ba5dba17d686fceabaf5a501c6a6e70e9,"{""d"":9,""p"":0.00013738237958832623,""r"":36}",
    182272,        13,         0,    8.38,chromobius,60a3732502e2c5c16735dc7bee4884d2a749d5b873a287807285e3e99019f9f7,"{""d"":9,""p"":0.00016102620275609394,""r"":36}",
    206848,        11,         0,    8.37,chromobius,e7e9d721a9737279e85aba24d617af5ba5dba17d686fceabaf5a501c6a6e70e9,"{""d"":9,""p"":0.00013738237958832623,""r"":36}",
   2842624,       106,         0,   119.6,chromobius,e7e9d721a9737279e85aba24d617af5ba5dba17d686fceabaf5a501c6a6e70e9,"{""d"":9,""p"":0.00013738237958832623,""r"":36}",
    251904,        13,         0,    11.7,chromobius,60a3732502e2c5c16735dc7bee4884d2a749d5b873a287807285e3e99019f9f7,"{""d"":9,""p"":0.00016102620275609394,""r"":36}",
    289792,         9,         0,    11.7,chromobius,e7e9d721a9737279e85aba24d617af5ba5dba17d686fceabaf5a501c6a6e70e9,"{""d"":9,""p"":0.00013738237958832623,""r"":36}",
    715776,       116,         0,    45.0,chromobius,c4bceeb37166a1fc1ebc5042542c780b5d3a66150060327794e7651a6ca2a272,"{""d"":9,""p"":0.000221221629107045,""r"":36}",
    605184,       196,         0,    44.9,chromobius,70e4713146f61b8f79dc58f35f84348f3689ed8459a0d42898940309ffe7741b,"{""d"":9,""p"":0.0002592943797404667,""r"":36}",
   2850816,       107,         0,   119.7,chromobius,e7e9d721a9737279e85aba24d617af5ba5dba17d686fceabaf5a501c6a6e70e9,"{""d"":9,""p"":0.00013738237958832623,""r"":36}",
   2544640,       173,         0,   119.7,chromobius,60a3732502e2c5c16735dc7bee4884d2a749d5b873a287807285e3e99019f9f7,"{""d"":9,""p"":0.00016102620275609394,""r"":36}",
   2222080,       242,         0,   119.8,chromobius,ac167fb5c1d28fc59af52dc488be6afe3b1df0510e901bcdc8e2d7de37577e3f,"{""d"":9,""p"":0.00018873918221350977,""r"":36}",
   2117632,       366,         0,   119.8,chromobius,c4bceeb37166a1fc1ebc5042542c780b5d3a66150060327794e7651a6ca2a272,"{""d"":9,""p"":0.000221221629107045,""r"":36}",
   2562048,       152,         0,   119.7,chromobius,60a3732502e2c5c16735dc7bee4884d2a749d5b873a287807285e3e99019f9f7,"{""d"":9,""p"":0.00016102620275609394,""r"":36}",
    351232,        21,         0,    16.4,chromobius,60a3732502e2c5c16735dc7bee4884d2a749d5b873a287807285e3e99019f9f7,"{""d"":9,""p"":0.00016102620275609394,""r"":36}",
    411648,        17,         0,    16.4,chromobius,e7e9d721a9737279e85aba24d617af5ba5dba17d686fceabaf5a501c6a6e70e9,"{""d"":9,""p"":0.00013738237958832623,""r"":36}",
   1548288,       431,         0,   119.9,chromobius,70e4713146f61b8f79dc58f35f84348f3689ed8459a0d42898940309ffe7741b,"{""d"":9,""p"":0.0002592943797404667,""r"":36}",
    335872,       100,         0,    25.1,chromobius,70e4713146f61b8f79dc58f35f84348f3689ed8459a0d42898940309ffe7741b,"{""d"":9,""p"":0.0002592943797404667,""r"":36}",
      1024,         0,         0,   0.087,chromobius,70e4713146f61b8f79dc58f35f84348f3689ed8459a0d42898940309ffe7741b,"{""d"":9,""p"":0.0002592943797404667,""r"":36}",
       273,         0,         0,   0.021,chromobius,c4bceeb37166a1fc1ebc5042542c780b5d3a66150060327794e7651a6ca2a272,"{""d"":9,""p"":0.000221221629107045,""r"":36}",
       273,         0,         0,   0.015,chromobius,ac167fb5c1d28fc59af52dc488be6afe3b1df0510e901bcdc8e2d7de37577e3f,"{""d"":9,""p"":0.00018873918221350977,""r"":36}",
      1024,         0,         0,   0.048,chromobius,ac167fb5c1d28fc59af52dc488be6afe3b1df0510e901bcdc8e2d7de37577e3f,"{""d"":9,""p"":0.00018873918221350977,""r"":36}",
      1024,         0,         0,   0.066,chromobius,c4bceeb37166a1fc1ebc5042542c780b5d3a66150060327794e7651a6ca2a272,"{""d"":9,""p"":0.000221221629107045,""r"":36}",
      1024,         0,         0,   0.053,chromobius,ac167fb5c1d28fc59af52dc488be6afe3b1df0510e901bcdc8e2d7de37577e3f,"{""d"":9,""p"":0.00018873918221350977,""r"":36}",
      1024,         0,         0,   0.065,chromobius,c4bceeb37166a1fc1ebc5042542c780b5d3a66150060327794e7651a6ca2a272,"{""d"":9,""p"":0.000221221629107045,""r"":36}",
      1024,         0,         0,   0.054,chromobius,ac167fb5c1d28fc59af52dc488be6afe3b1df0510e901bcdc8e2d7de37577e3f,"{""d"":9,""p"":0.00018873918221350977,""r"":36}",
      1024,         0,         0,   0.064,chromobius,c4bceeb37166a1fc1ebc5042542c780b5d3a66150060327794e7651a6ca2a272,"{""d"":9,""p"":0.000221221629107045,""r"":36}",
      1024,         0,         0,   0.054,chromobius,ac167fb5c1d28fc59af52dc488be6afe3b1df0510e901bcdc8e2d7de37577e3f,"{""d"":9,""p"":0.00018873918221350977,""r"":36}",
      1024,         1,         0,   0.066,chromobius,c4bceeb37166a1fc1ebc5042542c780b5d3a66150060327794e7651a6ca2a272,"{""d"":9,""p"":0.000221221629107045,""r"":36}",
      1024,         0,         0,   0.057,chromobius,ac167fb5c1d28fc59af52dc488be6afe3b1df0510e901bcdc8e2d7de37577e3f,"{""d"":9,""p"":0.00018873918221350977,""r"":36}",
      1024,         0,         0,   0.065,chromobius,c4bceeb37166a1fc1ebc5042542c780b5d3a66150060327794e7651a6ca2a272,"{""d"":9,""p"":0.000221221629107045,""r"":36}",
      2048,         1,         0,   0.113,chromobius,ac167fb5c1d28fc59af52dc488be6afe3b1df0510e901bcdc8e2d7de37577e3f,"{""d"":9,""p"":0.00018873918221350977,""r"":36}",
      2048,         1,         0,   0.127,chromobius,c4bceeb37166a1fc1ebc5042542c780b5d3a66150060327794e7651a6ca2a272,"{""d"":9,""p"":0.000221221629107045,""r"":36}",
      3072,         1,         0,   0.155,chromobius,ac167fb5c1d28fc59af52dc488be6afe3b1df0510e901bcdc8e2d7de37577e3f,"{""d"":9,""p"":0.00018873918221350977,""r"":36}",
      2048,         1,         0,   0.131,chromobius,c4bceeb37166a1fc1ebc5042542c780b5d3a66150060327794e7651a6ca2a272,"{""d"":9,""p"":0.000221221629107045,""r"":36}",
      3072,         0,         0,   0.168,chromobius,ac167fb5c1d28fc59af52dc488be6afe3b1df0510e901bcdc8e2d7de37577e3f,"{""d"":9,""p"":0.00018873918221350977,""r"":36}",
      3072,         0,         0,   0.200,chromobius,c4bceeb37166a1fc1ebc5042542c780b5d3a66150060327794e7651a6ca2a272,"{""d"":9,""p"":0.000221221629107045,""r"":36}",
      4096,         1,         0,   0.212,chromobius,ac167fb5c1d28fc59af52dc488be6afe3b1df0510e901bcdc8e2d7de37577e3f,"{""d"":9,""p"":0.00018873918221350977,""r"":36}",
      4096,         0,         0,   0.257,chromobius,c4bceeb37166a1fc1ebc5042542c780b5d3a66150060327794e7651a6ca2a272,"{""d"":9,""p"":0.000221221629107045,""r"":36}",
      6144,         0,         0,   0.326,chromobius,ac167fb5c1d28fc59af52dc488be6afe3b1df0510e901bcdc8e2d7de37577e3f,"{""d"":9,""p"":0.00018873918221350977,""r"":36}",
      5120,         1,         0,   0.329,chromobius,c4bceeb37166a1fc1ebc5042542c780b5d3a66150060327794e7651a6ca2a272,"{""d"":9,""p"":0.000221221629107045,""r"":36}",
      8192,         2,         0,   0.428,chromobius,ac167fb5c1d28fc59af52dc488be6afe3b1df0510e901bcdc8e2d7de37577e3f,"{""d"":9,""p"":0.00018873918221350977,""r"":36}",
      7168,         2,         0,   0.428,chromobius,c4bceeb37166a1fc1ebc5042542c780b5d3a66150060327794e7651a6ca2a272,"{""d"":9,""p"":0.000221221629107045,""r"":36}",
     12288,         1,         0,   0.603,chromobius,ac167fb5c1d28fc59af52dc488be6afe3b1df0510e901bcdc8e2d7de37577e3f,"{""d"":9,""p"":0.00018873918221350977,""r"":36}",
     10240,         5,         0,   0.605,chromobius,c4bceeb37166a1fc1ebc5042542c780b5d3a66150060327794e7651a6ca2a272,"{""d"":9,""p"":0.000221221629107045,""r"":36}",
     15360,         3,         0,   0.837,chromobius,ac167fb5c1d28fc59af52dc488be6afe3b1df0510e901bcdc8e2d7de37577e3f,"{""d"":9,""p"":0.00018873918221350977,""r"":36}",
     13312,         1,         0,   0.797,chromobius,c4bceeb37166a1fc1ebc5042542c780b5d3a66150060327794e7651a6ca2a272,"{""d"":9,""p"":0.000221221629107045,""r"":36}",
     22528,         2,         0,    1.14,chromobius,ac167fb5c1d28fc59af52dc488be6afe3b1df0510e901bcdc8e2d7de37577e3f,"{""d"":9,""p"":0.00018873918221350977,""r"":36}",
     18432,         6,         0,    1.16,chromobius,c4bceeb37166a1fc1ebc5042542c780b5d3a66150060327794e7651a6ca2a272,"{""d"":9,""p"":0.000221221629107045,""r"":36}",
     29696,         6,         0,    1.60,chromobius,ac167fb5c1d28fc59af52dc488be6afe3b1df0510e901bcdc8e2d7de37577e3f,"{""d"":9,""p"":0.00018873918221350977,""r"":36}",
     24576,         3,         0,    1.57,chromobius,c4bceeb37166a1fc1ebc5042542c780b5d3a66150060327794e7651a6ca2a272,"{""d"":9,""p"":0.000221221629107045,""r"":36}",
     40960,         4,         0,    2.22,chromobius,ac167fb5c1d28fc59af52dc488be6afe3b1df0510e901bcdc8e2d7de37577e3f,"{""d"":9,""p"":0.00018873918221350977,""r"":36}",
     35840,         5,         0,    2.18,chromobius,c4bceeb37166a1fc1ebc5042542c780b5d3a66150060327794e7651a6ca2a272,"{""d"":9,""p"":0.000221221629107045,""r"":36}",
   1061066,        37,         0,    43.4,chromobius,e7e9d721a9737279e85aba24d617af5ba5dba17d686fceabaf5a501c6a6e70e9,"{""d"":9,""p"":0.00013738237958832623,""r"":36}",
     58368,         5,         0,    3.06,chromobius,ac167fb5c1d28fc59af52dc488be6afe3b1df0510e901bcdc8e2d7de37577e3f,"{""d"":9,""p"":0.00018873918221350977,""r"":36}",
     50176,         8,         0,    3.11,chromobius,c4bceeb37166a1fc1ebc5042542c780b5d3a66150060327794e7651a6ca2a272,"{""d"":9,""p"":0.000221221629107045,""r"":36}",
    488448,        31,         0,    22.9,chromobius,60a3732502e2c5c16735dc7bee4884d2a749d5b873a287807285e3e99019f9f7,"{""d"":9,""p"":0.00016102620275609394,""r"":36}",
    565248,        25,         0,    22.9,chromobius,e7e9d721a9737279e85aba24d617af5ba5dba17d686fceabaf5a501c6a6e70e9,"{""d"":9,""p"":0.00013738237958832623,""r"":36}",
     80896,        13,         0,    4.30,chromobius,ac167fb5c1d28fc59af52dc488be6afe3b1df0510e901bcdc8e2d7de37577e3f,"{""d"":9,""p"":0.00018873918221350977,""r"":36}",
     69632,        16,         0,    4.26,chromobius,c4bceeb37166a1fc1ebc5042542c780b5d3a66150060327794e7651a6ca2a272,"{""d"":9,""p"":0.000221221629107045,""r"":36}",
    113664,         8,         0,    5.96,chromobius,ac167fb5c1d28fc59af52dc488be6afe3b1df0510e901bcdc8e2d7de37577e3f,"{""d"":9,""p"":0.00018873918221350977,""r"":36}",
     95232,        29,         0,    5.99,chromobius,c4bceeb37166a1fc1ebc5042542c780b5d3a66150060327794e7651a6ca2a272,"{""d"":9,""p"":0.000221221629107045,""r"":36}",
   1173205,        48,         0,    49.0,chromobius,e7e9d721a9737279e85aba24d617af5ba5dba17d686fceabaf5a501c6a6e70e9,"{""d"":9,""p"":0.00013738237958832623,""r"":36}",
    159744,        22,         0,    8.39,chromobius,ac167fb5c1d28fc59af52dc488be6afe3b1df0510e901bcdc8e2d7de37577e3f,"{""d"":9,""p"":0.00018873918221350977,""r"":36}",
    132096,        33,         0,    8.38,chromobius,c4bceeb37166a1fc1ebc5042542c780b5d3a66150060327794e7651a6ca2a272,"{""d"":9,""p"":0.000221221629107045,""r"":36}",
    593722,        24,         0,    24.1,chromobius,e7e9d721a9737279e85aba24d617af5ba5dba17d686fceabaf5a501c6a6e70e9,"{""d"":9,""p"":0.00013738237958832623,""r"":36}",
    545792,        22,         0,    22.2,chromobius,e7e9d721a9737279e85aba24d617af5ba5dba17d686fceabaf5a501c6a6e70e9,"{""d"":9,""p"":0.00013738237958832623,""r"":36}",
     47930,         2,         0,    1.91,chromobius,e7e9d721a9737279e85aba24d617af5ba5dba17d686fceabaf5a501c6a6e70e9,"{""d"":9,""p"":0.00013738237958832623,""r"":36}",
    292864,         7,         0,    12.2,chromobius,e7e9d721a9737279e85aba24d617af5ba5dba17d686fceabaf5a501c6a6e70e9,"{""d"":9,""p"":0.00013738237958832623,""r"":36}",
    979968,       149,         0,    62.9,chromobius,c4bceeb37166a1fc1ebc5042542c780b5d3a66150060327794e7651a6ca2a272,"{""d"":9,""p"":0.000221221629107045,""r"":36}",
    100286,         5,         0,    3.85,chromobius,e7e9d721a9737279e85aba24d617af5ba5dba17d686fceabaf5a501c6a6e70e9,"{""d"":9,""p"":0.00013738237958832623,""r"":36}",
     66858,         1,         0,    2.62,chromobius,e7e9d721a9737279e85aba24d617af5ba5dba17d686fceabaf5a501c6a6e70e9,"{""d"":9,""p"":0.00013738237958832623,""r"":36}",
     64512,         0,         0,    2.65,chromobius,e7e9d721a9737279e85aba24d617af5ba5dba17d686fceabaf5a501c6a6e70e9,"{""d"":9,""p"":0.00013738237958832623,""r"":36}",
      2346,         0,         0,   0.102,chromobius,e7e9d721a9737279e85aba24d617af5ba5dba17d686fceabaf5a501c6a6e70e9,"{""d"":9,""p"":0.00013738237958832623,""r"":36}",
     22286,         0,         0,   0.961,chromobius,e7e9d721a9737279e85aba24d617af5ba5dba17d686fceabaf5a501c6a6e70e9,"{""d"":9,""p"":0.00013738237958832623,""r"":36}",
     14857,         3,         0,   0.625,chromobius,e7e9d721a9737279e85aba24d617af5ba5dba17d686fceabaf5a501c6a6e70e9,"{""d"":9,""p"":0.00013738237958832623,""r"":36}",
     11264,         0,         0,   0.497,chromobius,e7e9d721a9737279e85aba24d617af5ba5dba17d686fceabaf5a501c6a6e70e9,"{""d"":9,""p"":0.00013738237958832623,""r"":36}",
      9905,         0,         0,   0.415,chromobius,e7e9d721a9737279e85aba24d617af5ba5dba17d686fceabaf5a501c6a6e70e9,"{""d"":9,""p"":0.00013738237958832623,""r"":36}",
      2848,         0,         0,   0.124,chromobius,e7e9d721a9737279e85aba24d617af5ba5dba17d686fceabaf5a501c6a6e70e9,"{""d"":9,""p"":0.00013738237958832623,""r"":36}",
      2848,         0,         0,   0.109,chromobius,e7e9d721a9737279e85aba24d617af5ba5dba17d686fceabaf5a501c6a6e70e9,"{""d"":9,""p"":0.00013738237958832623,""r"":36}",
      2048,         0,         0,   0.090,chromobius,e7e9d721a9737279e85aba24d617af5ba5dba17d686fceabaf5a501c6a6e70e9,"{""d"":9,""p"":0.00013738237958832623,""r"":36}",
       267,         0,         0,   0.012,chromobius,e7e9d721a9737279e85aba24d617af5ba5dba17d686fceabaf5a501c6a6e70e9,"{""d"":9,""p"":0.00013738237958832623,""r"":36}",
       267,         0,         0,   0.015,chromobius,e7e9d721a9737279e85aba24d617af5ba5dba17d686fceabaf5a501c6a6e70e9,"{""d"":9,""p"":0.00013738237958832623,""r"":36}",
       266,         0,         0,   0.013,chromobius,e7e9d721a9737279e85aba24d617af5ba5dba17d686fceabaf5a501c6a6e70e9,"{""d"":9,""p"":0.00013738237958832623,""r"":36}",
       273,         0,         0,   0.014,chromobius,60a3732502e2c5c16735dc7bee4884d2a749d5b873a287807285e3e99019f9f7,"{""d"":9,""p"":0.00016102620275609394,""r"":36}",
       273,         0,         0,   0.016,chromobius,ac167fb5c1d28fc59af52dc488be6afe3b1df0510e901bcdc8e2d7de37577e3f,"{""d"":9,""p"":0.00018873918221350977,""r"":36}",
       273,         0,         0,   0.018,chromobius,c4bceeb37166a1fc1ebc5042542c780b5d3a66150060327794e7651a6ca2a272,"{""d"":9,""p"":0.000221221629107045,""r"":36}",
      1024,         0,         0,   0.047,chromobius,60a3732502e2c5c16735dc7bee4884d2a749d5b873a287807285e3e99019f9f7,"{""d"":9,""p"":0.00016102620275609394,""r"":36}",
      1024,         0,         0,   0.051,chromobius,ac167fb5c1d28fc59af52dc488be6afe3b1df0510e901bcdc8e2d7de37577e3f,"{""d"":9,""p"":0.00018873918221350977,""r"":36}",
      1024,         0,         0,   0.060,chromobius,c4bceeb37166a1fc1ebc5042542c780b5d3a66150060327794e7651a6ca2a272,"{""d"":9,""p"":0.000221221629107045,""r"":36}",
      1024,         0,         0,   0.046,chromobius,60a3732502e2c5c16735dc7bee4884d2a749d5b873a287807285e3e99019f9f7,"{""d"":9,""p"":0.00016102620275609394,""r"":36}",
      1024,         0,         0,   0.050,chromobius,ac167fb5c1d28fc59af52dc488be6afe3b1df0510e901bcdc8e2d7de37577e3f,"{""d"":9,""p"":0.00018873918221350977,""r"":36}",
      1024,         0,         0,   0.059,chromobius,c4bceeb37166a1fc1ebc5042542c780b5d3a66150060327794e7651a6ca2a272,"{""d"":9,""p"":0.000221221629107045,""r"":36}",
      1024,         0,         0,   0.046,chromobius,60a3732502e2c5c16735dc7bee4884d2a749d5b873a287807285e3e99019f9f7,"{""d"":9,""p"":0.00016102620275609394,""r"":36}",
      1024,         0,         0,   0.050,chromobius,ac167fb5c1d28fc59af52dc488be6afe3b1df0510e901bcdc8e2d7de37577e3f,"{""d"":9,""p"":0.00018873918221350977,""r"":36}",
      1024,         0,         0,   0.058,chromobius,c4bceeb37166a1fc1ebc5042542c780b5d3a66150060327794e7651a6ca2a272,"{""d"":9,""p"":0.000221221629107045,""r"":36}",
      1024,         0,         0,   0.047,chromobius,60a3732502e2c5c16735dc7bee4884d2a749d5b873a287807285e3e99019f9f7,"{""d"":9,""p"":0.00016102620275609394,""r"":36}",
      1024,         0,         0,   0.051,chromobius,ac167fb5c1d28fc59af52dc488be6afe3b1df0510e901bcdc8e2d7de37577e3f,"{""d"":9,""p"":0.00018873918221350977,""r"":36}",
      1024,         1,         0,   0.063,chromobius,c4bceeb37166a1fc1ebc5042542c780b5d3a66150060327794e7651a6ca2a272,"{""d"":9,""p"":0.000221221629107045,""r"":36}",
      1024,         0,         0,   0.054,chromobius,ac167fb5c1d28fc59af52dc488be6afe3b1df0510e901bcdc8e2d7de37577e3f,"{""d"":9,""p"":0.00018873918221350977,""r"":36}",
      2048,         0,         0,   0.089,chromobius,60a3732502e2c5c16735dc7bee4884d2a749d5b873a287807285e3e99019f9f7,"{""d"":9,""p"":0.00016102620275609394,""r"":36}",
      1024,         0,         0,   0.062,chromobius,c4bceeb37166a1fc1ebc5042542c780b5d3a66150060327794e7651a6ca2a272,"{""d"":9,""p"":0.000221221629107045,""r"":36}",
      2048,         0,         0,   0.103,chromobius,ac167fb5c1d28fc59af52dc488be6afe3b1df0510e901bcdc8e2d7de37577e3f,"{""d"":9,""p"":0.00018873918221350977,""r"":36}",
      2048,         0,         0,   0.089,chromobius,60a3732502e2c5c16735dc7bee4884d2a749d5b873a287807285e3e99019f9f7,"{""d"":9,""p"":0.00016102620275609394,""r"":36}",
      2048,         1,         0,   0.120,chromobius,c4bceeb37166a1fc1ebc5042542c780b5d3a66150060327794e7651a6ca2a272,"{""d"":9,""p"":0.000221221629107045,""r"":36}",
      3072,         1,         0,   0.138,chromobius,60a3732502e2c5c16735dc7bee4884d2a749d5b873a287807285e3e99019f9f7,"{""d"":9,""p"":0.00016102620275609394,""r"":36}",
      3072,         0,         0,   0.151,chromobius,ac167fb5c1d28fc59af52dc488be6afe3b1df0510e901bcdc8e2d7de37577e3f,"{""d"":9,""p"":0.00018873918221350977,""r"":36}",
      2048,         0,         0,   0.133,chromobius,c4bceeb37166a1fc1ebc5042542c780b5d3a66150060327794e7651a6ca2a272,"{""d"":9,""p"":0.000221221629107045,""r"":36}",
      3072,         0,         0,   0.149,chromobius,ac167fb5c1d28fc59af52dc488be6afe3b1df0510e901bcdc8e2d7de37577e3f,"{""d"":9,""p"":0.00018873918221350977,""r"":36}",
      4096,         0,         0,   0.192,chromobius,60a3732502e2c5c16735dc7bee4884d2a749d5b873a287807285e3e99019f9f7,"{""d"":9,""p"":0.00016102620275609394,""r"":36}",
      3072,         1,         0,   0.206,chromobius,c4bceeb37166a1fc1ebc5042542c780b5d3a66150060327794e7651a6ca2a272,"{""d"":9,""p"":0.000221221629107045,""r"":36}",
      5120,         1,         0,   0.256,chromobius,ac167fb5c1d28fc59af52dc488be6afe3b1df0510e901bcdc8e2d7de37577e3f,"{""d"":9,""p"":0.00018873918221350977,""r"":36}",
      5120,         1,         0,   0.240,chromobius,60a3732502e2c5c16735dc7bee4884d2a749d5b873a287807285e3e99019f9f7,"{""d"":9,""p"":0.00016102620275609394,""r"":36}",
      4096,         2,         0,   0.260,chromobius,c4bceeb37166a1fc1ebc5042542c780b5d3a66150060327794e7651a6ca2a272,"{""d"":9,""p"":0.000221221629107045,""r"":36}",
      7168,         1,         0,   0.309,chromobius,60a3732502e2c5c16735dc7bee4884d2a749d5b873a287807285e3e99019f9f7,"{""d"":9,""p"":0.00016102620275609394,""r"":36}",
      6144,         1,         0,   0.340,chromobius,ac167fb5c1d28fc59af52dc488be6afe3b1df0510e901bcdc8e2d7de37577e3f,"{""d"":9,""p"":0.00018873918221350977,""r"":36}",
    218112,        18,         0,    11.7,chromobius,ac167fb5c1d28fc59af52dc488be6afe3b1df0510e901bcdc8e2d7de37577e3f,"{""d"":9,""p"":0.00018873918221350977,""r"":36}",
    185344,        23,         0,    11.7,chromobius,c4bceeb37166a1fc1ebc5042542c780b5d3a66150060327794e7651a6ca2a272,"{""d"":9,""p"":0.000221221629107045,""r"":36}",
      5120,         1,         0,   0.327,chromobius,c4bceeb37166a1fc1ebc5042542c780b5d3a66150060327794e7651a6ca2a272,"{""d"":9,""p"":0.000221221629107045,""r"":36}",
     10240,         1,         0,   0.432,chromobius,60a3732502e2c5c16735dc7bee4884d2a749d5b873a287807285e3e99019f9f7,"{""d"":9,""p"":0.00016102620275609394,""r"":36}",
      8192,         2,         0,   0.456,chromobius,ac167fb5c1d28fc59af52dc488be6afe3b1df0510e901bcdc8e2d7de37577e3f,"{""d"":9,""p"":0.00018873918221350977,""r"":36}",
      7168,         1,         0,   0.459,chromobius,c4bceeb37166a1fc1ebc5042542c780b5d3a66150060327794e7651a6ca2a272,"{""d"":9,""p"":0.000221221629107045,""r"":36}",
     12288,         1,         0,   0.571,chromobius,60a3732502e2c5c16735dc7bee4884d2a749d5b873a287807285e3e99019f9f7,"{""d"":9,""p"":0.00016102620275609394,""r"":36}",
     10240,         0,         0,   0.567,chromobius,ac167fb5c1d28fc59af52dc488be6afe3b1df0510e901bcdc8e2d7de37577e3f,"{""d"":9,""p"":0.00018873918221350977,""r"":36}",
     10240,         2,         0,   0.590,chromobius,c4bceeb37166a1fc1ebc5042542c780b5d3a66150060327794e7651a6ca2a272,"{""d"":9,""p"":0.000221221629107045,""r"":36}",
     18432,         2,         0,   0.822,chromobius,60a3732502e2c5c16735dc7bee4884d2a749d5b873a287807285e3e99019f9f7,"{""d"":9,""p"":0.00016102620275609394,""r"":36}",
     16384,         1,         0,   0.833,chromobius,ac167fb5c1d28fc59af52dc488be6afe3b1df0510e901bcdc8e2d7de37577e3f,"{""d"":9,""p"":0.00018873918221350977,""r"":36}",
     13312,         2,         0,   0.844,chromobius,c4bceeb37166a1fc1ebc5042542c780b5d3a66150060327794e7651a6ca2a272,"{""d"":9,""p"":0.000221221629107045,""r"":36}",
     24576,         1,         0,    1.12,chromobius,60a3732502e2c5c16735dc7bee4884d2a749d5b873a287807285e3e99019f9f7,"{""d"":9,""p"":0.00016102620275609394,""r"":36}",
    679936,        38,         0,    32.1,chromobius,60a3732502e2c5c16735dc7bee4884d2a749d5b873a287807285e3e99019f9f7,"{""d"":9,""p"":0.00016102620275609394,""r"":36}",
     21504,         0,         0,    1.13,chromobius,ac167fb5c1d28fc59af52dc488be6afe3b1df0510e901bcdc8e2d7de37577e3f,"{""d"":9,""p"":0.00018873918221350977,""r"":36}",
     18432,         4,         0,    1.16,chromobius,c4bceeb37166a1fc1ebc5042542c780b5d3a66150060327794e7651a6ca2a272,"{""d"":9,""p"":0.000221221629107045,""r"":36}",
     33792,         1,         0,    1.57,chromobius,60a3732502e2c5c16735dc7bee4884d2a749d5b873a287807285e3e99019f9f7,"{""d"":9,""p"":0.00016102620275609394,""r"":36}",
     30720,         6,         0,    1.55,chromobius,ac167fb5c1d28fc59af52dc488be6afe3b1df0510e901bcdc8e2d7de37577e3f,"{""d"":9,""p"":0.00018873918221350977,""r"":36}",
     24576,         5,         0,    1.58,chromobius,c4bceeb37166a1fc1ebc5042542c780b5d3a66150060327794e7651a6ca2a272,"{""d"":9,""p"":0.000221221629107045,""r"":36}",
     49152,         1,         0,    2.18,chromobius,60a3732502e2c5c16735dc7bee4884d2a749d5b873a287807285e3e99019f9f7,"{""d"":9,""p"":0.00016102620275609394,""r"":36}",
     41984,         9,         0,    2.17,chromobius,ac167fb5c1d28fc59af52dc488be6afe3b1df0510e901bcdc8e2d7de37577e3f,"{""d"":9,""p"":0.00018873918221350977,""r"":36}",
     35840,         5,         0,    2.21,chromobius,c4bceeb37166a1fc1ebc5042542c780b5d3a66150060327794e7651a6ca2a272,"{""d"":9,""p"":0.000221221629107045,""r"":36}",
     68608,         4,         0,    3.05,chromobius,60a3732502e2c5c16735dc7bee4884d2a749d5b873a287807285e3e99019f9f7,"{""d"":9,""p"":0.00016102620275609394,""r"":36}",
     58368,         6,         0,    3.09,chromobius,ac167fb5c1d28fc59af52dc488be6afe3b1df0510e901bcdc8e2d7de37577e3f,"{""d"":9,""p"":0.00018873918221350977,""r"":36}",
     48128,        10,         0,    3.07,chromobius,c4bceeb37166a1fc1ebc5042542c780b5d3a66150060327794e7651a6ca2a272,"{""d"":9,""p"":0.000221221629107045,""r"":36}",
     94208,         6,         0,    4.30,chromobius,60a3732502e2c5c16735dc7bee4884d2a749d5b873a287807285e3e99019f9f7,"{""d"":9,""p"":0.00016102620275609394,""r"":36}",
     78848,         8,         0,    4.26,chromobius,ac167fb5c1d28fc59af52dc488be6afe3b1df0510e901bcdc8e2d7de37577e3f,"{""d"":9,""p"":0.00018873918221350977,""r"":36}",
     69632,        14,         0,    4.29,chromobius,c4bceeb37166a1fc1ebc5042542c780b5d3a66150060327794e7651a6ca2a272,"{""d"":9,""p"":0.000221221629107045,""r"":36}",
    305152,        40,         0,    16.4,chromobius,ac167fb5c1d28fc59af52dc488be6afe3b1df0510e901bcdc8e2d7de37577e3f,"{""d"":9,""p"":0.00018873918221350977,""r"":36}",
    241664,        43,         0,    16.4,chromobius,c4bceeb37166a1fc1ebc5042542c780b5d3a66150060327794e7651a6ca2a272,"{""d"":9,""p"":0.000221221629107045,""r"":36}",
    125952,         5,         0,    5.97,chromobius,60a3732502e2c5c16735dc7bee4884d2a749d5b873a287807285e3e99019f9f7,"{""d"":9,""p"":0.00016102620275609394,""r"":36}",
    113664,        11,         0,    5.97,chromobius,ac167fb5c1d28fc59af52dc488be6afe3b1df0510e901bcdc8e2d7de37577e3f,"{""d"":9,""p"":0.00018873918221350977,""r"":36}",
     98304,        17,         0,    5.99,chromobius,c4bceeb37166a1fc1ebc5042542c780b5d3a66150060327794e7651a6ca2a272,"{""d"":9,""p"":0.000221221629107045,""r"":36}",
    185344,        10,         0,    8.37,chromobius,60a3732502e2c5c16735dc7bee4884d2a749d5b873a287807285e3e99019f9f7,"{""d"":9,""p"":0.00016102620275609394,""r"":36}",
    158720,        17,         0,    8.39,chromobius,ac167fb5c1d28fc59af52dc488be6afe3b1df0510e901bcdc8e2d7de37577e3f,"{""d"":9,""p"":0.00018873918221350977,""r"":36}",
    135168,        30,         0,    8.40,chromobius,c4bceeb37166a1fc1ebc5042542c780b5d3a66150060327794e7651a6ca2a272,"{""d"":9,""p"":0.000221221629107045,""r"":36}",
   2386944,       230,         0,   119.7,chromobius,ac167fb5c1d28fc59af52dc488be6afe3b1df0510e901bcdc8e2d7de37577e3f,"{""d"":9,""p"":0.00018873918221350977,""r"":36}",
    427008,        47,         0,    22.9,chromobius,ac167fb5c1d28fc59af52dc488be6afe3b1df0510e901bcdc8e2d7de37577e3f,"{""d"":9,""p"":0.00018873918221350977,""r"":36}",
    345088,        53,         0,    23.0,chromobius,c4bceeb37166a1fc1ebc5042542c780b5d3a66150060327794e7651a6ca2a272,"{""d"":9,""p"":0.000221221629107045,""r"":36}",
    257024,        15,         0,    11.7,chromobius,60a3732502e2c5c16735dc7bee4884d2a749d5b873a287807285e3e99019f9f7,"{""d"":9,""p"":0.00016102620275609394,""r"":36}",
    218112,        20,         0,    11.7,chromobius,ac167fb5c1d28fc59af52dc488be6afe3b1df0510e901bcdc8e2d7de37577e3f,"{""d"":9,""p"":0.00018873918221350977,""r"":36}",
    187392,        32,         0,    11.7,chromobius,c4bceeb37166a1fc1ebc5042542c780b5d3a66150060327794e7651a6ca2a272,"{""d"":9,""p"":0.000221221629107045,""r"":36}",
    990208,        74,         0,    44.9,chromobius,60a3732502e2c5c16735dc7bee4884d2a749d5b873a287807285e3e99019f9f7,"{""d"":9,""p"":0.00016102620275609394,""r"":36}",
    358400,        24,         0,    16.4,chromobius,60a3732502e2c5c16735dc7bee4884d2a749d5b873a287807285e3e99019f9f7,"{""d"":9,""p"":0.00016102620275609394,""r"":36}",
    302080,        27,         0,    16.4,chromobius,ac167fb5c1d28fc59af52dc488be6afe3b1df0510e901bcdc8e2d7de37577e3f,"{""d"":9,""p"":0.00018873918221350977,""r"":36}",
    263168,        67,         0,    16.4,chromobius,c4bceeb37166a1fc1ebc5042542c780b5d3a66150060327794e7651a6ca2a272,"{""d"":9,""p"":0.000221221629107045,""r"":36}",
   2435072,       164,         0,   119.7,chromobius,60a3732502e2c5c16735dc7bee4884d2a749d5b873a287807285e3e99019f9f7,"{""d"":9,""p"":0.00016102620275609394,""r"":36}",
     10580,         0,         0,   0.502,chromobius,60a3732502e2c5c16735dc7bee4884d2a749d5b873a287807285e3e99019f9f7,"{""d"":9,""p"":0.00016102620275609394,""r"":36}",
   2292736,       146,         0,   111.5,chromobius,60a3732502e2c5c16735dc7bee4884d2a749d5b873a287807285e3e99019f9f7,"{""d"":9,""p"":0.00016102620275609394,""r"":36}",
   2152448,       233,         0,   119.8,chromobius,ac167fb5c1d28fc59af52dc488be6afe3b1df0510e901bcdc8e2d7de37577e3f,"{""d"":9,""p"":0.00018873918221350977,""r"":36}",
   2094080,       359,         0,   119.8,chromobius,c4bceeb37166a1fc1ebc5042542c780b5d3a66150060327794e7651a6ca2a272,"{""d"":9,""p"":0.000221221629107045,""r"":36}",
     57344,         9,         0,    3.56,chromobius,c4bceeb37166a1fc1ebc5042542c780b5d3a66150060327794e7651a6ca2a272,"{""d"":9,""p"":0.000221221629107045,""r"":36}",
   1009664,       187,         0,    64.5,chromobius,c4bceeb37166a1fc1ebc5042542c780b5d3a66150060327794e7651a6ca2a272,"{""d"":9,""p"":0.000221221629107045,""r"":36}",
      1024,         0,         0,   0.063,chromobius,c4bceeb37166a1fc1ebc5042542c780b5d3a66150060327794e7651a6ca2a272,"{""d"":9,""p"":0.000221221629107045,""r"":36}",
    310272,        51,         0,    21.0,chromobius,c4bceeb37166a1fc1ebc5042542c780b5d3a66150060327794e7651a6ca2a272,"{""d"":9,""p"":0.000221221629107045,""r"":36}",
       273,         0,         0,   0.017,chromobius,ac167fb5c1d28fc59af52dc488be6afe3b1df0510e901bcdc8e2d7de37577e3f,"{""d"":9,""p"":0.00018873918221350977,""r"":36}",
       273,         0,         0,   0.018,chromobius,ac167fb5c1d28fc59af52dc488be6afe3b1df0510e901bcdc8e2d7de37577e3f,"{""d"":9,""p"":0.00018873918221350977,""r"":36}",
       273,         0,         0,   0.014,chromobius,60a3732502e2c5c16735dc7bee4884d2a749d5b873a287807285e3e99019f9f7,"{""d"":9,""p"":0.00016102620275609394,""r"":36}",
       273,         0,         0,   0.017,chromobius,60a3732502e2c5c16735dc7bee4884d2a749d5b873a287807285e3e99019f9f7,"{""d"":9,""p"":0.00016102620275609394,""r"":36}",
      1024,         0,         0,   0.058,chromobius,ac167fb5c1d28fc59af52dc488be6afe3b1df0510e901bcdc8e2d7de37577e3f,"{""d"":9,""p"":0.00018873918221350977,""r"":36}",
      1024,         0,         0,   0.051,chromobius,60a3732502e2c5c16735dc7bee4884d2a749d5b873a287807285e3e99019f9f7,"{""d"":9,""p"":0.00016102620275609394,""r"":36}",
      1024,         0,         0,   0.062,chromobius,ac167fb5c1d28fc59af52dc488be6afe3b1df0510e901bcdc8e2d7de37577e3f,"{""d"":9,""p"":0.00018873918221350977,""r"":36}",
      1024,         0,         0,   0.044,chromobius,60a3732502e2c5c16735dc7bee4884d2a749d5b873a287807285e3e99019f9f7,"{""d"":9,""p"":0.00016102620275609394,""r"":36}",
      1024,         0,         0,   0.052,chromobius,60a3732502e2c5c16735dc7bee4884d2a749d5b873a287807285e3e99019f9f7,"{""d"":9,""p"":0.00016102620275609394,""r"":36}",
      1024,         0,         0,   0.044,chromobius,60a3732502e2c5c16735dc7bee4884d2a749d5b873a287807285e3e99019f9f7,"{""d"":9,""p"":0.00016102620275609394,""r"":36}",
      1024,         1,         0,   0.056,chromobius,ac167fb5c1d28fc59af52dc488be6afe3b1df0510e901bcdc8e2d7de37577e3f,"{""d"":9,""p"":0.00018873918221350977,""r"":36}",
      1024,         0,         0,   0.061,chromobius,ac167fb5c1d28fc59af52dc488be6afe3b1df0510e901bcdc8e2d7de37577e3f,"{""d"":9,""p"":0.00018873918221350977,""r"":36}",
      1024,         1,         0,   0.047,chromobius,60a3732502e2c5c16735dc7bee4884d2a749d5b873a287807285e3e99019f9f7,"{""d"":9,""p"":0.00016102620275609394,""r"":36}",
      1024,         0,         0,   0.050,chromobius,60a3732502e2c5c16735dc7bee4884d2a749d5b873a287807285e3e99019f9f7,"{""d"":9,""p"":0.00016102620275609394,""r"":36}",
      1024,         0,         0,   0.057,chromobius,ac167fb5c1d28fc59af52dc488be6afe3b1df0510e901bcdc8e2d7de37577e3f,"{""d"":9,""p"":0.00018873918221350977,""r"":36}",
      1024,         0,         0,   0.059,chromobius,ac167fb5c1d28fc59af52dc488be6afe3b1df0510e901bcdc8e2d7de37577e3f,"{""d"":9,""p"":0.00018873918221350977,""r"":36}",
      1024,         0,         0,   0.044,chromobius,60a3732502e2c5c16735dc7bee4884d2a749d5b873a287807285e3e99019f9f7,"{""d"":9,""p"":0.00016102620275609394,""r"":36}",
      1024,         0,         0,   0.055,chromobius,60a3732502e2c5c16735dc7bee4884d2a749d5b873a287807285e3e99019f9f7,"{""d"":9,""p"":0.00016102620275609394,""r"":36}",
      1024,         0,         0,   0.052,chromobius,ac167fb5c1d28fc59af52dc488be6afe3b1df0510e901bcdc8e2d7de37577e3f,"{""d"":9,""p"":0.00018873918221350977,""r"":36}",
      1024,         0,         0,   0.060,chromobius,ac167fb5c1d28fc59af52dc488be6afe3b1df0510e901bcdc8e2d7de37577e3f,"{""d"":9,""p"":0.00018873918221350977,""r"":36}",
      2048,         1,         0,   0.089,chromobius,60a3732502e2c5c16735dc7bee4884d2a749d5b873a287807285e3e99019f9f7,"{""d"":9,""p"":0.00016102620275609394,""r"":36}",
      1024,         0,         0,   0.061,chromobius,ac167fb5c1d28fc59af52dc488be6afe3b1df0510e901bcdc8e2d7de37577e3f,"{""d"":9,""p"":0.00018873918221350977,""r"":36}",
      2048,         0,         0,   0.103,chromobius,60a3732502e2c5c16735dc7bee4884d2a749d5b873a287807285e3e99019f9f7,"{""d"":9,""p"":0.00016102620275609394,""r"":36}",
      2048,         1,         0,   0.101,chromobius,ac167fb5c1d28fc59af52dc488be6afe3b1df0510e901bcdc8e2d7de37577e3f,"{""d"":9,""p"":0.00018873918221350977,""r"":36}",
      2048,         0,         0,   0.087,chromobius,60a3732502e2c5c16735dc7bee4884d2a749d5b873a287807285e3e99019f9f7,"{""d"":9,""p"":0.00016102620275609394,""r"":36}",
      2048,         0,         0,   0.118,chromobius,ac167fb5c1d28fc59af52dc488be6afe3b1df0510e901bcdc8e2d7de37577e3f,"{""d"":9,""p"":0.00018873918221350977,""r"":36}",
      2048,         0,         0,   0.102,chromobius,60a3732502e2c5c16735dc7bee4884d2a749d5b873a287807285e3e99019f9f7,"{""d"":9,""p"":0.00016102620275609394,""r"":36}",
      2048,         0,         0,   0.102,chromobius,ac167fb5c1d28fc59af52dc488be6afe3b1df0510e901bcdc8e2d7de37577e3f,"{""d"":9,""p"":0.00018873918221350977,""r"":36}",
      3072,         1,         0,   0.131,chromobius,60a3732502e2c5c16735dc7bee4884d2a749d5b873a287807285e3e99019f9f7,"{""d"":9,""p"":0.00016102620275609394,""r"":36}",
      2048,         1,         0,   0.117,chromobius,ac167fb5c1d28fc59af52dc488be6afe3b1df0510e901bcdc8e2d7de37577e3f,"{""d"":9,""p"":0.00018873918221350977,""r"":36}",
      3072,         0,         0,   0.151,chromobius,60a3732502e2c5c16735dc7bee4884d2a749d5b873a287807285e3e99019f9f7,"{""d"":9,""p"":0.00016102620275609394,""r"":36}",
      3072,         1,         0,   0.153,chromobius,ac167fb5c1d28fc59af52dc488be6afe3b1df0510e901bcdc8e2d7de37577e3f,"{""d"":9,""p"":0.00018873918221350977,""r"":36}",
      4096,         1,         0,   0.178,chromobius,60a3732502e2c5c16735dc7bee4884d2a749d5b873a287807285e3e99019f9f7,"{""d"":9,""p"":0.00016102620275609394,""r"":36}",
      3072,         0,         0,   0.176,chromobius,ac167fb5c1d28fc59af52dc488be6afe3b1df0510e901bcdc8e2d7de37577e3f,"{""d"":9,""p"":0.00018873918221350977,""r"":36}",
      3072,         0,         0,   0.151,chromobius,60a3732502e2c5c16735dc7bee4884d2a749d5b873a287807285e3e99019f9f7,"{""d"":9,""p"":0.00016102620275609394,""r"":36}",
      3072,         1,         0,   0.151,chromobius,ac167fb5c1d28fc59af52dc488be6afe3b1df0510e901bcdc8e2d7de37577e3f,"{""d"":9,""p"":0.00018873918221350977,""r"":36}",
      5120,         0,         0,   0.221,chromobius,60a3732502e2c5c16735dc7bee4884d2a749d5b873a287807285e3e99019f9f7,"{""d"":9,""p"":0.00016102620275609394,""r"":36}",
      4096,         1,         0,   0.238,chromobius,ac167fb5c1d28fc59af52dc488be6afe3b1df0510e901bcdc8e2d7de37577e3f,"{""d"":9,""p"":0.00018873918221350977,""r"":36}",
      5120,         0,         0,   0.239,chromobius,60a3732502e2c5c16735dc7bee4884d2a749d5b873a287807285e3e99019f9f7,"{""d"":9,""p"":0.00016102620275609394,""r"":36}",
      5120,         1,         0,   0.256,chromobius,ac167fb5c1d28fc59af52dc488be6afe3b1df0510e901bcdc8e2d7de37577e3f,"{""d"":9,""p"":0.00018873918221350977,""r"":36}",
      7168,         1,         0,   0.307,chromobius,60a3732502e2c5c16735dc7bee4884d2a749d5b873a287807285e3e99019f9f7,"{""d"":9,""p"":0.00016102620275609394,""r"":36}",
      5120,         0,         0,   0.293,chromobius,ac167fb5c1d28fc59af52dc488be6afe3b1df0510e901bcdc8e2d7de37577e3f,"{""d"":9,""p"":0.00018873918221350977,""r"":36}",
      6144,         0,         0,   0.291,chromobius,60a3732502e2c5c16735dc7bee4884d2a749d5b873a287807285e3e99019f9f7,"{""d"":9,""p"":0.00016102620275609394,""r"":36}",
      6144,         1,         0,   0.304,chromobius,ac167fb5c1d28fc59af52dc488be6afe3b1df0510e901bcdc8e2d7de37577e3f,"{""d"":9,""p"":0.00018873918221350977,""r"":36}",
      7168,         1,         0,   0.407,chromobius,ac167fb5c1d28fc59af52dc488be6afe3b1df0510e901bcdc8e2d7de37577e3f,"{""d"":9,""p"":0.00018873918221350977,""r"":36}",
     10240,         0,         0,   0.438,chromobius,60a3732502e2c5c16735dc7bee4884d2a749d5b873a287807285e3e99019f9f7,"{""d"":9,""p"":0.00016102620275609394,""r"":36}",
      9216,         0,         0,   0.427,chromobius,60a3732502e2c5c16735dc7bee4884d2a749d5b873a287807285e3e99019f9f7,"{""d"":9,""p"":0.00016102620275609394,""r"":36}",
      8192,         0,         0,   0.412,chromobius,ac167fb5c1d28fc59af52dc488be6afe3b1df0510e901bcdc8e2d7de37577e3f,"{""d"":9,""p"":0.00018873918221350977,""r"":36}",
     13312,         2,         0,   0.579,chromobius,60a3732502e2c5c16735dc7bee4884d2a749d5b873a287807285e3e99019f9f7,"{""d"":9,""p"":0.00016102620275609394,""r"":36}",
     10240,         0,         0,   0.587,chromobius,ac167fb5c1d28fc59af52dc488be6afe3b1df0510e901bcdc8e2d7de37577e3f,"{""d"":9,""p"":0.00018873918221350977,""r"":36}",
     12288,         2,         0,   0.595,chromobius,60a3732502e2c5c16735dc7bee4884d2a749d5b873a287807285e3e99019f9f7,"{""d"":9,""p"":0.00016102620275609394,""r"":36}",
     12288,         0,         0,   0.603,chromobius,ac167fb5c1d28fc59af52dc488be6afe3b1df0510e901bcdc8e2d7de37577e3f,"{""d"":9,""p"":0.00018873918221350977,""r"":36}",
     19456,         2,         0,   0.815,chromobius,60a3732502e2c5c16735dc7bee4884d2a749d5b873a287807285e3e99019f9f7,"{""d"":9,""p"":0.00016102620275609394,""r"":36}",
     14336,         0,         0,   0.817,chromobius,ac167fb5c1d28fc59af52dc488be6afe3b1df0510e901bcdc8e2d7de37577e3f,"{""d"":9,""p"":0.00018873918221350977,""r"":36}",
     16384,         2,         0,   0.793,chromobius,60a3732502e2c5c16735dc7bee4884d2a749d5b873a287807285e3e99019f9f7,"{""d"":9,""p"":0.00016102620275609394,""r"":36}",
     16384,         3,         0,   0.803,chromobius,ac167fb5c1d28fc59af52dc488be6afe3b1df0510e901bcdc8e2d7de37577e3f,"{""d"":9,""p"":0.00018873918221350977,""r"":36}",
    351356,        25,         0,    15.9,chromobius,60a3732502e2c5c16735dc7bee4884d2a749d5b873a287807285e3e99019f9f7,"{""d"":9,""p"":0.00016102620275609394,""r"":36}",
     19456,         1,         0,    1.12,chromobius,ac167fb5c1d28fc59af52dc488be6afe3b1df0510e901bcdc8e2d7de37577e3f,"{""d"":9,""p"":0.00018873918221350977,""r"":36}",
     23552,         1,         0,    1.12,chromobius,60a3732502e2c5c16735dc7bee4884d2a749d5b873a287807285e3e99019f9f7,"{""d"":9,""p"":0.00016102620275609394,""r"":36}",
     27648,         1,         0,    1.15,chromobius,60a3732502e2c5c16735dc7bee4884d2a749d5b873a287807285e3e99019f9f7,"{""d"":9,""p"":0.00016102620275609394,""r"":36}",
     21504,         4,         0,    1.16,chromobius,ac167fb5c1d28fc59af52dc488be6afe3b1df0510e901bcdc8e2d7de37577e3f,"{""d"":9,""p"":0.00018873918221350977,""r"":36}",
     37888,         1,         0,    1.58,chromobius,60a3732502e2c5c16735dc7bee4884d2a749d5b873a287807285e3e99019f9f7,"{""d"":9,""p"":0.00016102620275609394,""r"":36}",
     27648,         4,         0,    1.61,chromobius,ac167fb5c1d28fc59af52dc488be6afe3b1df0510e901bcdc8e2d7de37577e3f,"{""d"":9,""p"":0.00018873918221350977,""r"":36}",
     33792,         0,         0,    1.60,chromobius,60a3732502e2c5c16735dc7bee4884d2a749d5b873a287807285e3e99019f9f7,"{""d"":9,""p"":0.00016102620275609394,""r"":36}",
     28672,         2,         0,    1.58,chromobius,ac167fb5c1d28fc59af52dc488be6afe3b1df0510e901bcdc8e2d7de37577e3f,"{""d"":9,""p"":0.00018873918221350977,""r"":36}",
    270349,        22,         0,    11.9,chromobius,60a3732502e2c5c16735dc7bee4884d2a749d5b873a287807285e3e99019f9f7,"{""d"":9,""p"":0.00016102620275609394,""r"":36}",
    214016,        15,         0,    10.7,chromobius,60a3732502e2c5c16735dc7bee4884d2a749d5b873a287807285e3e99019f9f7,"{""d"":9,""p"":0.00016102620275609394,""r"":36}",
    219136,        22,         0,    10.7,chromobius,60a3732502e2c5c16735dc7bee4884d2a749d5b873a287807285e3e99019f9f7,"{""d"":9,""p"":0.00016102620275609394,""r"":36}",
     52224,         3,         0,    2.19,chromobius,60a3732502e2c5c16735dc7bee4884d2a749d5b873a287807285e3e99019f9f7,"{""d"":9,""p"":0.00016102620275609394,""r"":36}",
     45056,         3,         0,    2.19,chromobius,60a3732502e2c5c16735dc7bee4884d2a749d5b873a287807285e3e99019f9f7,"{""d"":9,""p"":0.00016102620275609394,""r"":36}",
     37888,        11,         0,    2.23,chromobius,ac167fb5c1d28fc59af52dc488be6afe3b1df0510e901bcdc8e2d7de37577e3f,"{""d"":9,""p"":0.00018873918221350977,""r"":36}",
     39936,         3,         0,    2.18,chromobius,ac167fb5c1d28fc59af52dc488be6afe3b1df0510e901bcdc8e2d7de37577e3f,"{""d"":9,""p"":0.00018873918221350977,""r"":36}",
     56333,         1,         0,    2.66,chromobius,60a3732502e2c5c16735dc7bee4884d2a749d5b873a287807285e3e99019f9f7,"{""d"":9,""p"":0.00016102620275609394,""r"":36}",
    169984,        16,         0,    7.29,chromobius,60a3732502e2c5c16735dc7bee4884d2a749d5b873a287807285e3e99019f9f7,"{""d"":9,""p"":0.00016102620275609394,""r"":36}",
     59409,         4,         0,    2.87,chromobius,60a3732502e2c5c16735dc7bee4884d2a749d5b873a287807285e3e99019f9f7,"{""d"":9,""p"":0.00016102620275609394,""r"":36}",
    591872,        53,         0,    32.1,chromobius,ac167fb5c1d28fc59af52dc488be6afe3b1df0510e901bcdc8e2d7de37577e3f,"{""d"":9,""p"":0.00018873918221350977,""r"":36}",
     63488,         1,         0,    3.04,chromobius,60a3732502e2c5c16735dc7bee4884d2a749d5b873a287807285e3e99019f9f7,"{""d"":9,""p"":0.00016102620275609394,""r"":36}",
     66560,         0,         0,    3.07,chromobius,60a3732502e2c5c16735dc7bee4884d2a749d5b873a287807285e3e99019f9f7,"{""d"":9,""p"":0.00016102620275609394,""r"":36}",
     68783,         2,         0,    3.21,chromobius,60a3732502e2c5c16735dc7bee4884d2a749d5b873a287807285e3e99019f9f7,"{""d"":9,""p"":0.00016102620275609394,""r"":36}",
     52224,         3,         0,    3.05,chromobius,ac167fb5c1d28fc59af52dc488be6afe3b1df0510e901bcdc8e2d7de37577e3f,"{""d"":9,""p"":0.00018873918221350977,""r"":36}",
     57344,        10,         0,    3.05,chromobius,ac167fb5c1d28fc59af52dc488be6afe3b1df0510e901bcdc8e2d7de37577e3f,"{""d"":9,""p"":0.00018873918221350977,""r"":36}",
     35646,         2,         0,    1.73,chromobius,60a3732502e2c5c16735dc7bee4884d2a749d5b873a287807285e3e99019f9f7,"{""d"":9,""p"":0.00016102620275609394,""r"":36}",
     29705,         1,         0,    1.58,chromobius,60a3732502e2c5c16735dc7bee4884d2a749d5b873a287807285e3e99019f9f7,"{""d"":9,""p"":0.00016102620275609394,""r"":36}",
     33792,         1,         0,    1.76,chromobius,60a3732502e2c5c16735dc7bee4884d2a749d5b873a287807285e3e99019f9f7,"{""d"":9,""p"":0.00016102620275609394,""r"":36}",
     29696,         1,         0,    1.35,chromobius,60a3732502e2c5c16735dc7bee4884d2a749d5b873a287807285e3e99019f9f7,"{""d"":9,""p"":0.00016102620275609394,""r"":36}",
     29696,         6,         0,    1.34,chromobius,60a3732502e2c5c16735dc7bee4884d2a749d5b873a287807285e3e99019f9f7,"{""d"":9,""p"":0.00016102620275609394,""r"":36}",
         9,         0,         0,   0.001,chromobius,60a3732502e2c5c16735dc7bee4884d2a749d5b873a287807285e3e99019f9f7,"{""d"":9,""p"":0.00016102620275609394,""r"":36}",
         9,         0,         0,   0.001,chromobius,60a3732502e2c5c16735dc7bee4884d2a749d5b873a287807285e3e99019f9f7,"{""d"":9,""p"":0.00016102620275609394,""r"":36}",
     23552,         3,         0,    1.31,chromobius,60a3732502e2c5c16735dc7bee4884d2a749d5b873a287807285e3e99019f9f7,"{""d"":9,""p"":0.00016102620275609394,""r"":36}",
      1854,         1,         0,   0.079,chromobius,60a3732502e2c5c16735dc7bee4884d2a749d5b873a287807285e3e99019f9f7,"{""d"":9,""p"":0.00016102620275609394,""r"":36}",
       646,         0,         0,   0.026,chromobius,60a3732502e2c5c16735dc7bee4884d2a749d5b873a287807285e3e99019f9f7,"{""d"":9,""p"":0.00016102620275609394,""r"":36}",
       417,         0,         0,   0.020,chromobius,60a3732502e2c5c16735dc7bee4884d2a749d5b873a287807285e3e99019f9f7,"{""d"":9,""p"":0.00016102620275609394,""r"":36}",
      4878,         0,         0,   0.231,chromobius,60a3732502e2c5c16735dc7bee4884d2a749d5b873a287807285e3e99019f9f7,"{""d"":9,""p"":0.00016102620275609394,""r"":36}",
      3996,         0,         0,   0.227,chromobius,60a3732502e2c5c16735dc7bee4884d2a749d5b873a287807285e3e99019f9f7,"{""d"":9,""p"":0.00016102620275609394,""r"":36}",
      3330,         0,         0,   0.166,chromobius,60a3732502e2c5c16735dc7bee4884d2a749d5b873a287807285e3e99019f9f7,"{""d"":9,""p"":0.00016102620275609394,""r"":36}",
      3330,         0,         0,   0.212,chromobius,60a3732502e2c5c16735dc7bee4884d2a749d5b873a287807285e3e99019f9f7,"{""d"":9,""p"":0.00016102620275609394,""r"":36}",
       666,         0,         0,   0.050,chromobius,60a3732502e2c5c16735dc7bee4884d2a749d5b873a287807285e3e99019f9f7,"{""d"":9,""p"":0.00016102620275609394,""r"":36}",
      3072,         0,         0,   0.164,chromobius,60a3732502e2c5c16735dc7bee4884d2a749d5b873a287807285e3e99019f9f7,"{""d"":9,""p"":0.00016102620275609394,""r"":36}",
       666,         1,         0,   0.041,chromobius,60a3732502e2c5c16735dc7bee4884d2a749d5b873a287807285e3e99019f9f7,"{""d"":9,""p"":0.00016102620275609394,""r"":36}",
      3330,         1,         0,   0.259,chromobius,60a3732502e2c5c16735dc7bee4884d2a749d5b873a287807285e3e99019f9f7,"{""d"":9,""p"":0.00016102620275609394,""r"":36}",
      2220,         0,         0,   0.117,chromobius,60a3732502e2c5c16735dc7bee4884d2a749d5b873a287807285e3e99019f9f7,"{""d"":9,""p"":0.00016102620275609394,""r"":36}",
       179,         0,         0,   0.010,chromobius,60a3732502e2c5c16735dc7bee4884d2a749d5b873a287807285e3e99019f9f7,"{""d"":9,""p"":0.00016102620275609394,""r"":36}",
       666,         0,         0,   0.030,chromobius,60a3732502e2c5c16735dc7bee4884d2a749d5b873a287807285e3e99019f9f7,"{""d"":9,""p"":0.00016102620275609394,""r"":36}",
      1024,         0,         0,   0.046,chromobius,60a3732502e2c5c16735dc7bee4884d2a749d5b873a287807285e3e99019f9f7,"{""d"":9,""p"":0.00016102620275609394,""r"":36}",
       258,         1,         0,   0.022,chromobius,60a3732502e2c5c16735dc7bee4884d2a749d5b873a287807285e3e99019f9f7,"{""d"":9,""p"":0.00016102620275609394,""r"":36}",
        55,         0,         0,   0.004,chromobius,60a3732502e2c5c16735dc7bee4884d2a749d5b873a287807285e3e99019f9f7,"{""d"":9,""p"":0.00016102620275609394,""r"":36}",
       249,         0,         0,   0.013,chromobius,60a3732502e2c5c16735dc7bee4884d2a749d5b873a287807285e3e99019f9f7,"{""d"":9,""p"":0.00016102620275609394,""r"":36}",
       931,         0,         0,   0.057,chromobius,60a3732502e2c5c16735dc7bee4884d2a749d5b873a287807285e3e99019f9f7,"{""d"":9,""p"":0.00016102620275609394,""r"":36}",
       273,         0,         0,   0.020,chromobius,ac167fb5c1d28fc59af52dc488be6afe3b1df0510e901bcdc8e2d7de37577e3f,"{""d"":9,""p"":0.00018873918221350977,""r"":36}",
       273,         0,         0,   0.022,chromobius,ac167fb5c1d28fc59af52dc488be6afe3b1df0510e901bcdc8e2d7de37577e3f,"{""d"":9,""p"":0.00018873918221350977,""r"":36}",
        17,         0,         0,   0.011,chromobius,ac167fb5c1d28fc59af52dc488be6afe3b1df0510e901bcdc8e2d7de37577e3f,"{""d"":9,""p"":0.00018873918221350977,""r"":36}",
       256,         0,         0,   0.015,chromobius,ac167fb5c1d28fc59af52dc488be6afe3b1df0510e901bcdc8e2d7de37577e3f,"{""d"":9,""p"":0.00018873918221350977,""r"":36}",
      1024,         0,         0,   0.056,chromobius,ac167fb5c1d28fc59af52dc488be6afe3b1df0510e901bcdc8e2d7de37577e3f,"{""d"":9,""p"":0.00018873918221350977,""r"":36}",
       273,         0,         0,   0.019,chromobius,ac167fb5c1d28fc59af52dc488be6afe3b1df0510e901bcdc8e2d7de37577e3f,"{""d"":9,""p"":0.00018873918221350977,""r"":36}",
       273,         0,         0,   0.020,chromobius,ac167fb5c1d28fc59af52dc488be6afe3b1df0510e901bcdc8e2d7de37577e3f,"{""d"":9,""p"":0.00018873918221350977,""r"":36}",
       273,         0,         0,   0.030,chromobius,ac167fb5c1d28fc59af52dc488be6afe3b1df0510e901bcdc8e2d7de37577e3f,"{""d"":9,""p"":0.00018873918221350977,""r"":36}",
      1024,         0,         0,   0.066,chromobius,ac167fb5c1d28fc59af52dc488be6afe3b1df0510e901bcdc8e2d7de37577e3f,"{""d"":9,""p"":0.00018873918221350977,""r"":36}",
      1024,         0,         0,   0.058,chromobius,ac167fb5c1d28fc59af52dc488be6afe3b1df0510e901bcdc8e2d7de37577e3f,"{""d"":9,""p"":0.00018873918221350977,""r"":36}",
      1024,         1,         0,   0.066,chromobius,ac167fb5c1d28fc59af52dc488be6afe3b1df0510e901bcdc8e2d7de37577e3f,"{""d"":9,""p"":0.00018873918221350977,""r"":36}",
      1024,         0,         0,   0.081,chromobius,ac167fb5c1d28fc59af52dc488be6afe3b1df0510e901bcdc8e2d7de37577e3f,"{""d"":9,""p"":0.00018873918221350977,""r"":36}",
      1024,         0,         0,   0.086,chromobius,ac167fb5c1d28fc59af52dc488be6afe3b1df0510e901bcdc8e2d7de37577e3f,"{""d"":9,""p"":0.00018873918221350977,""r"":36}",
      1024,         0,         0,   0.053,chromobius,ac167fb5c1d28fc59af52dc488be6afe3b1df0510e901bcdc8e2d7de37577e3f,"{""d"":9,""p"":0.00018873918221350977,""r"":36}",
      1024,         0,         0,   0.100,chromobius,ac167fb5c1d28fc59af52dc488be6afe3b1df0510e901bcdc8e2d7de37577e3f,"{""d"":9,""p"":0.00018873918221350977,""r"":36}",
      1024,         0,         0,   0.057,chromobius,ac167fb5c1d28fc59af52dc488be6afe3b1df0510e901bcdc8e2d7de37577e3f,"{""d"":9,""p"":0.00018873918221350977,""r"":36}",
      1024,         0,         0,   0.055,chromobius,ac167fb5c1d28fc59af52dc488be6afe3b1df0510e901bcdc8e2d7de37577e3f,"{""d"":9,""p"":0.00018873918221350977,""r"":36}",
      1024,         0,         0,   0.070,chromobius,ac167fb5c1d28fc59af52dc488be6afe3b1df0510e901bcdc8e2d7de37577e3f,"{""d"":9,""p"":0.00018873918221350977,""r"":36}",
      1024,         0,         0,   0.056,chromobius,ac167fb5c1d28fc59af52dc488be6afe3b1df0510e901bcdc8e2d7de37577e3f,"{""d"":9,""p"":0.00018873918221350977,""r"":36}",
      1024,         0,         0,   0.055,chromobius,ac167fb5c1d28fc59af52dc488be6afe3b1df0510e901bcdc8e2d7de37577e3f,"{""d"":9,""p"":0.00018873918221350977,""r"":36}",
      1024,         0,         0,   0.099,chromobius,ac167fb5c1d28fc59af52dc488be6afe3b1df0510e901bcdc8e2d7de37577e3f,"{""d"":9,""p"":0.00018873918221350977,""r"":36}",
      1024,         0,         0,   0.069,chromobius,ac167fb5c1d28fc59af52dc488be6afe3b1df0510e901bcdc8e2d7de37577e3f,"{""d"":9,""p"":0.00018873918221350977,""r"":36}",
      1024,         0,         0,   0.086,chromobius,ac167fb5c1d28fc59af52dc488be6afe3b1df0510e901bcdc8e2d7de37577e3f,"{""d"":9,""p"":0.00018873918221350977,""r"":36}",
      1024,         0,         0,   0.057,chromobius,ac167fb5c1d28fc59af52dc488be6afe3b1df0510e901bcdc8e2d7de37577e3f,"{""d"":9,""p"":0.00018873918221350977,""r"":36}",
      1024,         0,         0,   0.083,chromobius,ac167fb5c1d28fc59af52dc488be6afe3b1df0510e901bcdc8e2d7de37577e3f,"{""d"":9,""p"":0.00018873918221350977,""r"":36}",
      1024,         0,         0,   0.058,chromobius,ac167fb5c1d28fc59af52dc488be6afe3b1df0510e901bcdc8e2d7de37577e3f,"{""d"":9,""p"":0.00018873918221350977,""r"":36}",
      1024,         0,         0,   0.060,chromobius,ac167fb5c1d28fc59af52dc488be6afe3b1df0510e901bcdc8e2d7de37577e3f,"{""d"":9,""p"":0.00018873918221350977,""r"":36}",
      1024,         0,         0,   0.059,chromobius,ac167fb5c1d28fc59af52dc488be6afe3b1df0510e901bcdc8e2d7de37577e3f,"{""d"":9,""p"":0.00018873918221350977,""r"":36}",
      1024,         0,         0,   0.075,chromobius,ac167fb5c1d28fc59af52dc488be6afe3b1df0510e901bcdc8e2d7de37577e3f,"{""d"":9,""p"":0.00018873918221350977,""r"":36}",
      1024,         0,         0,   0.064,chromobius,ac167fb5c1d28fc59af52dc488be6afe3b1df0510e901bcdc8e2d7de37577e3f,"{""d"":9,""p"":0.00018873918221350977,""r"":36}",
      1024,         0,         0,   0.056,chromobius,ac167fb5c1d28fc59af52dc488be6afe3b1df0510e901bcdc8e2d7de37577e3f,"{""d"":9,""p"":0.00018873918221350977,""r"":36}",
      1024,         0,         0,   0.062,chromobius,ac167fb5c1d28fc59af52dc488be6afe3b1df0510e901bcdc8e2d7de37577e3f,"{""d"":9,""p"":0.00018873918221350977,""r"":36}",
      1024,         0,         0,   0.058,chromobius,ac167fb5c1d28fc59af52dc488be6afe3b1df0510e901bcdc8e2d7de37577e3f,"{""d"":9,""p"":0.00018873918221350977,""r"":36}",
      1024,         1,         0,   0.077,chromobius,ac167fb5c1d28fc59af52dc488be6afe3b1df0510e901bcdc8e2d7de37577e3f,"{""d"":9,""p"":0.00018873918221350977,""r"":36}",
      1024,         0,         0,   0.097,chromobius,ac167fb5c1d28fc59af52dc488be6afe3b1df0510e901bcdc8e2d7de37577e3f,"{""d"":9,""p"":0.00018873918221350977,""r"":36}",
      2048,         1,         0,   0.124,chromobius,ac167fb5c1d28fc59af52dc488be6afe3b1df0510e901bcdc8e2d7de37577e3f,"{""d"":9,""p"":0.00018873918221350977,""r"":36}",
      2048,         1,         0,   0.167,chromobius,ac167fb5c1d28fc59af52dc488be6afe3b1df0510e901bcdc8e2d7de37577e3f,"{""d"":9,""p"":0.00018873918221350977,""r"":36}",
      2048,         0,         0,   0.120,chromobius,ac167fb5c1d28fc59af52dc488be6afe3b1df0510e901bcdc8e2d7de37577e3f,"{""d"":9,""p"":0.00018873918221350977,""r"":36}",
      2048,         1,         0,   0.128,chromobius,ac167fb5c1d28fc59af52dc488be6afe3b1df0510e901bcdc8e2d7de37577e3f,"{""d"":9,""p"":0.00018873918221350977,""r"":36}",
      1024,         0,         0,   0.099,chromobius,ac167fb5c1d28fc59af52dc488be6afe3b1df0510e901bcdc8e2d7de37577e3f,"{""d"":9,""p"":0.00018873918221350977,""r"":36}",
      1024,         0,         0,   0.116,chromobius,ac167fb5c1d28fc59af52dc488be6afe3b1df0510e901bcdc8e2d7de37577e3f,"{""d"":9,""p"":0.00018873918221350977,""r"":36}",
      2048,         0,         0,   0.123,chromobius,ac167fb5c1d28fc59af52dc488be6afe3b1df0510e901bcdc8e2d7de37577e3f,"{""d"":9,""p"":0.00018873918221350977,""r"":36}",
      2048,         0,         0,   0.121,chromobius,ac167fb5c1d28fc59af52dc488be6afe3b1df0510e901bcdc8e2d7de37577e3f,"{""d"":9,""p"":0.00018873918221350977,""r"":36}",
      1024,         0,         0,   0.125,chromobius,ac167fb5c1d28fc59af52dc488be6afe3b1df0510e901bcdc8e2d7de37577e3f,"{""d"":9,""p"":0.00018873918221350977,""r"":36}",
      2048,         0,         0,   0.120,chromobius,ac167fb5c1d28fc59af52dc488be6afe3b1df0510e901bcdc8e2d7de37577e3f,"{""d"":9,""p"":0.00018873918221350977,""r"":36}",
      1024,         1,         0,   0.121,chromobius,ac167fb5c1d28fc59af52dc488be6afe3b1df0510e901bcdc8e2d7de37577e3f,"{""d"":9,""p"":0.00018873918221350977,""r"":36}",
      2048,         0,         0,   0.182,chromobius,ac167fb5c1d28fc59af52dc488be6afe3b1df0510e901bcdc8e2d7de37577e3f,"{""d"":9,""p"":0.00018873918221350977,""r"":36}",
      2048,         0,         0,   0.161,chromobius,ac167fb5c1d28fc59af52dc488be6afe3b1df0510e901bcdc8e2d7de37577e3f,"{""d"":9,""p"":0.00018873918221350977,""r"":36}",
      3072,         1,         0,   0.175,chromobius,ac167fb5c1d28fc59af52dc488be6afe3b1df0510e901bcdc8e2d7de37577e3f,"{""d"":9,""p"":0.00018873918221350977,""r"":36}",
      3072,         0,         0,   0.168,chromobius,ac167fb5c1d28fc59af52dc488be6afe3b1df0510e901bcdc8e2d7de37577e3f,"{""d"":9,""p"":0.00018873918221350977,""r"":36}",
      3072,         0,         0,   0.183,chromobius,ac167fb5c1d28fc59af52dc488be6afe3b1df0510e901bcdc8e2d7de37577e3f,"{""d"":9,""p"":0.00018873918221350977,""r"":36}",
      2048,         0,         0,   0.207,chromobius,ac167fb5c1d28fc59af52dc488be6afe3b1df0510e901bcdc8e2d7de37577e3f,"{""d"":9,""p"":0.00018873918221350977,""r"":36}",
      2048,         0,         0,   0.182,chromobius,ac167fb5c1d28fc59af52dc488be6afe3b1df0510e901bcdc8e2d7de37577e3f,"{""d"":9,""p"":0.00018873918221350977,""r"":36}",
      4096,         1,         0,   0.210,chromobius,ac167fb5c1d28fc59af52dc488be6afe3b1df0510e901bcdc8e2d7de37577e3f,"{""d"":9,""p"":0.00018873918221350977,""r"":36}",
      4096,         1,         0,   0.209,chromobius,ac167fb5c1d28fc59af52dc488be6afe3b1df0510e901bcdc8e2d7de37577e3f,"{""d"":9,""p"":0.00018873918221350977,""r"":36}",
      2048,         0,         0,   0.184,chromobius,ac167fb5c1d28fc59af52dc488be6afe3b1df0510e901bcdc8e2d7de37577e3f,"{""d"":9,""p"":0.00018873918221350977,""r"":36}",
      4096,         1,         0,   0.244,chromobius,ac167fb5c1d28fc59af52dc488be6afe3b1df0510e901bcdc8e2d7de37577e3f,"{""d"":9,""p"":0.00018873918221350977,""r"":36}",
      3072,         0,         0,   0.305,chromobius,ac167fb5c1d28fc59af52dc488be6afe3b1df0510e901bcdc8e2d7de37577e3f,"{""d"":9,""p"":0.00018873918221350977,""r"":36}",
      3072,         0,         0,   0.259,chromobius,ac167fb5c1d28fc59af52dc488be6afe3b1df0510e901bcdc8e2d7de37577e3f,"{""d"":9,""p"":0.00018873918221350977,""r"":36}",
      5120,         1,         0,   0.291,chromobius,ac167fb5c1d28fc59af52dc488be6afe3b1df0510e901bcdc8e2d7de37577e3f,"{""d"":9,""p"":0.00018873918221350977,""r"":36}",
      6144,         3,         0,   0.325,chromobius,ac167fb5c1d28fc59af52dc488be6afe3b1df0510e901bcdc8e2d7de37577e3f,"{""d"":9,""p"":0.00018873918221350977,""r"":36}",
      3072,         0,         0,   0.289,chromobius,ac167fb5c1d28fc59af52dc488be6afe3b1df0510e901bcdc8e2d7de37577e3f,"{""d"":9,""p"":0.00018873918221350977,""r"":36}",
      6144,         0,         0,   0.348,chromobius,ac167fb5c1d28fc59af52dc488be6afe3b1df0510e901bcdc8e2d7de37577e3f,"{""d"":9,""p"":0.00018873918221350977,""r"":36}",
      4096,         0,         0,   0.352,chromobius,ac167fb5c1d28fc59af52dc488be6afe3b1df0510e901bcdc8e2d7de37577e3f,"{""d"":9,""p"":0.00018873918221350977,""r"":36}",
      4096,         0,         0,   0.364,chromobius,ac167fb5c1d28fc59af52dc488be6afe3b1df0510e901bcdc8e2d7de37577e3f,"{""d"":9,""p"":0.00018873918221350977,""r"":36}",
      8192,         0,         0,   0.423,chromobius,ac167fb5c1d28fc59af52dc488be6afe3b1df0510e901bcdc8e2d7de37577e3f,"{""d"":9,""p"":0.00018873918221350977,""r"":36}",
      4096,         0,         0,   0.370,chromobius,ac167fb5c1d28fc59af52dc488be6afe3b1df0510e901bcdc8e2d7de37577e3f,"{""d"":9,""p"":0.00018873918221350977,""r"":36}",
      8192,         0,         0,   0.413,chromobius,ac167fb5c1d28fc59af52dc488be6afe3b1df0510e901bcdc8e2d7de37577e3f,"{""d"":9,""p"":0.00018873918221350977,""r"":36}",
      7168,         2,         0,   0.421,chromobius,ac167fb5c1d28fc59af52dc488be6afe3b1df0510e901bcdc8e2d7de37577e3f,"{""d"":9,""p"":0.00018873918221350977,""r"":36}",
      5120,         0,         0,   0.473,chromobius,ac167fb5c1d28fc59af52dc488be6afe3b1df0510e901bcdc8e2d7de37577e3f,"{""d"":9,""p"":0.00018873918221350977,""r"":36}",
      5120,         0,         0,   0.454,chromobius,ac167fb5c1d28fc59af52dc488be6afe3b1df0510e901bcdc8e2d7de37577e3f,"{""d"":9,""p"":0.00018873918221350977,""r"":36}",
      5120,         2,         0,   0.442,chromobius,ac167fb5c1d28fc59af52dc488be6afe3b1df0510e901bcdc8e2d7de37577e3f,"{""d"":9,""p"":0.00018873918221350977,""r"":36}",
     11264,         2,         0,   0.589,chromobius,ac167fb5c1d28fc59af52dc488be6afe3b1df0510e901bcdc8e2d7de37577e3f,"{""d"":9,""p"":0.00018873918221350977,""r"":36}",
     11264,         0,         0,   0.637,chromobius,ac167fb5c1d28fc59af52dc488be6afe3b1df0510e901bcdc8e2d7de37577e3f,"{""d"":9,""p"":0.00018873918221350977,""r"":36}",
     10240,         3,         0,   0.603,chromobius,ac167fb5c1d28fc59af52dc488be6afe3b1df0510e901bcdc8e2d7de37577e3f,"{""d"":9,""p"":0.00018873918221350977,""r"":36}",
     80896,         4,         0,    4.30,chromobius,ac167fb5c1d28fc59af52dc488be6afe3b1df0510e901bcdc8e2d7de37577e3f,"{""d"":9,""p"":0.00018873918221350977,""r"":36}",
     59392,         2,         0,    4.25,chromobius,ac167fb5c1d28fc59af52dc488be6afe3b1df0510e901bcdc8e2d7de37577e3f,"{""d"":9,""p"":0.00018873918221350977,""r"":36}",
      8192,         0,         0,   0.620,chromobius,ac167fb5c1d28fc59af52dc488be6afe3b1df0510e901bcdc8e2d7de37577e3f,"{""d"":9,""p"":0.00018873918221350977,""r"":36}",
      8192,         1,         0,   0.599,chromobius,ac167fb5c1d28fc59af52dc488be6afe3b1df0510e901bcdc8e2d7de37577e3f,"{""d"":9,""p"":0.00018873918221350977,""r"":36}",
      9216,         0,         0,   0.592,chromobius,ac167fb5c1d28fc59af52dc488be6afe3b1df0510e901bcdc8e2d7de37577e3f,"{""d"":9,""p"":0.00018873918221350977,""r"":36}",
     14336,         0,         0,   0.810,chromobius,ac167fb5c1d28fc59af52dc488be6afe3b1df0510e901bcdc8e2d7de37577e3f,"{""d"":9,""p"":0.00018873918221350977,""r"":36}",
     15360,         4,         0,   0.840,chromobius,ac167fb5c1d28fc59af52dc488be6afe3b1df0510e901bcdc8e2d7de37577e3f,"{""d"":9,""p"":0.00018873918221350977,""r"":36}",
     13312,         1,         0,   0.813,chromobius,ac167fb5c1d28fc59af52dc488be6afe3b1df0510e901bcdc8e2d7de37577e3f,"{""d"":9,""p"":0.00018873918221350977,""r"":36}",
     11264,         0,         0,   0.819,chromobius,ac167fb5c1d28fc59af52dc488be6afe3b1df0510e901bcdc8e2d7de37577e3f,"{""d"":9,""p"":0.00018873918221350977,""r"":36}",
     11264,         1,         0,   0.808,chromobius,ac167fb5c1d28fc59af52dc488be6afe3b1df0510e901bcdc8e2d7de37577e3f,"{""d"":9,""p"":0.00018873918221350977,""r"":36}",
     15360,         0,         0,   0.837,chromobius,ac167fb5c1d28fc59af52dc488be6afe3b1df0510e901bcdc8e2d7de37577e3f,"{""d"":9,""p"":0.00018873918221350977,""r"":36}",
     20480,         2,         0,    1.14,chromobius,ac167fb5c1d28fc59af52dc488be6afe3b1df0510e901bcdc8e2d7de37577e3f,"{""d"":9,""p"":0.00018873918221350977,""r"":36}",
     22528,         6,         0,    1.15,chromobius,ac167fb5c1d28fc59af52dc488be6afe3b1df0510e901bcdc8e2d7de37577e3f,"{""d"":9,""p"":0.00018873918221350977,""r"":36}",
     18432,         1,         0,    1.13,chromobius,ac167fb5c1d28fc59af52dc488be6afe3b1df0510e901bcdc8e2d7de37577e3f,"{""d"":9,""p"":0.00018873918221350977,""r"":36}",
     16384,         0,         0,    1.18,chromobius,ac167fb5c1d28fc59af52dc488be6afe3b1df0510e901bcdc8e2d7de37577e3f,"{""d"":9,""p"":0.00018873918221350977,""r"":36}",
     15360,         1,         0,    1.15,chromobius,ac167fb5c1d28fc59af52dc488be6afe3b1df0510e901bcdc8e2d7de37577e3f,"{""d"":9,""p"":0.00018873918221350977,""r"":36}",
     19456,         2,         0,    1.16,chromobius,ac167fb5c1d28fc59af52dc488be6afe3b1df0510e901bcdc8e2d7de37577e3f,"{""d"":9,""p"":0.00018873918221350977,""r"":36}",
     29696,         1,         0,    1.58,chromobius,ac167fb5c1d28fc59af52dc488be6afe3b1df0510e901bcdc8e2d7de37577e3f,"{""d"":9,""p"":0.00018873918221350977,""r"":36}",
     24576,         3,         0,    1.55,chromobius,ac167fb5c1d28fc59af52dc488be6afe3b1df0510e901bcdc8e2d7de37577e3f,"{""d"":9,""p"":0.00018873918221350977,""r"":36}",
     29696,         4,         0,    1.59,chromobius,ac167fb5c1d28fc59af52dc488be6afe3b1df0510e901bcdc8e2d7de37577e3f,"{""d"":9,""p"":0.00018873918221350977,""r"":36}",
    414720,        49,         0,    22.9,chromobius,ac167fb5c1d28fc59af52dc488be6afe3b1df0510e901bcdc8e2d7de37577e3f,"{""d"":9,""p"":0.00018873918221350977,""r"":36}",
     25600,         1,         0,    1.60,chromobius,ac167fb5c1d28fc59af52dc488be6afe3b1df0510e901bcdc8e2d7de37577e3f,"{""d"":9,""p"":0.00018873918221350977,""r"":36}",
     26624,         5,         0,    1.57,chromobius,ac167fb5c1d28fc59af52dc488be6afe3b1df0510e901bcdc8e2d7de37577e3f,"{""d"":9,""p"":0.00018873918221350977,""r"":36}",
     29696,         4,         0,    1.57,chromobius,ac167fb5c1d28fc59af52dc488be6afe3b1df0510e901bcdc8e2d7de37577e3f,"{""d"":9,""p"":0.00018873918221350977,""r"":36}",
     37888,        10,         0,    2.18,chromobius,ac167fb5c1d28fc59af52dc488be6afe3b1df0510e901bcdc8e2d7de37577e3f,"{""d"":9,""p"":0.00018873918221350977,""r"":36}",
     33792,         3,         0,    2.19,chromobius,ac167fb5c1d28fc59af52dc488be6afe3b1df0510e901bcdc8e2d7de37577e3f,"{""d"":9,""p"":0.00018873918221350977,""r"":36}",
     38912,         4,         0,    2.21,chromobius,ac167fb5c1d28fc59af52dc488be6afe3b1df0510e901bcdc8e2d7de37577e3f,"{""d"":9,""p"":0.00018873918221350977,""r"":36}",
     38912,         9,         0,    2.22,chromobius,ac167fb5c1d28fc59af52dc488be6afe3b1df0510e901bcdc8e2d7de37577e3f,"{""d"":9,""p"":0.00018873918221350977,""r"":36}",
     38912,         6,         0,    2.22,chromobius,ac167fb5c1d28fc59af52dc488be6afe3b1df0510e901bcdc8e2d7de37577e3f,"{""d"":9,""p"":0.00018873918221350977,""r"":36}",
    112640,        18,         0,    5.97,chromobius,ac167fb5c1d28fc59af52dc488be6afe3b1df0510e901bcdc8e2d7de37577e3f,"{""d"":9,""p"":0.00018873918221350977,""r"":36}",
     93184,         6,         0,    6.01,chromobius,ac167fb5c1d28fc59af52dc488be6afe3b1df0510e901bcdc8e2d7de37577e3f,"{""d"":9,""p"":0.00018873918221350977,""r"":36}",
     34816,         3,         0,    2.22,chromobius,ac167fb5c1d28fc59af52dc488be6afe3b1df0510e901bcdc8e2d7de37577e3f,"{""d"":9,""p"":0.00018873918221350977,""r"":36}",
   1017560,        95,         0,    52.9,chromobius,ac167fb5c1d28fc59af52dc488be6afe3b1df0510e901bcdc8e2d7de37577e3f,"{""d"":9,""p"":0.00018873918221350977,""r"":36}",
     53248,         8,         0,    3.08,chromobius,ac167fb5c1d28fc59af52dc488be6afe3b1df0510e901bcdc8e2d7de37577e3f,"{""d"":9,""p"":0.00018873918221350977,""r"":36}",
     49152,         5,         0,    3.10,chromobius,ac167fb5c1d28fc59af52dc488be6afe3b1df0510e901bcdc8e2d7de37577e3f,"{""d"":9,""p"":0.00018873918221350977,""r"":36}",
     54272,         3,         0,    3.08,chromobius,ac167fb5c1d28fc59af52dc488be6afe3b1df0510e901bcdc8e2d7de37577e3f,"{""d"":9,""p"":0.00018873918221350977,""r"":36}",
     54272,         7,         0,    3.07,chromobius,ac167fb5c1d28fc59af52dc488be6afe3b1df0510e901bcdc8e2d7de37577e3f,"{""d"":9,""p"":0.00018873918221350977,""r"":36}",
     54272,         6,         0,    3.10,chromobius,ac167fb5c1d28fc59af52dc488be6afe3b1df0510e901bcdc8e2d7de37577e3f,"{""d"":9,""p"":0.00018873918221350977,""r"":36}",
     54272,         6,         0,    3.09,chromobius,ac167fb5c1d28fc59af52dc488be6afe3b1df0510e901bcdc8e2d7de37577e3f,"{""d"":9,""p"":0.00018873918221350977,""r"":36}",
     77824,         8,         0,    4.28,chromobius,ac167fb5c1d28fc59af52dc488be6afe3b1df0510e901bcdc8e2d7de37577e3f,"{""d"":9,""p"":0.00018873918221350977,""r"":36}",
     71680,         7,         0,    4.26,chromobius,ac167fb5c1d28fc59af52dc488be6afe3b1df0510e901bcdc8e2d7de37577e3f,"{""d"":9,""p"":0.00018873918221350977,""r"":36}",
     84992,        16,         0,    4.29,chromobius,ac167fb5c1d28fc59af52dc488be6afe3b1df0510e901bcdc8e2d7de37577e3f,"{""d"":9,""p"":0.00018873918221350977,""r"":36}",
     78848,        13,         0,    4.30,chromobius,ac167fb5c1d28fc59af52dc488be6afe3b1df0510e901bcdc8e2d7de37577e3f,"{""d"":9,""p"":0.00018873918221350977,""r"":36}",
     77824,         9,         0,    4.27,chromobius,ac167fb5c1d28fc59af52dc488be6afe3b1df0510e901bcdc8e2d7de37577e3f,"{""d"":9,""p"":0.00018873918221350977,""r"":36}",
     76800,        11,         0,    4.28,chromobius,ac167fb5c1d28fc59af52dc488be6afe3b1df0510e901bcdc8e2d7de37577e3f,"{""d"":9,""p"":0.00018873918221350977,""r"":36}",
    166912,         8,         0,    8.37,chromobius,ac167fb5c1d28fc59af52dc488be6afe3b1df0510e901bcdc8e2d7de37577e3f,"{""d"":9,""p"":0.00018873918221350977,""r"":36}",
    148480,        16,         0,    8.41,chromobius,ac167fb5c1d28fc59af52dc488be6afe3b1df0510e901bcdc8e2d7de37577e3f,"{""d"":9,""p"":0.00018873918221350977,""r"":36}",
    108544,         9,         0,    5.99,chromobius,ac167fb5c1d28fc59af52dc488be6afe3b1df0510e901bcdc8e2d7de37577e3f,"{""d"":9,""p"":0.00018873918221350977,""r"":36}",
    100352,         9,         0,    5.97,chromobius,ac167fb5c1d28fc59af52dc488be6afe3b1df0510e901bcdc8e2d7de37577e3f,"{""d"":9,""p"":0.00018873918221350977,""r"":36}",
    110592,        10,         0,    5.97,chromobius,ac167fb5c1d28fc59af52dc488be6afe3b1df0510e901bcdc8e2d7de37577e3f,"{""d"":9,""p"":0.00018873918221350977,""r"":36}",
    109568,        10,         0,    5.96,chromobius,ac167fb5c1d28fc59af52dc488be6afe3b1df0510e901bcdc8e2d7de37577e3f,"{""d"":9,""p"":0.00018873918221350977,""r"":36}",
    110592,        13,         0,    5.98,chromobius,ac167fb5c1d28fc59af52dc488be6afe3b1df0510e901bcdc8e2d7de37577e3f,"{""d"":9,""p"":0.00018873918221350977,""r"":36}",
    107520,        13,         0,    5.97,chromobius,ac167fb5c1d28fc59af52dc488be6afe3b1df0510e901bcdc8e2d7de37577e3f,"{""d"":9,""p"":0.00018873918221350977,""r"":36}",
    231424,        29,         0,    11.7,chromobius,ac167fb5c1d28fc59af52dc488be6afe3b1df0510e901bcdc8e2d7de37577e3f,"{""d"":9,""p"":0.00018873918221350977,""r"":36}",
    205824,        21,         0,    11.7,chromobius,ac167fb5c1d28fc59af52dc488be6afe3b1df0510e901bcdc8e2d7de37577e3f,"{""d"":9,""p"":0.00018873918221350977,""r"":36}",
    154624,        17,         0,    8.36,chromobius,ac167fb5c1d28fc59af52dc488be6afe3b1df0510e901bcdc8e2d7de37577e3f,"{""d"":9,""p"":0.00018873918221350977,""r"":36}",
    802749,        74,         0,    45.4,chromobius,ac167fb5c1d28fc59af52dc488be6afe3b1df0510e901bcdc8e2d7de37577e3f,"{""d"":9,""p"":0.00018873918221350977,""r"":36}",
    550912,        61,         0,    31.8,chromobius,ac167fb5c1d28fc59af52dc488be6afe3b1df0510e901bcdc8e2d7de37577e3f,"{""d"":9,""p"":0.00018873918221350977,""r"":36}",
    142336,        12,         0,    8.40,chromobius,ac167fb5c1d28fc59af52dc488be6afe3b1df0510e901bcdc8e2d7de37577e3f,"{""d"":9,""p"":0.00018873918221350977,""r"":36}",
    154624,        24,         0,    8.40,chromobius,ac167fb5c1d28fc59af52dc488be6afe3b1df0510e901bcdc8e2d7de37577e3f,"{""d"":9,""p"":0.00018873918221350977,""r"":36}",
    155648,        14,         0,    8.36,chromobius,ac167fb5c1d28fc59af52dc488be6afe3b1df0510e901bcdc8e2d7de37577e3f,"{""d"":9,""p"":0.00018873918221350977,""r"":36}",
    157696,        10,         0,    8.36,chromobius,ac167fb5c1d28fc59af52dc488be6afe3b1df0510e901bcdc8e2d7de37577e3f,"{""d"":9,""p"":0.00018873918221350977,""r"":36}",
    151552,        12,         0,    8.37,chromobius,ac167fb5c1d28fc59af52dc488be6afe3b1df0510e901bcdc8e2d7de37577e3f,"{""d"":9,""p"":0.00018873918221350977,""r"":36}",
    540696,        55,         0,    29.3,chromobius,ac167fb5c1d28fc59af52dc488be6afe3b1df0510e901bcdc8e2d7de37577e3f,"{""d"":9,""p"":0.00018873918221350977,""r"":36}",
    497664,        44,         0,    25.8,chromobius,ac167fb5c1d28fc59af52dc488be6afe3b1df0510e901bcdc8e2d7de37577e3f,"{""d"":9,""p"":0.00018873918221350977,""r"":36}",
    117355,        13,         0,    6.06,chromobius,ac167fb5c1d28fc59af52dc488be6afe3b1df0510e901bcdc8e2d7de37577e3f,"{""d"":9,""p"":0.00018873918221350977,""r"":36}",
    217088,        22,         0,    11.7,chromobius,ac167fb5c1d28fc59af52dc488be6afe3b1df0510e901bcdc8e2d7de37577e3f,"{""d"":9,""p"":0.00018873918221350977,""r"":36}",
    198656,        26,         0,    11.7,chromobius,ac167fb5c1d28fc59af52dc488be6afe3b1df0510e901bcdc8e2d7de37577e3f,"{""d"":9,""p"":0.00018873918221350977,""r"":36}",
    217088,        19,         0,    11.7,chromobius,ac167fb5c1d28fc59af52dc488be6afe3b1df0510e901bcdc8e2d7de37577e3f,"{""d"":9,""p"":0.00018873918221350977,""r"":36}",
    218112,        21,         0,    11.7,chromobius,ac167fb5c1d28fc59af52dc488be6afe3b1df0510e901bcdc8e2d7de37577e3f,"{""d"":9,""p"":0.00018873918221350977,""r"":36}",
    212992,        25,         0,    11.7,chromobius,ac167fb5c1d28fc59af52dc488be6afe3b1df0510e901bcdc8e2d7de37577e3f,"{""d"":9,""p"":0.00018873918221350977,""r"":36}",
      4096,         0,         0,   0.225,chromobius,ac167fb5c1d28fc59af52dc488be6afe3b1df0510e901bcdc8e2d7de37577e3f,"{""d"":9,""p"":0.00018873918221350977,""r"":36}",
    113664,        14,         0,    6.46,chromobius,ac167fb5c1d28fc59af52dc488be6afe3b1df0510e901bcdc8e2d7de37577e3f,"{""d"":9,""p"":0.00018873918221350977,""r"":36}",
    266240,        29,         0,    13.3,chromobius,ac167fb5c1d28fc59af52dc488be6afe3b1df0510e901bcdc8e2d7de37577e3f,"{""d"":9,""p"":0.00018873918221350977,""r"":36}",
    210944,        29,         0,    12.1,chromobius,ac167fb5c1d28fc59af52dc488be6afe3b1df0510e901bcdc8e2d7de37577e3f,"{""d"":9,""p"":0.00018873918221350977,""r"":36}",
      7168,         1,         0,   0.373,chromobius,ac167fb5c1d28fc59af52dc488be6afe3b1df0510e901bcdc8e2d7de37577e3f,"{""d"":9,""p"":0.00018873918221350977,""r"":36}",
      7168,         0,         0,   0.371,chromobius,ac167fb5c1d28fc59af52dc488be6afe3b1df0510e901bcdc8e2d7de37577e3f,"{""d"":9,""p"":0.00018873918221350977,""r"":36}",
      5120,         1,         0,   0.295,chromobius,ac167fb5c1d28fc59af52dc488be6afe3b1df0510e901bcdc8e2d7de37577e3f,"{""d"":9,""p"":0.00018873918221350977,""r"":36}",
      2048,         0,         0,   0.108,chromobius,ac167fb5c1d28fc59af52dc488be6afe3b1df0510e901bcdc8e2d7de37577e3f,"{""d"":9,""p"":0.00018873918221350977,""r"":36}",
    233472,        23,         0,    12.0,chromobius,ac167fb5c1d28fc59af52dc488be6afe3b1df0510e901bcdc8e2d7de37577e3f,"{""d"":9,""p"":0.00018873918221350977,""r"":36}",
    233472,        17,         0,    13.2,chromobius,ac167fb5c1d28fc59af52dc488be6afe3b1df0510e901bcdc8e2d7de37577e3f,"{""d"":9,""p"":0.00018873918221350977,""r"":36}",
    209920,        26,         0,    11.6,chromobius,ac167fb5c1d28fc59af52dc488be6afe3b1df0510e901bcdc8e2d7de37577e3f,"{""d"":9,""p"":0.00018873918221350977,""r"":36}",
      1024,         0,         0,   0.057,chromobius,ac167fb5c1d28fc59af52dc488be6afe3b1df0510e901bcdc8e2d7de37577e3f,"{""d"":9,""p"":0.00018873918221350977,""r"":36}",
