     shots,    errors,  discards, seconds,decoder,strong_id,json_metadata,custom_counts
      1297,         4,         0,   0.015,chromobius,49b8a39bf42fb82a45113fd0376bbcfd56c68650c2905e905a23637447b6dae7,"{""d"":5,""p"":0.000221221629107045,""r"":20}",
      1297,         1,         0,   0.015,chromobius,fba7f029e33077a345bf4dd88f83ae2a90930bfabab1aa58f0cdbef2aea49d31,"{""d"":5,""p"":0.00018873918221350977,""r"":20}",
      1297,         1,         0,   0.010,chromobius,aa0966330167a83df22d82ff752da6805f7a520ba9b9f96a4b98fe916c564e60,"{""d"":5,""p"":0.00013738237958832623,""r"":20}",
      1297,         2,         0,   0.010,chromobius,7e2785c1c0f9bfeaa9e66a5953e1b9e36fad3d27ac737ff76c331d7f682b20a7,"{""d"":5,""p"":0.00016102620275609394,""r"":20}",
      1297,         7,         0,   0.020,chromobius,422980d53ff9fe41da6795fed75e8b57649d80939f14947e0176c2d113f9df5f,"{""d"":5,""p"":0.00041753189365604,""r"":20}",
       273,         1,         0,   0.012,chromobius,a51a996a9a9058cb75c96519b03ad9fa998a544a537be2f3c377c8d1a2e2cf29,"{""d"":5,""p"":0.0003039195382313198,""r"":20}",
      1297,        13,         0,   0.019,chromobius,32f7aeaa3186c52c807fd872b483cc4eb7a52bb11656bbad528421b5eca9768b,"{""d"":5,""p"":0.0003562247890262444,""r"":20}",
      1297,         0,         0,   0.011,chromobius,fdd14dc83274cbf67468505390cc44185505a54dc13edb403520539c9601c223,"{""d"":5,""p"":0.0001,""r"":20}",
      1297,         1,         0,   0.017,chromobius,1baac601d392dda142401ff1ea123ee9e834a07d7d1ca7b3dce2c7d1fd50f545,"{""d"":5,""p"":0.00011721022975334806,""r"":20}",
      1297,         9,         0,   0.024,chromobius,8776287e3e3847d375fac7389c2d416b66ff4a837dbb28e466636a96435cbecc,"{""d"":5,""p"":0.0005736152510448681,""r"":20}",
      1297,        13,         0,   0.022,chromobius,236dbc4f378fabf418caec39d0a36834573bfef2512ece306b6ef90db6ffe6fa,"{""d"":5,""p"":0.0004893900918477494,""r"":20}",
      3072,         3,         0,   0.017,chromobius,fba7f029e33077a345bf4dd88f83ae2a90930bfabab1aa58f0cdbef2aea49d31,"{""d"":5,""p"":0.00018873918221350977,""r"":20}",
      3072,         3,         0,   0.014,chromobius,7e2785c1c0f9bfeaa9e66a5953e1b9e36fad3d27ac737ff76c331d7f682b20a7,"{""d"":5,""p"":0.00016102620275609394,""r"":20}",
      3072,         2,         0,   0.019,chromobius,49b8a39bf42fb82a45113fd0376bbcfd56c68650c2905e905a23637447b6dae7,"{""d"":5,""p"":0.000221221629107045,""r"":20}",
      4096,         2,         0,   0.016,chromobius,aa0966330167a83df22d82ff752da6805f7a520ba9b9f96a4b98fe916c564e60,"{""d"":5,""p"":0.00013738237958832623,""r"":20}",
      4096,         0,         0,   0.014,chromobius,fdd14dc83274cbf67468505390cc44185505a54dc13edb403520539c9601c223,"{""d"":5,""p"":0.0001,""r"":20}",
         1,         0,         0,   0.013,chromobius,b44e8e54643f6f3f50efb0388135995f31eff0113727210c739a5eda3a23523a,"{""d"":5,""p"":0.0002592943797404667,""r"":20}",
      2048,         9,         0,   0.019,chromobius,32f7aeaa3186c52c807fd872b483cc4eb7a52bb11656bbad528421b5eca9768b,"{""d"":5,""p"":0.0003562247890262444,""r"":20}",
      2048,        10,         0,   0.022,chromobius,422980d53ff9fe41da6795fed75e8b57649d80939f14947e0176c2d113f9df5f,"{""d"":5,""p"":0.00041753189365604,""r"":20}",
      2048,         8,         0,   0.022,chromobius,a51a996a9a9058cb75c96519b03ad9fa998a544a537be2f3c377c8d1a2e2cf29,"{""d"":5,""p"":0.0003039195382313198,""r"":20}",
      1024,        13,         0,   0.015,chromobius,8776287e3e3847d375fac7389c2d416b66ff4a837dbb28e466636a96435cbecc,"{""d"":5,""p"":0.0005736152510448681,""r"":20}",
      3072,         1,         0,   0.016,chromobius,1baac601d392dda142401ff1ea123ee9e834a07d7d1ca7b3dce2c7d1fd50f545,"{""d"":5,""p"":0.00011721022975334806,""r"":20}",
        16,         1,         0,   0.000,chromobius,b44e8e54643f6f3f50efb0388135995f31eff0113727210c739a5eda3a23523a,"{""d"":5,""p"":0.0002592943797404667,""r"":20}",
      4096,        10,         0,   0.022,chromobius,fba7f029e33077a345bf4dd88f83ae2a90930bfabab1aa58f0cdbef2aea49d31,"{""d"":5,""p"":0.00018873918221350977,""r"":20}",
      4096,         6,         0,   0.021,chromobius,7e2785c1c0f9bfeaa9e66a5953e1b9e36fad3d27ac737ff76c331d7f682b20a7,"{""d"":5,""p"":0.00016102620275609394,""r"":20}",
      2048,        19,         0,   0.026,chromobius,236dbc4f378fabf418caec39d0a36834573bfef2512ece306b6ef90db6ffe6fa,"{""d"":5,""p"":0.0004893900918477494,""r"":20}",
      4096,         5,         0,   0.025,chromobius,49b8a39bf42fb82a45113fd0376bbcfd56c68650c2905e905a23637447b6dae7,"{""d"":5,""p"":0.000221221629107045,""r"":20}",
      3072,         2,         0,   0.022,chromobius,aa0966330167a83df22d82ff752da6805f7a520ba9b9f96a4b98fe916c564e60,"{""d"":5,""p"":0.00013738237958832623,""r"":20}",
      2048,         9,         0,   0.020,chromobius,32f7aeaa3186c52c807fd872b483cc4eb7a52bb11656bbad528421b5eca9768b,"{""d"":5,""p"":0.0003562247890262444,""r"":20}",
      2048,        12,         0,   0.023,chromobius,422980d53ff9fe41da6795fed75e8b57649d80939f14947e0176c2d113f9df5f,"{""d"":5,""p"":0.00041753189365604,""r"":20}",
      5120,         1,         0,   0.028,chromobius,fdd14dc83274cbf67468505390cc44185505a54dc13edb403520539c9601c223,"{""d"":5,""p"":0.0001,""r"":20}",
      3072,        12,         0,   0.025,chromobius,a51a996a9a9058cb75c96519b03ad9fa998a544a537be2f3c377c8d1a2e2cf29,"{""d"":5,""p"":0.0003039195382313198,""r"":20}",
      5120,         1,         0,   0.026,chromobius,1baac601d392dda142401ff1ea123ee9e834a07d7d1ca7b3dce2c7d1fd50f545,"{""d"":5,""p"":0.00011721022975334806,""r"":20}",
      2048,        26,         0,   0.031,chromobius,8776287e3e3847d375fac7389c2d416b66ff4a837dbb28e466636a96435cbecc,"{""d"":5,""p"":0.0005736152510448681,""r"":20}",
      3328,        13,         0,   0.026,chromobius,b44e8e54643f6f3f50efb0388135995f31eff0113727210c739a5eda3a23523a,"{""d"":5,""p"":0.0002592943797404667,""r"":20}",
      5120,         6,         0,   0.027,chromobius,fba7f029e33077a345bf4dd88f83ae2a90930bfabab1aa58f0cdbef2aea49d31,"{""d"":5,""p"":0.00018873918221350977,""r"":20}",
      2048,        24,         0,   0.027,chromobius,236dbc4f378fabf418caec39d0a36834573bfef2512ece306b6ef90db6ffe6fa,"{""d"":5,""p"":0.0004893900918477494,""r"":20}",
      3072,         4,         0,   0.031,chromobius,7e2785c1c0f9bfeaa9e66a5953e1b9e36fad3d27ac737ff76c331d7f682b20a7,"{""d"":5,""p"":0.00016102620275609394,""r"":20}",
      5120,        16,         0,   0.031,chromobius,49b8a39bf42fb82a45113fd0376bbcfd56c68650c2905e905a23637447b6dae7,"{""d"":5,""p"":0.000221221629107045,""r"":20}",
      3072,        12,         0,   0.030,chromobius,32f7aeaa3186c52c807fd872b483cc4eb7a52bb11656bbad528421b5eca9768b,"{""d"":5,""p"":0.0003562247890262444,""r"":20}",
      8192,         4,         0,   0.029,chromobius,fdd14dc83274cbf67468505390cc44185505a54dc13edb403520539c9601c223,"{""d"":5,""p"":0.0001,""r"":20}",
      3072,        15,         0,   0.035,chromobius,422980d53ff9fe41da6795fed75e8b57649d80939f14947e0176c2d113f9df5f,"{""d"":5,""p"":0.00041753189365604,""r"":20}",
      8192,         6,         0,   0.030,chromobius,1baac601d392dda142401ff1ea123ee9e834a07d7d1ca7b3dce2c7d1fd50f545,"{""d"":5,""p"":0.00011721022975334806,""r"":20}",
      4096,        18,         0,   0.034,chromobius,a51a996a9a9058cb75c96519b03ad9fa998a544a537be2f3c377c8d1a2e2cf29,"{""d"":5,""p"":0.0003039195382313198,""r"":20}",
      5120,         2,         0,   0.031,chromobius,aa0966330167a83df22d82ff752da6805f7a520ba9b9f96a4b98fe916c564e60,"{""d"":5,""p"":0.00013738237958832623,""r"":20}",
      2048,        26,         0,   0.031,chromobius,8776287e3e3847d375fac7389c2d416b66ff4a837dbb28e466636a96435cbecc,"{""d"":5,""p"":0.0005736152510448681,""r"":20}",
      4096,        12,         0,   0.030,chromobius,b44e8e54643f6f3f50efb0388135995f31eff0113727210c739a5eda3a23523a,"{""d"":5,""p"":0.0002592943797404667,""r"":20}",
      7168,         4,         0,   0.038,chromobius,fba7f029e33077a345bf4dd88f83ae2a90930bfabab1aa58f0cdbef2aea49d31,"{""d"":5,""p"":0.00018873918221350977,""r"":20}",
      3072,        25,         0,   0.040,chromobius,236dbc4f378fabf418caec39d0a36834573bfef2512ece306b6ef90db6ffe6fa,"{""d"":5,""p"":0.0004893900918477494,""r"":20}",
      8192,         3,         0,   0.042,chromobius,7e2785c1c0f9bfeaa9e66a5953e1b9e36fad3d27ac737ff76c331d7f682b20a7,"{""d"":5,""p"":0.00016102620275609394,""r"":20}",
      4096,        13,         0,   0.039,chromobius,32f7aeaa3186c52c807fd872b483cc4eb7a52bb11656bbad528421b5eca9768b,"{""d"":5,""p"":0.0003562247890262444,""r"":20}",
      9216,         4,         0,   0.037,chromobius,fdd14dc83274cbf67468505390cc44185505a54dc13edb403520539c9601c223,"{""d"":5,""p"":0.0001,""r"":20}",
      7168,         9,         0,   0.044,chromobius,49b8a39bf42fb82a45113fd0376bbcfd56c68650c2905e905a23637447b6dae7,"{""d"":5,""p"":0.000221221629107045,""r"":20}",
      5120,         1,         0,   0.039,chromobius,1baac601d392dda142401ff1ea123ee9e834a07d7d1ca7b3dce2c7d1fd50f545,"{""d"":5,""p"":0.00011721022975334806,""r"":20}",
      7168,         5,         0,   0.037,chromobius,aa0966330167a83df22d82ff752da6805f7a520ba9b9f96a4b98fe916c564e60,"{""d"":5,""p"":0.00013738237958832623,""r"":20}",
      4096,        21,         0,   0.045,chromobius,422980d53ff9fe41da6795fed75e8b57649d80939f14947e0176c2d113f9df5f,"{""d"":5,""p"":0.00041753189365604,""r"":20}",
      5120,        21,         0,   0.043,chromobius,a51a996a9a9058cb75c96519b03ad9fa998a544a537be2f3c377c8d1a2e2cf29,"{""d"":5,""p"":0.0003039195382313198,""r"":20}",
      4096,         7,         0,   0.045,chromobius,b44e8e54643f6f3f50efb0388135995f31eff0113727210c739a5eda3a23523a,"{""d"":5,""p"":0.0002592943797404667,""r"":20}",
      3072,        27,         0,   0.050,chromobius,8776287e3e3847d375fac7389c2d416b66ff4a837dbb28e466636a96435cbecc,"{""d"":5,""p"":0.0005736152510448681,""r"":20}",
      3072,        19,         0,   0.039,chromobius,236dbc4f378fabf418caec39d0a36834573bfef2512ece306b6ef90db6ffe6fa,"{""d"":5,""p"":0.0004893900918477494,""r"":20}",
     10240,        13,         0,   0.055,chromobius,fba7f029e33077a345bf4dd88f83ae2a90930bfabab1aa58f0cdbef2aea49d31,"{""d"":5,""p"":0.00018873918221350977,""r"":20}",
     11264,         6,         0,   0.057,chromobius,7e2785c1c0f9bfeaa9e66a5953e1b9e36fad3d27ac737ff76c331d7f682b20a7,"{""d"":5,""p"":0.00016102620275609394,""r"":20}",
      6144,        27,         0,   0.058,chromobius,32f7aeaa3186c52c807fd872b483cc4eb7a52bb11656bbad528421b5eca9768b,"{""d"":5,""p"":0.0003562247890262444,""r"":20}",
     12288,         2,         0,   0.058,chromobius,fdd14dc83274cbf67468505390cc44185505a54dc13edb403520539c9601c223,"{""d"":5,""p"":0.0001,""r"":20}",
      9216,        23,         0,   0.056,chromobius,49b8a39bf42fb82a45113fd0376bbcfd56c68650c2905e905a23637447b6dae7,"{""d"":5,""p"":0.000221221629107045,""r"":20}",
     10240,         9,         0,   0.053,chromobius,1baac601d392dda142401ff1ea123ee9e834a07d7d1ca7b3dce2c7d1fd50f545,"{""d"":5,""p"":0.00011721022975334806,""r"":20}",
      9216,        10,         0,   0.053,chromobius,aa0966330167a83df22d82ff752da6805f7a520ba9b9f96a4b98fe916c564e60,"{""d"":5,""p"":0.00013738237958832623,""r"":20}",
      6144,        14,         0,   0.054,chromobius,b44e8e54643f6f3f50efb0388135995f31eff0113727210c739a5eda3a23523a,"{""d"":5,""p"":0.0002592943797404667,""r"":20}",
      7168,        27,         0,   0.063,chromobius,a51a996a9a9058cb75c96519b03ad9fa998a544a537be2f3c377c8d1a2e2cf29,"{""d"":5,""p"":0.0003039195382313198,""r"":20}",
      4096,        48,         0,   0.061,chromobius,8776287e3e3847d375fac7389c2d416b66ff4a837dbb28e466636a96435cbecc,"{""d"":5,""p"":0.0005736152510448681,""r"":20}",
      5120,        26,         0,   0.081,chromobius,422980d53ff9fe41da6795fed75e8b57649d80939f14947e0176c2d113f9df5f,"{""d"":5,""p"":0.00041753189365604,""r"":20}",
      5120,        56,         0,   0.065,chromobius,236dbc4f378fabf418caec39d0a36834573bfef2512ece306b6ef90db6ffe6fa,"{""d"":5,""p"":0.0004893900918477494,""r"":20}",
     12288,        13,         0,   0.085,chromobius,fba7f029e33077a345bf4dd88f83ae2a90930bfabab1aa58f0cdbef2aea49d31,"{""d"":5,""p"":0.00018873918221350977,""r"":20}",
     15360,        16,         0,   0.075,chromobius,7e2785c1c0f9bfeaa9e66a5953e1b9e36fad3d27ac737ff76c331d7f682b20a7,"{""d"":5,""p"":0.00016102620275609394,""r"":20}",
      8192,        33,         0,   0.077,chromobius,32f7aeaa3186c52c807fd872b483cc4eb7a52bb11656bbad528421b5eca9768b,"{""d"":5,""p"":0.0003562247890262444,""r"":20}",
     21504,        10,         0,   0.076,chromobius,fdd14dc83274cbf67468505390cc44185505a54dc13edb403520539c9601c223,"{""d"":5,""p"":0.0001,""r"":20}",
     11264,        18,         0,   0.076,chromobius,49b8a39bf42fb82a45113fd0376bbcfd56c68650c2905e905a23637447b6dae7,"{""d"":5,""p"":0.000221221629107045,""r"":20}",
     16384,        10,         0,   0.074,chromobius,aa0966330167a83df22d82ff752da6805f7a520ba9b9f96a4b98fe916c564e60,"{""d"":5,""p"":0.00013738237958832623,""r"":20}",
     21504,        15,         0,   0.079,chromobius,1baac601d392dda142401ff1ea123ee9e834a07d7d1ca7b3dce2c7d1fd50f545,"{""d"":5,""p"":0.00011721022975334806,""r"":20}",
      9216,        33,         0,   0.076,chromobius,a51a996a9a9058cb75c96519b03ad9fa998a544a537be2f3c377c8d1a2e2cf29,"{""d"":5,""p"":0.0003039195382313198,""r"":20}",
     10240,        27,         0,   0.079,chromobius,b44e8e54643f6f3f50efb0388135995f31eff0113727210c739a5eda3a23523a,"{""d"":5,""p"":0.0002592943797404667,""r"":20}",
      5120,        70,         0,   0.077,chromobius,8776287e3e3847d375fac7389c2d416b66ff4a837dbb28e466636a96435cbecc,"{""d"":5,""p"":0.0005736152510448681,""r"":20}",
      6144,        55,         0,   0.079,chromobius,236dbc4f378fabf418caec39d0a36834573bfef2512ece306b6ef90db6ffe6fa,"{""d"":5,""p"":0.0004893900918477494,""r"":20}",
      7168,        46,         0,   0.084,chromobius,422980d53ff9fe41da6795fed75e8b57649d80939f14947e0176c2d113f9df5f,"{""d"":5,""p"":0.00041753189365604,""r"":20}",
     20480,        33,         0,   0.107,chromobius,fba7f029e33077a345bf4dd88f83ae2a90930bfabab1aa58f0cdbef2aea49d31,"{""d"":5,""p"":0.00018873918221350977,""r"":20}",
     21504,        20,         0,   0.106,chromobius,7e2785c1c0f9bfeaa9e66a5953e1b9e36fad3d27ac737ff76c331d7f682b20a7,"{""d"":5,""p"":0.00016102620275609394,""r"":20}",
     31744,        11,         0,   0.107,chromobius,fdd14dc83274cbf67468505390cc44185505a54dc13edb403520539c9601c223,"{""d"":5,""p"":0.0001,""r"":20}",
     17408,        30,         0,   0.108,chromobius,49b8a39bf42fb82a45113fd0376bbcfd56c68650c2905e905a23637447b6dae7,"{""d"":5,""p"":0.000221221629107045,""r"":20}",
     12288,        61,         0,   0.113,chromobius,32f7aeaa3186c52c807fd872b483cc4eb7a52bb11656bbad528421b5eca9768b,"{""d"":5,""p"":0.0003562247890262444,""r"":20}",
     28672,         7,         0,   0.106,chromobius,1baac601d392dda142401ff1ea123ee9e834a07d7d1ca7b3dce2c7d1fd50f545,"{""d"":5,""p"":0.00011721022975334806,""r"":20}",
     25600,        12,         0,   0.107,chromobius,aa0966330167a83df22d82ff752da6805f7a520ba9b9f96a4b98fe916c564e60,"{""d"":5,""p"":0.00013738237958832623,""r"":20}",
     13312,        43,         0,   0.106,chromobius,a51a996a9a9058cb75c96519b03ad9fa998a544a537be2f3c377c8d1a2e2cf29,"{""d"":5,""p"":0.0003039195382313198,""r"":20}",
     14336,        37,         0,   0.108,chromobius,b44e8e54643f6f3f50efb0388135995f31eff0113727210c739a5eda3a23523a,"{""d"":5,""p"":0.0002592943797404667,""r"":20}",
      7168,        83,         0,   0.110,chromobius,8776287e3e3847d375fac7389c2d416b66ff4a837dbb28e466636a96435cbecc,"{""d"":5,""p"":0.0005736152510448681,""r"":20}",
      9216,        82,         0,   0.117,chromobius,236dbc4f378fabf418caec39d0a36834573bfef2512ece306b6ef90db6ffe6fa,"{""d"":5,""p"":0.0004893900918477494,""r"":20}",
     10240,        53,         0,   0.113,chromobius,422980d53ff9fe41da6795fed75e8b57649d80939f14947e0176c2d113f9df5f,"{""d"":5,""p"":0.00041753189365604,""r"":20}",
     31744,        20,         0,   0.147,chromobius,7e2785c1c0f9bfeaa9e66a5953e1b9e36fad3d27ac737ff76c331d7f682b20a7,"{""d"":5,""p"":0.00016102620275609394,""r"":20}",
     28672,        32,         0,   0.148,chromobius,fba7f029e33077a345bf4dd88f83ae2a90930bfabab1aa58f0cdbef2aea49d31,"{""d"":5,""p"":0.00018873918221350977,""r"":20}",
     47104,        13,         0,   0.148,chromobius,fdd14dc83274cbf67468505390cc44185505a54dc13edb403520539c9601c223,"{""d"":5,""p"":0.0001,""r"":20}",
     23552,        43,         0,   0.148,chromobius,49b8a39bf42fb82a45113fd0376bbcfd56c68650c2905e905a23637447b6dae7,"{""d"":5,""p"":0.000221221629107045,""r"":20}",
     35840,        24,         0,   0.146,chromobius,aa0966330167a83df22d82ff752da6805f7a520ba9b9f96a4b98fe916c564e60,"{""d"":5,""p"":0.00013738237958832623,""r"":20}",
     16384,        74,         0,   0.150,chromobius,32f7aeaa3186c52c807fd872b483cc4eb7a52bb11656bbad528421b5eca9768b,"{""d"":5,""p"":0.0003562247890262444,""r"":20}",
     39936,        28,         0,   0.147,chromobius,1baac601d392dda142401ff1ea123ee9e834a07d7d1ca7b3dce2c7d1fd50f545,"{""d"":5,""p"":0.00011721022975334806,""r"":20}",
     18432,        54,         0,   0.148,chromobius,a51a996a9a9058cb75c96519b03ad9fa998a544a537be2f3c377c8d1a2e2cf29,"{""d"":5,""p"":0.0003039195382313198,""r"":20}",
     20480,        53,         0,   0.147,chromobius,b44e8e54643f6f3f50efb0388135995f31eff0113727210c739a5eda3a23523a,"{""d"":5,""p"":0.0002592943797404667,""r"":20}",
     10240,       124,         0,   0.157,chromobius,8776287e3e3847d375fac7389c2d416b66ff4a837dbb28e466636a96435cbecc,"{""d"":5,""p"":0.0005736152510448681,""r"":20}",
     12288,       112,         0,   0.159,chromobius,236dbc4f378fabf418caec39d0a36834573bfef2512ece306b6ef90db6ffe6fa,"{""d"":5,""p"":0.0004893900918477494,""r"":20}",
     13312,        73,         0,   0.159,chromobius,422980d53ff9fe41da6795fed75e8b57649d80939f14947e0176c2d113f9df5f,"{""d"":5,""p"":0.00041753189365604,""r"":20}",
     45056,        42,         0,   0.205,chromobius,7e2785c1c0f9bfeaa9e66a5953e1b9e36fad3d27ac737ff76c331d7f682b20a7,"{""d"":5,""p"":0.00016102620275609394,""r"":20}",
     35840,        31,         0,   0.205,chromobius,fba7f029e33077a345bf4dd88f83ae2a90930bfabab1aa58f0cdbef2aea49d31,"{""d"":5,""p"":0.00018873918221350977,""r"":20}",
     58368,        20,         0,   0.205,chromobius,fdd14dc83274cbf67468505390cc44185505a54dc13edb403520539c9601c223,"{""d"":5,""p"":0.0001,""r"":20}",
     34816,        67,         0,   0.209,chromobius,49b8a39bf42fb82a45113fd0376bbcfd56c68650c2905e905a23637447b6dae7,"{""d"":5,""p"":0.000221221629107045,""r"":20}",
     51200,        34,         0,   0.208,chromobius,aa0966330167a83df22d82ff752da6805f7a520ba9b9f96a4b98fe916c564e60,"{""d"":5,""p"":0.00013738237958832623,""r"":20}",
     56320,        25,         0,   0.207,chromobius,1baac601d392dda142401ff1ea123ee9e834a07d7d1ca7b3dce2c7d1fd50f545,"{""d"":5,""p"":0.00011721022975334806,""r"":20}",
     22528,       120,         0,   0.211,chromobius,32f7aeaa3186c52c807fd872b483cc4eb7a52bb11656bbad528421b5eca9768b,"{""d"":5,""p"":0.0003562247890262444,""r"":20}",
     25600,        71,         0,   0.205,chromobius,a51a996a9a9058cb75c96519b03ad9fa998a544a537be2f3c377c8d1a2e2cf29,"{""d"":5,""p"":0.0003039195382313198,""r"":20}",
     29696,        79,         0,   0.206,chromobius,b44e8e54643f6f3f50efb0388135995f31eff0113727210c739a5eda3a23523a,"{""d"":5,""p"":0.0002592943797404667,""r"":20}",
     14336,       170,         0,   0.211,chromobius,8776287e3e3847d375fac7389c2d416b66ff4a837dbb28e466636a96435cbecc,"{""d"":5,""p"":0.0005736152510448681,""r"":20}",
     16384,       148,         0,   0.208,chromobius,236dbc4f378fabf418caec39d0a36834573bfef2512ece306b6ef90db6ffe6fa,"{""d"":5,""p"":0.0004893900918477494,""r"":20}",
     19456,       122,         0,   0.214,chromobius,422980d53ff9fe41da6795fed75e8b57649d80939f14947e0176c2d113f9df5f,"{""d"":5,""p"":0.00041753189365604,""r"":20}",
     63488,        64,         0,   0.286,chromobius,7e2785c1c0f9bfeaa9e66a5953e1b9e36fad3d27ac737ff76c331d7f682b20a7,"{""d"":5,""p"":0.00016102620275609394,""r"":20}",
     55296,        77,         0,   0.290,chromobius,fba7f029e33077a345bf4dd88f83ae2a90930bfabab1aa58f0cdbef2aea49d31,"{""d"":5,""p"":0.00018873918221350977,""r"":20}",
     91136,        24,         0,   0.286,chromobius,fdd14dc83274cbf67468505390cc44185505a54dc13edb403520539c9601c223,"{""d"":5,""p"":0.0001,""r"":20}",
     66560,        38,         0,   0.288,chromobius,aa0966330167a83df22d82ff752da6805f7a520ba9b9f96a4b98fe916c564e60,"{""d"":5,""p"":0.00013738237958832623,""r"":20}",
     49152,       100,         0,   0.292,chromobius,49b8a39bf42fb82a45113fd0376bbcfd56c68650c2905e905a23637447b6dae7,"{""d"":5,""p"":0.000221221629107045,""r"":20}",
     30720,       140,         0,   0.289,chromobius,32f7aeaa3186c52c807fd872b483cc4eb7a52bb11656bbad528421b5eca9768b,"{""d"":5,""p"":0.0003562247890262444,""r"":20}",
     80896,        36,         0,   0.288,chromobius,1baac601d392dda142401ff1ea123ee9e834a07d7d1ca7b3dce2c7d1fd50f545,"{""d"":5,""p"":0.00011721022975334806,""r"":20}",
     35840,       109,         0,   0.287,chromobius,a51a996a9a9058cb75c96519b03ad9fa998a544a537be2f3c377c8d1a2e2cf29,"{""d"":5,""p"":0.0003039195382313198,""r"":20}",
     41984,        95,         0,   0.291,chromobius,b44e8e54643f6f3f50efb0388135995f31eff0113727210c739a5eda3a23523a,"{""d"":5,""p"":0.0002592943797404667,""r"":20}",
     20480,       231,         0,   0.299,chromobius,8776287e3e3847d375fac7389c2d416b66ff4a837dbb28e466636a96435cbecc,"{""d"":5,""p"":0.0005736152510448681,""r"":20}",
     23552,       200,         0,   0.292,chromobius,236dbc4f378fabf418caec39d0a36834573bfef2512ece306b6ef90db6ffe6fa,"{""d"":5,""p"":0.0004893900918477494,""r"":20}",
     26624,       165,         0,   0.295,chromobius,422980d53ff9fe41da6795fed75e8b57649d80939f14947e0176c2d113f9df5f,"{""d"":5,""p"":0.00041753189365604,""r"":20}",
     87040,        87,         0,   0.403,chromobius,7e2785c1c0f9bfeaa9e66a5953e1b9e36fad3d27ac737ff76c331d7f682b20a7,"{""d"":5,""p"":0.00016102620275609394,""r"":20}",
    131072,        43,         0,   0.400,chromobius,fdd14dc83274cbf67468505390cc44185505a54dc13edb403520539c9601c223,"{""d"":5,""p"":0.0001,""r"":20}",
    100352,        56,         0,   0.400,chromobius,aa0966330167a83df22d82ff752da6805f7a520ba9b9f96a4b98fe916c564e60,"{""d"":5,""p"":0.00013738237958832623,""r"":20}",
    113664,        62,         0,   0.400,chromobius,1baac601d392dda142401ff1ea123ee9e834a07d7d1ca7b3dce2c7d1fd50f545,"{""d"":5,""p"":0.00011721022975334806,""r"":20}",
     61440,        91,         0,   0.403,chromobius,49b8a39bf42fb82a45113fd0376bbcfd56c68650c2905e905a23637447b6dae7,"{""d"":5,""p"":0.000221221629107045,""r"":20}",
     72704,        85,         0,   0.422,chromobius,fba7f029e33077a345bf4dd88f83ae2a90930bfabab1aa58f0cdbef2aea49d31,"{""d"":5,""p"":0.00018873918221350977,""r"":20}",
     44032,       185,         0,   0.411,chromobius,32f7aeaa3186c52c807fd872b483cc4eb7a52bb11656bbad528421b5eca9768b,"{""d"":5,""p"":0.0003562247890262444,""r"":20}",
     51200,       161,         0,   0.410,chromobius,a51a996a9a9058cb75c96519b03ad9fa998a544a537be2f3c377c8d1a2e2cf29,"{""d"":5,""p"":0.0003039195382313198,""r"":20}",
     58368,       144,         0,   0.406,chromobius,b44e8e54643f6f3f50efb0388135995f31eff0113727210c739a5eda3a23523a,"{""d"":5,""p"":0.0002592943797404667,""r"":20}",
     27648,       330,         0,   0.408,chromobius,8776287e3e3847d375fac7389c2d416b66ff4a837dbb28e466636a96435cbecc,"{""d"":5,""p"":0.0005736152510448681,""r"":20}",
     30720,       287,         0,   0.405,chromobius,236dbc4f378fabf418caec39d0a36834573bfef2512ece306b6ef90db6ffe6fa,"{""d"":5,""p"":0.0004893900918477494,""r"":20}",
     33792,       210,         0,   0.405,chromobius,422980d53ff9fe41da6795fed75e8b57649d80939f14947e0176c2d113f9df5f,"{""d"":5,""p"":0.00041753189365604,""r"":20}",
    111616,        99,         0,   0.561,chromobius,7e2785c1c0f9bfeaa9e66a5953e1b9e36fad3d27ac737ff76c331d7f682b20a7,"{""d"":5,""p"":0.00016102620275609394,""r"":20}",
    180224,        56,         0,   0.560,chromobius,fdd14dc83274cbf67468505390cc44185505a54dc13edb403520539c9601c223,"{""d"":5,""p"":0.0001,""r"":20}",
    136192,        98,         0,   0.560,chromobius,aa0966330167a83df22d82ff752da6805f7a520ba9b9f96a4b98fe916c564e60,"{""d"":5,""p"":0.00013738237958832623,""r"":20}",
    149504,        56,         0,   0.561,chromobius,1baac601d392dda142401ff1ea123ee9e834a07d7d1ca7b3dce2c7d1fd50f545,"{""d"":5,""p"":0.00011721022975334806,""r"":20}",
     92160,       143,         0,   0.564,chromobius,49b8a39bf42fb82a45113fd0376bbcfd56c68650c2905e905a23637447b6dae7,"{""d"":5,""p"":0.000221221629107045,""r"":20}",
    104448,       137,         0,   0.562,chromobius,fba7f029e33077a345bf4dd88f83ae2a90930bfabab1aa58f0cdbef2aea49d31,"{""d"":5,""p"":0.00018873918221350977,""r"":20}",
     49152,       204,         0,   0.568,chromobius,32f7aeaa3186c52c807fd872b483cc4eb7a52bb11656bbad528421b5eca9768b,"{""d"":5,""p"":0.0003562247890262444,""r"":20}",
     74752,       145,         0,   0.540,chromobius,b44e8e54643f6f3f50efb0388135995f31eff0113727210c739a5eda3a23523a,"{""d"":5,""p"":0.0002592943797404667,""r"":20}",
     57344,       190,         0,   0.568,chromobius,a51a996a9a9058cb75c96519b03ad9fa998a544a537be2f3c377c8d1a2e2cf29,"{""d"":5,""p"":0.0003039195382313198,""r"":20}",
     30720,       346,         0,   0.574,chromobius,8776287e3e3847d375fac7389c2d416b66ff4a837dbb28e466636a96435cbecc,"{""d"":5,""p"":0.0005736152510448681,""r"":20}",
     35840,       268,         0,   0.569,chromobius,236dbc4f378fabf418caec39d0a36834573bfef2512ece306b6ef90db6ffe6fa,"{""d"":5,""p"":0.0004893900918477494,""r"":20}",
     52224,       352,         0,   0.573,chromobius,422980d53ff9fe41da6795fed75e8b57649d80939f14947e0176c2d113f9df5f,"{""d"":5,""p"":0.00041753189365604,""r"":20}",
    172032,       167,         0,   0.788,chromobius,7e2785c1c0f9bfeaa9e66a5953e1b9e36fad3d27ac737ff76c331d7f682b20a7,"{""d"":5,""p"":0.00016102620275609394,""r"":20}",
    253952,        76,         0,   0.783,chromobius,fdd14dc83274cbf67468505390cc44185505a54dc13edb403520539c9601c223,"{""d"":5,""p"":0.0001,""r"":20}",
    197632,       131,         0,   0.786,chromobius,aa0966330167a83df22d82ff752da6805f7a520ba9b9f96a4b98fe916c564e60,"{""d"":5,""p"":0.00013738237958832623,""r"":20}",
    225280,       101,         0,   0.784,chromobius,1baac601d392dda142401ff1ea123ee9e834a07d7d1ca7b3dce2c7d1fd50f545,"{""d"":5,""p"":0.00011721022975334806,""r"":20}",
    151552,       190,         0,   0.788,chromobius,fba7f029e33077a345bf4dd88f83ae2a90930bfabab1aa58f0cdbef2aea49d31,"{""d"":5,""p"":0.00018873918221350977,""r"":20}",
    133120,       214,         0,   0.792,chromobius,49b8a39bf42fb82a45113fd0376bbcfd56c68650c2905e905a23637447b6dae7,"{""d"":5,""p"":0.000221221629107045,""r"":20}",
     84992,       407,         0,   0.796,chromobius,32f7aeaa3186c52c807fd872b483cc4eb7a52bb11656bbad528421b5eca9768b,"{""d"":5,""p"":0.0003562247890262444,""r"":20}",
    113664,       228,         0,   0.791,chromobius,b44e8e54643f6f3f50efb0388135995f31eff0113727210c739a5eda3a23523a,"{""d"":5,""p"":0.0002592943797404667,""r"":20}",
     99328,       310,         0,   0.788,chromobius,a51a996a9a9058cb75c96519b03ad9fa998a544a537be2f3c377c8d1a2e2cf29,"{""d"":5,""p"":0.0003039195382313198,""r"":20}",
     63488,       541,         0,   0.790,chromobius,236dbc4f378fabf418caec39d0a36834573bfef2512ece306b6ef90db6ffe6fa,"{""d"":5,""p"":0.0004893900918477494,""r"":20}",
     54272,       629,         0,   0.796,chromobius,8776287e3e3847d375fac7389c2d416b66ff4a837dbb28e466636a96435cbecc,"{""d"":5,""p"":0.0005736152510448681,""r"":20}",
     73728,       434,         0,   0.795,chromobius,422980d53ff9fe41da6795fed75e8b57649d80939f14947e0176c2d113f9df5f,"{""d"":5,""p"":0.00041753189365604,""r"":20}",
    222208,       209,         0,    1.10,chromobius,7e2785c1c0f9bfeaa9e66a5953e1b9e36fad3d27ac737ff76c331d7f682b20a7,"{""d"":5,""p"":0.00016102620275609394,""r"":20}",
    348160,       106,         0,    1.10,chromobius,fdd14dc83274cbf67468505390cc44185505a54dc13edb403520539c9601c223,"{""d"":5,""p"":0.0001,""r"":20}",
    293888,       122,         0,    1.10,chromobius,1baac601d392dda142401ff1ea123ee9e834a07d7d1ca7b3dce2c7d1fd50f545,"{""d"":5,""p"":0.00011721022975334806,""r"":20}",
    259072,       178,         0,    1.10,chromobius,aa0966330167a83df22d82ff752da6805f7a520ba9b9f96a4b98fe916c564e60,"{""d"":5,""p"":0.00013738237958832623,""r"":20}",
    201728,       211,         0,    1.10,chromobius,fba7f029e33077a345bf4dd88f83ae2a90930bfabab1aa58f0cdbef2aea49d31,"{""d"":5,""p"":0.00018873918221350977,""r"":20}",
    176128,       300,         0,    1.11,chromobius,49b8a39bf42fb82a45113fd0376bbcfd56c68650c2905e905a23637447b6dae7,"{""d"":5,""p"":0.000221221629107045,""r"":20}",
    116736,       501,         0,    1.10,chromobius,32f7aeaa3186c52c807fd872b483cc4eb7a52bb11656bbad528421b5eca9768b,"{""d"":5,""p"":0.0003562247890262444,""r"":20}",
    137216,       457,         0,    1.10,chromobius,a51a996a9a9058cb75c96519b03ad9fa998a544a537be2f3c377c8d1a2e2cf29,"{""d"":5,""p"":0.0003039195382313198,""r"":20}",
    149504,       414,         0,    1.11,chromobius,b44e8e54643f6f3f50efb0388135995f31eff0113727210c739a5eda3a23523a,"{""d"":5,""p"":0.0002592943797404667,""r"":20}",
     87040,       767,         0,    1.11,chromobius,236dbc4f378fabf418caec39d0a36834573bfef2512ece306b6ef90db6ffe6fa,"{""d"":5,""p"":0.0004893900918477494,""r"":20}",
     73728,       882,         0,    1.11,chromobius,8776287e3e3847d375fac7389c2d416b66ff4a837dbb28e466636a96435cbecc,"{""d"":5,""p"":0.0005736152510448681,""r"":20}",
     97280,       647,         0,    1.12,chromobius,422980d53ff9fe41da6795fed75e8b57649d80939f14947e0176c2d113f9df5f,"{""d"":5,""p"":0.00041753189365604,""r"":20}",
    317440,       295,         0,    1.54,chromobius,7e2785c1c0f9bfeaa9e66a5953e1b9e36fad3d27ac737ff76c331d7f682b20a7,"{""d"":5,""p"":0.00016102620275609394,""r"":20}",
    456704,       139,         0,    1.53,chromobius,fdd14dc83274cbf67468505390cc44185505a54dc13edb403520539c9601c223,"{""d"":5,""p"":0.0001,""r"":20}",
    418816,       209,         0,    1.53,chromobius,1baac601d392dda142401ff1ea123ee9e834a07d7d1ca7b3dce2c7d1fd50f545,"{""d"":5,""p"":0.00011721022975334806,""r"":20}",
    359424,       255,         0,    1.54,chromobius,aa0966330167a83df22d82ff752da6805f7a520ba9b9f96a4b98fe916c564e60,"{""d"":5,""p"":0.00013738237958832623,""r"":20}",
    279552,       315,         0,    1.54,chromobius,fba7f029e33077a345bf4dd88f83ae2a90930bfabab1aa58f0cdbef2aea49d31,"{""d"":5,""p"":0.00018873918221350977,""r"":20}",
    239616,       388,         0,    1.55,chromobius,49b8a39bf42fb82a45113fd0376bbcfd56c68650c2905e905a23637447b6dae7,"{""d"":5,""p"":0.000221221629107045,""r"":20}",
    162816,       716,         0,    1.55,chromobius,32f7aeaa3186c52c807fd872b483cc4eb7a52bb11656bbad528421b5eca9768b,"{""d"":5,""p"":0.0003562247890262444,""r"":20}",
    192512,       598,         0,    1.55,chromobius,a51a996a9a9058cb75c96519b03ad9fa998a544a537be2f3c377c8d1a2e2cf29,"{""d"":5,""p"":0.0003039195382313198,""r"":20}",
    211968,       471,         0,    1.55,chromobius,b44e8e54643f6f3f50efb0388135995f31eff0113727210c739a5eda3a23523a,"{""d"":5,""p"":0.0002592943797404667,""r"":20}",
    120832,      1052,         0,    1.55,chromobius,236dbc4f378fabf418caec39d0a36834573bfef2512ece306b6ef90db6ffe6fa,"{""d"":5,""p"":0.0004893900918477494,""r"":20}",
    101376,      1178,         0,    1.56,chromobius,8776287e3e3847d375fac7389c2d416b66ff4a837dbb28e466636a96435cbecc,"{""d"":5,""p"":0.0005736152510448681,""r"":20}",
    133120,       753,         0,    1.55,chromobius,422980d53ff9fe41da6795fed75e8b57649d80939f14947e0176c2d113f9df5f,"{""d"":5,""p"":0.00041753189365604,""r"":20}",
     64512,       808,         0,   0.959,chromobius,8776287e3e3847d375fac7389c2d416b66ff4a837dbb28e466636a96435cbecc,"{""d"":5,""p"":0.0005736152510448681,""r"":20}",
      1297,        25,         0,   0.023,chromobius,0dbbf24ba0265c94d6d8cbba69faddb1bb4da8f3e83feb76c603ade2da290036,"{""d"":5,""p"":0.0006723357536499335,""r"":20}",
      1024,        17,         0,   0.018,chromobius,0dbbf24ba0265c94d6d8cbba69faddb1bb4da8f3e83feb76c603ade2da290036,"{""d"":5,""p"":0.0006723357536499335,""r"":20}",
      2048,        37,         0,   0.035,chromobius,0dbbf24ba0265c94d6d8cbba69faddb1bb4da8f3e83feb76c603ade2da290036,"{""d"":5,""p"":0.0006723357536499335,""r"":20}",
      2048,        40,         0,   0.036,chromobius,0dbbf24ba0265c94d6d8cbba69faddb1bb4da8f3e83feb76c603ade2da290036,"{""d"":5,""p"":0.0006723357536499335,""r"":20}",
      3072,        40,         0,   0.054,chromobius,0dbbf24ba0265c94d6d8cbba69faddb1bb4da8f3e83feb76c603ade2da290036,"{""d"":5,""p"":0.0006723357536499335,""r"":20}",
      4096,        67,         0,   0.071,chromobius,0dbbf24ba0265c94d6d8cbba69faddb1bb4da8f3e83feb76c603ade2da290036,"{""d"":5,""p"":0.0006723357536499335,""r"":20}",
      5120,        85,         0,   0.091,chromobius,0dbbf24ba0265c94d6d8cbba69faddb1bb4da8f3e83feb76c603ade2da290036,"{""d"":5,""p"":0.0006723357536499335,""r"":20}",
      7168,       107,         0,   0.121,chromobius,0dbbf24ba0265c94d6d8cbba69faddb1bb4da8f3e83feb76c603ade2da290036,"{""d"":5,""p"":0.0006723357536499335,""r"":20}",
      9216,       147,         0,   0.159,chromobius,0dbbf24ba0265c94d6d8cbba69faddb1bb4da8f3e83feb76c603ade2da290036,"{""d"":5,""p"":0.0006723357536499335,""r"":20}",
     12288,       211,         0,   0.219,chromobius,0dbbf24ba0265c94d6d8cbba69faddb1bb4da8f3e83feb76c603ade2da290036,"{""d"":5,""p"":0.0006723357536499335,""r"":20}",
    147456,      1332,         0,    1.91,chromobius,236dbc4f378fabf418caec39d0a36834573bfef2512ece306b6ef90db6ffe6fa,"{""d"":5,""p"":0.0004893900918477494,""r"":20}",
      1297,        26,         0,   0.034,chromobius,2843a48955b9ce64d65ee7352379283e199e4c9505a180a102cd8de26817c679,"{""d"":5,""p"":0.0007880462815669912,""r"":20}",
      1024,        19,         0,   0.022,chromobius,2843a48955b9ce64d65ee7352379283e199e4c9505a180a102cd8de26817c679,"{""d"":5,""p"":0.0007880462815669912,""r"":20}",
      1024,        27,         0,   0.021,chromobius,2843a48955b9ce64d65ee7352379283e199e4c9505a180a102cd8de26817c679,"{""d"":5,""p"":0.0007880462815669912,""r"":20}",
      2048,        44,         0,   0.042,chromobius,2843a48955b9ce64d65ee7352379283e199e4c9505a180a102cd8de26817c679,"{""d"":5,""p"":0.0007880462815669912,""r"":20}",
    467968,       422,         0,    2.16,chromobius,7e2785c1c0f9bfeaa9e66a5953e1b9e36fad3d27ac737ff76c331d7f682b20a7,"{""d"":5,""p"":0.00016102620275609394,""r"":20}",
    694272,       248,         0,    2.15,chromobius,fdd14dc83274cbf67468505390cc44185505a54dc13edb403520539c9601c223,"{""d"":5,""p"":0.0001,""r"":20}",
    610304,       268,         0,    2.15,chromobius,1baac601d392dda142401ff1ea123ee9e834a07d7d1ca7b3dce2c7d1fd50f545,"{""d"":5,""p"":0.00011721022975334806,""r"":20}",
    539648,       354,         0,    2.15,chromobius,aa0966330167a83df22d82ff752da6805f7a520ba9b9f96a4b98fe916c564e60,"{""d"":5,""p"":0.00013738237958832623,""r"":20}",
    413696,       485,         0,    2.16,chromobius,fba7f029e33077a345bf4dd88f83ae2a90930bfabab1aa58f0cdbef2aea49d31,"{""d"":5,""p"":0.00018873918221350977,""r"":20}",
      2048,        41,         0,   0.045,chromobius,2843a48955b9ce64d65ee7352379283e199e4c9505a180a102cd8de26817c679,"{""d"":5,""p"":0.0007880462815669912,""r"":20}",
    359424,       644,         0,    2.16,chromobius,49b8a39bf42fb82a45113fd0376bbcfd56c68650c2905e905a23637447b6dae7,"{""d"":5,""p"":0.000221221629107045,""r"":20}",
    228352,      1059,         0,    2.17,chromobius,32f7aeaa3186c52c807fd872b483cc4eb7a52bb11656bbad528421b5eca9768b,"{""d"":5,""p"":0.0003562247890262444,""r"":20}",
    267264,       817,         0,    2.16,chromobius,a51a996a9a9058cb75c96519b03ad9fa998a544a537be2f3c377c8d1a2e2cf29,"{""d"":5,""p"":0.0003039195382313198,""r"":20}",
     16384,       280,         0,   0.288,chromobius,0dbbf24ba0265c94d6d8cbba69faddb1bb4da8f3e83feb76c603ade2da290036,"{""d"":5,""p"":0.0006723357536499335,""r"":20}",
    310272,       687,         0,    2.16,chromobius,b44e8e54643f6f3f50efb0388135995f31eff0113727210c739a5eda3a23523a,"{""d"":5,""p"":0.0002592943797404667,""r"":20}",
      3072,        61,         0,   0.065,chromobius,2843a48955b9ce64d65ee7352379283e199e4c9505a180a102cd8de26817c679,"{""d"":5,""p"":0.0007880462815669912,""r"":20}",
    190464,      1143,         0,    2.17,chromobius,422980d53ff9fe41da6795fed75e8b57649d80939f14947e0176c2d113f9df5f,"{""d"":5,""p"":0.00041753189365604,""r"":20}",
      4096,        79,         0,   0.090,chromobius,2843a48955b9ce64d65ee7352379283e199e4c9505a180a102cd8de26817c679,"{""d"":5,""p"":0.0007880462815669912,""r"":20}",
      6144,       130,         0,   0.124,chromobius,2843a48955b9ce64d65ee7352379283e199e4c9505a180a102cd8de26817c679,"{""d"":5,""p"":0.0007880462815669912,""r"":20}",
     23552,       391,         0,   0.411,chromobius,0dbbf24ba0265c94d6d8cbba69faddb1bb4da8f3e83feb76c603ade2da290036,"{""d"":5,""p"":0.0006723357536499335,""r"":20}",
      8192,       194,         0,   0.167,chromobius,2843a48955b9ce64d65ee7352379283e199e4c9505a180a102cd8de26817c679,"{""d"":5,""p"":0.0007880462815669912,""r"":20}",
     10240,       246,         0,   0.210,chromobius,2843a48955b9ce64d65ee7352379283e199e4c9505a180a102cd8de26817c679,"{""d"":5,""p"":0.0007880462815669912,""r"":20}",
     14336,       333,         0,   0.307,chromobius,2843a48955b9ce64d65ee7352379283e199e4c9505a180a102cd8de26817c679,"{""d"":5,""p"":0.0007880462815669912,""r"":20}",
     32768,       494,         0,   0.577,chromobius,0dbbf24ba0265c94d6d8cbba69faddb1bb4da8f3e83feb76c603ade2da290036,"{""d"":5,""p"":0.0006723357536499335,""r"":20}",
     18432,       376,         0,   0.410,chromobius,2843a48955b9ce64d65ee7352379283e199e4c9505a180a102cd8de26817c679,"{""d"":5,""p"":0.0007880462815669912,""r"":20}",
    144384,       921,         0,    1.63,chromobius,422980d53ff9fe41da6795fed75e8b57649d80939f14947e0176c2d113f9df5f,"{""d"":5,""p"":0.00041753189365604,""r"":20}",
     45056,       695,         0,   0.809,chromobius,0dbbf24ba0265c94d6d8cbba69faddb1bb4da8f3e83feb76c603ade2da290036,"{""d"":5,""p"":0.0006723357536499335,""r"":20}",
      1297,        37,         0,   0.041,chromobius,619f148cc606eabc6acf747ef5a06a0d770da879e23961c8d9e34ba799abfc22,"{""d"":5,""p"":0.0009236708571873865,""r"":20}",
      1024,        34,         0,   0.027,chromobius,619f148cc606eabc6acf747ef5a06a0d770da879e23961c8d9e34ba799abfc22,"{""d"":5,""p"":0.0009236708571873865,""r"":20}",
      1024,        28,         0,   0.025,chromobius,619f148cc606eabc6acf747ef5a06a0d770da879e23961c8d9e34ba799abfc22,"{""d"":5,""p"":0.0009236708571873865,""r"":20}",
      2048,        58,         0,   0.052,chromobius,619f148cc606eabc6acf747ef5a06a0d770da879e23961c8d9e34ba799abfc22,"{""d"":5,""p"":0.0009236708571873865,""r"":20}",
     25600,       569,         0,   0.568,chromobius,2843a48955b9ce64d65ee7352379283e199e4c9505a180a102cd8de26817c679,"{""d"":5,""p"":0.0007880462815669912,""r"":20}",
      2048,        68,         0,   0.055,chromobius,619f148cc606eabc6acf747ef5a06a0d770da879e23961c8d9e34ba799abfc22,"{""d"":5,""p"":0.0009236708571873865,""r"":20}",
      3072,        99,         0,   0.078,chromobius,619f148cc606eabc6acf747ef5a06a0d770da879e23961c8d9e34ba799abfc22,"{""d"":5,""p"":0.0009236708571873865,""r"":20}",
      3072,        93,         0,   0.075,chromobius,619f148cc606eabc6acf747ef5a06a0d770da879e23961c8d9e34ba799abfc22,"{""d"":5,""p"":0.0009236708571873865,""r"":20}",
      5120,       146,         0,   0.121,chromobius,619f148cc606eabc6acf747ef5a06a0d770da879e23961c8d9e34ba799abfc22,"{""d"":5,""p"":0.0009236708571873865,""r"":20}",
      7168,       237,         0,   0.170,chromobius,619f148cc606eabc6acf747ef5a06a0d770da879e23961c8d9e34ba799abfc22,"{""d"":5,""p"":0.0009236708571873865,""r"":20}",
      9216,       292,         0,   0.223,chromobius,619f148cc606eabc6acf747ef5a06a0d770da879e23961c8d9e34ba799abfc22,"{""d"":5,""p"":0.0009236708571873865,""r"":20}",
     38912,       897,         0,   0.807,chromobius,2843a48955b9ce64d65ee7352379283e199e4c9505a180a102cd8de26817c679,"{""d"":5,""p"":0.0007880462815669912,""r"":20}",
     63488,      1018,         0,    1.12,chromobius,0dbbf24ba0265c94d6d8cbba69faddb1bb4da8f3e83feb76c603ade2da290036,"{""d"":5,""p"":0.0006723357536499335,""r"":20}",
     12288,       403,         0,   0.295,chromobius,619f148cc606eabc6acf747ef5a06a0d770da879e23961c8d9e34ba799abfc22,"{""d"":5,""p"":0.0009236708571873865,""r"":20}",
    641024,       605,         0,    3.01,chromobius,7e2785c1c0f9bfeaa9e66a5953e1b9e36fad3d27ac737ff76c331d7f682b20a7,"{""d"":5,""p"":0.00016102620275609394,""r"":20}",
    962560,       336,         0,    3.00,chromobius,fdd14dc83274cbf67468505390cc44185505a54dc13edb403520539c9601c223,"{""d"":5,""p"":0.0001,""r"":20}",
    825344,       375,         0,    3.01,chromobius,1baac601d392dda142401ff1ea123ee9e834a07d7d1ca7b3dce2c7d1fd50f545,"{""d"":5,""p"":0.00011721022975334806,""r"":20}",
    745472,       477,         0,    3.01,chromobius,aa0966330167a83df22d82ff752da6805f7a520ba9b9f96a4b98fe916c564e60,"{""d"":5,""p"":0.00013738237958832623,""r"":20}",
    573440,       667,         0,    3.02,chromobius,fba7f029e33077a345bf4dd88f83ae2a90930bfabab1aa58f0cdbef2aea49d31,"{""d"":5,""p"":0.00018873918221350977,""r"":20}",
    504832,       861,         0,    3.02,chromobius,49b8a39bf42fb82a45113fd0376bbcfd56c68650c2905e905a23637447b6dae7,"{""d"":5,""p"":0.000221221629107045,""r"":20}",
    323584,      1402,         0,    3.03,chromobius,32f7aeaa3186c52c807fd872b483cc4eb7a52bb11656bbad528421b5eca9768b,"{""d"":5,""p"":0.0003562247890262444,""r"":20}",
    421888,       993,         0,    3.02,chromobius,b44e8e54643f6f3f50efb0388135995f31eff0113727210c739a5eda3a23523a,"{""d"":5,""p"":0.0002592943797404667,""r"":20}",
    377856,      1222,         0,    3.03,chromobius,a51a996a9a9058cb75c96519b03ad9fa998a544a537be2f3c377c8d1a2e2cf29,"{""d"":5,""p"":0.0003039195382313198,""r"":20}",
      5120,        17,         0,   0.048,chromobius,32f7aeaa3186c52c807fd872b483cc4eb7a52bb11656bbad528421b5eca9768b,"{""d"":5,""p"":0.0003562247890262444,""r"":20}",
      1297,        62,         0,   0.039,chromobius,4beb81aebe8051d78ee47d2738c542bc79b58ef4b4d4f8164bc22a816e6c2c74,"{""d"":5,""p"":0.001082636733874054,""r"":20}",
      1024,        36,         0,   0.029,chromobius,4beb81aebe8051d78ee47d2738c542bc79b58ef4b4d4f8164bc22a816e6c2c74,"{""d"":5,""p"":0.001082636733874054,""r"":20}",
      1024,        44,         0,   0.029,chromobius,4beb81aebe8051d78ee47d2738c542bc79b58ef4b4d4f8164bc22a816e6c2c74,"{""d"":5,""p"":0.001082636733874054,""r"":20}",
      1024,        49,         0,   0.029,chromobius,4beb81aebe8051d78ee47d2738c542bc79b58ef4b4d4f8164bc22a816e6c2c74,"{""d"":5,""p"":0.001082636733874054,""r"":20}",
      2048,        82,         0,   0.058,chromobius,4beb81aebe8051d78ee47d2738c542bc79b58ef4b4d4f8164bc22a816e6c2c74,"{""d"":5,""p"":0.001082636733874054,""r"":20}",
     17408,       578,         0,   0.420,chromobius,619f148cc606eabc6acf747ef5a06a0d770da879e23961c8d9e34ba799abfc22,"{""d"":5,""p"":0.0009236708571873865,""r"":20}",
      2048,        86,         0,   0.058,chromobius,4beb81aebe8051d78ee47d2738c542bc79b58ef4b4d4f8164bc22a816e6c2c74,"{""d"":5,""p"":0.001082636733874054,""r"":20}",
      3072,       122,         0,   0.087,chromobius,4beb81aebe8051d78ee47d2738c542bc79b58ef4b4d4f8164bc22a816e6c2c74,"{""d"":5,""p"":0.001082636733874054,""r"":20}",
      4096,       163,         0,   0.119,chromobius,4beb81aebe8051d78ee47d2738c542bc79b58ef4b4d4f8164bc22a816e6c2c74,"{""d"":5,""p"":0.001082636733874054,""r"":20}",
      6144,       264,         0,   0.175,chromobius,4beb81aebe8051d78ee47d2738c542bc79b58ef4b4d4f8164bc22a816e6c2c74,"{""d"":5,""p"":0.001082636733874054,""r"":20}",
     53248,      1208,         0,    1.11,chromobius,2843a48955b9ce64d65ee7352379283e199e4c9505a180a102cd8de26817c679,"{""d"":5,""p"":0.0007880462815669912,""r"":20}",
     24576,       772,         0,   0.585,chromobius,619f148cc606eabc6acf747ef5a06a0d770da879e23961c8d9e34ba799abfc22,"{""d"":5,""p"":0.0009236708571873865,""r"":20}",
      8192,       391,         0,   0.229,chromobius,4beb81aebe8051d78ee47d2738c542bc79b58ef4b4d4f8164bc22a816e6c2c74,"{""d"":5,""p"":0.001082636733874054,""r"":20}",
     10240,       443,         0,   0.292,chromobius,4beb81aebe8051d78ee47d2738c542bc79b58ef4b4d4f8164bc22a816e6c2c74,"{""d"":5,""p"":0.001082636733874054,""r"":20}",
     81920,      1361,         0,    1.43,chromobius,0dbbf24ba0265c94d6d8cbba69faddb1bb4da8f3e83feb76c603ade2da290036,"{""d"":5,""p"":0.0006723357536499335,""r"":20}",
       273,        21,         0,   0.010,chromobius,d05cc1d5121f349534eb2af991a26a167fb7019afaacddabc4143d6bc7eed1bd,"{""d"":5,""p"":0.0012689610031679222,""r"":20}",
      1024,        76,         0,   0.034,chromobius,d05cc1d5121f349534eb2af991a26a167fb7019afaacddabc4143d6bc7eed1bd,"{""d"":5,""p"":0.0012689610031679222,""r"":20}",
      1024,        64,         0,   0.035,chromobius,d05cc1d5121f349534eb2af991a26a167fb7019afaacddabc4143d6bc7eed1bd,"{""d"":5,""p"":0.0012689610031679222,""r"":20}",
      1024,        67,         0,   0.034,chromobius,d05cc1d5121f349534eb2af991a26a167fb7019afaacddabc4143d6bc7eed1bd,"{""d"":5,""p"":0.0012689610031679222,""r"":20}",
     33792,       760,         0,   0.693,chromobius,2843a48955b9ce64d65ee7352379283e199e4c9505a180a102cd8de26817c679,"{""d"":5,""p"":0.0007880462815669912,""r"":20}",
      2048,        98,         0,   0.071,chromobius,d05cc1d5121f349534eb2af991a26a167fb7019afaacddabc4143d6bc7eed1bd,"{""d"":5,""p"":0.0012689610031679222,""r"":20}",
       273,        16,         0,   0.014,chromobius,7da93efb8e95e40a03beafec118b7a74465c881407550c55c03051b8c9f2ac3e,"{""d"":5,""p"":0.0014873521072935117,""r"":20}",
      1024,        96,         0,   0.045,chromobius,7da93efb8e95e40a03beafec118b7a74465c881407550c55c03051b8c9f2ac3e,"{""d"":5,""p"":0.0014873521072935117,""r"":20}",
      2048,       127,         0,   0.071,chromobius,d05cc1d5121f349534eb2af991a26a167fb7019afaacddabc4143d6bc7eed1bd,"{""d"":5,""p"":0.0012689610031679222,""r"":20}",
      1024,        90,         0,   0.041,chromobius,7da93efb8e95e40a03beafec118b7a74465c881407550c55c03051b8c9f2ac3e,"{""d"":5,""p"":0.0014873521072935117,""r"":20}",
     14336,       622,         0,   0.410,chromobius,4beb81aebe8051d78ee47d2738c542bc79b58ef4b4d4f8164bc22a816e6c2c74,"{""d"":5,""p"":0.001082636733874054,""r"":20}",
      1024,        91,         0,   0.043,chromobius,7da93efb8e95e40a03beafec118b7a74465c881407550c55c03051b8c9f2ac3e,"{""d"":5,""p"":0.0014873521072935117,""r"":20}",
     33792,      1091,         0,   0.807,chromobius,619f148cc606eabc6acf747ef5a06a0d770da879e23961c8d9e34ba799abfc22,"{""d"":5,""p"":0.0009236708571873865,""r"":20}",
      3072,       206,         0,   0.105,chromobius,d05cc1d5121f349534eb2af991a26a167fb7019afaacddabc4143d6bc7eed1bd,"{""d"":5,""p"":0.0012689610031679222,""r"":20}",
      1024,        86,         0,   0.044,chromobius,7da93efb8e95e40a03beafec118b7a74465c881407550c55c03051b8c9f2ac3e,"{""d"":5,""p"":0.0014873521072935117,""r"":20}",
      2048,       164,         0,   0.083,chromobius,7da93efb8e95e40a03beafec118b7a74465c881407550c55c03051b8c9f2ac3e,"{""d"":5,""p"":0.0014873521072935117,""r"":20}",
      4096,       243,         0,   0.139,chromobius,d05cc1d5121f349534eb2af991a26a167fb7019afaacddabc4143d6bc7eed1bd,"{""d"":5,""p"":0.0012689610031679222,""r"":20}",
      2048,       189,         0,   0.082,chromobius,7da93efb8e95e40a03beafec118b7a74465c881407550c55c03051b8c9f2ac3e,"{""d"":5,""p"":0.0014873521072935117,""r"":20}",
      3072,       240,         0,   0.124,chromobius,7da93efb8e95e40a03beafec118b7a74465c881407550c55c03051b8c9f2ac3e,"{""d"":5,""p"":0.0014873521072935117,""r"":20}",
      5120,       292,         0,   0.172,chromobius,d05cc1d5121f349534eb2af991a26a167fb7019afaacddabc4143d6bc7eed1bd,"{""d"":5,""p"":0.0012689610031679222,""r"":20}",
    253952,       848,         0,    2.05,chromobius,a51a996a9a9058cb75c96519b03ad9fa998a544a537be2f3c377c8d1a2e2cf29,"{""d"":5,""p"":0.0003039195382313198,""r"":20}",
       273,        40,         0,   0.014,chromobius,95fa86cd5044bc2000924270bf5f6b866f6bbee0a6301d3290862b5aa1bfd941,"{""d"":5,""p"":0.0017433288221999873,""r"":20}",
      1024,       120,         0,   0.049,chromobius,95fa86cd5044bc2000924270bf5f6b866f6bbee0a6301d3290862b5aa1bfd941,"{""d"":5,""p"":0.0017433288221999873,""r"":20}",
      4096,       360,         0,   0.166,chromobius,7da93efb8e95e40a03beafec118b7a74465c881407550c55c03051b8c9f2ac3e,"{""d"":5,""p"":0.0014873521072935117,""r"":20}",
      1024,       115,         0,   0.048,chromobius,95fa86cd5044bc2000924270bf5f6b866f6bbee0a6301d3290862b5aa1bfd941,"{""d"":5,""p"":0.0017433288221999873,""r"":20}",
      6144,       402,         0,   0.208,chromobius,d05cc1d5121f349534eb2af991a26a167fb7019afaacddabc4143d6bc7eed1bd,"{""d"":5,""p"":0.0012689610031679222,""r"":20}",
     20480,       938,         0,   0.586,chromobius,4beb81aebe8051d78ee47d2738c542bc79b58ef4b4d4f8164bc22a816e6c2c74,"{""d"":5,""p"":0.001082636733874054,""r"":20}",
      1024,       143,         0,   0.049,chromobius,95fa86cd5044bc2000924270bf5f6b866f6bbee0a6301d3290862b5aa1bfd941,"{""d"":5,""p"":0.0017433288221999873,""r"":20}",
      1024,       134,         0,   0.049,chromobius,95fa86cd5044bc2000924270bf5f6b866f6bbee0a6301d3290862b5aa1bfd941,"{""d"":5,""p"":0.0017433288221999873,""r"":20}",
      5120,       472,         0,   0.210,chromobius,7da93efb8e95e40a03beafec118b7a74465c881407550c55c03051b8c9f2ac3e,"{""d"":5,""p"":0.0014873521072935117,""r"":20}",
      2048,       245,         0,   0.098,chromobius,95fa86cd5044bc2000924270bf5f6b866f6bbee0a6301d3290862b5aa1bfd941,"{""d"":5,""p"":0.0017433288221999873,""r"":20}",
      2048,       268,         0,   0.097,chromobius,95fa86cd5044bc2000924270bf5f6b866f6bbee0a6301d3290862b5aa1bfd941,"{""d"":5,""p"":0.0017433288221999873,""r"":20}",
     33792,      1092,         0,   0.817,chromobius,619f148cc606eabc6acf747ef5a06a0d770da879e23961c8d9e34ba799abfc22,"{""d"":5,""p"":0.0009236708571873865,""r"":20}",
      9216,       595,         0,   0.315,chromobius,d05cc1d5121f349534eb2af991a26a167fb7019afaacddabc4143d6bc7eed1bd,"{""d"":5,""p"":0.0012689610031679222,""r"":20}",
       273,        40,         0,   0.016,chromobius,6cb45f585d0a55db27334eb75fc634d567501efed4dbb21e1b847350806301b4,"{""d"":5,""p"":0.0020433597178569417,""r"":20}",
      1024,       162,         0,   0.058,chromobius,6cb45f585d0a55db27334eb75fc634d567501efed4dbb21e1b847350806301b4,"{""d"":5,""p"":0.0020433597178569417,""r"":20}",
      3072,       361,         0,   0.145,chromobius,95fa86cd5044bc2000924270bf5f6b866f6bbee0a6301d3290862b5aa1bfd941,"{""d"":5,""p"":0.0017433288221999873,""r"":20}",
      1024,       162,         0,   0.060,chromobius,6cb45f585d0a55db27334eb75fc634d567501efed4dbb21e1b847350806301b4,"{""d"":5,""p"":0.0020433597178569417,""r"":20}",
      8192,       703,         0,   0.330,chromobius,7da93efb8e95e40a03beafec118b7a74465c881407550c55c03051b8c9f2ac3e,"{""d"":5,""p"":0.0014873521072935117,""r"":20}",
      1024,       166,         0,   0.059,chromobius,6cb45f585d0a55db27334eb75fc634d567501efed4dbb21e1b847350806301b4,"{""d"":5,""p"":0.0020433597178569417,""r"":20}",
      1024,       178,         0,   0.059,chromobius,6cb45f585d0a55db27334eb75fc634d567501efed4dbb21e1b847350806301b4,"{""d"":5,""p"":0.0020433597178569417,""r"":20}",
      4096,       495,         0,   0.195,chromobius,95fa86cd5044bc2000924270bf5f6b866f6bbee0a6301d3290862b5aa1bfd941,"{""d"":5,""p"":0.0017433288221999873,""r"":20}",
      1024,       166,         0,   0.059,chromobius,6cb45f585d0a55db27334eb75fc634d567501efed4dbb21e1b847350806301b4,"{""d"":5,""p"":0.0020433597178569417,""r"":20}",
     12288,       770,         0,   0.425,chromobius,d05cc1d5121f349534eb2af991a26a167fb7019afaacddabc4143d6bc7eed1bd,"{""d"":5,""p"":0.0012689610031679222,""r"":20}",
      2048,       335,         0,   0.119,chromobius,6cb45f585d0a55db27334eb75fc634d567501efed4dbb21e1b847350806301b4,"{""d"":5,""p"":0.0020433597178569417,""r"":20}",
     28672,      1263,         0,   0.816,chromobius,4beb81aebe8051d78ee47d2738c542bc79b58ef4b4d4f8164bc22a816e6c2c74,"{""d"":5,""p"":0.001082636733874054,""r"":20}",
      5120,       589,         0,   0.241,chromobius,95fa86cd5044bc2000924270bf5f6b866f6bbee0a6301d3290862b5aa1bfd941,"{""d"":5,""p"":0.0017433288221999873,""r"":20}",
      2048,       316,         0,   0.116,chromobius,6cb45f585d0a55db27334eb75fc634d567501efed4dbb21e1b847350806301b4,"{""d"":5,""p"":0.0020433597178569417,""r"":20}",
     10240,       864,         0,   0.416,chromobius,7da93efb8e95e40a03beafec118b7a74465c881407550c55c03051b8c9f2ac3e,"{""d"":5,""p"":0.0014873521072935117,""r"":20}",
      3072,       468,         0,   0.174,chromobius,6cb45f585d0a55db27334eb75fc634d567501efed4dbb21e1b847350806301b4,"{""d"":5,""p"":0.0020433597178569417,""r"":20}",
     10240,       475,         0,   0.294,chromobius,4beb81aebe8051d78ee47d2738c542bc79b58ef4b4d4f8164bc22a816e6c2c74,"{""d"":5,""p"":0.001082636733874054,""r"":20}",
      6144,       724,         0,   0.291,chromobius,95fa86cd5044bc2000924270bf5f6b866f6bbee0a6301d3290862b5aa1bfd941,"{""d"":5,""p"":0.0017433288221999873,""r"":20}",
       273,        67,         0,   0.020,chromobius,e56a4fb2243f899218529b11541679e09ecd0c9adc018c3678ea53969db74547,"{""d"":5,""p"":0.002395026619987486,""r"":20}",
      1024,       219,         0,   0.073,chromobius,e56a4fb2243f899218529b11541679e09ecd0c9adc018c3678ea53969db74547,"{""d"":5,""p"":0.002395026619987486,""r"":20}",
      4096,       648,         0,   0.237,chromobius,6cb45f585d0a55db27334eb75fc634d567501efed4dbb21e1b847350806301b4,"{""d"":5,""p"":0.0020433597178569417,""r"":20}",
     17408,      1016,         0,   0.591,chromobius,d05cc1d5121f349534eb2af991a26a167fb7019afaacddabc4143d6bc7eed1bd,"{""d"":5,""p"":0.0012689610031679222,""r"":20}",
      1024,       198,         0,   0.072,chromobius,e56a4fb2243f899218529b11541679e09ecd0c9adc018c3678ea53969db74547,"{""d"":5,""p"":0.002395026619987486,""r"":20}",
      1024,       227,         0,   0.071,chromobius,e56a4fb2243f899218529b11541679e09ecd0c9adc018c3678ea53969db74547,"{""d"":5,""p"":0.002395026619987486,""r"":20}",
     14336,      1244,         0,   0.575,chromobius,7da93efb8e95e40a03beafec118b7a74465c881407550c55c03051b8c9f2ac3e,"{""d"":5,""p"":0.0014873521072935117,""r"":20}",
      1024,       208,         0,   0.071,chromobius,e56a4fb2243f899218529b11541679e09ecd0c9adc018c3678ea53969db74547,"{""d"":5,""p"":0.002395026619987486,""r"":20}",
      1024,       227,         0,   0.072,chromobius,e56a4fb2243f899218529b11541679e09ecd0c9adc018c3678ea53969db74547,"{""d"":5,""p"":0.002395026619987486,""r"":20}",
      5120,       813,         0,   0.294,chromobius,6cb45f585d0a55db27334eb75fc634d567501efed4dbb21e1b847350806301b4,"{""d"":5,""p"":0.0020433597178569417,""r"":20}",
      9216,      1101,         0,   0.437,chromobius,95fa86cd5044bc2000924270bf5f6b866f6bbee0a6301d3290862b5aa1bfd941,"{""d"":5,""p"":0.0017433288221999873,""r"":20}",
      5120,       443,         0,   0.203,chromobius,7da93efb8e95e40a03beafec118b7a74465c881407550c55c03051b8c9f2ac3e,"{""d"":5,""p"":0.0014873521072935117,""r"":20}",
      2048,       447,         0,   0.143,chromobius,e56a4fb2243f899218529b11541679e09ecd0c9adc018c3678ea53969db74547,"{""d"":5,""p"":0.002395026619987486,""r"":20}",
       273,        86,         0,   0.025,chromobius,6a465a66b8ae7beabaa616241522f6aae9df2fbf1b3741684d2edd10baa73af0,"{""d"":5,""p"":0.0028072162039411755,""r"":20}",
      2048,       443,         0,   0.140,chromobius,e56a4fb2243f899218529b11541679e09ecd0c9adc018c3678ea53969db74547,"{""d"":5,""p"":0.002395026619987486,""r"":20}",
      1024,       291,         0,   0.087,chromobius,6a465a66b8ae7beabaa616241522f6aae9df2fbf1b3741684d2edd10baa73af0,"{""d"":5,""p"":0.0028072162039411755,""r"":20}",
      6144,       742,         0,   0.292,chromobius,95fa86cd5044bc2000924270bf5f6b866f6bbee0a6301d3290862b5aa1bfd941,"{""d"":5,""p"":0.0017433288221999873,""r"":20}",
     16384,      1072,         0,   0.556,chromobius,d05cc1d5121f349534eb2af991a26a167fb7019afaacddabc4143d6bc7eed1bd,"{""d"":5,""p"":0.0012689610031679222,""r"":20}",
      1024,       286,         0,   0.087,chromobius,6a465a66b8ae7beabaa616241522f6aae9df2fbf1b3741684d2edd10baa73af0,"{""d"":5,""p"":0.0028072162039411755,""r"":20}",
       273,        93,         0,   0.029,chromobius,80455c16f0292bc55812cb2d16c09eca6e2e8f948058e932277227705a134c7f,"{""d"":5,""p"":0.0032903445623126675,""r"":20}",
       273,       113,         0,   0.033,chromobius,b93ce30691dde9e5ca6f9a26cd78b467a9b9dca3a53b96eadc57277e08c2cc6f,"{""d"":5,""p"":0.0038566204211634724,""r"":20}",
    927744,       823,         0,    4.23,chromobius,7e2785c1c0f9bfeaa9e66a5953e1b9e36fad3d27ac737ff76c331d7f682b20a7,"{""d"":5,""p"":0.00016102620275609394,""r"":20}",
   1344512,       457,         0,    4.21,chromobius,fdd14dc83274cbf67468505390cc44185505a54dc13edb403520539c9601c223,"{""d"":5,""p"":0.0001,""r"":20}",
   1211392,       546,         0,    4.21,chromobius,1baac601d392dda142401ff1ea123ee9e834a07d7d1ca7b3dce2c7d1fd50f545,"{""d"":5,""p"":0.00011721022975334806,""r"":20}",
   1070080,       706,         0,    4.22,chromobius,aa0966330167a83df22d82ff752da6805f7a520ba9b9f96a4b98fe916c564e60,"{""d"":5,""p"":0.00013738237958832623,""r"":20}",
      7168,      1144,         0,   0.413,chromobius,6cb45f585d0a55db27334eb75fc634d567501efed4dbb21e1b847350806301b4,"{""d"":5,""p"":0.0020433597178569417,""r"":20}",
    812032,      1006,         0,    4.23,chromobius,fba7f029e33077a345bf4dd88f83ae2a90930bfabab1aa58f0cdbef2aea49d31,"{""d"":5,""p"":0.00018873918221350977,""r"":20}",
    708608,      1333,         0,    4.23,chromobius,49b8a39bf42fb82a45113fd0376bbcfd56c68650c2905e905a23637447b6dae7,"{""d"":5,""p"":0.000221221629107045,""r"":20}",
      1024,       258,         0,   0.087,chromobius,6a465a66b8ae7beabaa616241522f6aae9df2fbf1b3741684d2edd10baa73af0,"{""d"":5,""p"":0.0028072162039411755,""r"":20}",
    612352,      1399,         0,    4.24,chromobius,b44e8e54643f6f3f50efb0388135995f31eff0113727210c739a5eda3a23523a,"{""d"":5,""p"":0.0002592943797404667,""r"":20}",
      3072,       665,         0,   0.212,chromobius,e56a4fb2243f899218529b11541679e09ecd0c9adc018c3678ea53969db74547,"{""d"":5,""p"":0.002395026619987486,""r"":20}",
      1024,       366,         0,   0.103,chromobius,80455c16f0292bc55812cb2d16c09eca6e2e8f948058e932277227705a134c7f,"{""d"":5,""p"":0.0032903445623126675,""r"":20}",
      1024,       386,         0,   0.119,chromobius,b93ce30691dde9e5ca6f9a26cd78b467a9b9dca3a53b96eadc57277e08c2cc6f,"{""d"":5,""p"":0.0038566204211634724,""r"":20}",
      1024,       276,         0,   0.083,chromobius,6a465a66b8ae7beabaa616241522f6aae9df2fbf1b3741684d2edd10baa73af0,"{""d"":5,""p"":0.0028072162039411755,""r"":20}",
      1024,       330,         0,   0.101,chromobius,80455c16f0292bc55812cb2d16c09eca6e2e8f948058e932277227705a134c7f,"{""d"":5,""p"":0.0032903445623126675,""r"":20}",
      3072,       463,         0,   0.176,chromobius,6cb45f585d0a55db27334eb75fc634d567501efed4dbb21e1b847350806301b4,"{""d"":5,""p"":0.0020433597178569417,""r"":20}",
      1024,       247,         0,   0.083,chromobius,6a465a66b8ae7beabaa616241522f6aae9df2fbf1b3741684d2edd10baa73af0,"{""d"":5,""p"":0.0028072162039411755,""r"":20}",
      1024,       411,         0,   0.118,chromobius,b93ce30691dde9e5ca6f9a26cd78b467a9b9dca3a53b96eadc57277e08c2cc6f,"{""d"":5,""p"":0.0038566204211634724,""r"":20}",
      1024,       330,         0,   0.100,chromobius,80455c16f0292bc55812cb2d16c09eca6e2e8f948058e932277227705a134c7f,"{""d"":5,""p"":0.0032903445623126675,""r"":20}",
      3072,       652,         0,   0.209,chromobius,e56a4fb2243f899218529b11541679e09ecd0c9adc018c3678ea53969db74547,"{""d"":5,""p"":0.002395026619987486,""r"":20}",
       273,       121,         0,   0.041,chromobius,d05b24fc238da2cdeac61fbbcd0757bdc8bd6be7dcc3d66c0698bb7ee976486c,"{""d"":5,""p"":0.004520353656360241,""r"":20}",
      1024,       300,         0,   0.086,chromobius,6a465a66b8ae7beabaa616241522f6aae9df2fbf1b3741684d2edd10baa73af0,"{""d"":5,""p"":0.0028072162039411755,""r"":20}",
      1024,       380,         0,   0.120,chromobius,b93ce30691dde9e5ca6f9a26cd78b467a9b9dca3a53b96eadc57277e08c2cc6f,"{""d"":5,""p"":0.0038566204211634724,""r"":20}",
      1024,       309,         0,   0.102,chromobius,80455c16f0292bc55812cb2d16c09eca6e2e8f948058e932277227705a134c7f,"{""d"":5,""p"":0.0032903445623126675,""r"":20}",
      1024,       451,         0,   0.144,chromobius,d05b24fc238da2cdeac61fbbcd0757bdc8bd6be7dcc3d66c0698bb7ee976486c,"{""d"":5,""p"":0.004520353656360241,""r"":20}",
      2048,       521,         0,   0.170,chromobius,6a465a66b8ae7beabaa616241522f6aae9df2fbf1b3741684d2edd10baa73af0,"{""d"":5,""p"":0.0028072162039411755,""r"":20}",
      1024,       409,         0,   0.122,chromobius,b93ce30691dde9e5ca6f9a26cd78b467a9b9dca3a53b96eadc57277e08c2cc6f,"{""d"":5,""p"":0.0038566204211634724,""r"":20}",
      1024,       330,         0,   0.100,chromobius,80455c16f0292bc55812cb2d16c09eca6e2e8f948058e932277227705a134c7f,"{""d"":5,""p"":0.0032903445623126675,""r"":20}",
     70656,       181,         0,   0.492,chromobius,b44e8e54643f6f3f50efb0388135995f31eff0113727210c739a5eda3a23523a,"{""d"":5,""p"":0.0002592943797404667,""r"":20}",
      1024,       439,         0,   0.145,chromobius,d05b24fc238da2cdeac61fbbcd0757bdc8bd6be7dcc3d66c0698bb7ee976486c,"{""d"":5,""p"":0.004520353656360241,""r"":20}",
      1024,       324,         0,   0.104,chromobius,80455c16f0292bc55812cb2d16c09eca6e2e8f948058e932277227705a134c7f,"{""d"":5,""p"":0.0032903445623126675,""r"":20}",
      1024,       392,         0,   0.118,chromobius,b93ce30691dde9e5ca6f9a26cd78b467a9b9dca3a53b96eadc57277e08c2cc6f,"{""d"":5,""p"":0.0038566204211634724,""r"":20}",
       273,       129,         0,   0.048,chromobius,f72139ce962047a7cb7aaff2f93cc1a8f6db2664c9bb0806ba4c55d6f3283cb9,"{""d"":5,""p"":0.005298316906283708,""r"":20}",
      2048,       538,         0,   0.171,chromobius,6a465a66b8ae7beabaa616241522f6aae9df2fbf1b3741684d2edd10baa73af0,"{""d"":5,""p"":0.0028072162039411755,""r"":20}",
      5120,      1095,         0,   0.355,chromobius,e56a4fb2243f899218529b11541679e09ecd0c9adc018c3678ea53969db74547,"{""d"":5,""p"":0.002395026619987486,""r"":20}",
      1024,       389,         0,   0.120,chromobius,b93ce30691dde9e5ca6f9a26cd78b467a9b9dca3a53b96eadc57277e08c2cc6f,"{""d"":5,""p"":0.0038566204211634724,""r"":20}",
      1024,       439,         0,   0.145,chromobius,d05b24fc238da2cdeac61fbbcd0757bdc8bd6be7dcc3d66c0698bb7ee976486c,"{""d"":5,""p"":0.004520353656360241,""r"":20}",
      2048,       688,         0,   0.199,chromobius,80455c16f0292bc55812cb2d16c09eca6e2e8f948058e932277227705a134c7f,"{""d"":5,""p"":0.0032903445623126675,""r"":20}",
      1024,       480,         0,   0.174,chromobius,f72139ce962047a7cb7aaff2f93cc1a8f6db2664c9bb0806ba4c55d6f3283cb9,"{""d"":5,""p"":0.005298316906283708,""r"":20}",
      1024,       413,         0,   0.121,chromobius,b93ce30691dde9e5ca6f9a26cd78b467a9b9dca3a53b96eadc57277e08c2cc6f,"{""d"":5,""p"":0.0038566204211634724,""r"":20}",
      3072,       646,         0,   0.209,chromobius,e56a4fb2243f899218529b11541679e09ecd0c9adc018c3678ea53969db74547,"{""d"":5,""p"":0.002395026619987486,""r"":20}",
      1024,       425,         0,   0.148,chromobius,d05b24fc238da2cdeac61fbbcd0757bdc8bd6be7dcc3d66c0698bb7ee976486c,"{""d"":5,""p"":0.004520353656360241,""r"":20}",
      3072,       859,         0,   0.252,chromobius,6a465a66b8ae7beabaa616241522f6aae9df2fbf1b3741684d2edd10baa73af0,"{""d"":5,""p"":0.0028072162039411755,""r"":20}",
       273,       128,         0,   0.056,chromobius,af721a203fcf4cae1bbdea5d7feae9eb7b483e4186b33e7f28b96a128ac0fac9,"{""d"":5,""p"":0.006210169418915616,""r"":20}",
      1024,       499,         0,   0.170,chromobius,f72139ce962047a7cb7aaff2f93cc1a8f6db2664c9bb0806ba4c55d6f3283cb9,"{""d"":5,""p"":0.005298316906283708,""r"":20}",
      2048,       709,         0,   0.202,chromobius,80455c16f0292bc55812cb2d16c09eca6e2e8f948058e932277227705a134c7f,"{""d"":5,""p"":0.0032903445623126675,""r"":20}",
      1024,       441,         0,   0.145,chromobius,d05b24fc238da2cdeac61fbbcd0757bdc8bd6be7dcc3d66c0698bb7ee976486c,"{""d"":5,""p"":0.004520353656360241,""r"":20}",
      2048,       803,         0,   0.246,chromobius,b93ce30691dde9e5ca6f9a26cd78b467a9b9dca3a53b96eadc57277e08c2cc6f,"{""d"":5,""p"":0.0038566204211634724,""r"":20}",
      1024,       485,         0,   0.171,chromobius,f72139ce962047a7cb7aaff2f93cc1a8f6db2664c9bb0806ba4c55d6f3283cb9,"{""d"":5,""p"":0.005298316906283708,""r"":20}",
      1024,       518,         0,   0.204,chromobius,af721a203fcf4cae1bbdea5d7feae9eb7b483e4186b33e7f28b96a128ac0fac9,"{""d"":5,""p"":0.006210169418915616,""r"":20}",
      1024,       422,         0,   0.143,chromobius,d05b24fc238da2cdeac61fbbcd0757bdc8bd6be7dcc3d66c0698bb7ee976486c,"{""d"":5,""p"":0.004520353656360241,""r"":20}",
      4096,      1117,         0,   0.340,chromobius,6a465a66b8ae7beabaa616241522f6aae9df2fbf1b3741684d2edd10baa73af0,"{""d"":5,""p"":0.0028072162039411755,""r"":20}",
      3072,      1004,         0,   0.309,chromobius,80455c16f0292bc55812cb2d16c09eca6e2e8f948058e932277227705a134c7f,"{""d"":5,""p"":0.0032903445623126675,""r"":20}",
      1024,       455,         0,   0.146,chromobius,d05b24fc238da2cdeac61fbbcd0757bdc8bd6be7dcc3d66c0698bb7ee976486c,"{""d"":5,""p"":0.004520353656360241,""r"":20}",
      1024,       270,         0,   0.088,chromobius,6a465a66b8ae7beabaa616241522f6aae9df2fbf1b3741684d2edd10baa73af0,"{""d"":5,""p"":0.0028072162039411755,""r"":20}",
      2048,       764,         0,   0.243,chromobius,b93ce30691dde9e5ca6f9a26cd78b467a9b9dca3a53b96eadc57277e08c2cc6f,"{""d"":5,""p"":0.0038566204211634724,""r"":20}",
      1024,       492,         0,   0.178,chromobius,f72139ce962047a7cb7aaff2f93cc1a8f6db2664c9bb0806ba4c55d6f3283cb9,"{""d"":5,""p"":0.005298316906283708,""r"":20}",
      1024,       513,         0,   0.210,chromobius,af721a203fcf4cae1bbdea5d7feae9eb7b483e4186b33e7f28b96a128ac0fac9,"{""d"":5,""p"":0.006210169418915616,""r"":20}",
       273,       137,         0,   0.064,chromobius,6280dd1cc19897cf86a4494db73e609835e9a1a51794aa3ff5916d64c579fccc,"{""d"":5,""p"":0.007278953843983146,""r"":20}",
      1024,       449,         0,   0.148,chromobius,d05b24fc238da2cdeac61fbbcd0757bdc8bd6be7dcc3d66c0698bb7ee976486c,"{""d"":5,""p"":0.004520353656360241,""r"":20}",
      1024,       461,         0,   0.167,chromobius,f72139ce962047a7cb7aaff2f93cc1a8f6db2664c9bb0806ba4c55d6f3283cb9,"{""d"":5,""p"":0.005298316906283708,""r"":20}",
      2048,       656,         0,   0.200,chromobius,80455c16f0292bc55812cb2d16c09eca6e2e8f948058e932277227705a134c7f,"{""d"":5,""p"":0.0032903445623126675,""r"":20}",
      2048,       809,         0,   0.244,chromobius,b93ce30691dde9e5ca6f9a26cd78b467a9b9dca3a53b96eadc57277e08c2cc6f,"{""d"":5,""p"":0.0038566204211634724,""r"":20}",
      1024,       483,         0,   0.202,chromobius,af721a203fcf4cae1bbdea5d7feae9eb7b483e4186b33e7f28b96a128ac0fac9,"{""d"":5,""p"":0.006210169418915616,""r"":20}",
       273,       138,         0,   0.074,chromobius,b4842362a66205c342b4d717506b1f83e11f35ab05c465f64cbe585f832b5416,"{""d"":5,""p"":0.008531678524172805,""r"":20}",
      1024,       461,         0,   0.169,chromobius,f72139ce962047a7cb7aaff2f93cc1a8f6db2664c9bb0806ba4c55d6f3283cb9,"{""d"":5,""p"":0.005298316906283708,""r"":20}",
      1024,       473,         0,   0.240,chromobius,6280dd1cc19897cf86a4494db73e609835e9a1a51794aa3ff5916d64c579fccc,"{""d"":5,""p"":0.007278953843983146,""r"":20}",
       273,       139,         0,   0.086,chromobius,a826b4f23c217c90bd3ac08d3de02261639dbd90354cc8e2ec19ab192232911f,"{""d"":5,""p"":0.01,""r"":20}",
      2048,       856,         0,   0.292,chromobius,d05b24fc238da2cdeac61fbbcd0757bdc8bd6be7dcc3d66c0698bb7ee976486c,"{""d"":5,""p"":0.004520353656360241,""r"":20}",
      1024,       507,         0,   0.205,chromobius,af721a203fcf4cae1bbdea5d7feae9eb7b483e4186b33e7f28b96a128ac0fac9,"{""d"":5,""p"":0.006210169418915616,""r"":20}",
      1024,       479,         0,   0.174,chromobius,f72139ce962047a7cb7aaff2f93cc1a8f6db2664c9bb0806ba4c55d6f3283cb9,"{""d"":5,""p"":0.005298316906283708,""r"":20}",
      1024,       526,         0,   0.277,chromobius,b4842362a66205c342b4d717506b1f83e11f35ab05c465f64cbe585f832b5416,"{""d"":5,""p"":0.008531678524172805,""r"":20}",
      1024,       532,         0,   0.241,chromobius,6280dd1cc19897cf86a4494db73e609835e9a1a51794aa3ff5916d64c579fccc,"{""d"":5,""p"":0.007278953843983146,""r"":20}",
      1024,       505,         0,   0.202,chromobius,af721a203fcf4cae1bbdea5d7feae9eb7b483e4186b33e7f28b96a128ac0fac9,"{""d"":5,""p"":0.006210169418915616,""r"":20}",
      1024,       465,         0,   0.173,chromobius,f72139ce962047a7cb7aaff2f93cc1a8f6db2664c9bb0806ba4c55d6f3283cb9,"{""d"":5,""p"":0.005298316906283708,""r"":20}",
      1024,       512,         0,   0.312,chromobius,a826b4f23c217c90bd3ac08d3de02261639dbd90354cc8e2ec19ab192232911f,"{""d"":5,""p"":0.01,""r"":20}",
      2048,       910,         0,   0.290,chromobius,d05b24fc238da2cdeac61fbbcd0757bdc8bd6be7dcc3d66c0698bb7ee976486c,"{""d"":5,""p"":0.004520353656360241,""r"":20}",
      1297,         0,         0,   0.016,chromobius,e02b5096dca48cc4a5ffcdf8cee6c1ee2eb16dc80964c2f02e3f3d8384a6ed27,"{""d"":7,""p"":0.0001,""r"":28}",
      1024,       471,         0,   0.242,chromobius,6280dd1cc19897cf86a4494db73e609835e9a1a51794aa3ff5916d64c579fccc,"{""d"":5,""p"":0.007278953843983146,""r"":20}",
      2048,         0,         0,   0.020,chromobius,e02b5096dca48cc4a5ffcdf8cee6c1ee2eb16dc80964c2f02e3f3d8384a6ed27,"{""d"":7,""p"":0.0001,""r"":28}",
      1024,       516,         0,   0.277,chromobius,b4842362a66205c342b4d717506b1f83e11f35ab05c465f64cbe585f832b5416,"{""d"":5,""p"":0.008531678524172805,""r"":20}",
      1024,       527,         0,   0.201,chromobius,af721a203fcf4cae1bbdea5d7feae9eb7b483e4186b33e7f28b96a128ac0fac9,"{""d"":5,""p"":0.006210169418915616,""r"":20}",
      3072,         0,         0,   0.029,chromobius,e02b5096dca48cc4a5ffcdf8cee6c1ee2eb16dc80964c2f02e3f3d8384a6ed27,"{""d"":7,""p"":0.0001,""r"":28}",
      3072,         0,         0,   0.028,chromobius,e02b5096dca48cc4a5ffcdf8cee6c1ee2eb16dc80964c2f02e3f3d8384a6ed27,"{""d"":7,""p"":0.0001,""r"":28}",
      5120,         0,         0,   0.048,chromobius,e02b5096dca48cc4a5ffcdf8cee6c1ee2eb16dc80964c2f02e3f3d8384a6ed27,"{""d"":7,""p"":0.0001,""r"":28}",
      1024,       507,         0,   0.313,chromobius,a826b4f23c217c90bd3ac08d3de02261639dbd90354cc8e2ec19ab192232911f,"{""d"":5,""p"":0.01,""r"":20}",
      6144,         0,         0,   0.061,chromobius,e02b5096dca48cc4a5ffcdf8cee6c1ee2eb16dc80964c2f02e3f3d8384a6ed27,"{""d"":7,""p"":0.0001,""r"":28}",
      2048,       996,         0,   0.349,chromobius,f72139ce962047a7cb7aaff2f93cc1a8f6db2664c9bb0806ba4c55d6f3283cb9,"{""d"":5,""p"":0.005298316906283708,""r"":20}",
      1024,       512,         0,   0.201,chromobius,af721a203fcf4cae1bbdea5d7feae9eb7b483e4186b33e7f28b96a128ac0fac9,"{""d"":5,""p"":0.006210169418915616,""r"":20}",
      1024,       520,         0,   0.240,chromobius,6280dd1cc19897cf86a4494db73e609835e9a1a51794aa3ff5916d64c579fccc,"{""d"":5,""p"":0.007278953843983146,""r"":20}",
      8192,         1,         0,   0.075,chromobius,e02b5096dca48cc4a5ffcdf8cee6c1ee2eb16dc80964c2f02e3f3d8384a6ed27,"{""d"":7,""p"":0.0001,""r"":28}",
      1024,       502,         0,   0.280,chromobius,b4842362a66205c342b4d717506b1f83e11f35ab05c465f64cbe585f832b5416,"{""d"":5,""p"":0.008531678524172805,""r"":20}",
    403456,       711,         0,    2.43,chromobius,49b8a39bf42fb82a45113fd0376bbcfd56c68650c2905e905a23637447b6dae7,"{""d"":5,""p"":0.000221221629107045,""r"":20}",
     12288,         0,         0,   0.114,chromobius,e02b5096dca48cc4a5ffcdf8cee6c1ee2eb16dc80964c2f02e3f3d8384a6ed27,"{""d"":7,""p"":0.0001,""r"":28}",
      1024,       491,         0,   0.169,chromobius,f72139ce962047a7cb7aaff2f93cc1a8f6db2664c9bb0806ba4c55d6f3283cb9,"{""d"":5,""p"":0.005298316906283708,""r"":20}",
      1024,       522,         0,   0.200,chromobius,af721a203fcf4cae1bbdea5d7feae9eb7b483e4186b33e7f28b96a128ac0fac9,"{""d"":5,""p"":0.006210169418915616,""r"":20}",
      1297,         0,         0,   0.018,chromobius,d89637c9180c53cca4dbdfc28780b8f33189e70b9b7c32c384aa6b9f31232628,"{""d"":7,""p"":0.00011721022975334806,""r"":28}",
      2048,         0,         0,   0.023,chromobius,d89637c9180c53cca4dbdfc28780b8f33189e70b9b7c32c384aa6b9f31232628,"{""d"":7,""p"":0.00011721022975334806,""r"":28}",
      2048,         0,         0,   0.023,chromobius,d89637c9180c53cca4dbdfc28780b8f33189e70b9b7c32c384aa6b9f31232628,"{""d"":7,""p"":0.00011721022975334806,""r"":28}",
      1024,       483,         0,   0.243,chromobius,6280dd1cc19897cf86a4494db73e609835e9a1a51794aa3ff5916d64c579fccc,"{""d"":5,""p"":0.007278953843983146,""r"":20}",
      1024,       526,         0,   0.315,chromobius,a826b4f23c217c90bd3ac08d3de02261639dbd90354cc8e2ec19ab192232911f,"{""d"":5,""p"":0.01,""r"":20}",
      1297,         0,         0,   0.020,chromobius,eee084ee67f7244aad6f968a9d9cd1ca5c965523f4a7328894b967b71503a975,"{""d"":7,""p"":0.00013738237958832623,""r"":28}",
      3072,         0,         0,   0.036,chromobius,d89637c9180c53cca4dbdfc28780b8f33189e70b9b7c32c384aa6b9f31232628,"{""d"":7,""p"":0.00011721022975334806,""r"":28}",
     15360,         2,         0,   0.155,chromobius,e02b5096dca48cc4a5ffcdf8cee6c1ee2eb16dc80964c2f02e3f3d8384a6ed27,"{""d"":7,""p"":0.0001,""r"":28}",
      2048,         0,         0,   0.027,chromobius,eee084ee67f7244aad6f968a9d9cd1ca5c965523f4a7328894b967b71503a975,"{""d"":7,""p"":0.00013738237958832623,""r"":28}",
      2048,         0,         0,   0.027,chromobius,eee084ee67f7244aad6f968a9d9cd1ca5c965523f4a7328894b967b71503a975,"{""d"":7,""p"":0.00013738237958832623,""r"":28}",
      4096,         0,         0,   0.048,chromobius,d89637c9180c53cca4dbdfc28780b8f33189e70b9b7c32c384aa6b9f31232628,"{""d"":7,""p"":0.00011721022975334806,""r"":28}",
      2048,         0,         0,   0.028,chromobius,eee084ee67f7244aad6f968a9d9cd1ca5c965523f4a7328894b967b71503a975,"{""d"":7,""p"":0.00013738237958832623,""r"":28}",
      1024,       546,         0,   0.280,chromobius,b4842362a66205c342b4d717506b1f83e11f35ab05c465f64cbe585f832b5416,"{""d"":5,""p"":0.008531678524172805,""r"":20}",
      3072,         0,         0,   0.040,chromobius,eee084ee67f7244aad6f968a9d9cd1ca5c965523f4a7328894b967b71503a975,"{""d"":7,""p"":0.00013738237958832623,""r"":28}",
      5120,         1,         0,   0.059,chromobius,d89637c9180c53cca4dbdfc28780b8f33189e70b9b7c32c384aa6b9f31232628,"{""d"":7,""p"":0.00011721022975334806,""r"":28}",
      4096,         0,         0,   0.053,chromobius,eee084ee67f7244aad6f968a9d9cd1ca5c965523f4a7328894b967b71503a975,"{""d"":7,""p"":0.00013738237958832623,""r"":28}",
      7168,         0,         0,   0.082,chromobius,d89637c9180c53cca4dbdfc28780b8f33189e70b9b7c32c384aa6b9f31232628,"{""d"":7,""p"":0.00011721022975334806,""r"":28}",
      1024,       495,         0,   0.248,chromobius,6280dd1cc19897cf86a4494db73e609835e9a1a51794aa3ff5916d64c579fccc,"{""d"":5,""p"":0.007278953843983146,""r"":20}",
     21504,         2,         0,   0.209,chromobius,e02b5096dca48cc4a5ffcdf8cee6c1ee2eb16dc80964c2f02e3f3d8384a6ed27,"{""d"":7,""p"":0.0001,""r"":28}",
      6144,         1,         0,   0.079,chromobius,eee084ee67f7244aad6f968a9d9cd1ca5c965523f4a7328894b967b71503a975,"{""d"":7,""p"":0.00013738237958832623,""r"":28}",
      1024,       498,         0,   0.320,chromobius,a826b4f23c217c90bd3ac08d3de02261639dbd90354cc8e2ec19ab192232911f,"{""d"":5,""p"":0.01,""r"":20}",
     10240,         0,         0,   0.113,chromobius,d89637c9180c53cca4dbdfc28780b8f33189e70b9b7c32c384aa6b9f31232628,"{""d"":7,""p"":0.00011721022975334806,""r"":28}",
      2048,      1035,         0,   0.413,chromobius,af721a203fcf4cae1bbdea5d7feae9eb7b483e4186b33e7f28b96a128ac0fac9,"{""d"":5,""p"":0.006210169418915616,""r"":20}",
      8192,         0,         0,   0.106,chromobius,eee084ee67f7244aad6f968a9d9cd1ca5c965523f4a7328894b967b71503a975,"{""d"":7,""p"":0.00013738237958832623,""r"":28}",
      1024,       495,         0,   0.284,chromobius,b4842362a66205c342b4d717506b1f83e11f35ab05c465f64cbe585f832b5416,"{""d"":5,""p"":0.008531678524172805,""r"":20}",
      1297,         0,         0,   0.021,chromobius,1933d8422a70a28b200ba6e5df7de5ea2c9ef909684c1f6977ed6ce1abc42aba,"{""d"":7,""p"":0.00016102620275609394,""r"":28}",
      1024,         0,         0,   0.015,chromobius,1933d8422a70a28b200ba6e5df7de5ea2c9ef909684c1f6977ed6ce1abc42aba,"{""d"":7,""p"":0.00016102620275609394,""r"":28}",
     13312,         1,         0,   0.158,chromobius,d89637c9180c53cca4dbdfc28780b8f33189e70b9b7c32c384aa6b9f31232628,"{""d"":7,""p"":0.00011721022975334806,""r"":28}",
      1024,       488,         0,   0.247,chromobius,6280dd1cc19897cf86a4494db73e609835e9a1a51794aa3ff5916d64c579fccc,"{""d"":5,""p"":0.007278953843983146,""r"":20}",
      2048,         0,         0,   0.030,chromobius,1933d8422a70a28b200ba6e5df7de5ea2c9ef909684c1f6977ed6ce1abc42aba,"{""d"":7,""p"":0.00016102620275609394,""r"":28}",
     12288,         0,         0,   0.158,chromobius,eee084ee67f7244aad6f968a9d9cd1ca5c965523f4a7328894b967b71503a975,"{""d"":7,""p"":0.00013738237958832623,""r"":28}",
     28672,         2,         0,   0.292,chromobius,e02b5096dca48cc4a5ffcdf8cee6c1ee2eb16dc80964c2f02e3f3d8384a6ed27,"{""d"":7,""p"":0.0001,""r"":28}",
      2048,         0,         0,   0.030,chromobius,1933d8422a70a28b200ba6e5df7de5ea2c9ef909684c1f6977ed6ce1abc42aba,"{""d"":7,""p"":0.00016102620275609394,""r"":28}",
      3072,         1,         0,   0.045,chromobius,1933d8422a70a28b200ba6e5df7de5ea2c9ef909684c1f6977ed6ce1abc42aba,"{""d"":7,""p"":0.00016102620275609394,""r"":28}",
      1024,       511,         0,   0.314,chromobius,a826b4f23c217c90bd3ac08d3de02261639dbd90354cc8e2ec19ab192232911f,"{""d"":5,""p"":0.01,""r"":20}",
      4096,         0,         0,   0.060,chromobius,1933d8422a70a28b200ba6e5df7de5ea2c9ef909684c1f6977ed6ce1abc42aba,"{""d"":7,""p"":0.00016102620275609394,""r"":28}",
      1024,       505,         0,   0.286,chromobius,b4842362a66205c342b4d717506b1f83e11f35ab05c465f64cbe585f832b5416,"{""d"":5,""p"":0.008531678524172805,""r"":20}",
     17408,         1,         0,   0.213,chromobius,d89637c9180c53cca4dbdfc28780b8f33189e70b9b7c32c384aa6b9f31232628,"{""d"":7,""p"":0.00011721022975334806,""r"":28}",
      5120,         3,         0,   0.077,chromobius,1933d8422a70a28b200ba6e5df7de5ea2c9ef909684c1f6977ed6ce1abc42aba,"{""d"":7,""p"":0.00016102620275609394,""r"":28}",
      1024,       513,         0,   0.253,chromobius,6280dd1cc19897cf86a4494db73e609835e9a1a51794aa3ff5916d64c579fccc,"{""d"":5,""p"":0.007278953843983146,""r"":20}",
     16384,         0,         0,   0.216,chromobius,eee084ee67f7244aad6f968a9d9cd1ca5c965523f4a7328894b967b71503a975,"{""d"":7,""p"":0.00013738237958832623,""r"":28}",
      8192,         0,         0,   0.118,chromobius,1933d8422a70a28b200ba6e5df7de5ea2c9ef909684c1f6977ed6ce1abc42aba,"{""d"":7,""p"":0.00016102620275609394,""r"":28}",
     38912,         0,         0,   0.400,chromobius,e02b5096dca48cc4a5ffcdf8cee6c1ee2eb16dc80964c2f02e3f3d8384a6ed27,"{""d"":7,""p"":0.0001,""r"":28}",
      1024,       514,         0,   0.286,chromobius,b4842362a66205c342b4d717506b1f83e11f35ab05c465f64cbe585f832b5416,"{""d"":5,""p"":0.008531678524172805,""r"":20}",
      1024,       515,         0,   0.323,chromobius,a826b4f23c217c90bd3ac08d3de02261639dbd90354cc8e2ec19ab192232911f,"{""d"":5,""p"":0.01,""r"":20}",
      1024,       511,         0,   0.245,chromobius,6280dd1cc19897cf86a4494db73e609835e9a1a51794aa3ff5916d64c579fccc,"{""d"":5,""p"":0.007278953843983146,""r"":20}",
     24576,         0,         0,   0.295,chromobius,d89637c9180c53cca4dbdfc28780b8f33189e70b9b7c32c384aa6b9f31232628,"{""d"":7,""p"":0.00011721022975334806,""r"":28}",
     10240,         0,         0,   0.149,chromobius,1933d8422a70a28b200ba6e5df7de5ea2c9ef909684c1f6977ed6ce1abc42aba,"{""d"":7,""p"":0.00016102620275609394,""r"":28}",
     22528,         2,         0,   0.294,chromobius,eee084ee67f7244aad6f968a9d9cd1ca5c965523f4a7328894b967b71503a975,"{""d"":7,""p"":0.00013738237958832623,""r"":28}",
     14336,         2,         0,   0.211,chromobius,1933d8422a70a28b200ba6e5df7de5ea2c9ef909684c1f6977ed6ce1abc42aba,"{""d"":7,""p"":0.00016102620275609394,""r"":28}",
      1024,       523,         0,   0.284,chromobius,b4842362a66205c342b4d717506b1f83e11f35ab05c465f64cbe585f832b5416,"{""d"":5,""p"":0.008531678524172805,""r"":20}",
      1024,       499,         0,   0.247,chromobius,6280dd1cc19897cf86a4494db73e609835e9a1a51794aa3ff5916d64c579fccc,"{""d"":5,""p"":0.007278953843983146,""r"":20}",
      1024,       495,         0,   0.319,chromobius,a826b4f23c217c90bd3ac08d3de02261639dbd90354cc8e2ec19ab192232911f,"{""d"":5,""p"":0.01,""r"":20}",
      1297,         0,         0,   0.025,chromobius,2ddc0a238ccb09e01767d647afd01fda8e756ad84c508d6ed237ad3699d839fe,"{""d"":7,""p"":0.00018873918221350977,""r"":28}",
      1024,         0,         0,   0.019,chromobius,2ddc0a238ccb09e01767d647afd01fda8e756ad84c508d6ed237ad3699d839fe,"{""d"":7,""p"":0.00018873918221350977,""r"":28}",
     32768,         1,         0,   0.406,chromobius,d89637c9180c53cca4dbdfc28780b8f33189e70b9b7c32c384aa6b9f31232628,"{""d"":7,""p"":0.00011721022975334806,""r"":28}",
      2048,         1,         0,   0.037,chromobius,2ddc0a238ccb09e01767d647afd01fda8e756ad84c508d6ed237ad3699d839fe,"{""d"":7,""p"":0.00018873918221350977,""r"":28}",
     30720,         3,         0,   0.405,chromobius,eee084ee67f7244aad6f968a9d9cd1ca5c965523f4a7328894b967b71503a975,"{""d"":7,""p"":0.00013738237958832623,""r"":28}",
      2048,         0,         0,   0.038,chromobius,2ddc0a238ccb09e01767d647afd01fda8e756ad84c508d6ed237ad3699d839fe,"{""d"":7,""p"":0.00018873918221350977,""r"":28}",
      2048,         0,         0,   0.039,chromobius,2ddc0a238ccb09e01767d647afd01fda8e756ad84c508d6ed237ad3699d839fe,"{""d"":7,""p"":0.00018873918221350977,""r"":28}",
     20480,         1,         0,   0.297,chromobius,1933d8422a70a28b200ba6e5df7de5ea2c9ef909684c1f6977ed6ce1abc42aba,"{""d"":7,""p"":0.00016102620275609394,""r"":28}",
      1024,       505,         0,   0.283,chromobius,b4842362a66205c342b4d717506b1f83e11f35ab05c465f64cbe585f832b5416,"{""d"":5,""p"":0.008531678524172805,""r"":20}",
     55296,         1,         0,   0.568,chromobius,e02b5096dca48cc4a5ffcdf8cee6c1ee2eb16dc80964c2f02e3f3d8384a6ed27,"{""d"":7,""p"":0.0001,""r"":28}",
      3072,         0,         0,   0.058,chromobius,2ddc0a238ccb09e01767d647afd01fda8e756ad84c508d6ed237ad3699d839fe,"{""d"":7,""p"":0.00018873918221350977,""r"":28}",
      1024,       503,         0,   0.332,chromobius,a826b4f23c217c90bd3ac08d3de02261639dbd90354cc8e2ec19ab192232911f,"{""d"":5,""p"":0.01,""r"":20}",
      4096,         1,         0,   0.075,chromobius,2ddc0a238ccb09e01767d647afd01fda8e756ad84c508d6ed237ad3699d839fe,"{""d"":7,""p"":0.00018873918221350977,""r"":28}",
      6144,         0,         0,   0.113,chromobius,2ddc0a238ccb09e01767d647afd01fda8e756ad84c508d6ed237ad3699d839fe,"{""d"":7,""p"":0.00018873918221350977,""r"":28}",
      1024,       503,         0,   0.281,chromobius,b4842362a66205c342b4d717506b1f83e11f35ab05c465f64cbe585f832b5416,"{""d"":5,""p"":0.008531678524172805,""r"":20}",
      9216,         0,         0,   0.164,chromobius,2ddc0a238ccb09e01767d647afd01fda8e756ad84c508d6ed237ad3699d839fe,"{""d"":7,""p"":0.00018873918221350977,""r"":28}",
     26624,         6,         0,   0.414,chromobius,1933d8422a70a28b200ba6e5df7de5ea2c9ef909684c1f6977ed6ce1abc42aba,"{""d"":7,""p"":0.00016102620275609394,""r"":28}",
      1024,       508,         0,   0.326,chromobius,a826b4f23c217c90bd3ac08d3de02261639dbd90354cc8e2ec19ab192232911f,"{""d"":5,""p"":0.01,""r"":20}",
      1297,         0,         0,   0.030,chromobius,8dadec8cbbbc28b9077fd2a903a992498f2158ff1da85ae100c6889e6f21792f,"{""d"":7,""p"":0.000221221629107045,""r"":28}",
      1024,         0,         0,   0.023,chromobius,8dadec8cbbbc28b9077fd2a903a992498f2158ff1da85ae100c6889e6f21792f,"{""d"":7,""p"":0.000221221629107045,""r"":28}",
     46080,         0,         0,   0.564,chromobius,d89637c9180c53cca4dbdfc28780b8f33189e70b9b7c32c384aa6b9f31232628,"{""d"":7,""p"":0.00011721022975334806,""r"":28}",
      1024,         0,         0,   0.022,chromobius,8dadec8cbbbc28b9077fd2a903a992498f2158ff1da85ae100c6889e6f21792f,"{""d"":7,""p"":0.000221221629107045,""r"":28}",
     40960,         1,         0,   0.569,chromobius,eee084ee67f7244aad6f968a9d9cd1ca5c965523f4a7328894b967b71503a975,"{""d"":7,""p"":0.00013738237958832623,""r"":28}",
      2048,         1,         0,   0.043,chromobius,8dadec8cbbbc28b9077fd2a903a992498f2158ff1da85ae100c6889e6f21792f,"{""d"":7,""p"":0.000221221629107045,""r"":28}",
      2048,         0,         0,   0.044,chromobius,8dadec8cbbbc28b9077fd2a903a992498f2158ff1da85ae100c6889e6f21792f,"{""d"":7,""p"":0.000221221629107045,""r"":28}",
     11264,         2,         0,   0.209,chromobius,2ddc0a238ccb09e01767d647afd01fda8e756ad84c508d6ed237ad3699d839fe,"{""d"":7,""p"":0.00018873918221350977,""r"":28}",
      3072,         1,         0,   0.071,chromobius,8dadec8cbbbc28b9077fd2a903a992498f2158ff1da85ae100c6889e6f21792f,"{""d"":7,""p"":0.000221221629107045,""r"":28}",
      4096,         1,         0,   0.090,chromobius,8dadec8cbbbc28b9077fd2a903a992498f2158ff1da85ae100c6889e6f21792f,"{""d"":7,""p"":0.000221221629107045,""r"":28}",
      1024,       517,         0,   0.338,chromobius,a826b4f23c217c90bd3ac08d3de02261639dbd90354cc8e2ec19ab192232911f,"{""d"":5,""p"":0.01,""r"":20}",
     73728,         1,         0,   0.787,chromobius,e02b5096dca48cc4a5ffcdf8cee6c1ee2eb16dc80964c2f02e3f3d8384a6ed27,"{""d"":7,""p"":0.0001,""r"":28}",
      5120,         1,         0,   0.113,chromobius,8dadec8cbbbc28b9077fd2a903a992498f2158ff1da85ae100c6889e6f21792f,"{""d"":7,""p"":0.000221221629107045,""r"":28}",
       273,         0,         0,   0.010,chromobius,7f8a8f49d3301290e6add74e85ef3d88c80ca9073277e3246a28c0f4fec5bdad,"{""d"":7,""p"":0.0002592943797404667,""r"":28}",
     15360,         1,         0,   0.291,chromobius,2ddc0a238ccb09e01767d647afd01fda8e756ad84c508d6ed237ad3699d839fe,"{""d"":7,""p"":0.00018873918221350977,""r"":28}",
      1024,         1,         0,   0.028,chromobius,7f8a8f49d3301290e6add74e85ef3d88c80ca9073277e3246a28c0f4fec5bdad,"{""d"":7,""p"":0.0002592943797404667,""r"":28}",
      1024,         0,         0,   0.026,chromobius,7f8a8f49d3301290e6add74e85ef3d88c80ca9073277e3246a28c0f4fec5bdad,"{""d"":7,""p"":0.0002592943797404667,""r"":28}",
      6144,         1,         0,   0.147,chromobius,8dadec8cbbbc28b9077fd2a903a992498f2158ff1da85ae100c6889e6f21792f,"{""d"":7,""p"":0.000221221629107045,""r"":28}",
     36864,         0,         0,   0.567,chromobius,1933d8422a70a28b200ba6e5df7de5ea2c9ef909684c1f6977ed6ce1abc42aba,"{""d"":7,""p"":0.00016102620275609394,""r"":28}",
      2048,         0,         0,   0.052,chromobius,7f8a8f49d3301290e6add74e85ef3d88c80ca9073277e3246a28c0f4fec5bdad,"{""d"":7,""p"":0.0002592943797404667,""r"":28}",
      2048,         2,         0,   0.051,chromobius,7f8a8f49d3301290e6add74e85ef3d88c80ca9073277e3246a28c0f4fec5bdad,"{""d"":7,""p"":0.0002592943797404667,""r"":28}",
      3072,         0,         0,   0.077,chromobius,7f8a8f49d3301290e6add74e85ef3d88c80ca9073277e3246a28c0f4fec5bdad,"{""d"":7,""p"":0.0002592943797404667,""r"":28}",
      9216,         1,         0,   0.207,chromobius,8dadec8cbbbc28b9077fd2a903a992498f2158ff1da85ae100c6889e6f21792f,"{""d"":7,""p"":0.000221221629107045,""r"":28}",
      3072,         2,         0,   0.080,chromobius,7f8a8f49d3301290e6add74e85ef3d88c80ca9073277e3246a28c0f4fec5bdad,"{""d"":7,""p"":0.0002592943797404667,""r"":28}",
     64512,         2,         0,   0.798,chromobius,d89637c9180c53cca4dbdfc28780b8f33189e70b9b7c32c384aa6b9f31232628,"{""d"":7,""p"":0.00011721022975334806,""r"":28}",
     54272,         2,         0,   0.792,chromobius,eee084ee67f7244aad6f968a9d9cd1ca5c965523f4a7328894b967b71503a975,"{""d"":7,""p"":0.00013738237958832623,""r"":28}",
     21504,         1,         0,   0.411,chromobius,2ddc0a238ccb09e01767d647afd01fda8e756ad84c508d6ed237ad3699d839fe,"{""d"":7,""p"":0.00018873918221350977,""r"":28}",
      5120,         2,         0,   0.126,chromobius,7f8a8f49d3301290e6add74e85ef3d88c80ca9073277e3246a28c0f4fec5bdad,"{""d"":7,""p"":0.0002592943797404667,""r"":28}",
      6144,         2,         0,   0.157,chromobius,7f8a8f49d3301290e6add74e85ef3d88c80ca9073277e3246a28c0f4fec5bdad,"{""d"":7,""p"":0.0002592943797404667,""r"":28}",
     14336,         5,         0,   0.301,chromobius,8dadec8cbbbc28b9077fd2a903a992498f2158ff1da85ae100c6889e6f21792f,"{""d"":7,""p"":0.000221221629107045,""r"":28}",
      9216,         2,         0,   0.228,chromobius,7f8a8f49d3301290e6add74e85ef3d88c80ca9073277e3246a28c0f4fec5bdad,"{""d"":7,""p"":0.0002592943797404667,""r"":28}",
     51200,         7,         0,   0.793,chromobius,1933d8422a70a28b200ba6e5df7de5ea2c9ef909684c1f6977ed6ce1abc42aba,"{""d"":7,""p"":0.00016102620275609394,""r"":28}",
   1258496,      1077,         0,    5.91,chromobius,7e2785c1c0f9bfeaa9e66a5953e1b9e36fad3d27ac737ff76c331d7f682b20a7,"{""d"":5,""p"":0.00016102620275609394,""r"":20}",
   1868800,       615,         0,    5.89,chromobius,fdd14dc83274cbf67468505390cc44185505a54dc13edb403520539c9601c223,"{""d"":5,""p"":0.0001,""r"":20}",
   1662976,       805,         0,    5.89,chromobius,1baac601d392dda142401ff1ea123ee9e834a07d7d1ca7b3dce2c7d1fd50f545,"{""d"":5,""p"":0.00011721022975334806,""r"":20}",
   1448960,       926,         0,    5.90,chromobius,aa0966330167a83df22d82ff752da6805f7a520ba9b9f96a4b98fe916c564e60,"{""d"":5,""p"":0.00013738237958832623,""r"":20}",
   1099776,      1420,         0,    5.91,chromobius,fba7f029e33077a345bf4dd88f83ae2a90930bfabab1aa58f0cdbef2aea49d31,"{""d"":5,""p"":0.00018873918221350977,""r"":20}",
     29696,         2,         0,   0.578,chromobius,2ddc0a238ccb09e01767d647afd01fda8e756ad84c508d6ed237ad3699d839fe,"{""d"":7,""p"":0.00018873918221350977,""r"":28}",
     19456,         5,         0,   0.416,chromobius,8dadec8cbbbc28b9077fd2a903a992498f2158ff1da85ae100c6889e6f21792f,"{""d"":7,""p"":0.000221221629107045,""r"":28}",
    106496,         8,         0,    1.11,chromobius,e02b5096dca48cc4a5ffcdf8cee6c1ee2eb16dc80964c2f02e3f3d8384a6ed27,"{""d"":7,""p"":0.0001,""r"":28}",
     12288,         3,         0,   0.313,chromobius,7f8a8f49d3301290e6add74e85ef3d88c80ca9073277e3246a28c0f4fec5bdad,"{""d"":7,""p"":0.0002592943797404667,""r"":28}",
     91136,        10,         0,    1.11,chromobius,d89637c9180c53cca4dbdfc28780b8f33189e70b9b7c32c384aa6b9f31232628,"{""d"":7,""p"":0.00011721022975334806,""r"":28}",
     76800,        13,         0,    1.11,chromobius,eee084ee67f7244aad6f968a9d9cd1ca5c965523f4a7328894b967b71503a975,"{""d"":7,""p"":0.00013738237958832623,""r"":28}",
     16384,         9,         0,   0.407,chromobius,7f8a8f49d3301290e6add74e85ef3d88c80ca9073277e3246a28c0f4fec5bdad,"{""d"":7,""p"":0.0002592943797404667,""r"":28}",
     26624,         9,         0,   0.582,chromobius,8dadec8cbbbc28b9077fd2a903a992498f2158ff1da85ae100c6889e6f21792f,"{""d"":7,""p"":0.000221221629107045,""r"":28}",
     40960,         7,         0,   0.805,chromobius,2ddc0a238ccb09e01767d647afd01fda8e756ad84c508d6ed237ad3699d839fe,"{""d"":7,""p"":0.00018873918221350977,""r"":28}",
     71680,        11,         0,    1.11,chromobius,1933d8422a70a28b200ba6e5df7de5ea2c9ef909684c1f6977ed6ce1abc42aba,"{""d"":7,""p"":0.00016102620275609394,""r"":28}",
    205824,       262,         0,    1.11,chromobius,fba7f029e33077a345bf4dd88f83ae2a90930bfabab1aa58f0cdbef2aea49d31,"{""d"":5,""p"":0.00018873918221350977,""r"":20}",
     23552,         9,         0,   0.575,chromobius,7f8a8f49d3301290e6add74e85ef3d88c80ca9073277e3246a28c0f4fec5bdad,"{""d"":7,""p"":0.0002592943797404667,""r"":28}",
       273,         0,         0,   0.011,chromobius,3e93f62477596db160865a1b70a069de0cd1f578a1eed759d41f9330576ed570,"{""d"":7,""p"":0.0003039195382313198,""r"":28}",
      1024,         0,         0,   0.032,chromobius,3e93f62477596db160865a1b70a069de0cd1f578a1eed759d41f9330576ed570,"{""d"":7,""p"":0.0003039195382313198,""r"":28}",
      1024,         0,         0,   0.032,chromobius,3e93f62477596db160865a1b70a069de0cd1f578a1eed759d41f9330576ed570,"{""d"":7,""p"":0.0003039195382313198,""r"":28}",
      1024,         1,         0,   0.032,chromobius,3e93f62477596db160865a1b70a069de0cd1f578a1eed759d41f9330576ed570,"{""d"":7,""p"":0.0003039195382313198,""r"":28}",
      2048,         1,         0,   0.063,chromobius,3e93f62477596db160865a1b70a069de0cd1f578a1eed759d41f9330576ed570,"{""d"":7,""p"":0.0003039195382313198,""r"":28}",
     35840,        12,         0,   0.794,chromobius,8dadec8cbbbc28b9077fd2a903a992498f2158ff1da85ae100c6889e6f21792f,"{""d"":7,""p"":0.000221221629107045,""r"":28}",
      2048,         0,         0,   0.063,chromobius,3e93f62477596db160865a1b70a069de0cd1f578a1eed759d41f9330576ed570,"{""d"":7,""p"":0.0003039195382313198,""r"":28}",
      3072,         1,         0,   0.092,chromobius,3e93f62477596db160865a1b70a069de0cd1f578a1eed759d41f9330576ed570,"{""d"":7,""p"":0.0003039195382313198,""r"":28}",
    143360,         7,         0,    1.55,chromobius,e02b5096dca48cc4a5ffcdf8cee6c1ee2eb16dc80964c2f02e3f3d8384a6ed27,"{""d"":7,""p"":0.0001,""r"":28}",
      4096,         0,         0,   0.124,chromobius,3e93f62477596db160865a1b70a069de0cd1f578a1eed759d41f9330576ed570,"{""d"":7,""p"":0.0003039195382313198,""r"":28}",
      5120,         4,         0,   0.151,chromobius,3e93f62477596db160865a1b70a069de0cd1f578a1eed759d41f9330576ed570,"{""d"":7,""p"":0.0003039195382313198,""r"":28}",
     32768,        26,         0,   0.794,chromobius,7f8a8f49d3301290e6add74e85ef3d88c80ca9073277e3246a28c0f4fec5bdad,"{""d"":7,""p"":0.0002592943797404667,""r"":28}",
     56320,         3,         0,    1.11,chromobius,2ddc0a238ccb09e01767d647afd01fda8e756ad84c508d6ed237ad3699d839fe,"{""d"":7,""p"":0.00018873918221350977,""r"":28}",
      7168,         6,         0,   0.218,chromobius,3e93f62477596db160865a1b70a069de0cd1f578a1eed759d41f9330576ed570,"{""d"":7,""p"":0.0003039195382313198,""r"":28}",
    122880,         5,         0,    1.55,chromobius,d89637c9180c53cca4dbdfc28780b8f33189e70b9b7c32c384aa6b9f31232628,"{""d"":7,""p"":0.00011721022975334806,""r"":28}",
    108544,         4,         0,    1.55,chromobius,eee084ee67f7244aad6f968a9d9cd1ca5c965523f4a7328894b967b71503a975,"{""d"":7,""p"":0.00013738237958832623,""r"":28}",
     10240,         3,         0,   0.312,chromobius,3e93f62477596db160865a1b70a069de0cd1f578a1eed759d41f9330576ed570,"{""d"":7,""p"":0.0003039195382313198,""r"":28}",
     50176,        11,         0,    1.13,chromobius,8dadec8cbbbc28b9077fd2a903a992498f2158ff1da85ae100c6889e6f21792f,"{""d"":7,""p"":0.000221221629107045,""r"":28}",
     97280,        11,         0,    1.56,chromobius,1933d8422a70a28b200ba6e5df7de5ea2c9ef909684c1f6977ed6ce1abc42aba,"{""d"":7,""p"":0.00016102620275609394,""r"":28}",
     13312,         6,         0,   0.427,chromobius,3e93f62477596db160865a1b70a069de0cd1f578a1eed759d41f9330576ed570,"{""d"":7,""p"":0.0003039195382313198,""r"":28}",
     44032,        15,         0,    1.12,chromobius,7f8a8f49d3301290e6add74e85ef3d88c80ca9073277e3246a28c0f4fec5bdad,"{""d"":7,""p"":0.0002592943797404667,""r"":28}",
     19456,        13,         0,   0.589,chromobius,3e93f62477596db160865a1b70a069de0cd1f578a1eed759d41f9330576ed570,"{""d"":7,""p"":0.0003039195382313198,""r"":28}",
     74752,        14,         0,    1.57,chromobius,2ddc0a238ccb09e01767d647afd01fda8e756ad84c508d6ed237ad3699d839fe,"{""d"":7,""p"":0.00018873918221350977,""r"":28}",
    195584,         9,         0,    2.17,chromobius,e02b5096dca48cc4a5ffcdf8cee6c1ee2eb16dc80964c2f02e3f3d8384a6ed27,"{""d"":7,""p"":0.0001,""r"":28}",
     70656,        19,         0,    1.56,chromobius,8dadec8cbbbc28b9077fd2a903a992498f2158ff1da85ae100c6889e6f21792f,"{""d"":7,""p"":0.000221221629107045,""r"":28}",
     26624,        15,         0,   0.798,chromobius,3e93f62477596db160865a1b70a069de0cd1f578a1eed759d41f9330576ed570,"{""d"":7,""p"":0.0003039195382313198,""r"":28}",
    167936,         8,         0,    2.17,chromobius,d89637c9180c53cca4dbdfc28780b8f33189e70b9b7c32c384aa6b9f31232628,"{""d"":7,""p"":0.00011721022975334806,""r"":28}",
    151552,        12,         0,    2.17,chromobius,eee084ee67f7244aad6f968a9d9cd1ca5c965523f4a7328894b967b71503a975,"{""d"":7,""p"":0.00013738237958832623,""r"":28}",
     63488,        35,         0,    1.56,chromobius,7f8a8f49d3301290e6add74e85ef3d88c80ca9073277e3246a28c0f4fec5bdad,"{""d"":7,""p"":0.0002592943797404667,""r"":28}",
    137216,        17,         0,    2.17,chromobius,1933d8422a70a28b200ba6e5df7de5ea2c9ef909684c1f6977ed6ce1abc42aba,"{""d"":7,""p"":0.00016102620275609394,""r"":28}",
     37888,        20,         0,    1.14,chromobius,3e93f62477596db160865a1b70a069de0cd1f578a1eed759d41f9330576ed570,"{""d"":7,""p"":0.0003039195382313198,""r"":28}",
   1142784,      1030,         0,    5.51,chromobius,7e2785c1c0f9bfeaa9e66a5953e1b9e36fad3d27ac737ff76c331d7f682b20a7,"{""d"":5,""p"":0.00016102620275609394,""r"":20}",
       273,         0,         0,   0.012,chromobius,1f980882312f023b7a956afc8287a4a8be658d75962e9654d7b5d509ba68fd83,"{""d"":7,""p"":0.0003562247890262444,""r"":28}",
      1024,         0,         0,   0.034,chromobius,1f980882312f023b7a956afc8287a4a8be658d75962e9654d7b5d509ba68fd83,"{""d"":7,""p"":0.0003562247890262444,""r"":28}",
    108544,        24,         0,    2.18,chromobius,2ddc0a238ccb09e01767d647afd01fda8e756ad84c508d6ed237ad3699d839fe,"{""d"":7,""p"":0.00018873918221350977,""r"":28}",
      1024,         0,         0,   0.035,chromobius,1f980882312f023b7a956afc8287a4a8be658d75962e9654d7b5d509ba68fd83,"{""d"":7,""p"":0.0003562247890262444,""r"":28}",
      1024,         0,         0,   0.033,chromobius,1f980882312f023b7a956afc8287a4a8be658d75962e9654d7b5d509ba68fd83,"{""d"":7,""p"":0.0003562247890262444,""r"":28}",
      2048,         3,         0,   0.068,chromobius,1f980882312f023b7a956afc8287a4a8be658d75962e9654d7b5d509ba68fd83,"{""d"":7,""p"":0.0003562247890262444,""r"":28}",
      2048,         0,         0,   0.066,chromobius,1f980882312f023b7a956afc8287a4a8be658d75962e9654d7b5d509ba68fd83,"{""d"":7,""p"":0.0003562247890262444,""r"":28}",
      3072,         1,         0,   0.102,chromobius,1f980882312f023b7a956afc8287a4a8be658d75962e9654d7b5d509ba68fd83,"{""d"":7,""p"":0.0003562247890262444,""r"":28}",
      4096,         7,         0,   0.131,chromobius,1f980882312f023b7a956afc8287a4a8be658d75962e9654d7b5d509ba68fd83,"{""d"":7,""p"":0.0003562247890262444,""r"":28}",
      5120,         7,         0,   0.162,chromobius,1f980882312f023b7a956afc8287a4a8be658d75962e9654d7b5d509ba68fd83,"{""d"":7,""p"":0.0003562247890262444,""r"":28}",
     99328,        22,         0,    2.19,chromobius,8dadec8cbbbc28b9077fd2a903a992498f2158ff1da85ae100c6889e6f21792f,"{""d"":7,""p"":0.000221221629107045,""r"":28}",
      7168,        11,         0,   0.230,chromobius,1f980882312f023b7a956afc8287a4a8be658d75962e9654d7b5d509ba68fd83,"{""d"":7,""p"":0.0003562247890262444,""r"":28}",
      9216,        11,         0,   0.299,chromobius,1f980882312f023b7a956afc8287a4a8be658d75962e9654d7b5d509ba68fd83,"{""d"":7,""p"":0.0003562247890262444,""r"":28}",
     82944,        26,         0,    2.18,chromobius,7f8a8f49d3301290e6add74e85ef3d88c80ca9073277e3246a28c0f4fec5bdad,"{""d"":7,""p"":0.0002592943797404667,""r"":28}",
     52224,        24,         0,    1.56,chromobius,3e93f62477596db160865a1b70a069de0cd1f578a1eed759d41f9330576ed570,"{""d"":7,""p"":0.0003039195382313198,""r"":28}",
    274432,        13,         0,    3.03,chromobius,e02b5096dca48cc4a5ffcdf8cee6c1ee2eb16dc80964c2f02e3f3d8384a6ed27,"{""d"":7,""p"":0.0001,""r"":28}",
     13312,         8,         0,   0.433,chromobius,1f980882312f023b7a956afc8287a4a8be658d75962e9654d7b5d509ba68fd83,"{""d"":7,""p"":0.0003562247890262444,""r"":28}",
    231424,        13,         0,    3.04,chromobius,d89637c9180c53cca4dbdfc28780b8f33189e70b9b7c32c384aa6b9f31232628,"{""d"":7,""p"":0.00011721022975334806,""r"":28}",
    217088,        13,         0,    3.04,chromobius,eee084ee67f7244aad6f968a9d9cd1ca5c965523f4a7328894b967b71503a975,"{""d"":7,""p"":0.00013738237958832623,""r"":28}",
     17408,        12,         0,   0.568,chromobius,1f980882312f023b7a956afc8287a4a8be658d75962e9654d7b5d509ba68fd83,"{""d"":7,""p"":0.0003562247890262444,""r"":28}",
    194560,        31,         0,    3.03,chromobius,1933d8422a70a28b200ba6e5df7de5ea2c9ef909684c1f6977ed6ce1abc42aba,"{""d"":7,""p"":0.00016102620275609394,""r"":28}",
   2536448,       835,         0,    8.21,chromobius,fdd14dc83274cbf67468505390cc44185505a54dc13edb403520539c9601c223,"{""d"":5,""p"":0.0001,""r"":20}",
   2207744,      1041,         0,    8.22,chromobius,1baac601d392dda142401ff1ea123ee9e834a07d7d1ca7b3dce2c7d1fd50f545,"{""d"":5,""p"":0.00011721022975334806,""r"":20}",
   2000896,      1305,         0,    8.23,chromobius,aa0966330167a83df22d82ff752da6805f7a520ba9b9f96a4b98fe916c564e60,"{""d"":5,""p"":0.00013738237958832623,""r"":20}",
     24576,        13,         0,   0.793,chromobius,1f980882312f023b7a956afc8287a4a8be658d75962e9654d7b5d509ba68fd83,"{""d"":7,""p"":0.0003562247890262444,""r"":28}",
    150528,        22,         0,    3.05,chromobius,2ddc0a238ccb09e01767d647afd01fda8e756ad84c508d6ed237ad3699d839fe,"{""d"":7,""p"":0.00018873918221350977,""r"":28}",
     71680,        48,         0,    2.18,chromobius,3e93f62477596db160865a1b70a069de0cd1f578a1eed759d41f9330576ed570,"{""d"":7,""p"":0.0003039195382313198,""r"":28}",
    137216,        46,         0,    3.04,chromobius,8dadec8cbbbc28b9077fd2a903a992498f2158ff1da85ae100c6889e6f21792f,"{""d"":7,""p"":0.000221221629107045,""r"":28}",
     34816,        31,         0,    1.14,chromobius,1f980882312f023b7a956afc8287a4a8be658d75962e9654d7b5d509ba68fd83,"{""d"":7,""p"":0.0003562247890262444,""r"":28}",
    115712,        38,         0,    3.06,chromobius,7f8a8f49d3301290e6add74e85ef3d88c80ca9073277e3246a28c0f4fec5bdad,"{""d"":7,""p"":0.0002592943797404667,""r"":28}",
    592896,       374,         0,    2.42,chromobius,aa0966330167a83df22d82ff752da6805f7a520ba9b9f96a4b98fe916c564e60,"{""d"":5,""p"":0.00013738237958832623,""r"":20}",
       273,         1,         0,   0.012,chromobius,b477a0ae6b4429deed17582adff15785c3f86cb32972f5816323bf5da4af0990,"{""d"":7,""p"":0.00041753189365604,""r"":28}",
      1024,         0,         0,   0.038,chromobius,b477a0ae6b4429deed17582adff15785c3f86cb32972f5816323bf5da4af0990,"{""d"":7,""p"":0.00041753189365604,""r"":28}",
      1024,         0,         0,   0.039,chromobius,b477a0ae6b4429deed17582adff15785c3f86cb32972f5816323bf5da4af0990,"{""d"":7,""p"":0.00041753189365604,""r"":28}",
      1024,         1,         0,   0.040,chromobius,b477a0ae6b4429deed17582adff15785c3f86cb32972f5816323bf5da4af0990,"{""d"":7,""p"":0.00041753189365604,""r"":28}",
      1024,         1,         0,   0.039,chromobius,b477a0ae6b4429deed17582adff15785c3f86cb32972f5816323bf5da4af0990,"{""d"":7,""p"":0.00041753189365604,""r"":28}",
      2048,         0,         0,   0.078,chromobius,b477a0ae6b4429deed17582adff15785c3f86cb32972f5816323bf5da4af0990,"{""d"":7,""p"":0.00041753189365604,""r"":28}",
    384000,        15,         0,    4.24,chromobius,e02b5096dca48cc4a5ffcdf8cee6c1ee2eb16dc80964c2f02e3f3d8384a6ed27,"{""d"":7,""p"":0.0001,""r"":28}",
      2048,         2,         0,   0.080,chromobius,b477a0ae6b4429deed17582adff15785c3f86cb32972f5816323bf5da4af0990,"{""d"":7,""p"":0.00041753189365604,""r"":28}",
      3072,         6,         0,   0.116,chromobius,b477a0ae6b4429deed17582adff15785c3f86cb32972f5816323bf5da4af0990,"{""d"":7,""p"":0.00041753189365604,""r"":28}",
     48128,        39,         0,    1.56,chromobius,1f980882312f023b7a956afc8287a4a8be658d75962e9654d7b5d509ba68fd83,"{""d"":7,""p"":0.0003562247890262444,""r"":28}",
      4096,         9,         0,   0.157,chromobius,b477a0ae6b4429deed17582adff15785c3f86cb32972f5816323bf5da4af0990,"{""d"":7,""p"":0.00041753189365604,""r"":28}",
    329728,        21,         0,    4.24,chromobius,d89637c9180c53cca4dbdfc28780b8f33189e70b9b7c32c384aa6b9f31232628,"{""d"":7,""p"":0.00011721022975334806,""r"":28}",
    302080,        23,         0,    4.25,chromobius,eee084ee67f7244aad6f968a9d9cd1ca5c965523f4a7328894b967b71503a975,"{""d"":7,""p"":0.00013738237958832623,""r"":28}",
      6144,         6,         0,   0.236,chromobius,b477a0ae6b4429deed17582adff15785c3f86cb32972f5816323bf5da4af0990,"{""d"":7,""p"":0.00041753189365604,""r"":28}",
      8192,        15,         0,   0.319,chromobius,b477a0ae6b4429deed17582adff15785c3f86cb32972f5816323bf5da4af0990,"{""d"":7,""p"":0.00041753189365604,""r"":28}",
    271360,        31,         0,    4.25,chromobius,1933d8422a70a28b200ba6e5df7de5ea2c9ef909684c1f6977ed6ce1abc42aba,"{""d"":7,""p"":0.00016102620275609394,""r"":28}",
    101376,        66,         0,    3.05,chromobius,3e93f62477596db160865a1b70a069de0cd1f578a1eed759d41f9330576ed570,"{""d"":7,""p"":0.0003039195382313198,""r"":28}",
     11264,        16,         0,   0.431,chromobius,b477a0ae6b4429deed17582adff15785c3f86cb32972f5816323bf5da4af0990,"{""d"":7,""p"":0.00041753189365604,""r"":28}",
     15360,        24,         0,   0.581,chromobius,b477a0ae6b4429deed17582adff15785c3f86cb32972f5816323bf5da4af0990,"{""d"":7,""p"":0.00041753189365604,""r"":28}",
    207872,        31,         0,    4.26,chromobius,2ddc0a238ccb09e01767d647afd01fda8e756ad84c508d6ed237ad3699d839fe,"{""d"":7,""p"":0.00018873918221350977,""r"":28}",
     66560,        66,         0,    2.19,chromobius,1f980882312f023b7a956afc8287a4a8be658d75962e9654d7b5d509ba68fd83,"{""d"":7,""p"":0.0003562247890262444,""r"":28}",
    184320,        59,         0,    4.27,chromobius,8dadec8cbbbc28b9077fd2a903a992498f2158ff1da85ae100c6889e6f21792f,"{""d"":7,""p"":0.000221221629107045,""r"":28}",
     20480,        38,         0,   0.793,chromobius,b477a0ae6b4429deed17582adff15785c3f86cb32972f5816323bf5da4af0990,"{""d"":7,""p"":0.00041753189365604,""r"":28}",
    158720,        73,         0,    4.28,chromobius,7f8a8f49d3301290e6add74e85ef3d88c80ca9073277e3246a28c0f4fec5bdad,"{""d"":7,""p"":0.0002592943797404667,""r"":28}",
     29696,        43,         0,    1.13,chromobius,b477a0ae6b4429deed17582adff15785c3f86cb32972f5816323bf5da4af0990,"{""d"":7,""p"":0.00041753189365604,""r"":28}",
    136192,        88,         0,    4.26,chromobius,3e93f62477596db160865a1b70a069de0cd1f578a1eed759d41f9330576ed570,"{""d"":7,""p"":0.0003039195382313198,""r"":28}",
     39936,        50,         0,    1.55,chromobius,b477a0ae6b4429deed17582adff15785c3f86cb32972f5816323bf5da4af0990,"{""d"":7,""p"":0.00041753189365604,""r"":28}",
     93184,        94,         0,    3.07,chromobius,1f980882312f023b7a956afc8287a4a8be658d75962e9654d7b5d509ba68fd83,"{""d"":7,""p"":0.0003562247890262444,""r"":28}",
    535552,        26,         0,    5.94,chromobius,e02b5096dca48cc4a5ffcdf8cee6c1ee2eb16dc80964c2f02e3f3d8384a6ed27,"{""d"":7,""p"":0.0001,""r"":28}",
    455680,        16,         0,    5.94,chromobius,d89637c9180c53cca4dbdfc28780b8f33189e70b9b7c32c384aa6b9f31232628,"{""d"":7,""p"":0.00011721022975334806,""r"":28}",
    419840,        28,         0,    5.94,chromobius,eee084ee67f7244aad6f968a9d9cd1ca5c965523f4a7328894b967b71503a975,"{""d"":7,""p"":0.00013738237958832623,""r"":28}",
    376832,        46,         0,    5.95,chromobius,1933d8422a70a28b200ba6e5df7de5ea2c9ef909684c1f6977ed6ce1abc42aba,"{""d"":7,""p"":0.00016102620275609394,""r"":28}",
     57344,        86,         0,    2.21,chromobius,b477a0ae6b4429deed17582adff15785c3f86cb32972f5816323bf5da4af0990,"{""d"":7,""p"":0.00041753189365604,""r"":28}",
   2777088,      1285,         0,    10.4,chromobius,1baac601d392dda142401ff1ea123ee9e834a07d7d1ca7b3dce2c7d1fd50f545,"{""d"":5,""p"":0.00011721022975334806,""r"":20}",
       273,         0,         0,   0.015,chromobius,d9c020d1432fbfbd72dfa98e12f6c322ad93cfcc28d04a5bf4db06876fcf96ce,"{""d"":7,""p"":0.0004893900918477494,""r"":28}",
    292864,        58,         0,    5.95,chromobius,2ddc0a238ccb09e01767d647afd01fda8e756ad84c508d6ed237ad3699d839fe,"{""d"":7,""p"":0.00018873918221350977,""r"":28}",
      1024,         2,         0,   0.049,chromobius,d9c020d1432fbfbd72dfa98e12f6c322ad93cfcc28d04a5bf4db06876fcf96ce,"{""d"":7,""p"":0.0004893900918477494,""r"":28}",
      1024,         3,         0,   0.047,chromobius,d9c020d1432fbfbd72dfa98e12f6c322ad93cfcc28d04a5bf4db06876fcf96ce,"{""d"":7,""p"":0.0004893900918477494,""r"":28}",
      1024,         3,         0,   0.048,chromobius,d9c020d1432fbfbd72dfa98e12f6c322ad93cfcc28d04a5bf4db06876fcf96ce,"{""d"":7,""p"":0.0004893900918477494,""r"":28}",
      1024,         1,         0,   0.049,chromobius,d9c020d1432fbfbd72dfa98e12f6c322ad93cfcc28d04a5bf4db06876fcf96ce,"{""d"":7,""p"":0.0004893900918477494,""r"":28}",
      2048,         3,         0,   0.101,chromobius,d9c020d1432fbfbd72dfa98e12f6c322ad93cfcc28d04a5bf4db06876fcf96ce,"{""d"":7,""p"":0.0004893900918477494,""r"":28}",
      2048,         5,         0,   0.096,chromobius,d9c020d1432fbfbd72dfa98e12f6c322ad93cfcc28d04a5bf4db06876fcf96ce,"{""d"":7,""p"":0.0004893900918477494,""r"":28}",
      3072,        11,         0,   0.142,chromobius,d9c020d1432fbfbd72dfa98e12f6c322ad93cfcc28d04a5bf4db06876fcf96ce,"{""d"":7,""p"":0.0004893900918477494,""r"":28}",
    257024,        65,         0,    5.95,chromobius,8dadec8cbbbc28b9077fd2a903a992498f2158ff1da85ae100c6889e6f21792f,"{""d"":7,""p"":0.000221221629107045,""r"":28}",
      3072,         5,         0,   0.149,chromobius,d9c020d1432fbfbd72dfa98e12f6c322ad93cfcc28d04a5bf4db06876fcf96ce,"{""d"":7,""p"":0.0004893900918477494,""r"":28}",
      5120,        13,         0,   0.253,chromobius,d9c020d1432fbfbd72dfa98e12f6c322ad93cfcc28d04a5bf4db06876fcf96ce,"{""d"":7,""p"":0.0004893900918477494,""r"":28}",
   3521536,      1203,         0,    11.5,chromobius,fdd14dc83274cbf67468505390cc44185505a54dc13edb403520539c9601c223,"{""d"":5,""p"":0.0001,""r"":20}",
    221184,       102,         0,    5.97,chromobius,7f8a8f49d3301290e6add74e85ef3d88c80ca9073277e3246a28c0f4fec5bdad,"{""d"":7,""p"":0.0002592943797404667,""r"":28}",
      7168,        16,         0,   0.330,chromobius,d9c020d1432fbfbd72dfa98e12f6c322ad93cfcc28d04a5bf4db06876fcf96ce,"{""d"":7,""p"":0.0004893900918477494,""r"":28}",
      9216,        16,         0,   0.426,chromobius,d9c020d1432fbfbd72dfa98e12f6c322ad93cfcc28d04a5bf4db06876fcf96ce,"{""d"":7,""p"":0.0004893900918477494,""r"":28}",
    126976,       107,         0,    4.29,chromobius,1f980882312f023b7a956afc8287a4a8be658d75962e9654d7b5d509ba68fd83,"{""d"":7,""p"":0.0003562247890262444,""r"":28}",
     12288,        36,         0,   0.575,chromobius,d9c020d1432fbfbd72dfa98e12f6c322ad93cfcc28d04a5bf4db06876fcf96ce,"{""d"":7,""p"":0.0004893900918477494,""r"":28}",
     77824,       111,         0,    3.08,chromobius,b477a0ae6b4429deed17582adff15785c3f86cb32972f5816323bf5da4af0990,"{""d"":7,""p"":0.00041753189365604,""r"":28}",
     16384,        31,         0,   0.821,chromobius,d9c020d1432fbfbd72dfa98e12f6c322ad93cfcc28d04a5bf4db06876fcf96ce,"{""d"":7,""p"":0.0004893900918477494,""r"":28}",
    194560,       125,         0,    5.99,chromobius,3e93f62477596db160865a1b70a069de0cd1f578a1eed759d41f9330576ed570,"{""d"":7,""p"":0.0003039195382313198,""r"":28}",
     22528,        49,         0,    1.12,chromobius,d9c020d1432fbfbd72dfa98e12f6c322ad93cfcc28d04a5bf4db06876fcf96ce,"{""d"":7,""p"":0.0004893900918477494,""r"":28}",
     31744,        67,         0,    1.58,chromobius,d9c020d1432fbfbd72dfa98e12f6c322ad93cfcc28d04a5bf4db06876fcf96ce,"{""d"":7,""p"":0.0004893900918477494,""r"":28}",
    737280,        35,         0,    8.31,chromobius,e02b5096dca48cc4a5ffcdf8cee6c1ee2eb16dc80964c2f02e3f3d8384a6ed27,"{""d"":7,""p"":0.0001,""r"":28}",
    633856,        43,         0,    8.32,chromobius,d89637c9180c53cca4dbdfc28780b8f33189e70b9b7c32c384aa6b9f31232628,"{""d"":7,""p"":0.00011721022975334806,""r"":28}",
    570368,        43,         0,    8.33,chromobius,eee084ee67f7244aad6f968a9d9cd1ca5c965523f4a7328894b967b71503a975,"{""d"":7,""p"":0.00013738237958832623,""r"":28}",
    107520,       161,         0,    4.29,chromobius,b477a0ae6b4429deed17582adff15785c3f86cb32972f5816323bf5da4af0990,"{""d"":7,""p"":0.00041753189365604,""r"":28}",
    498688,        60,         0,    8.33,chromobius,1933d8422a70a28b200ba6e5df7de5ea2c9ef909684c1f6977ed6ce1abc42aba,"{""d"":7,""p"":0.00016102620275609394,""r"":28}",
    167936,       152,         0,    5.98,chromobius,1f980882312f023b7a956afc8287a4a8be658d75962e9654d7b5d509ba68fd83,"{""d"":7,""p"":0.0003562247890262444,""r"":28}",
     45056,        96,         0,    2.20,chromobius,d9c020d1432fbfbd72dfa98e12f6c322ad93cfcc28d04a5bf4db06876fcf96ce,"{""d"":7,""p"":0.0004893900918477494,""r"":28}",
    409600,        85,         0,    8.34,chromobius,2ddc0a238ccb09e01767d647afd01fda8e756ad84c508d6ed237ad3699d839fe,"{""d"":7,""p"":0.00018873918221350977,""r"":28}",
    362496,       121,         0,    8.35,chromobius,8dadec8cbbbc28b9077fd2a903a992498f2158ff1da85ae100c6889e6f21792f,"{""d"":7,""p"":0.000221221629107045,""r"":28}",
   2454528,       798,         0,    8.24,chromobius,fdd14dc83274cbf67468505390cc44185505a54dc13edb403520539c9601c223,"{""d"":5,""p"":0.0001,""r"":20}",
    315392,       110,         0,    8.36,chromobius,7f8a8f49d3301290e6add74e85ef3d88c80ca9073277e3246a28c0f4fec5bdad,"{""d"":7,""p"":0.0002592943797404667,""r"":28}",
       273,         1,         0,   0.017,chromobius,c20411e2686365483896352a5291ad6185cc31cdd5ac7ca55c54d0627ab329ba,"{""d"":7,""p"":0.0005736152510448681,""r"":28}",
      1024,         2,         0,   0.058,chromobius,c20411e2686365483896352a5291ad6185cc31cdd5ac7ca55c54d0627ab329ba,"{""d"":7,""p"":0.0005736152510448681,""r"":28}",
      1024,         3,         0,   0.058,chromobius,c20411e2686365483896352a5291ad6185cc31cdd5ac7ca55c54d0627ab329ba,"{""d"":7,""p"":0.0005736152510448681,""r"":28}",
      1024,         2,         0,   0.056,chromobius,c20411e2686365483896352a5291ad6185cc31cdd5ac7ca55c54d0627ab329ba,"{""d"":7,""p"":0.0005736152510448681,""r"":28}",
      1024,         5,         0,   0.056,chromobius,c20411e2686365483896352a5291ad6185cc31cdd5ac7ca55c54d0627ab329ba,"{""d"":7,""p"":0.0005736152510448681,""r"":28}",
      1024,         1,         0,   0.058,chromobius,c20411e2686365483896352a5291ad6185cc31cdd5ac7ca55c54d0627ab329ba,"{""d"":7,""p"":0.0005736152510448681,""r"":28}",
      2048,         7,         0,   0.112,chromobius,c20411e2686365483896352a5291ad6185cc31cdd5ac7ca55c54d0627ab329ba,"{""d"":7,""p"":0.0005736152510448681,""r"":28}",
      2048,         6,         0,   0.122,chromobius,c20411e2686365483896352a5291ad6185cc31cdd5ac7ca55c54d0627ab329ba,"{""d"":7,""p"":0.0005736152510448681,""r"":28}",
      3072,        11,         0,   0.178,chromobius,c20411e2686365483896352a5291ad6185cc31cdd5ac7ca55c54d0627ab329ba,"{""d"":7,""p"":0.0005736152510448681,""r"":28}",
      4096,        14,         0,   0.230,chromobius,c20411e2686365483896352a5291ad6185cc31cdd5ac7ca55c54d0627ab329ba,"{""d"":7,""p"":0.0005736152510448681,""r"":28}",
      5120,        18,         0,   0.291,chromobius,c20411e2686365483896352a5291ad6185cc31cdd5ac7ca55c54d0627ab329ba,"{""d"":7,""p"":0.0005736152510448681,""r"":28}",
     62464,       106,         0,    3.06,chromobius,d9c020d1432fbfbd72dfa98e12f6c322ad93cfcc28d04a5bf4db06876fcf96ce,"{""d"":7,""p"":0.0004893900918477494,""r"":28}",
      8192,        29,         0,   0.463,chromobius,c20411e2686365483896352a5291ad6185cc31cdd5ac7ca55c54d0627ab329ba,"{""d"":7,""p"":0.0005736152510448681,""r"":28}",
    270336,       133,         0,    8.36,chromobius,3e93f62477596db160865a1b70a069de0cd1f578a1eed759d41f9330576ed570,"{""d"":7,""p"":0.0003039195382313198,""r"":28}",
     10240,        36,         0,   0.571,chromobius,c20411e2686365483896352a5291ad6185cc31cdd5ac7ca55c54d0627ab329ba,"{""d"":7,""p"":0.0005736152510448681,""r"":28}",
     15360,        47,         0,   0.851,chromobius,c20411e2686365483896352a5291ad6185cc31cdd5ac7ca55c54d0627ab329ba,"{""d"":7,""p"":0.0005736152510448681,""r"":28}",
    147456,       212,         0,    5.97,chromobius,b477a0ae6b4429deed17582adff15785c3f86cb32972f5816323bf5da4af0990,"{""d"":7,""p"":0.00041753189365604,""r"":28}",
     19456,        61,         0,    1.11,chromobius,c20411e2686365483896352a5291ad6185cc31cdd5ac7ca55c54d0627ab329ba,"{""d"":7,""p"":0.0005736152510448681,""r"":28}",
     28672,       109,         0,    1.59,chromobius,c20411e2686365483896352a5291ad6185cc31cdd5ac7ca55c54d0627ab329ba,"{""d"":7,""p"":0.0005736152510448681,""r"":28}",
     87040,       210,         0,    4.31,chromobius,d9c020d1432fbfbd72dfa98e12f6c322ad93cfcc28d04a5bf4db06876fcf96ce,"{""d"":7,""p"":0.0004893900918477494,""r"":28}",
    231424,       190,         0,    8.35,chromobius,1f980882312f023b7a956afc8287a4a8be658d75962e9654d7b5d509ba68fd83,"{""d"":7,""p"":0.0003562247890262444,""r"":28}",
     37888,       151,         0,    2.20,chromobius,c20411e2686365483896352a5291ad6185cc31cdd5ac7ca55c54d0627ab329ba,"{""d"":7,""p"":0.0005736152510448681,""r"":28}",
   1025024,        41,         0,    11.6,chromobius,e02b5096dca48cc4a5ffcdf8cee6c1ee2eb16dc80964c2f02e3f3d8384a6ed27,"{""d"":7,""p"":0.0001,""r"":28}",
    884736,        50,         0,    11.6,chromobius,d89637c9180c53cca4dbdfc28780b8f33189e70b9b7c32c384aa6b9f31232628,"{""d"":7,""p"":0.00011721022975334806,""r"":28}",
    771072,        44,         0,    11.6,chromobius,eee084ee67f7244aad6f968a9d9cd1ca5c965523f4a7328894b967b71503a975,"{""d"":7,""p"":0.00013738237958832623,""r"":28}",
    691200,        71,         0,    11.6,chromobius,1933d8422a70a28b200ba6e5df7de5ea2c9ef909684c1f6977ed6ce1abc42aba,"{""d"":7,""p"":0.00016102620275609394,""r"":28}",
    571392,        89,         0,    11.7,chromobius,2ddc0a238ccb09e01767d647afd01fda8e756ad84c508d6ed237ad3699d839fe,"{""d"":7,""p"":0.00018873918221350977,""r"":28}",
     53248,       159,         0,    3.08,chromobius,c20411e2686365483896352a5291ad6185cc31cdd5ac7ca55c54d0627ab329ba,"{""d"":7,""p"":0.0005736152510448681,""r"":28}",
    493568,       131,         0,    11.7,chromobius,8dadec8cbbbc28b9077fd2a903a992498f2158ff1da85ae100c6889e6f21792f,"{""d"":7,""p"":0.000221221629107045,""r"":28}",
    432128,       157,         0,    11.7,chromobius,7f8a8f49d3301290e6add74e85ef3d88c80ca9073277e3246a28c0f4fec5bdad,"{""d"":7,""p"":0.0002592943797404667,""r"":28}",
    120832,       253,         0,    5.99,chromobius,d9c020d1432fbfbd72dfa98e12f6c322ad93cfcc28d04a5bf4db06876fcf96ce,"{""d"":7,""p"":0.0004893900918477494,""r"":28}",
    202752,       294,         0,    8.37,chromobius,b477a0ae6b4429deed17582adff15785c3f86cb32972f5816323bf5da4af0990,"{""d"":7,""p"":0.00041753189365604,""r"":28}",
    377856,       222,         0,    11.7,chromobius,3e93f62477596db160865a1b70a069de0cd1f578a1eed759d41f9330576ed570,"{""d"":7,""p"":0.0003039195382313198,""r"":28}",
     76800,       236,         0,    4.30,chromobius,c20411e2686365483896352a5291ad6185cc31cdd5ac7ca55c54d0627ab329ba,"{""d"":7,""p"":0.0005736152510448681,""r"":28}",
    320512,       275,         0,    11.7,chromobius,1f980882312f023b7a956afc8287a4a8be658d75962e9654d7b5d509ba68fd83,"{""d"":7,""p"":0.0003562247890262444,""r"":28}",
    165888,       363,         0,    8.35,chromobius,d9c020d1432fbfbd72dfa98e12f6c322ad93cfcc28d04a5bf4db06876fcf96ce,"{""d"":7,""p"":0.0004893900918477494,""r"":28}",
    104448,       359,         0,    5.99,chromobius,c20411e2686365483896352a5291ad6185cc31cdd5ac7ca55c54d0627ab329ba,"{""d"":7,""p"":0.0005736152510448681,""r"":28}",
    287744,       440,         0,    11.7,chromobius,b477a0ae6b4429deed17582adff15785c3f86cb32972f5816323bf5da4af0990,"{""d"":7,""p"":0.00041753189365604,""r"":28}",
   1411072,        53,         0,    16.3,chromobius,e02b5096dca48cc4a5ffcdf8cee6c1ee2eb16dc80964c2f02e3f3d8384a6ed27,"{""d"":7,""p"":0.0001,""r"":28}",
   1215488,        57,         0,    16.3,chromobius,d89637c9180c53cca4dbdfc28780b8f33189e70b9b7c32c384aa6b9f31232628,"{""d"":7,""p"":0.00011721022975334806,""r"":28}",
   1068032,        83,         0,    16.3,chromobius,eee084ee67f7244aad6f968a9d9cd1ca5c965523f4a7328894b967b71503a975,"{""d"":7,""p"":0.00013738237958832623,""r"":28}",
    961536,        95,         0,    16.3,chromobius,1933d8422a70a28b200ba6e5df7de5ea2c9ef909684c1f6977ed6ce1abc42aba,"{""d"":7,""p"":0.00016102620275609394,""r"":28}",
    794624,       128,         0,    16.3,chromobius,2ddc0a238ccb09e01767d647afd01fda8e756ad84c508d6ed237ad3699d839fe,"{""d"":7,""p"":0.00018873918221350977,""r"":28}",
    692224,       173,         0,    16.3,chromobius,8dadec8cbbbc28b9077fd2a903a992498f2158ff1da85ae100c6889e6f21792f,"{""d"":7,""p"":0.000221221629107045,""r"":28}",
    606208,       214,         0,    16.4,chromobius,7f8a8f49d3301290e6add74e85ef3d88c80ca9073277e3246a28c0f4fec5bdad,"{""d"":7,""p"":0.0002592943797404667,""r"":28}",
    147456,       503,         0,    8.38,chromobius,c20411e2686365483896352a5291ad6185cc31cdd5ac7ca55c54d0627ab329ba,"{""d"":7,""p"":0.0005736152510448681,""r"":28}",
    533504,       324,         0,    16.4,chromobius,3e93f62477596db160865a1b70a069de0cd1f578a1eed759d41f9330576ed570,"{""d"":7,""p"":0.0003039195382313198,""r"":28}",
    236544,       539,         0,    11.7,chromobius,d9c020d1432fbfbd72dfa98e12f6c322ad93cfcc28d04a5bf4db06876fcf96ce,"{""d"":7,""p"":0.0004893900918477494,""r"":28}",
    451584,       378,         0,    16.4,chromobius,1f980882312f023b7a956afc8287a4a8be658d75962e9654d7b5d509ba68fd83,"{""d"":7,""p"":0.0003562247890262444,""r"":28}",
    402432,       563,         0,    16.4,chromobius,b477a0ae6b4429deed17582adff15785c3f86cb32972f5816323bf5da4af0990,"{""d"":7,""p"":0.00041753189365604,""r"":28}",
    207872,       683,         0,    11.7,chromobius,c20411e2686365483896352a5291ad6185cc31cdd5ac7ca55c54d0627ab329ba,"{""d"":7,""p"":0.0005736152510448681,""r"":28}",
   1942528,        72,         0,    22.8,chromobius,e02b5096dca48cc4a5ffcdf8cee6c1ee2eb16dc80964c2f02e3f3d8384a6ed27,"{""d"":7,""p"":0.0001,""r"":28}",
    322560,       712,         0,    16.4,chromobius,d9c020d1432fbfbd72dfa98e12f6c322ad93cfcc28d04a5bf4db06876fcf96ce,"{""d"":7,""p"":0.0004893900918477494,""r"":28}",
   1664000,       101,         0,    22.8,chromobius,d89637c9180c53cca4dbdfc28780b8f33189e70b9b7c32c384aa6b9f31232628,"{""d"":7,""p"":0.00011721022975334806,""r"":28}",
   1478656,       126,         0,    22.8,chromobius,eee084ee67f7244aad6f968a9d9cd1ca5c965523f4a7328894b967b71503a975,"{""d"":7,""p"":0.00013738237958832623,""r"":28}",
   1326080,       147,         0,    22.8,chromobius,1933d8422a70a28b200ba6e5df7de5ea2c9ef909684c1f6977ed6ce1abc42aba,"{""d"":7,""p"":0.00016102620275609394,""r"":28}",
   1089536,       177,         0,    22.9,chromobius,2ddc0a238ccb09e01767d647afd01fda8e756ad84c508d6ed237ad3699d839fe,"{""d"":7,""p"":0.00018873918221350977,""r"":28}",
    946176,       272,         0,    22.9,chromobius,8dadec8cbbbc28b9077fd2a903a992498f2158ff1da85ae100c6889e6f21792f,"{""d"":7,""p"":0.000221221629107045,""r"":28}",
    825344,       333,         0,    22.9,chromobius,7f8a8f49d3301290e6add74e85ef3d88c80ca9073277e3246a28c0f4fec5bdad,"{""d"":7,""p"":0.0002592943797404667,""r"":28}",
    724992,       388,         0,    22.9,chromobius,3e93f62477596db160865a1b70a069de0cd1f578a1eed759d41f9330576ed570,"{""d"":7,""p"":0.0003039195382313198,""r"":28}",
    623616,       570,         0,    22.9,chromobius,1f980882312f023b7a956afc8287a4a8be658d75962e9654d7b5d509ba68fd83,"{""d"":7,""p"":0.0003562247890262444,""r"":28}",
    279552,       960,         0,    16.4,chromobius,c20411e2686365483896352a5291ad6185cc31cdd5ac7ca55c54d0627ab329ba,"{""d"":7,""p"":0.0005736152510448681,""r"":28}",
    562176,       761,         0,    22.9,chromobius,b477a0ae6b4429deed17582adff15785c3f86cb32972f5816323bf5da4af0990,"{""d"":7,""p"":0.00041753189365604,""r"":28}",
    456704,       974,         0,    22.9,chromobius,d9c020d1432fbfbd72dfa98e12f6c322ad93cfcc28d04a5bf4db06876fcf96ce,"{""d"":7,""p"":0.0004893900918477494,""r"":28}",
   2652160,        90,         0,    31.9,chromobius,e02b5096dca48cc4a5ffcdf8cee6c1ee2eb16dc80964c2f02e3f3d8384a6ed27,"{""d"":7,""p"":0.0001,""r"":28}",
   2345984,       117,         0,    31.9,chromobius,d89637c9180c53cca4dbdfc28780b8f33189e70b9b7c32c384aa6b9f31232628,"{""d"":7,""p"":0.00011721022975334806,""r"":28}",
   2151424,       166,         0,    31.9,chromobius,eee084ee67f7244aad6f968a9d9cd1ca5c965523f4a7328894b967b71503a975,"{""d"":7,""p"":0.00013738237958832623,""r"":28}",
    379904,      1299,         0,    23.0,chromobius,c20411e2686365483896352a5291ad6185cc31cdd5ac7ca55c54d0627ab329ba,"{""d"":7,""p"":0.0005736152510448681,""r"":28}",
   1852416,       233,         0,    32.0,chromobius,1933d8422a70a28b200ba6e5df7de5ea2c9ef909684c1f6977ed6ce1abc42aba,"{""d"":7,""p"":0.00016102620275609394,""r"":28}",
   1552384,       261,         0,    32.0,chromobius,2ddc0a238ccb09e01767d647afd01fda8e756ad84c508d6ed237ad3699d839fe,"{""d"":7,""p"":0.00018873918221350977,""r"":28}",
   1305600,       330,         0,    32.0,chromobius,8dadec8cbbbc28b9077fd2a903a992498f2158ff1da85ae100c6889e6f21792f,"{""d"":7,""p"":0.000221221629107045,""r"":28}",
   1176576,       442,         0,    32.0,chromobius,7f8a8f49d3301290e6add74e85ef3d88c80ca9073277e3246a28c0f4fec5bdad,"{""d"":7,""p"":0.0002592943797404667,""r"":28}",
   1065984,       673,         0,    32.1,chromobius,3e93f62477596db160865a1b70a069de0cd1f578a1eed759d41f9330576ed570,"{""d"":7,""p"":0.0003039195382313198,""r"":28}",
     86016,       301,         0,    5.30,chromobius,c20411e2686365483896352a5291ad6185cc31cdd5ac7ca55c54d0627ab329ba,"{""d"":7,""p"":0.0005736152510448681,""r"":28}",
       273,         1,         0,   0.019,chromobius,65f987e6f6b2a6a5310b54c3973ec922acc8e0294ab9b747c79cc69c14818ca5,"{""d"":7,""p"":0.0006723357536499335,""r"":28}",
      1024,         3,         0,   0.066,chromobius,65f987e6f6b2a6a5310b54c3973ec922acc8e0294ab9b747c79cc69c14818ca5,"{""d"":7,""p"":0.0006723357536499335,""r"":28}",
      1024,         5,         0,   0.070,chromobius,65f987e6f6b2a6a5310b54c3973ec922acc8e0294ab9b747c79cc69c14818ca5,"{""d"":7,""p"":0.0006723357536499335,""r"":28}",
      1024,         3,         0,   0.070,chromobius,65f987e6f6b2a6a5310b54c3973ec922acc8e0294ab9b747c79cc69c14818ca5,"{""d"":7,""p"":0.0006723357536499335,""r"":28}",
      1024,         3,         0,   0.064,chromobius,65f987e6f6b2a6a5310b54c3973ec922acc8e0294ab9b747c79cc69c14818ca5,"{""d"":7,""p"":0.0006723357536499335,""r"":28}",
      1024,         1,         0,   0.065,chromobius,65f987e6f6b2a6a5310b54c3973ec922acc8e0294ab9b747c79cc69c14818ca5,"{""d"":7,""p"":0.0006723357536499335,""r"":28}",
      2048,        14,         0,   0.131,chromobius,65f987e6f6b2a6a5310b54c3973ec922acc8e0294ab9b747c79cc69c14818ca5,"{""d"":7,""p"":0.0006723357536499335,""r"":28}",
      2048,         8,         0,   0.141,chromobius,65f987e6f6b2a6a5310b54c3973ec922acc8e0294ab9b747c79cc69c14818ca5,"{""d"":7,""p"":0.0006723357536499335,""r"":28}",
      3072,        13,         0,   0.208,chromobius,65f987e6f6b2a6a5310b54c3973ec922acc8e0294ab9b747c79cc69c14818ca5,"{""d"":7,""p"":0.0006723357536499335,""r"":28}",
      3072,        11,         0,   0.208,chromobius,65f987e6f6b2a6a5310b54c3973ec922acc8e0294ab9b747c79cc69c14818ca5,"{""d"":7,""p"":0.0006723357536499335,""r"":28}",
      5120,        18,         0,   0.331,chromobius,65f987e6f6b2a6a5310b54c3973ec922acc8e0294ab9b747c79cc69c14818ca5,"{""d"":7,""p"":0.0006723357536499335,""r"":28}",
      7168,        37,         0,   0.462,chromobius,65f987e6f6b2a6a5310b54c3973ec922acc8e0294ab9b747c79cc69c14818ca5,"{""d"":7,""p"":0.0006723357536499335,""r"":28}",
      9216,        48,         0,   0.599,chromobius,65f987e6f6b2a6a5310b54c3973ec922acc8e0294ab9b747c79cc69c14818ca5,"{""d"":7,""p"":0.0006723357536499335,""r"":28}",
     12288,        70,         0,   0.814,chromobius,65f987e6f6b2a6a5310b54c3973ec922acc8e0294ab9b747c79cc69c14818ca5,"{""d"":7,""p"":0.0006723357536499335,""r"":28}",
    843776,       735,         0,    32.1,chromobius,1f980882312f023b7a956afc8287a4a8be658d75962e9654d7b5d509ba68fd83,"{""d"":7,""p"":0.0003562247890262444,""r"":28}",
     17408,        95,         0,    1.16,chromobius,65f987e6f6b2a6a5310b54c3973ec922acc8e0294ab9b747c79cc69c14818ca5,"{""d"":7,""p"":0.0006723357536499335,""r"":28}",
     23552,       138,         0,    1.60,chromobius,65f987e6f6b2a6a5310b54c3973ec922acc8e0294ab9b747c79cc69c14818ca5,"{""d"":7,""p"":0.0006723357536499335,""r"":28}",
     33792,       179,         0,    2.24,chromobius,65f987e6f6b2a6a5310b54c3973ec922acc8e0294ab9b747c79cc69c14818ca5,"{""d"":7,""p"":0.0006723357536499335,""r"":28}",
    814080,      1121,         0,    32.1,chromobius,b477a0ae6b4429deed17582adff15785c3f86cb32972f5816323bf5da4af0990,"{""d"":7,""p"":0.00041753189365604,""r"":28}",
     46080,       242,         0,    3.07,chromobius,65f987e6f6b2a6a5310b54c3973ec922acc8e0294ab9b747c79cc69c14818ca5,"{""d"":7,""p"":0.0006723357536499335,""r"":28}",
     65536,       368,         0,    4.28,chromobius,65f987e6f6b2a6a5310b54c3973ec922acc8e0294ab9b747c79cc69c14818ca5,"{""d"":7,""p"":0.0006723357536499335,""r"":28}",
    676864,      1472,         0,    32.1,chromobius,d9c020d1432fbfbd72dfa98e12f6c322ad93cfcc28d04a5bf4db06876fcf96ce,"{""d"":7,""p"":0.0004893900918477494,""r"":28}",
      7168,        17,         0,   0.336,chromobius,d9c020d1432fbfbd72dfa98e12f6c322ad93cfcc28d04a5bf4db06876fcf96ce,"{""d"":7,""p"":0.0004893900918477494,""r"":28}",
       273,         2,         0,   0.024,chromobius,4dca83430ad2534dabc73c3328c01bdab2c06c2b9382d9a74a3b03e7a7a1cfd8,"{""d"":7,""p"":0.0007880462815669912,""r"":28}",
      1024,         9,         0,   0.079,chromobius,4dca83430ad2534dabc73c3328c01bdab2c06c2b9382d9a74a3b03e7a7a1cfd8,"{""d"":7,""p"":0.0007880462815669912,""r"":28}",
      1024,         5,         0,   0.076,chromobius,4dca83430ad2534dabc73c3328c01bdab2c06c2b9382d9a74a3b03e7a7a1cfd8,"{""d"":7,""p"":0.0007880462815669912,""r"":28}",
      1024,         4,         0,   0.076,chromobius,4dca83430ad2534dabc73c3328c01bdab2c06c2b9382d9a74a3b03e7a7a1cfd8,"{""d"":7,""p"":0.0007880462815669912,""r"":28}",
      1024,        12,         0,   0.088,chromobius,4dca83430ad2534dabc73c3328c01bdab2c06c2b9382d9a74a3b03e7a7a1cfd8,"{""d"":7,""p"":0.0007880462815669912,""r"":28}",
      1024,         3,         0,   0.078,chromobius,4dca83430ad2534dabc73c3328c01bdab2c06c2b9382d9a74a3b03e7a7a1cfd8,"{""d"":7,""p"":0.0007880462815669912,""r"":28}",
      1024,        13,         0,   0.077,chromobius,4dca83430ad2534dabc73c3328c01bdab2c06c2b9382d9a74a3b03e7a7a1cfd8,"{""d"":7,""p"":0.0007880462815669912,""r"":28}",
      2048,        13,         0,   0.159,chromobius,4dca83430ad2534dabc73c3328c01bdab2c06c2b9382d9a74a3b03e7a7a1cfd8,"{""d"":7,""p"":0.0007880462815669912,""r"":28}",
      2048,        15,         0,   0.157,chromobius,4dca83430ad2534dabc73c3328c01bdab2c06c2b9382d9a74a3b03e7a7a1cfd8,"{""d"":7,""p"":0.0007880462815669912,""r"":28}",
      3072,        25,         0,   0.244,chromobius,4dca83430ad2534dabc73c3328c01bdab2c06c2b9382d9a74a3b03e7a7a1cfd8,"{""d"":7,""p"":0.0007880462815669912,""r"":28}",
      4096,        27,         0,   0.302,chromobius,4dca83430ad2534dabc73c3328c01bdab2c06c2b9382d9a74a3b03e7a7a1cfd8,"{""d"":7,""p"":0.0007880462815669912,""r"":28}",
      6144,        53,         0,   0.473,chromobius,4dca83430ad2534dabc73c3328c01bdab2c06c2b9382d9a74a3b03e7a7a1cfd8,"{""d"":7,""p"":0.0007880462815669912,""r"":28}",
      7168,        61,         0,   0.574,chromobius,4dca83430ad2534dabc73c3328c01bdab2c06c2b9382d9a74a3b03e7a7a1cfd8,"{""d"":7,""p"":0.0007880462815669912,""r"":28}",
     10240,        90,         0,   0.816,chromobius,4dca83430ad2534dabc73c3328c01bdab2c06c2b9382d9a74a3b03e7a7a1cfd8,"{""d"":7,""p"":0.0007880462815669912,""r"":28}",
     89088,       506,         0,    5.99,chromobius,65f987e6f6b2a6a5310b54c3973ec922acc8e0294ab9b747c79cc69c14818ca5,"{""d"":7,""p"":0.0006723357536499335,""r"":28}",
     14336,       112,         0,    1.14,chromobius,4dca83430ad2534dabc73c3328c01bdab2c06c2b9382d9a74a3b03e7a7a1cfd8,"{""d"":7,""p"":0.0007880462815669912,""r"":28}",
     20480,       160,         0,    1.62,chromobius,4dca83430ad2534dabc73c3328c01bdab2c06c2b9382d9a74a3b03e7a7a1cfd8,"{""d"":7,""p"":0.0007880462815669912,""r"":28}",
     28672,       257,         0,    2.20,chromobius,4dca83430ad2534dabc73c3328c01bdab2c06c2b9382d9a74a3b03e7a7a1cfd8,"{""d"":7,""p"":0.0007880462815669912,""r"":28}",
     39936,       356,         0,    3.08,chromobius,4dca83430ad2534dabc73c3328c01bdab2c06c2b9382d9a74a3b03e7a7a1cfd8,"{""d"":7,""p"":0.0007880462815669912,""r"":28}",
    122880,       635,         0,    8.42,chromobius,65f987e6f6b2a6a5310b54c3973ec922acc8e0294ab9b747c79cc69c14818ca5,"{""d"":7,""p"":0.0006723357536499335,""r"":28}",
     55296,       468,         0,    4.28,chromobius,4dca83430ad2534dabc73c3328c01bdab2c06c2b9382d9a74a3b03e7a7a1cfd8,"{""d"":7,""p"":0.0007880462815669912,""r"":28}",
    724992,      1041,         0,    29.1,chromobius,b477a0ae6b4429deed17582adff15785c3f86cb32972f5816323bf5da4af0990,"{""d"":7,""p"":0.00041753189365604,""r"":28}",
       273,         6,         0,   0.026,chromobius,827c1dc1cdaaecad2ff4d9dca182a2fe70f1ff9a225c195a5684b036e7401f11,"{""d"":7,""p"":0.0009236708571873865,""r"":28}",
      1024,        17,         0,   0.099,chromobius,827c1dc1cdaaecad2ff4d9dca182a2fe70f1ff9a225c195a5684b036e7401f11,"{""d"":7,""p"":0.0009236708571873865,""r"":28}",
      1024,        24,         0,   0.104,chromobius,827c1dc1cdaaecad2ff4d9dca182a2fe70f1ff9a225c195a5684b036e7401f11,"{""d"":7,""p"":0.0009236708571873865,""r"":28}",
      1024,        16,         0,   0.096,chromobius,827c1dc1cdaaecad2ff4d9dca182a2fe70f1ff9a225c195a5684b036e7401f11,"{""d"":7,""p"":0.0009236708571873865,""r"":28}",
      1024,        13,         0,   0.100,chromobius,827c1dc1cdaaecad2ff4d9dca182a2fe70f1ff9a225c195a5684b036e7401f11,"{""d"":7,""p"":0.0009236708571873865,""r"":28}",
      1024,        11,         0,   0.094,chromobius,827c1dc1cdaaecad2ff4d9dca182a2fe70f1ff9a225c195a5684b036e7401f11,"{""d"":7,""p"":0.0009236708571873865,""r"":28}",
      1024,        14,         0,   0.101,chromobius,827c1dc1cdaaecad2ff4d9dca182a2fe70f1ff9a225c195a5684b036e7401f11,"{""d"":7,""p"":0.0009236708571873865,""r"":28}",
   3802112,       167,         0,    44.6,chromobius,e02b5096dca48cc4a5ffcdf8cee6c1ee2eb16dc80964c2f02e3f3d8384a6ed27,"{""d"":7,""p"":0.0001,""r"":28}",
      2048,        27,         0,   0.193,chromobius,827c1dc1cdaaecad2ff4d9dca182a2fe70f1ff9a225c195a5684b036e7401f11,"{""d"":7,""p"":0.0009236708571873865,""r"":28}",
      2048,        32,         0,   0.189,chromobius,827c1dc1cdaaecad2ff4d9dca182a2fe70f1ff9a225c195a5684b036e7401f11,"{""d"":7,""p"":0.0009236708571873865,""r"":28}",
     76800,       652,         0,    6.00,chromobius,4dca83430ad2534dabc73c3328c01bdab2c06c2b9382d9a74a3b03e7a7a1cfd8,"{""d"":7,""p"":0.0007880462815669912,""r"":28}",
   3225600,       190,         0,    44.7,chromobius,d89637c9180c53cca4dbdfc28780b8f33189e70b9b7c32c384aa6b9f31232628,"{""d"":7,""p"":0.00011721022975334806,""r"":28}",
   3023872,       243,         0,    44.7,chromobius,eee084ee67f7244aad6f968a9d9cd1ca5c965523f4a7328894b967b71503a975,"{""d"":7,""p"":0.00013738237958832623,""r"":28}",
      3072,        46,         0,   0.302,chromobius,827c1dc1cdaaecad2ff4d9dca182a2fe70f1ff9a225c195a5684b036e7401f11,"{""d"":7,""p"":0.0009236708571873865,""r"":28}",
   2630656,       335,         0,    44.7,chromobius,1933d8422a70a28b200ba6e5df7de5ea2c9ef909684c1f6977ed6ce1abc42aba,"{""d"":7,""p"":0.00016102620275609394,""r"":28}",
      3072,        41,         0,   0.291,chromobius,827c1dc1cdaaecad2ff4d9dca182a2fe70f1ff9a225c195a5684b036e7401f11,"{""d"":7,""p"":0.0009236708571873865,""r"":28}",
      5120,        59,         0,   0.475,chromobius,827c1dc1cdaaecad2ff4d9dca182a2fe70f1ff9a225c195a5684b036e7401f11,"{""d"":7,""p"":0.0009236708571873865,""r"":28}",
   2108416,       386,         0,    44.8,chromobius,2ddc0a238ccb09e01767d647afd01fda8e756ad84c508d6ed237ad3699d839fe,"{""d"":7,""p"":0.00018873918221350977,""r"":28}",
      6144,        83,         0,   0.574,chromobius,827c1dc1cdaaecad2ff4d9dca182a2fe70f1ff9a225c195a5684b036e7401f11,"{""d"":7,""p"":0.0009236708571873865,""r"":28}",
   1923072,       527,         0,    44.8,chromobius,8dadec8cbbbc28b9077fd2a903a992498f2158ff1da85ae100c6889e6f21792f,"{""d"":7,""p"":0.000221221629107045,""r"":28}",
      9216,       126,         0,   0.876,chromobius,827c1dc1cdaaecad2ff4d9dca182a2fe70f1ff9a225c195a5684b036e7401f11,"{""d"":7,""p"":0.0009236708571873865,""r"":28}",
   1671168,       677,         0,    44.8,chromobius,7f8a8f49d3301290e6add74e85ef3d88c80ca9073277e3246a28c0f4fec5bdad,"{""d"":7,""p"":0.0002592943797404667,""r"":28}",
    169984,       931,         0,    11.7,chromobius,65f987e6f6b2a6a5310b54c3973ec922acc8e0294ab9b747c79cc69c14818ca5,"{""d"":7,""p"":0.0006723357536499335,""r"":28}",
     12288,       131,         0,    1.19,chromobius,827c1dc1cdaaecad2ff4d9dca182a2fe70f1ff9a225c195a5684b036e7401f11,"{""d"":7,""p"":0.0009236708571873865,""r"":28}",
   1500160,       935,         0,    44.9,chromobius,3e93f62477596db160865a1b70a069de0cd1f578a1eed759d41f9330576ed570,"{""d"":7,""p"":0.0003039195382313198,""r"":28}",
     16384,       220,         0,    1.57,chromobius,827c1dc1cdaaecad2ff4d9dca182a2fe70f1ff9a225c195a5684b036e7401f11,"{""d"":7,""p"":0.0009236708571873865,""r"":28}",
     23552,       323,         0,    2.26,chromobius,827c1dc1cdaaecad2ff4d9dca182a2fe70f1ff9a225c195a5684b036e7401f11,"{""d"":7,""p"":0.0009236708571873865,""r"":28}",
    108544,       905,         0,    8.42,chromobius,4dca83430ad2534dabc73c3328c01bdab2c06c2b9382d9a74a3b03e7a7a1cfd8,"{""d"":7,""p"":0.0007880462815669912,""r"":28}",
   1207296,      1085,         0,    44.9,chromobius,1f980882312f023b7a956afc8287a4a8be658d75962e9654d7b5d509ba68fd83,"{""d"":7,""p"":0.0003562247890262444,""r"":28}",
     31744,       425,         0,    3.10,chromobius,827c1dc1cdaaecad2ff4d9dca182a2fe70f1ff9a225c195a5684b036e7401f11,"{""d"":7,""p"":0.0009236708571873865,""r"":28}",
     44032,       620,         0,    4.29,chromobius,827c1dc1cdaaecad2ff4d9dca182a2fe70f1ff9a225c195a5684b036e7401f11,"{""d"":7,""p"":0.0009236708571873865,""r"":28}",
    245760,      1319,         0,    16.4,chromobius,65f987e6f6b2a6a5310b54c3973ec922acc8e0294ab9b747c79cc69c14818ca5,"{""d"":7,""p"":0.0006723357536499335,""r"":28}",
    153600,      1331,         0,    11.8,chromobius,4dca83430ad2534dabc73c3328c01bdab2c06c2b9382d9a74a3b03e7a7a1cfd8,"{""d"":7,""p"":0.0007880462815669912,""r"":28}",
     62464,       882,         0,    5.99,chromobius,827c1dc1cdaaecad2ff4d9dca182a2fe70f1ff9a225c195a5684b036e7401f11,"{""d"":7,""p"":0.0009236708571873865,""r"":28}",
     61440,       356,         0,    3.90,chromobius,65f987e6f6b2a6a5310b54c3973ec922acc8e0294ab9b747c79cc69c14818ca5,"{""d"":7,""p"":0.0006723357536499335,""r"":28}",
       273,         9,         0,   0.030,chromobius,f0cfe0c60da2a1443082ea834100eb6c396a30a0ab038bbbd0caee9b2941dbf8,"{""d"":7,""p"":0.001082636733874054,""r"":28}",
      1024,        26,         0,   0.110,chromobius,f0cfe0c60da2a1443082ea834100eb6c396a30a0ab038bbbd0caee9b2941dbf8,"{""d"":7,""p"":0.001082636733874054,""r"":28}",
      1024,        27,         0,   0.114,chromobius,f0cfe0c60da2a1443082ea834100eb6c396a30a0ab038bbbd0caee9b2941dbf8,"{""d"":7,""p"":0.001082636733874054,""r"":28}",
      1024,        24,         0,   0.107,chromobius,f0cfe0c60da2a1443082ea834100eb6c396a30a0ab038bbbd0caee9b2941dbf8,"{""d"":7,""p"":0.001082636733874054,""r"":28}",
      1024,        26,         0,   0.112,chromobius,f0cfe0c60da2a1443082ea834100eb6c396a30a0ab038bbbd0caee9b2941dbf8,"{""d"":7,""p"":0.001082636733874054,""r"":28}",
      1024,        25,         0,   0.102,chromobius,f0cfe0c60da2a1443082ea834100eb6c396a30a0ab038bbbd0caee9b2941dbf8,"{""d"":7,""p"":0.001082636733874054,""r"":28}",
      1024,        23,         0,   0.103,chromobius,f0cfe0c60da2a1443082ea834100eb6c396a30a0ab038bbbd0caee9b2941dbf8,"{""d"":7,""p"":0.001082636733874054,""r"":28}",
      1024,        21,         0,   0.107,chromobius,f0cfe0c60da2a1443082ea834100eb6c396a30a0ab038bbbd0caee9b2941dbf8,"{""d"":7,""p"":0.001082636733874054,""r"":28}",
     50176,       428,         0,    3.91,chromobius,4dca83430ad2534dabc73c3328c01bdab2c06c2b9382d9a74a3b03e7a7a1cfd8,"{""d"":7,""p"":0.0007880462815669912,""r"":28}",
      2048,        37,         0,   0.227,chromobius,f0cfe0c60da2a1443082ea834100eb6c396a30a0ab038bbbd0caee9b2941dbf8,"{""d"":7,""p"":0.001082636733874054,""r"":28}",
       273,        11,         0,   0.037,chromobius,8bc37e7fa58771f2592a486c55a6b32415ce09c185e6058e04f8b593b70cfa45,"{""d"":7,""p"":0.0012689610031679222,""r"":28}",
      2048,        44,         0,   0.215,chromobius,f0cfe0c60da2a1443082ea834100eb6c396a30a0ab038bbbd0caee9b2941dbf8,"{""d"":7,""p"":0.001082636733874054,""r"":28}",
      1024,        26,         0,   0.134,chromobius,8bc37e7fa58771f2592a486c55a6b32415ce09c185e6058e04f8b593b70cfa45,"{""d"":7,""p"":0.0012689610031679222,""r"":28}",
      1024,        37,         0,   0.130,chromobius,8bc37e7fa58771f2592a486c55a6b32415ce09c185e6058e04f8b593b70cfa45,"{""d"":7,""p"":0.0012689610031679222,""r"":28}",
      1024,        30,         0,   0.133,chromobius,8bc37e7fa58771f2592a486c55a6b32415ce09c185e6058e04f8b593b70cfa45,"{""d"":7,""p"":0.0012689610031679222,""r"":28}",
      3072,        49,         0,   0.329,chromobius,f0cfe0c60da2a1443082ea834100eb6c396a30a0ab038bbbd0caee9b2941dbf8,"{""d"":7,""p"":0.001082636733874054,""r"":28}",
      1024,        44,         0,   0.134,chromobius,8bc37e7fa58771f2592a486c55a6b32415ce09c185e6058e04f8b593b70cfa45,"{""d"":7,""p"":0.0012689610031679222,""r"":28}",
      1024,        32,         0,   0.136,chromobius,8bc37e7fa58771f2592a486c55a6b32415ce09c185e6058e04f8b593b70cfa45,"{""d"":7,""p"":0.0012689610031679222,""r"":28}",
      1024,        34,         0,   0.143,chromobius,8bc37e7fa58771f2592a486c55a6b32415ce09c185e6058e04f8b593b70cfa45,"{""d"":7,""p"":0.0012689610031679222,""r"":28}",
      4096,        90,         0,   0.450,chromobius,f0cfe0c60da2a1443082ea834100eb6c396a30a0ab038bbbd0caee9b2941dbf8,"{""d"":7,""p"":0.001082636733874054,""r"":28}",
      1024,        40,         0,   0.136,chromobius,8bc37e7fa58771f2592a486c55a6b32415ce09c185e6058e04f8b593b70cfa45,"{""d"":7,""p"":0.0012689610031679222,""r"":28}",
      2048,        81,         0,   0.275,chromobius,8bc37e7fa58771f2592a486c55a6b32415ce09c185e6058e04f8b593b70cfa45,"{""d"":7,""p"":0.0012689610031679222,""r"":28}",
      5120,       111,         0,   0.584,chromobius,f0cfe0c60da2a1443082ea834100eb6c396a30a0ab038bbbd0caee9b2941dbf8,"{""d"":7,""p"":0.001082636733874054,""r"":28}",
      2048,        67,         0,   0.276,chromobius,8bc37e7fa58771f2592a486c55a6b32415ce09c185e6058e04f8b593b70cfa45,"{""d"":7,""p"":0.0012689610031679222,""r"":28}",
      3072,       108,         0,   0.404,chromobius,8bc37e7fa58771f2592a486c55a6b32415ce09c185e6058e04f8b593b70cfa45,"{""d"":7,""p"":0.0012689610031679222,""r"":28}",
      3072,       108,         0,   0.408,chromobius,8bc37e7fa58771f2592a486c55a6b32415ce09c185e6058e04f8b593b70cfa45,"{""d"":7,""p"":0.0012689610031679222,""r"":28}",
      8192,       184,         0,   0.907,chromobius,f0cfe0c60da2a1443082ea834100eb6c396a30a0ab038bbbd0caee9b2941dbf8,"{""d"":7,""p"":0.001082636733874054,""r"":28}",
      5120,       167,         0,   0.681,chromobius,8bc37e7fa58771f2592a486c55a6b32415ce09c185e6058e04f8b593b70cfa45,"{""d"":7,""p"":0.0012689610031679222,""r"":28}",
     10240,       215,         0,    1.12,chromobius,f0cfe0c60da2a1443082ea834100eb6c396a30a0ab038bbbd0caee9b2941dbf8,"{""d"":7,""p"":0.001082636733874054,""r"":28}",
      6144,       204,         0,   0.811,chromobius,8bc37e7fa58771f2592a486c55a6b32415ce09c185e6058e04f8b593b70cfa45,"{""d"":7,""p"":0.0012689610031679222,""r"":28}",
      9216,       311,         0,    1.21,chromobius,8bc37e7fa58771f2592a486c55a6b32415ce09c185e6058e04f8b593b70cfa45,"{""d"":7,""p"":0.0012689610031679222,""r"":28}",
     14336,       328,         0,    1.57,chromobius,f0cfe0c60da2a1443082ea834100eb6c396a30a0ab038bbbd0caee9b2941dbf8,"{""d"":7,""p"":0.001082636733874054,""r"":28}",
     89088,      1190,         0,    8.43,chromobius,827c1dc1cdaaecad2ff4d9dca182a2fe70f1ff9a225c195a5684b036e7401f11,"{""d"":7,""p"":0.0009236708571873865,""r"":28}",
     12288,       420,         0,    1.66,chromobius,8bc37e7fa58771f2592a486c55a6b32415ce09c185e6058e04f8b593b70cfa45,"{""d"":7,""p"":0.0012689610031679222,""r"":28}",
     20480,       442,         0,    2.25,chromobius,f0cfe0c60da2a1443082ea834100eb6c396a30a0ab038bbbd0caee9b2941dbf8,"{""d"":7,""p"":0.001082636733874054,""r"":28}",
     16384,       583,         0,    2.18,chromobius,8bc37e7fa58771f2592a486c55a6b32415ce09c185e6058e04f8b593b70cfa45,"{""d"":7,""p"":0.0012689610031679222,""r"":28}",
     50176,       694,         0,    4.70,chromobius,827c1dc1cdaaecad2ff4d9dca182a2fe70f1ff9a225c195a5684b036e7401f11,"{""d"":7,""p"":0.0009236708571873865,""r"":28}",
       273,        13,         0,   0.047,chromobius,23e081172abb9d5c9cbcf91337180364eb253e2df7caf64219d43f095b240535,"{""d"":7,""p"":0.0014873521072935117,""r"":28}",
      1024,        69,         0,   0.157,chromobius,23e081172abb9d5c9cbcf91337180364eb253e2df7caf64219d43f095b240535,"{""d"":7,""p"":0.0014873521072935117,""r"":28}",
      1024,        42,         0,   0.165,chromobius,23e081172abb9d5c9cbcf91337180364eb253e2df7caf64219d43f095b240535,"{""d"":7,""p"":0.0014873521072935117,""r"":28}",
      1024,        64,         0,   0.176,chromobius,23e081172abb9d5c9cbcf91337180364eb253e2df7caf64219d43f095b240535,"{""d"":7,""p"":0.0014873521072935117,""r"":28}",
     28672,       614,         0,    3.11,chromobius,f0cfe0c60da2a1443082ea834100eb6c396a30a0ab038bbbd0caee9b2941dbf8,"{""d"":7,""p"":0.001082636733874054,""r"":28}",
      1024,        46,         0,   0.157,chromobius,23e081172abb9d5c9cbcf91337180364eb253e2df7caf64219d43f095b240535,"{""d"":7,""p"":0.0014873521072935117,""r"":28}",
      1024,        48,         0,   0.159,chromobius,23e081172abb9d5c9cbcf91337180364eb253e2df7caf64219d43f095b240535,"{""d"":7,""p"":0.0014873521072935117,""r"":28}",
      1024,        61,         0,   0.163,chromobius,23e081172abb9d5c9cbcf91337180364eb253e2df7caf64219d43f095b240535,"{""d"":7,""p"":0.0014873521072935117,""r"":28}",
      1024,        60,         0,   0.169,chromobius,23e081172abb9d5c9cbcf91337180364eb253e2df7caf64219d43f095b240535,"{""d"":7,""p"":0.0014873521072935117,""r"":28}",
      1024,        61,         0,   0.161,chromobius,23e081172abb9d5c9cbcf91337180364eb253e2df7caf64219d43f095b240535,"{""d"":7,""p"":0.0014873521072935117,""r"":28}",
      2048,       126,         0,   0.316,chromobius,23e081172abb9d5c9cbcf91337180364eb253e2df7caf64219d43f095b240535,"{""d"":7,""p"":0.0014873521072935117,""r"":28}",
      2048,       120,         0,   0.315,chromobius,23e081172abb9d5c9cbcf91337180364eb253e2df7caf64219d43f095b240535,"{""d"":7,""p"":0.0014873521072935117,""r"":28}",
     23552,       804,         0,    3.12,chromobius,8bc37e7fa58771f2592a486c55a6b32415ce09c185e6058e04f8b593b70cfa45,"{""d"":7,""p"":0.0012689610031679222,""r"":28}",
      3072,       153,         0,   0.452,chromobius,23e081172abb9d5c9cbcf91337180364eb253e2df7caf64219d43f095b240535,"{""d"":7,""p"":0.0014873521072935117,""r"":28}",
      4096,       220,         0,   0.624,chromobius,23e081172abb9d5c9cbcf91337180364eb253e2df7caf64219d43f095b240535,"{""d"":7,""p"":0.0014873521072935117,""r"":28}",
      5120,       258,         0,   0.820,chromobius,23e081172abb9d5c9cbcf91337180364eb253e2df7caf64219d43f095b240535,"{""d"":7,""p"":0.0014873521072935117,""r"":28}",
     39936,       840,         0,    4.29,chromobius,f0cfe0c60da2a1443082ea834100eb6c396a30a0ab038bbbd0caee9b2941dbf8,"{""d"":7,""p"":0.001082636733874054,""r"":28}",
      8192,       462,         0,    1.28,chromobius,23e081172abb9d5c9cbcf91337180364eb253e2df7caf64219d43f095b240535,"{""d"":7,""p"":0.0014873521072935117,""r"":28}",
     32768,      1064,         0,    4.31,chromobius,8bc37e7fa58771f2592a486c55a6b32415ce09c185e6058e04f8b593b70cfa45,"{""d"":7,""p"":0.0012689610031679222,""r"":28}",
     10240,       547,         0,    1.58,chromobius,23e081172abb9d5c9cbcf91337180364eb253e2df7caf64219d43f095b240535,"{""d"":7,""p"":0.0014873521072935117,""r"":28}",
     14336,       778,         0,    2.21,chromobius,23e081172abb9d5c9cbcf91337180364eb253e2df7caf64219d43f095b240535,"{""d"":7,""p"":0.0014873521072935117,""r"":28}",
     25600,       856,         0,    3.36,chromobius,8bc37e7fa58771f2592a486c55a6b32415ce09c185e6058e04f8b593b70cfa45,"{""d"":7,""p"":0.0012689610031679222,""r"":28}",
       273,        16,         0,   0.051,chromobius,f25b7c890eac40b16a631e3eefee1b6c23ab9d327c67633147288a353b34c6eb,"{""d"":7,""p"":0.0017433288221999873,""r"":28}",
      1024,       105,         0,   0.189,chromobius,f25b7c890eac40b16a631e3eefee1b6c23ab9d327c67633147288a353b34c6eb,"{""d"":7,""p"":0.0017433288221999873,""r"":28}",
      1024,        87,         0,   0.189,chromobius,f25b7c890eac40b16a631e3eefee1b6c23ab9d327c67633147288a353b34c6eb,"{""d"":7,""p"":0.0017433288221999873,""r"":28}",
      1024,        79,         0,   0.184,chromobius,f25b7c890eac40b16a631e3eefee1b6c23ab9d327c67633147288a353b34c6eb,"{""d"":7,""p"":0.0017433288221999873,""r"":28}",
      1024,        82,         0,   0.186,chromobius,f25b7c890eac40b16a631e3eefee1b6c23ab9d327c67633147288a353b34c6eb,"{""d"":7,""p"":0.0017433288221999873,""r"":28}",
      1024,        80,         0,   0.188,chromobius,f25b7c890eac40b16a631e3eefee1b6c23ab9d327c67633147288a353b34c6eb,"{""d"":7,""p"":0.0017433288221999873,""r"":28}",
     56320,      1195,         0,    6.04,chromobius,f0cfe0c60da2a1443082ea834100eb6c396a30a0ab038bbbd0caee9b2941dbf8,"{""d"":7,""p"":0.001082636733874054,""r"":28}",
      1024,        88,         0,   0.188,chromobius,f25b7c890eac40b16a631e3eefee1b6c23ab9d327c67633147288a353b34c6eb,"{""d"":7,""p"":0.0017433288221999873,""r"":28}",
      1024,        93,         0,   0.184,chromobius,f25b7c890eac40b16a631e3eefee1b6c23ab9d327c67633147288a353b34c6eb,"{""d"":7,""p"":0.0017433288221999873,""r"":28}",
      1024,        81,         0,   0.185,chromobius,f25b7c890eac40b16a631e3eefee1b6c23ab9d327c67633147288a353b34c6eb,"{""d"":7,""p"":0.0017433288221999873,""r"":28}",
      2048,       148,         0,   0.371,chromobius,f25b7c890eac40b16a631e3eefee1b6c23ab9d327c67633147288a353b34c6eb,"{""d"":7,""p"":0.0017433288221999873,""r"":28}",
     20480,      1102,         0,    3.09,chromobius,23e081172abb9d5c9cbcf91337180364eb253e2df7caf64219d43f095b240535,"{""d"":7,""p"":0.0014873521072935117,""r"":28}",
      2048,       169,         0,   0.365,chromobius,f25b7c890eac40b16a631e3eefee1b6c23ab9d327c67633147288a353b34c6eb,"{""d"":7,""p"":0.0017433288221999873,""r"":28}",
      3072,       255,         0,   0.553,chromobius,f25b7c890eac40b16a631e3eefee1b6c23ab9d327c67633147288a353b34c6eb,"{""d"":7,""p"":0.0017433288221999873,""r"":28}",
      4096,       322,         0,   0.735,chromobius,f25b7c890eac40b16a631e3eefee1b6c23ab9d327c67633147288a353b34c6eb,"{""d"":7,""p"":0.0017433288221999873,""r"":28}",
     14336,       772,         0,    2.13,chromobius,23e081172abb9d5c9cbcf91337180364eb253e2df7caf64219d43f095b240535,"{""d"":7,""p"":0.0014873521072935117,""r"":28}",
     32768,       685,         0,    3.39,chromobius,f0cfe0c60da2a1443082ea834100eb6c396a30a0ab038bbbd0caee9b2941dbf8,"{""d"":7,""p"":0.001082636733874054,""r"":28}",
       273,        35,         0,   0.060,chromobius,0649aeed1fec83937db9b1e0a8907cb09baccf56b9ba6beb169e87c5d3a4e738,"{""d"":7,""p"":0.0020433597178569417,""r"":28}",
      5120,       465,         0,   0.919,chromobius,f25b7c890eac40b16a631e3eefee1b6c23ab9d327c67633147288a353b34c6eb,"{""d"":7,""p"":0.0017433288221999873,""r"":28}",
       273,        47,         0,   0.073,chromobius,9fe55ed40408c236c3ed56d78c643c47838dfd7ae0645d84ef21429d2f214f97,"{""d"":7,""p"":0.002395026619987486,""r"":28}",
      1024,       133,         0,   0.231,chromobius,0649aeed1fec83937db9b1e0a8907cb09baccf56b9ba6beb169e87c5d3a4e738,"{""d"":7,""p"":0.0020433597178569417,""r"":28}",
      1024,       170,         0,   0.273,chromobius,9fe55ed40408c236c3ed56d78c643c47838dfd7ae0645d84ef21429d2f214f97,"{""d"":7,""p"":0.002395026619987486,""r"":28}",
      1024,       169,         0,   0.223,chromobius,0649aeed1fec83937db9b1e0a8907cb09baccf56b9ba6beb169e87c5d3a4e738,"{""d"":7,""p"":0.0020433597178569417,""r"":28}",
      1024,       195,         0,   0.266,chromobius,9fe55ed40408c236c3ed56d78c643c47838dfd7ae0645d84ef21429d2f214f97,"{""d"":7,""p"":0.002395026619987486,""r"":28}",
      1024,       133,         0,   0.224,chromobius,0649aeed1fec83937db9b1e0a8907cb09baccf56b9ba6beb169e87c5d3a4e738,"{""d"":7,""p"":0.0020433597178569417,""r"":28}",
      1024,       151,         0,   0.218,chromobius,0649aeed1fec83937db9b1e0a8907cb09baccf56b9ba6beb169e87c5d3a4e738,"{""d"":7,""p"":0.0020433597178569417,""r"":28}",
      1024,       188,         0,   0.267,chromobius,9fe55ed40408c236c3ed56d78c643c47838dfd7ae0645d84ef21429d2f214f97,"{""d"":7,""p"":0.002395026619987486,""r"":28}",
      1024,       131,         0,   0.213,chromobius,0649aeed1fec83937db9b1e0a8907cb09baccf56b9ba6beb169e87c5d3a4e738,"{""d"":7,""p"":0.0020433597178569417,""r"":28}",
      6144,       506,         0,    1.12,chromobius,f25b7c890eac40b16a631e3eefee1b6c23ab9d327c67633147288a353b34c6eb,"{""d"":7,""p"":0.0017433288221999873,""r"":28}",
      1024,       195,         0,   0.275,chromobius,9fe55ed40408c236c3ed56d78c643c47838dfd7ae0645d84ef21429d2f214f97,"{""d"":7,""p"":0.002395026619987486,""r"":28}",
      1024,       116,         0,   0.218,chromobius,0649aeed1fec83937db9b1e0a8907cb09baccf56b9ba6beb169e87c5d3a4e738,"{""d"":7,""p"":0.0020433597178569417,""r"":28}",
      1024,       192,         0,   0.290,chromobius,9fe55ed40408c236c3ed56d78c643c47838dfd7ae0645d84ef21429d2f214f97,"{""d"":7,""p"":0.002395026619987486,""r"":28}",
      1024,       130,         0,   0.254,chromobius,0649aeed1fec83937db9b1e0a8907cb09baccf56b9ba6beb169e87c5d3a4e738,"{""d"":7,""p"":0.0020433597178569417,""r"":28}",
      1024,       206,         0,   0.271,chromobius,9fe55ed40408c236c3ed56d78c643c47838dfd7ae0645d84ef21429d2f214f97,"{""d"":7,""p"":0.002395026619987486,""r"":28}",
      1024,       126,         0,   0.218,chromobius,0649aeed1fec83937db9b1e0a8907cb09baccf56b9ba6beb169e87c5d3a4e738,"{""d"":7,""p"":0.0020433597178569417,""r"":28}",
      1024,       122,         0,   0.222,chromobius,0649aeed1fec83937db9b1e0a8907cb09baccf56b9ba6beb169e87c5d3a4e738,"{""d"":7,""p"":0.0020433597178569417,""r"":28}",
      1024,       193,         0,   0.269,chromobius,9fe55ed40408c236c3ed56d78c643c47838dfd7ae0645d84ef21429d2f214f97,"{""d"":7,""p"":0.002395026619987486,""r"":28}",
      1024,       199,         0,   0.269,chromobius,9fe55ed40408c236c3ed56d78c643c47838dfd7ae0645d84ef21429d2f214f97,"{""d"":7,""p"":0.002395026619987486,""r"":28}",
      2048,       269,         0,   0.448,chromobius,0649aeed1fec83937db9b1e0a8907cb09baccf56b9ba6beb169e87c5d3a4e738,"{""d"":7,""p"":0.0020433597178569417,""r"":28}",
      1024,       181,         0,   0.268,chromobius,9fe55ed40408c236c3ed56d78c643c47838dfd7ae0645d84ef21429d2f214f97,"{""d"":7,""p"":0.002395026619987486,""r"":28}",
      9216,       783,         0,    1.67,chromobius,f25b7c890eac40b16a631e3eefee1b6c23ab9d327c67633147288a353b34c6eb,"{""d"":7,""p"":0.0017433288221999873,""r"":28}",
      2048,       255,         0,   0.440,chromobius,0649aeed1fec83937db9b1e0a8907cb09baccf56b9ba6beb169e87c5d3a4e738,"{""d"":7,""p"":0.0020433597178569417,""r"":28}",
      2048,       382,         0,   0.545,chromobius,9fe55ed40408c236c3ed56d78c643c47838dfd7ae0645d84ef21429d2f214f97,"{""d"":7,""p"":0.002395026619987486,""r"":28}",
      3072,       377,         0,   0.660,chromobius,0649aeed1fec83937db9b1e0a8907cb09baccf56b9ba6beb169e87c5d3a4e738,"{""d"":7,""p"":0.0020433597178569417,""r"":28}",
      2048,       391,         0,   0.537,chromobius,9fe55ed40408c236c3ed56d78c643c47838dfd7ae0645d84ef21429d2f214f97,"{""d"":7,""p"":0.002395026619987486,""r"":28}",
      3072,       585,         0,   0.810,chromobius,9fe55ed40408c236c3ed56d78c643c47838dfd7ae0645d84ef21429d2f214f97,"{""d"":7,""p"":0.002395026619987486,""r"":28}",
      4096,       541,         0,   0.889,chromobius,0649aeed1fec83937db9b1e0a8907cb09baccf56b9ba6beb169e87c5d3a4e738,"{""d"":7,""p"":0.0020433597178569417,""r"":28}",
     12288,      1089,         0,    2.23,chromobius,f25b7c890eac40b16a631e3eefee1b6c23ab9d327c67633147288a353b34c6eb,"{""d"":7,""p"":0.0017433288221999873,""r"":28}",
      3072,       556,         0,   0.816,chromobius,9fe55ed40408c236c3ed56d78c643c47838dfd7ae0645d84ef21429d2f214f97,"{""d"":7,""p"":0.002395026619987486,""r"":28}",
      5120,       662,         0,    1.11,chromobius,0649aeed1fec83937db9b1e0a8907cb09baccf56b9ba6beb169e87c5d3a4e738,"{""d"":7,""p"":0.0020433597178569417,""r"":28}",
      7168,       624,         0,    1.31,chromobius,f25b7c890eac40b16a631e3eefee1b6c23ab9d327c67633147288a353b34c6eb,"{""d"":7,""p"":0.0017433288221999873,""r"":28}",
       273,        79,         0,   0.089,chromobius,8a3cc80407e7ce0e06618d631c5755471c0873977525a867fb2fd9c8477e521b,"{""d"":7,""p"":0.0028072162039411755,""r"":28}",
      5120,       962,         0,    1.36,chromobius,9fe55ed40408c236c3ed56d78c643c47838dfd7ae0645d84ef21429d2f214f97,"{""d"":7,""p"":0.002395026619987486,""r"":28}",
      1024,       271,         0,   0.324,chromobius,8a3cc80407e7ce0e06618d631c5755471c0873977525a867fb2fd9c8477e521b,"{""d"":7,""p"":0.0028072162039411755,""r"":28}",
      7168,       931,         0,    1.57,chromobius,0649aeed1fec83937db9b1e0a8907cb09baccf56b9ba6beb169e87c5d3a4e738,"{""d"":7,""p"":0.0020433597178569417,""r"":28}",
      2048,       377,         0,   0.531,chromobius,9fe55ed40408c236c3ed56d78c643c47838dfd7ae0645d84ef21429d2f214f97,"{""d"":7,""p"":0.002395026619987486,""r"":28}",
      1024,       273,         0,   0.335,chromobius,8a3cc80407e7ce0e06618d631c5755471c0873977525a867fb2fd9c8477e521b,"{""d"":7,""p"":0.0028072162039411755,""r"":28}",
        17,         7,         0,   0.010,chromobius,682aa2a9bfe600865bdbf054a0e86d5dd0c32e36323f682c05055b5331308545,"{""d"":7,""p"":0.0032903445623126675,""r"":28}",
       256,        88,         0,   0.113,chromobius,682aa2a9bfe600865bdbf054a0e86d5dd0c32e36323f682c05055b5331308545,"{""d"":7,""p"":0.0032903445623126675,""r"":28}",
      1024,       265,         0,   0.329,chromobius,8a3cc80407e7ce0e06618d631c5755471c0873977525a867fb2fd9c8477e521b,"{""d"":7,""p"":0.0028072162039411755,""r"":28}",
      1024,       374,         0,   0.428,chromobius,682aa2a9bfe600865bdbf054a0e86d5dd0c32e36323f682c05055b5331308545,"{""d"":7,""p"":0.0032903445623126675,""r"":28}",
      1024,       272,         0,   0.339,chromobius,8a3cc80407e7ce0e06618d631c5755471c0873977525a867fb2fd9c8477e521b,"{""d"":7,""p"":0.0028072162039411755,""r"":28}",
      1024,       257,         0,   0.336,chromobius,8a3cc80407e7ce0e06618d631c5755471c0873977525a867fb2fd9c8477e521b,"{""d"":7,""p"":0.0028072162039411755,""r"":28}",
      1024,       377,         0,   0.419,chromobius,682aa2a9bfe600865bdbf054a0e86d5dd0c32e36323f682c05055b5331308545,"{""d"":7,""p"":0.0032903445623126675,""r"":28}",
      6144,       769,         0,    1.38,chromobius,0649aeed1fec83937db9b1e0a8907cb09baccf56b9ba6beb169e87c5d3a4e738,"{""d"":7,""p"":0.0020433597178569417,""r"":28}",
      1024,       290,         0,   0.336,chromobius,8a3cc80407e7ce0e06618d631c5755471c0873977525a867fb2fd9c8477e521b,"{""d"":7,""p"":0.0028072162039411755,""r"":28}",
        17,         7,         0,   0.012,chromobius,e30a4b194191fd3428d663ee1ce298b9411214146e281ed6b6c5a969beacd9f3,"{""d"":7,""p"":0.0038566204211634724,""r"":28}",
      1024,       362,         0,   0.426,chromobius,682aa2a9bfe600865bdbf054a0e86d5dd0c32e36323f682c05055b5331308545,"{""d"":7,""p"":0.0032903445623126675,""r"":28}",
       256,       109,         0,   0.133,chromobius,e30a4b194191fd3428d663ee1ce298b9411214146e281ed6b6c5a969beacd9f3,"{""d"":7,""p"":0.0038566204211634724,""r"":28}",
      1024,       269,         0,   0.330,chromobius,8a3cc80407e7ce0e06618d631c5755471c0873977525a867fb2fd9c8477e521b,"{""d"":7,""p"":0.0028072162039411755,""r"":28}",
      1024,       357,         0,   0.423,chromobius,682aa2a9bfe600865bdbf054a0e86d5dd0c32e36323f682c05055b5331308545,"{""d"":7,""p"":0.0032903445623126675,""r"":28}",
      1024,       269,         0,   0.332,chromobius,8a3cc80407e7ce0e06618d631c5755471c0873977525a867fb2fd9c8477e521b,"{""d"":7,""p"":0.0028072162039411755,""r"":28}",
      1024,       455,         0,   0.513,chromobius,e30a4b194191fd3428d663ee1ce298b9411214146e281ed6b6c5a969beacd9f3,"{""d"":7,""p"":0.0038566204211634724,""r"":28}",
      1024,       355,         0,   0.409,chromobius,682aa2a9bfe600865bdbf054a0e86d5dd0c32e36323f682c05055b5331308545,"{""d"":7,""p"":0.0032903445623126675,""r"":28}",
      1024,       268,         0,   0.339,chromobius,8a3cc80407e7ce0e06618d631c5755471c0873977525a867fb2fd9c8477e521b,"{""d"":7,""p"":0.0028072162039411755,""r"":28}",
      1024,       448,         0,   0.519,chromobius,e30a4b194191fd3428d663ee1ce298b9411214146e281ed6b6c5a969beacd9f3,"{""d"":7,""p"":0.0038566204211634724,""r"":28}",
      1024,       267,         0,   0.338,chromobius,8a3cc80407e7ce0e06618d631c5755471c0873977525a867fb2fd9c8477e521b,"{""d"":7,""p"":0.0028072162039411755,""r"":28}",
      1024,       371,         0,   0.421,chromobius,682aa2a9bfe600865bdbf054a0e86d5dd0c32e36323f682c05055b5331308545,"{""d"":7,""p"":0.0032903445623126675,""r"":28}",
   1349632,      1206,         0,    49.0,chromobius,1f980882312f023b7a956afc8287a4a8be658d75962e9654d7b5d509ba68fd83,"{""d"":7,""p"":0.0003562247890262444,""r"":28}",
        17,         5,         0,   0.013,chromobius,7e0550b9c354d509c6f03f5747ef5fe6caf4cce3170e6a011027b9eddf6a89b3,"{""d"":7,""p"":0.004520353656360241,""r"":28}",
      1024,       432,         0,   0.523,chromobius,e30a4b194191fd3428d663ee1ce298b9411214146e281ed6b6c5a969beacd9f3,"{""d"":7,""p"":0.0038566204211634724,""r"":28}",
      1024,       362,         0,   0.424,chromobius,682aa2a9bfe600865bdbf054a0e86d5dd0c32e36323f682c05055b5331308545,"{""d"":7,""p"":0.0032903445623126675,""r"":28}",
       256,       108,         0,   0.173,chromobius,7e0550b9c354d509c6f03f5747ef5fe6caf4cce3170e6a011027b9eddf6a89b3,"{""d"":7,""p"":0.004520353656360241,""r"":28}",
      2048,       552,         0,   0.672,chromobius,8a3cc80407e7ce0e06618d631c5755471c0873977525a867fb2fd9c8477e521b,"{""d"":7,""p"":0.0028072162039411755,""r"":28}",
       512,       220,         0,   0.329,chromobius,7e0550b9c354d509c6f03f5747ef5fe6caf4cce3170e6a011027b9eddf6a89b3,"{""d"":7,""p"":0.004520353656360241,""r"":28}",
      1024,       346,         0,   0.420,chromobius,682aa2a9bfe600865bdbf054a0e86d5dd0c32e36323f682c05055b5331308545,"{""d"":7,""p"":0.0032903445623126675,""r"":28}",
      1024,       444,         0,   0.524,chromobius,e30a4b194191fd3428d663ee1ce298b9411214146e281ed6b6c5a969beacd9f3,"{""d"":7,""p"":0.0038566204211634724,""r"":28}",
       512,       240,         0,   0.327,chromobius,7e0550b9c354d509c6f03f5747ef5fe6caf4cce3170e6a011027b9eddf6a89b3,"{""d"":7,""p"":0.004520353656360241,""r"":28}",
      1024,       329,         0,   0.429,chromobius,682aa2a9bfe600865bdbf054a0e86d5dd0c32e36323f682c05055b5331308545,"{""d"":7,""p"":0.0032903445623126675,""r"":28}",
      2048,       539,         0,   0.680,chromobius,8a3cc80407e7ce0e06618d631c5755471c0873977525a867fb2fd9c8477e521b,"{""d"":7,""p"":0.0028072162039411755,""r"":28}",
       512,       239,         0,   0.328,chromobius,7e0550b9c354d509c6f03f5747ef5fe6caf4cce3170e6a011027b9eddf6a89b3,"{""d"":7,""p"":0.004520353656360241,""r"":28}",
      1024,       414,         0,   0.535,chromobius,e30a4b194191fd3428d663ee1ce298b9411214146e281ed6b6c5a969beacd9f3,"{""d"":7,""p"":0.0038566204211634724,""r"":28}",
      1024,       348,         0,   0.431,chromobius,682aa2a9bfe600865bdbf054a0e86d5dd0c32e36323f682c05055b5331308545,"{""d"":7,""p"":0.0032903445623126675,""r"":28}",
       512,       261,         0,   0.328,chromobius,7e0550b9c354d509c6f03f5747ef5fe6caf4cce3170e6a011027b9eddf6a89b3,"{""d"":7,""p"":0.004520353656360241,""r"":28}",
      1024,       422,         0,   0.526,chromobius,e30a4b194191fd3428d663ee1ce298b9411214146e281ed6b6c5a969beacd9f3,"{""d"":7,""p"":0.0038566204211634724,""r"":28}",
       512,       238,         0,   0.328,chromobius,7e0550b9c354d509c6f03f5747ef5fe6caf4cce3170e6a011027b9eddf6a89b3,"{""d"":7,""p"":0.004520353656360241,""r"":28}",
      3072,       810,         0,    1.05,chromobius,8a3cc80407e7ce0e06618d631c5755471c0873977525a867fb2fd9c8477e521b,"{""d"":7,""p"":0.0028072162039411755,""r"":28}",
       512,       221,         0,   0.383,chromobius,7e0550b9c354d509c6f03f5747ef5fe6caf4cce3170e6a011027b9eddf6a89b3,"{""d"":7,""p"":0.004520353656360241,""r"":28}",
      1024,       419,         0,   0.558,chromobius,e30a4b194191fd3428d663ee1ce298b9411214146e281ed6b6c5a969beacd9f3,"{""d"":7,""p"":0.0038566204211634724,""r"":28}",
      2048,       716,         0,   0.909,chromobius,682aa2a9bfe600865bdbf054a0e86d5dd0c32e36323f682c05055b5331308545,"{""d"":7,""p"":0.0032903445623126675,""r"":28}",
       512,       224,         0,   0.371,chromobius,7e0550b9c354d509c6f03f5747ef5fe6caf4cce3170e6a011027b9eddf6a89b3,"{""d"":7,""p"":0.004520353656360241,""r"":28}",
      1024,       422,         0,   0.564,chromobius,e30a4b194191fd3428d663ee1ce298b9411214146e281ed6b6c5a969beacd9f3,"{""d"":7,""p"":0.0038566204211634724,""r"":28}",
      2048,       549,         0,   0.756,chromobius,8a3cc80407e7ce0e06618d631c5755471c0873977525a867fb2fd9c8477e521b,"{""d"":7,""p"":0.0028072162039411755,""r"":28}",
       512,       226,         0,   0.341,chromobius,7e0550b9c354d509c6f03f5747ef5fe6caf4cce3170e6a011027b9eddf6a89b3,"{""d"":7,""p"":0.004520353656360241,""r"":28}",
        17,        10,         0,   0.015,chromobius,48406199b4a4e9097fa4cc65d5f18e79bcab2fca84928b1510ead03fed3efaa0,"{""d"":7,""p"":0.005298316906283708,""r"":28}",
       256,       119,         0,   0.235,chromobius,48406199b4a4e9097fa4cc65d5f18e79bcab2fca84928b1510ead03fed3efaa0,"{""d"":7,""p"":0.005298316906283708,""r"":28}",
      2048,       673,         0,   0.924,chromobius,682aa2a9bfe600865bdbf054a0e86d5dd0c32e36323f682c05055b5331308545,"{""d"":7,""p"":0.0032903445623126675,""r"":28}",
       512,       252,         0,   0.374,chromobius,7e0550b9c354d509c6f03f5747ef5fe6caf4cce3170e6a011027b9eddf6a89b3,"{""d"":7,""p"":0.004520353656360241,""r"":28}",
        17,        11,         0,   0.019,chromobius,3b25b36322a8347fc4ea5dc68e4554928bde54e73fad929d0d169f2509fe609a,"{""d"":7,""p"":0.006210169418915616,""r"":28}",
      1024,       428,         0,   0.575,chromobius,e30a4b194191fd3428d663ee1ce298b9411214146e281ed6b6c5a969beacd9f3,"{""d"":7,""p"":0.0038566204211634724,""r"":28}",
       512,       251,         0,   0.391,chromobius,48406199b4a4e9097fa4cc65d5f18e79bcab2fca84928b1510ead03fed3efaa0,"{""d"":7,""p"":0.005298316906283708,""r"":28}",
       256,       122,         0,   0.240,chromobius,3b25b36322a8347fc4ea5dc68e4554928bde54e73fad929d0d169f2509fe609a,"{""d"":7,""p"":0.006210169418915616,""r"":28}",
   5475328,       227,         0,    62.5,chromobius,e02b5096dca48cc4a5ffcdf8cee6c1ee2eb16dc80964c2f02e3f3d8384a6ed27,"{""d"":7,""p"":0.0001,""r"":28}",
      1024,       430,         0,   0.533,chromobius,e30a4b194191fd3428d663ee1ce298b9411214146e281ed6b6c5a969beacd9f3,"{""d"":7,""p"":0.0038566204211634724,""r"":28}",
      1024,       500,         0,   0.659,chromobius,7e0550b9c354d509c6f03f5747ef5fe6caf4cce3170e6a011027b9eddf6a89b3,"{""d"":7,""p"":0.004520353656360241,""r"":28}",
       512,       255,         0,   0.389,chromobius,48406199b4a4e9097fa4cc65d5f18e79bcab2fca84928b1510ead03fed3efaa0,"{""d"":7,""p"":0.005298316906283708,""r"":28}",
       512,       258,         0,   0.472,chromobius,3b25b36322a8347fc4ea5dc68e4554928bde54e73fad929d0d169f2509fe609a,"{""d"":7,""p"":0.006210169418915616,""r"":28}",
   4604928,       250,         0,    62.6,chromobius,d89637c9180c53cca4dbdfc28780b8f33189e70b9b7c32c384aa6b9f31232628,"{""d"":7,""p"":0.00011721022975334806,""r"":28}",
       512,       248,         0,   0.402,chromobius,48406199b4a4e9097fa4cc65d5f18e79bcab2fca84928b1510ead03fed3efaa0,"{""d"":7,""p"":0.005298316906283708,""r"":28}",
   4101120,       358,         0,    62.6,chromobius,eee084ee67f7244aad6f968a9d9cd1ca5c965523f4a7328894b967b71503a975,"{""d"":7,""p"":0.00013738237958832623,""r"":28}",
       512,       239,         0,   0.508,chromobius,3b25b36322a8347fc4ea5dc68e4554928bde54e73fad929d0d169f2509fe609a,"{""d"":7,""p"":0.006210169418915616,""r"":28}",
      1024,       489,         0,   0.689,chromobius,7e0550b9c354d509c6f03f5747ef5fe6caf4cce3170e6a011027b9eddf6a89b3,"{""d"":7,""p"":0.004520353656360241,""r"":28}",
       512,       255,         0,   0.410,chromobius,48406199b4a4e9097fa4cc65d5f18e79bcab2fca84928b1510ead03fed3efaa0,"{""d"":7,""p"":0.005298316906283708,""r"":28}",
   3696640,       422,         0,    62.6,chromobius,1933d8422a70a28b200ba6e5df7de5ea2c9ef909684c1f6977ed6ce1abc42aba,"{""d"":7,""p"":0.00016102620275609394,""r"":28}",
      2048,       845,         0,    1.08,chromobius,e30a4b194191fd3428d663ee1ce298b9411214146e281ed6b6c5a969beacd9f3,"{""d"":7,""p"":0.0038566204211634724,""r"":28}",
       512,       252,         0,   0.483,chromobius,3b25b36322a8347fc4ea5dc68e4554928bde54e73fad929d0d169f2509fe609a,"{""d"":7,""p"":0.006210169418915616,""r"":28}",
        17,        11,         0,   0.020,chromobius,c2e1f3727e5709e94598db8d7d0d540e2532da36ad47d0a3b97cb490f51da3f5,"{""d"":7,""p"":0.007278953843983146,""r"":28}",
       512,       255,         0,   0.409,chromobius,48406199b4a4e9097fa4cc65d5f18e79bcab2fca84928b1510ead03fed3efaa0,"{""d"":7,""p"":0.005298316906283708,""r"":28}",
       256,       122,         0,   0.284,chromobius,c2e1f3727e5709e94598db8d7d0d540e2532da36ad47d0a3b97cb490f51da3f5,"{""d"":7,""p"":0.007278953843983146,""r"":28}",
       512,       244,         0,   0.457,chromobius,3b25b36322a8347fc4ea5dc68e4554928bde54e73fad929d0d169f2509fe609a,"{""d"":7,""p"":0.006210169418915616,""r"":28}",
       512,       255,         0,   0.382,chromobius,48406199b4a4e9097fa4cc65d5f18e79bcab2fca84928b1510ead03fed3efaa0,"{""d"":7,""p"":0.005298316906283708,""r"":28}",
      1536,       713,         0,   0.982,chromobius,7e0550b9c354d509c6f03f5747ef5fe6caf4cce3170e6a011027b9eddf6a89b3,"{""d"":7,""p"":0.004520353656360241,""r"":28}",
   3012608,       555,         0,    62.7,chromobius,2ddc0a238ccb09e01767d647afd01fda8e756ad84c508d6ed237ad3699d839fe,"{""d"":7,""p"":0.00018873918221350977,""r"":28}",
       512,       272,         0,   0.421,chromobius,48406199b4a4e9097fa4cc65d5f18e79bcab2fca84928b1510ead03fed3efaa0,"{""d"":7,""p"":0.005298316906283708,""r"":28}",
       512,       263,         0,   0.500,chromobius,3b25b36322a8347fc4ea5dc68e4554928bde54e73fad929d0d169f2509fe609a,"{""d"":7,""p"":0.006210169418915616,""r"":28}",
       512,       256,         0,   0.595,chromobius,c2e1f3727e5709e94598db8d7d0d540e2532da36ad47d0a3b97cb490f51da3f5,"{""d"":7,""p"":0.007278953843983146,""r"":28}",
       512,       240,         0,   0.398,chromobius,48406199b4a4e9097fa4cc65d5f18e79bcab2fca84928b1510ead03fed3efaa0,"{""d"":7,""p"":0.005298316906283708,""r"":28}",
   2657280,       751,         0,    62.8,chromobius,8dadec8cbbbc28b9077fd2a903a992498f2158ff1da85ae100c6889e6f21792f,"{""d"":7,""p"":0.000221221629107045,""r"":28}",
       512,       266,         0,   0.473,chromobius,3b25b36322a8347fc4ea5dc68e4554928bde54e73fad929d0d169f2509fe609a,"{""d"":7,""p"":0.006210169418915616,""r"":28}",
       512,       271,         0,   0.586,chromobius,c2e1f3727e5709e94598db8d7d0d540e2532da36ad47d0a3b97cb490f51da3f5,"{""d"":7,""p"":0.007278953843983146,""r"":28}",
       512,       266,         0,   0.384,chromobius,48406199b4a4e9097fa4cc65d5f18e79bcab2fca84928b1510ead03fed3efaa0,"{""d"":7,""p"":0.005298316906283708,""r"":28}",
      2048,       934,         0,    1.32,chromobius,7e0550b9c354d509c6f03f5747ef5fe6caf4cce3170e6a011027b9eddf6a89b3,"{""d"":7,""p"":0.004520353656360241,""r"":28}",
       512,       267,         0,   0.468,chromobius,3b25b36322a8347fc4ea5dc68e4554928bde54e73fad929d0d169f2509fe609a,"{""d"":7,""p"":0.006210169418915616,""r"":28}",
   2284544,       923,         0,    62.8,chromobius,7f8a8f49d3301290e6add74e85ef3d88c80ca9073277e3246a28c0f4fec5bdad,"{""d"":7,""p"":0.0002592943797404667,""r"":28}",
       512,       265,         0,   0.565,chromobius,c2e1f3727e5709e94598db8d7d0d540e2532da36ad47d0a3b97cb490f51da3f5,"{""d"":7,""p"":0.007278953843983146,""r"":28}",
       512,       240,         0,   0.314,chromobius,7e0550b9c354d509c6f03f5747ef5fe6caf4cce3170e6a011027b9eddf6a89b3,"{""d"":7,""p"":0.004520353656360241,""r"":28}",
        17,         9,         0,   0.023,chromobius,4c554d08061e980ead46053b16eb6ef415c556c1b6e7f9b025a6312e5e175f08,"{""d"":7,""p"":0.008531678524172805,""r"":28}",
       512,       246,         0,   0.465,chromobius,3b25b36322a8347fc4ea5dc68e4554928bde54e73fad929d0d169f2509fe609a,"{""d"":7,""p"":0.006210169418915616,""r"":28}",
      1024,       536,         0,   0.781,chromobius,48406199b4a4e9097fa4cc65d5f18e79bcab2fca84928b1510ead03fed3efaa0,"{""d"":7,""p"":0.005298316906283708,""r"":28}",
       256,       126,         0,   0.334,chromobius,4c554d08061e980ead46053b16eb6ef415c556c1b6e7f9b025a6312e5e175f08,"{""d"":7,""p"":0.008531678524172805,""r"":28}",
       512,       249,         0,   0.571,chromobius,c2e1f3727e5709e94598db8d7d0d540e2532da36ad47d0a3b97cb490f51da3f5,"{""d"":7,""p"":0.007278953843983146,""r"":28}",
       512,       251,         0,   0.468,chromobius,3b25b36322a8347fc4ea5dc68e4554928bde54e73fad929d0d169f2509fe609a,"{""d"":7,""p"":0.006210169418915616,""r"":28}",
       256,       126,         0,   0.380,chromobius,4c554d08061e980ead46053b16eb6ef415c556c1b6e7f9b025a6312e5e175f08,"{""d"":7,""p"":0.008531678524172805,""r"":28}",
       512,       260,         0,   0.597,chromobius,c2e1f3727e5709e94598db8d7d0d540e2532da36ad47d0a3b97cb490f51da3f5,"{""d"":7,""p"":0.007278953843983146,""r"":28}",
      1024,       516,         0,   0.791,chromobius,48406199b4a4e9097fa4cc65d5f18e79bcab2fca84928b1510ead03fed3efaa0,"{""d"":7,""p"":0.005298316906283708,""r"":28}",
       512,       251,         0,   0.501,chromobius,3b25b36322a8347fc4ea5dc68e4554928bde54e73fad929d0d169f2509fe609a,"{""d"":7,""p"":0.006210169418915616,""r"":28}",
       256,       127,         0,   0.333,chromobius,4c554d08061e980ead46053b16eb6ef415c556c1b6e7f9b025a6312e5e175f08,"{""d"":7,""p"":0.008531678524172805,""r"":28}",
       256,       125,         0,   0.322,chromobius,4c554d08061e980ead46053b16eb6ef415c556c1b6e7f9b025a6312e5e175f08,"{""d"":7,""p"":0.008531678524172805,""r"":28}",
       512,       243,         0,   0.550,chromobius,c2e1f3727e5709e94598db8d7d0d540e2532da36ad47d0a3b97cb490f51da3f5,"{""d"":7,""p"":0.007278953843983146,""r"":28}",
       256,       127,         0,   0.330,chromobius,4c554d08061e980ead46053b16eb6ef415c556c1b6e7f9b025a6312e5e175f08,"{""d"":7,""p"":0.008531678524172805,""r"":28}",
   2039808,      1298,         0,    62.8,chromobius,3e93f62477596db160865a1b70a069de0cd1f578a1eed759d41f9330576ed570,"{""d"":7,""p"":0.0003039195382313198,""r"":28}",
      1024,       536,         0,   0.905,chromobius,3b25b36322a8347fc4ea5dc68e4554928bde54e73fad929d0d169f2509fe609a,"{""d"":7,""p"":0.006210169418915616,""r"":28}",
       256,       118,         0,   0.344,chromobius,4c554d08061e980ead46053b16eb6ef415c556c1b6e7f9b025a6312e5e175f08,"{""d"":7,""p"":0.008531678524172805,""r"":28}",
       512,       255,         0,   0.546,chromobius,c2e1f3727e5709e94598db8d7d0d540e2532da36ad47d0a3b97cb490f51da3f5,"{""d"":7,""p"":0.007278953843983146,""r"":28}",
      1536,       802,         0,    1.13,chromobius,48406199b4a4e9097fa4cc65d5f18e79bcab2fca84928b1510ead03fed3efaa0,"{""d"":7,""p"":0.005298316906283708,""r"":28}",
       256,       129,         0,   0.333,chromobius,4c554d08061e980ead46053b16eb6ef415c556c1b6e7f9b025a6312e5e175f08,"{""d"":7,""p"":0.008531678524172805,""r"":28}",
       512,       268,         0,   0.590,chromobius,c2e1f3727e5709e94598db8d7d0d540e2532da36ad47d0a3b97cb490f51da3f5,"{""d"":7,""p"":0.007278953843983146,""r"":28}",
       256,       122,         0,   0.327,chromobius,4c554d08061e980ead46053b16eb6ef415c556c1b6e7f9b025a6312e5e175f08,"{""d"":7,""p"":0.008531678524172805,""r"":28}",
      1024,       513,         0,   0.928,chromobius,3b25b36322a8347fc4ea5dc68e4554928bde54e73fad929d0d169f2509fe609a,"{""d"":7,""p"":0.006210169418915616,""r"":28}",
       256,       120,         0,   0.332,chromobius,4c554d08061e980ead46053b16eb6ef415c556c1b6e7f9b025a6312e5e175f08,"{""d"":7,""p"":0.008531678524172805,""r"":28}",
       512,       236,         0,   0.551,chromobius,c2e1f3727e5709e94598db8d7d0d540e2532da36ad47d0a3b97cb490f51da3f5,"{""d"":7,""p"":0.007278953843983146,""r"":28}",
      1536,       741,         0,    1.13,chromobius,48406199b4a4e9097fa4cc65d5f18e79bcab2fca84928b1510ead03fed3efaa0,"{""d"":7,""p"":0.005298316906283708,""r"":28}",
       256,       139,         0,   0.330,chromobius,4c554d08061e980ead46053b16eb6ef415c556c1b6e7f9b025a6312e5e175f08,"{""d"":7,""p"":0.008531678524172805,""r"":28}",
        17,         5,         0,   0.027,chromobius,735645a1ddf455ed72cec8d6dc560e472e796efaa9a545cff5efa151d0d57fb7,"{""d"":7,""p"":0.01,""r"":28}",
       512,       274,         0,   0.561,chromobius,c2e1f3727e5709e94598db8d7d0d540e2532da36ad47d0a3b97cb490f51da3f5,"{""d"":7,""p"":0.007278953843983146,""r"":28}",
       256,       137,         0,   0.401,chromobius,735645a1ddf455ed72cec8d6dc560e472e796efaa9a545cff5efa151d0d57fb7,"{""d"":7,""p"":0.01,""r"":28}",
       512,       259,         0,   0.655,chromobius,4c554d08061e980ead46053b16eb6ef415c556c1b6e7f9b025a6312e5e175f08,"{""d"":7,""p"":0.008531678524172805,""r"":28}",
       256,       126,         0,   0.403,chromobius,735645a1ddf455ed72cec8d6dc560e472e796efaa9a545cff5efa151d0d57fb7,"{""d"":7,""p"":0.01,""r"":28}",
      1536,       760,         0,    1.38,chromobius,3b25b36322a8347fc4ea5dc68e4554928bde54e73fad929d0d169f2509fe609a,"{""d"":7,""p"":0.006210169418915616,""r"":28}",
       512,       237,         0,   0.575,chromobius,c2e1f3727e5709e94598db8d7d0d540e2532da36ad47d0a3b97cb490f51da3f5,"{""d"":7,""p"":0.007278953843983146,""r"":28}",
       256,       123,         0,   0.409,chromobius,735645a1ddf455ed72cec8d6dc560e472e796efaa9a545cff5efa151d0d57fb7,"{""d"":7,""p"":0.01,""r"":28}",
       512,       234,         0,   0.675,chromobius,4c554d08061e980ead46053b16eb6ef415c556c1b6e7f9b025a6312e5e175f08,"{""d"":7,""p"":0.008531678524172805,""r"":28}",
       256,       137,         0,   0.418,chromobius,735645a1ddf455ed72cec8d6dc560e472e796efaa9a545cff5efa151d0d57fb7,"{""d"":7,""p"":0.01,""r"":28}",
      1024,       575,         0,   0.949,chromobius,3b25b36322a8347fc4ea5dc68e4554928bde54e73fad929d0d169f2509fe609a,"{""d"":7,""p"":0.006210169418915616,""r"":28}",
       273,         0,         0,   0.012,chromobius,d435b0738dddff8c9c97098fbc8c7601cea70b25c1fde457f60a1d44276b0181,"{""d"":9,""p"":0.0001,""r"":36}",
      1024,         0,         0,   0.032,chromobius,d435b0738dddff8c9c97098fbc8c7601cea70b25c1fde457f60a1d44276b0181,"{""d"":9,""p"":0.0001,""r"":36}",
       256,       125,         0,   0.426,chromobius,735645a1ddf455ed72cec8d6dc560e472e796efaa9a545cff5efa151d0d57fb7,"{""d"":7,""p"":0.01,""r"":28}",
      1024,         0,         0,   0.030,chromobius,d435b0738dddff8c9c97098fbc8c7601cea70b25c1fde457f60a1d44276b0181,"{""d"":9,""p"":0.0001,""r"":36}",
      1024,       536,         0,    1.15,chromobius,c2e1f3727e5709e94598db8d7d0d540e2532da36ad47d0a3b97cb490f51da3f5,"{""d"":7,""p"":0.007278953843983146,""r"":28}",
      1024,         0,         0,   0.031,chromobius,d435b0738dddff8c9c97098fbc8c7601cea70b25c1fde457f60a1d44276b0181,"{""d"":9,""p"":0.0001,""r"":36}",
      2048,         0,         0,   0.079,chromobius,d435b0738dddff8c9c97098fbc8c7601cea70b25c1fde457f60a1d44276b0181,"{""d"":9,""p"":0.0001,""r"":36}",
      2048,         0,         0,   0.069,chromobius,d435b0738dddff8c9c97098fbc8c7601cea70b25c1fde457f60a1d44276b0181,"{""d"":9,""p"":0.0001,""r"":36}",
      2048,         0,         0,   0.076,chromobius,d435b0738dddff8c9c97098fbc8c7601cea70b25c1fde457f60a1d44276b0181,"{""d"":9,""p"":0.0001,""r"":36}",
       768,       383,         0,    1.02,chromobius,4c554d08061e980ead46053b16eb6ef415c556c1b6e7f9b025a6312e5e175f08,"{""d"":7,""p"":0.008531678524172805,""r"":28}",
      3072,         0,         0,   0.107,chromobius,d435b0738dddff8c9c97098fbc8c7601cea70b25c1fde457f60a1d44276b0181,"{""d"":9,""p"":0.0001,""r"":36}",
       256,       131,         0,   0.450,chromobius,735645a1ddf455ed72cec8d6dc560e472e796efaa9a545cff5efa151d0d57fb7,"{""d"":7,""p"":0.01,""r"":28}",
      5120,         0,         0,   0.174,chromobius,d435b0738dddff8c9c97098fbc8c7601cea70b25c1fde457f60a1d44276b0181,"{""d"":9,""p"":0.0001,""r"":36}",
      7168,         0,         0,   0.227,chromobius,d435b0738dddff8c9c97098fbc8c7601cea70b25c1fde457f60a1d44276b0181,"{""d"":9,""p"":0.0001,""r"":36}",
       256,       128,         0,   0.407,chromobius,735645a1ddf455ed72cec8d6dc560e472e796efaa9a545cff5efa151d0d57fb7,"{""d"":7,""p"":0.01,""r"":28}",
      9216,         0,         0,   0.287,chromobius,d435b0738dddff8c9c97098fbc8c7601cea70b25c1fde457f60a1d44276b0181,"{""d"":9,""p"":0.0001,""r"":36}",
      1024,       495,         0,    1.19,chromobius,c2e1f3727e5709e94598db8d7d0d540e2532da36ad47d0a3b97cb490f51da3f5,"{""d"":7,""p"":0.007278953843983146,""r"":28}",
       256,       134,         0,   0.407,chromobius,735645a1ddf455ed72cec8d6dc560e472e796efaa9a545cff5efa151d0d57fb7,"{""d"":7,""p"":0.01,""r"":28}",
     13312,         0,         0,   0.419,chromobius,d435b0738dddff8c9c97098fbc8c7601cea70b25c1fde457f60a1d44276b0181,"{""d"":9,""p"":0.0001,""r"":36}",
      1024,       527,         0,    1.35,chromobius,4c554d08061e980ead46053b16eb6ef415c556c1b6e7f9b025a6312e5e175f08,"{""d"":7,""p"":0.008531678524172805,""r"":28}",
       256,       120,         0,   0.407,chromobius,735645a1ddf455ed72cec8d6dc560e472e796efaa9a545cff5efa151d0d57fb7,"{""d"":7,""p"":0.01,""r"":28}",
     18432,         0,         0,   0.571,chromobius,d435b0738dddff8c9c97098fbc8c7601cea70b25c1fde457f60a1d44276b0181,"{""d"":9,""p"":0.0001,""r"":36}",
       256,       125,         0,   0.410,chromobius,735645a1ddf455ed72cec8d6dc560e472e796efaa9a545cff5efa151d0d57fb7,"{""d"":7,""p"":0.01,""r"":28}",
       256,       122,         0,   0.415,chromobius,735645a1ddf455ed72cec8d6dc560e472e796efaa9a545cff5efa151d0d57fb7,"{""d"":7,""p"":0.01,""r"":28}",
     26624,         0,         0,   0.815,chromobius,d435b0738dddff8c9c97098fbc8c7601cea70b25c1fde457f60a1d44276b0181,"{""d"":9,""p"":0.0001,""r"":36}",
      1536,       747,         0,    1.67,chromobius,c2e1f3727e5709e94598db8d7d0d540e2532da36ad47d0a3b97cb490f51da3f5,"{""d"":7,""p"":0.007278953843983146,""r"":28}",
      1280,       623,         0,    1.66,chromobius,4c554d08061e980ead46053b16eb6ef415c556c1b6e7f9b025a6312e5e175f08,"{""d"":7,""p"":0.008531678524172805,""r"":28}",
       512,       259,         0,   0.820,chromobius,735645a1ddf455ed72cec8d6dc560e472e796efaa9a545cff5efa151d0d57fb7,"{""d"":7,""p"":0.01,""r"":28}",
     36864,         0,         0,    1.13,chromobius,d435b0738dddff8c9c97098fbc8c7601cea70b25c1fde457f60a1d44276b0181,"{""d"":9,""p"":0.0001,""r"":36}",
      1024,       505,         0,    1.12,chromobius,c2e1f3727e5709e94598db8d7d0d540e2532da36ad47d0a3b97cb490f51da3f5,"{""d"":7,""p"":0.007278953843983146,""r"":28}",
       512,       244,         0,   0.805,chromobius,735645a1ddf455ed72cec8d6dc560e472e796efaa9a545cff5efa151d0d57fb7,"{""d"":7,""p"":0.01,""r"":28}",
       273,         0,         0,   0.013,chromobius,bb28022bf77a548706203d2a8e339b5057b78055ca6aad7d1ae7a7ea4ee6aa4b,"{""d"":9,""p"":0.00011721022975334806,""r"":36}",
      1024,         0,         0,   0.037,chromobius,bb28022bf77a548706203d2a8e339b5057b78055ca6aad7d1ae7a7ea4ee6aa4b,"{""d"":9,""p"":0.00011721022975334806,""r"":36}",
      1024,         0,         0,   0.034,chromobius,bb28022bf77a548706203d2a8e339b5057b78055ca6aad7d1ae7a7ea4ee6aa4b,"{""d"":9,""p"":0.00011721022975334806,""r"":36}",
      1024,         0,         0,   0.035,chromobius,bb28022bf77a548706203d2a8e339b5057b78055ca6aad7d1ae7a7ea4ee6aa4b,"{""d"":9,""p"":0.00011721022975334806,""r"":36}",
      2048,         0,         0,   0.071,chromobius,bb28022bf77a548706203d2a8e339b5057b78055ca6aad7d1ae7a7ea4ee6aa4b,"{""d"":9,""p"":0.00011721022975334806,""r"":36}",
      2048,         0,         0,   0.073,chromobius,bb28022bf77a548706203d2a8e339b5057b78055ca6aad7d1ae7a7ea4ee6aa4b,"{""d"":9,""p"":0.00011721022975334806,""r"":36}",
      3072,         0,         0,   0.109,chromobius,bb28022bf77a548706203d2a8e339b5057b78055ca6aad7d1ae7a7ea4ee6aa4b,"{""d"":9,""p"":0.00011721022975334806,""r"":36}",
      3072,         0,         0,   0.108,chromobius,bb28022bf77a548706203d2a8e339b5057b78055ca6aad7d1ae7a7ea4ee6aa4b,"{""d"":9,""p"":0.00011721022975334806,""r"":36}",
      5120,         0,         0,   0.174,chromobius,bb28022bf77a548706203d2a8e339b5057b78055ca6aad7d1ae7a7ea4ee6aa4b,"{""d"":9,""p"":0.00011721022975334806,""r"":36}",
      6144,         0,         0,   0.222,chromobius,bb28022bf77a548706203d2a8e339b5057b78055ca6aad7d1ae7a7ea4ee6aa4b,"{""d"":9,""p"":0.00011721022975334806,""r"":36}",
       768,       361,         0,    1.23,chromobius,735645a1ddf455ed72cec8d6dc560e472e796efaa9a545cff5efa151d0d57fb7,"{""d"":7,""p"":0.01,""r"":28}",
      8192,         0,         0,   0.300,chromobius,bb28022bf77a548706203d2a8e339b5057b78055ca6aad7d1ae7a7ea4ee6aa4b,"{""d"":9,""p"":0.00011721022975334806,""r"":36}",
     50176,         0,         0,    1.56,chromobius,d435b0738dddff8c9c97098fbc8c7601cea70b25c1fde457f60a1d44276b0181,"{""d"":9,""p"":0.0001,""r"":36}",
      1792,       944,         0,    2.31,chromobius,4c554d08061e980ead46053b16eb6ef415c556c1b6e7f9b025a6312e5e175f08,"{""d"":7,""p"":0.008531678524172805,""r"":28}",
     11264,         0,         0,   0.410,chromobius,bb28022bf77a548706203d2a8e339b5057b78055ca6aad7d1ae7a7ea4ee6aa4b,"{""d"":9,""p"":0.00011721022975334806,""r"":36}",
     16384,         0,         0,   0.570,chromobius,bb28022bf77a548706203d2a8e339b5057b78055ca6aad7d1ae7a7ea4ee6aa4b,"{""d"":9,""p"":0.00011721022975334806,""r"":36}",
      1024,       514,         0,    1.64,chromobius,735645a1ddf455ed72cec8d6dc560e472e796efaa9a545cff5efa151d0d57fb7,"{""d"":7,""p"":0.01,""r"":28}",
     23552,         0,         0,   0.826,chromobius,bb28022bf77a548706203d2a8e339b5057b78055ca6aad7d1ae7a7ea4ee6aa4b,"{""d"":9,""p"":0.00011721022975334806,""r"":36}",
     69632,         0,         0,    2.19,chromobius,d435b0738dddff8c9c97098fbc8c7601cea70b25c1fde457f60a1d44276b0181,"{""d"":9,""p"":0.0001,""r"":36}",
      1792,       877,         0,    2.33,chromobius,4c554d08061e980ead46053b16eb6ef415c556c1b6e7f9b025a6312e5e175f08,"{""d"":7,""p"":0.008531678524172805,""r"":28}",
       273,         0,         0,   0.015,chromobius,fed76d20d5fd81bb6f542ec7d6f52dfb462d8fe8219a1fa3276e2c0348ad7d17,"{""d"":9,""p"":0.00013738237958832623,""r"":36}",
      1024,         0,         0,   0.046,chromobius,fed76d20d5fd81bb6f542ec7d6f52dfb462d8fe8219a1fa3276e2c0348ad7d17,"{""d"":9,""p"":0.00013738237958832623,""r"":36}",
      1024,         0,         0,   0.044,chromobius,fed76d20d5fd81bb6f542ec7d6f52dfb462d8fe8219a1fa3276e2c0348ad7d17,"{""d"":9,""p"":0.00013738237958832623,""r"":36}",
      1024,         0,         0,   0.044,chromobius,fed76d20d5fd81bb6f542ec7d6f52dfb462d8fe8219a1fa3276e2c0348ad7d17,"{""d"":9,""p"":0.00013738237958832623,""r"":36}",
      1024,         0,         0,   0.044,chromobius,fed76d20d5fd81bb6f542ec7d6f52dfb462d8fe8219a1fa3276e2c0348ad7d17,"{""d"":9,""p"":0.00013738237958832623,""r"":36}",
     31744,         1,         0,    1.14,chromobius,bb28022bf77a548706203d2a8e339b5057b78055ca6aad7d1ae7a7ea4ee6aa4b,"{""d"":9,""p"":0.00011721022975334806,""r"":36}",
      2048,         0,         0,   0.087,chromobius,fed76d20d5fd81bb6f542ec7d6f52dfb462d8fe8219a1fa3276e2c0348ad7d17,"{""d"":9,""p"":0.00013738237958832623,""r"":36}",
      2048,         0,         0,   0.090,chromobius,fed76d20d5fd81bb6f542ec7d6f52dfb462d8fe8219a1fa3276e2c0348ad7d17,"{""d"":9,""p"":0.00013738237958832623,""r"":36}",
      3072,         0,         0,   0.137,chromobius,fed76d20d5fd81bb6f542ec7d6f52dfb462d8fe8219a1fa3276e2c0348ad7d17,"{""d"":9,""p"":0.00013738237958832623,""r"":36}",
      4096,         0,         0,   0.178,chromobius,fed76d20d5fd81bb6f542ec7d6f52dfb462d8fe8219a1fa3276e2c0348ad7d17,"{""d"":9,""p"":0.00013738237958832623,""r"":36}",
      5120,         0,         0,   0.233,chromobius,fed76d20d5fd81bb6f542ec7d6f52dfb462d8fe8219a1fa3276e2c0348ad7d17,"{""d"":9,""p"":0.00013738237958832623,""r"":36}",
      7168,         0,         0,   0.318,chromobius,fed76d20d5fd81bb6f542ec7d6f52dfb462d8fe8219a1fa3276e2c0348ad7d17,"{""d"":9,""p"":0.00013738237958832623,""r"":36}",
      1536,       821,         0,    2.39,chromobius,735645a1ddf455ed72cec8d6dc560e472e796efaa9a545cff5efa151d0d57fb7,"{""d"":7,""p"":0.01,""r"":28}",
      9216,         0,         0,   0.407,chromobius,fed76d20d5fd81bb6f542ec7d6f52dfb462d8fe8219a1fa3276e2c0348ad7d17,"{""d"":9,""p"":0.00013738237958832623,""r"":36}",
     41984,         0,         0,    1.57,chromobius,bb28022bf77a548706203d2a8e339b5057b78055ca6aad7d1ae7a7ea4ee6aa4b,"{""d"":9,""p"":0.00011721022975334806,""r"":36}",
     13312,         0,         0,   0.586,chromobius,fed76d20d5fd81bb6f542ec7d6f52dfb462d8fe8219a1fa3276e2c0348ad7d17,"{""d"":9,""p"":0.00013738237958832623,""r"":36}",
     93184,         1,         0,    3.06,chromobius,d435b0738dddff8c9c97098fbc8c7601cea70b25c1fde457f60a1d44276b0181,"{""d"":9,""p"":0.0001,""r"":36}",
     18432,         0,         0,   0.826,chromobius,fed76d20d5fd81bb6f542ec7d6f52dfb462d8fe8219a1fa3276e2c0348ad7d17,"{""d"":9,""p"":0.00013738237958832623,""r"":36}",
     58368,         0,         0,    2.20,chromobius,bb28022bf77a548706203d2a8e339b5057b78055ca6aad7d1ae7a7ea4ee6aa4b,"{""d"":9,""p"":0.00011721022975334806,""r"":36}",
     25600,         1,         0,    1.13,chromobius,fed76d20d5fd81bb6f542ec7d6f52dfb462d8fe8219a1fa3276e2c0348ad7d17,"{""d"":9,""p"":0.00013738237958832623,""r"":36}",
      2048,      1026,         0,    3.20,chromobius,735645a1ddf455ed72cec8d6dc560e472e796efaa9a545cff5efa151d0d57fb7,"{""d"":7,""p"":0.01,""r"":28}",
       768,       392,         0,    1.24,chromobius,735645a1ddf455ed72cec8d6dc560e472e796efaa9a545cff5efa151d0d57fb7,"{""d"":7,""p"":0.01,""r"":28}",
     35840,         0,         0,    1.59,chromobius,fed76d20d5fd81bb6f542ec7d6f52dfb462d8fe8219a1fa3276e2c0348ad7d17,"{""d"":9,""p"":0.00013738237958832623,""r"":36}",
       273,         0,         0,   0.017,chromobius,b5851194cf290fd709500745feca8dc49bcfa22d4359a14ae15a712ab4fa5c35,"{""d"":9,""p"":0.00016102620275609394,""r"":36}",
      1024,         0,         0,   0.053,chromobius,b5851194cf290fd709500745feca8dc49bcfa22d4359a14ae15a712ab4fa5c35,"{""d"":9,""p"":0.00016102620275609394,""r"":36}",
      1024,         0,         0,   0.051,chromobius,b5851194cf290fd709500745feca8dc49bcfa22d4359a14ae15a712ab4fa5c35,"{""d"":9,""p"":0.00016102620275609394,""r"":36}",
      1024,         0,         0,   0.052,chromobius,b5851194cf290fd709500745feca8dc49bcfa22d4359a14ae15a712ab4fa5c35,"{""d"":9,""p"":0.00016102620275609394,""r"":36}",
      1024,         0,         0,   0.051,chromobius,b5851194cf290fd709500745feca8dc49bcfa22d4359a14ae15a712ab4fa5c35,"{""d"":9,""p"":0.00016102620275609394,""r"":36}",
      2048,         0,         0,   0.103,chromobius,b5851194cf290fd709500745feca8dc49bcfa22d4359a14ae15a712ab4fa5c35,"{""d"":9,""p"":0.00016102620275609394,""r"":36}",
      2048,         0,         0,   0.104,chromobius,b5851194cf290fd709500745feca8dc49bcfa22d4359a14ae15a712ab4fa5c35,"{""d"":9,""p"":0.00016102620275609394,""r"":36}",
      3072,         0,         0,   0.153,chromobius,b5851194cf290fd709500745feca8dc49bcfa22d4359a14ae15a712ab4fa5c35,"{""d"":9,""p"":0.00016102620275609394,""r"":36}",
      3072,         0,         0,   0.154,chromobius,b5851194cf290fd709500745feca8dc49bcfa22d4359a14ae15a712ab4fa5c35,"{""d"":9,""p"":0.00016102620275609394,""r"":36}",
      4096,         0,         0,   0.211,chromobius,b5851194cf290fd709500745feca8dc49bcfa22d4359a14ae15a712ab4fa5c35,"{""d"":9,""p"":0.00016102620275609394,""r"":36}",
    131072,         0,         0,    4.25,chromobius,d435b0738dddff8c9c97098fbc8c7601cea70b25c1fde457f60a1d44276b0181,"{""d"":9,""p"":0.0001,""r"":36}",
     81920,         0,         0,    3.07,chromobius,bb28022bf77a548706203d2a8e339b5057b78055ca6aad7d1ae7a7ea4ee6aa4b,"{""d"":9,""p"":0.00011721022975334806,""r"":36}",
      6144,         0,         0,   0.316,chromobius,b5851194cf290fd709500745feca8dc49bcfa22d4359a14ae15a712ab4fa5c35,"{""d"":9,""p"":0.00016102620275609394,""r"":36}",
      8192,         1,         0,   0.431,chromobius,b5851194cf290fd709500745feca8dc49bcfa22d4359a14ae15a712ab4fa5c35,"{""d"":9,""p"":0.00016102620275609394,""r"":36}",
     48128,         0,         0,    2.19,chromobius,fed76d20d5fd81bb6f542ec7d6f52dfb462d8fe8219a1fa3276e2c0348ad7d17,"{""d"":9,""p"":0.00013738237958832623,""r"":36}",
     11264,         0,         0,   0.574,chromobius,b5851194cf290fd709500745feca8dc49bcfa22d4359a14ae15a712ab4fa5c35,"{""d"":9,""p"":0.00016102620275609394,""r"":36}",
     16384,         0,         0,   0.835,chromobius,b5851194cf290fd709500745feca8dc49bcfa22d4359a14ae15a712ab4fa5c35,"{""d"":9,""p"":0.00016102620275609394,""r"":36}",
     22528,         0,         0,    1.14,chromobius,b5851194cf290fd709500745feca8dc49bcfa22d4359a14ae15a712ab4fa5c35,"{""d"":9,""p"":0.00016102620275609394,""r"":36}",
     67584,         0,         0,    3.05,chromobius,fed76d20d5fd81bb6f542ec7d6f52dfb462d8fe8219a1fa3276e2c0348ad7d17,"{""d"":9,""p"":0.00013738237958832623,""r"":36}",
    110592,         1,         0,    4.26,chromobius,bb28022bf77a548706203d2a8e339b5057b78055ca6aad7d1ae7a7ea4ee6aa4b,"{""d"":9,""p"":0.00011721022975334806,""r"":36}",
     29696,         1,         0,    1.59,chromobius,b5851194cf290fd709500745feca8dc49bcfa22d4359a14ae15a712ab4fa5c35,"{""d"":9,""p"":0.00016102620275609394,""r"":36}",
    188416,         0,         0,    5.98,chromobius,d435b0738dddff8c9c97098fbc8c7601cea70b25c1fde457f60a1d44276b0181,"{""d"":9,""p"":0.0001,""r"":36}",
     43008,         1,         0,    2.23,chromobius,b5851194cf290fd709500745feca8dc49bcfa22d4359a14ae15a712ab4fa5c35,"{""d"":9,""p"":0.00016102620275609394,""r"":36}",
     92160,         1,         0,    4.31,chromobius,fed76d20d5fd81bb6f542ec7d6f52dfb462d8fe8219a1fa3276e2c0348ad7d17,"{""d"":9,""p"":0.00013738237958832623,""r"":36}",
     59392,         1,         0,    3.06,chromobius,b5851194cf290fd709500745feca8dc49bcfa22d4359a14ae15a712ab4fa5c35,"{""d"":9,""p"":0.00016102620275609394,""r"":36}",
    153600,         1,         0,    5.98,chromobius,bb28022bf77a548706203d2a8e339b5057b78055ca6aad7d1ae7a7ea4ee6aa4b,"{""d"":9,""p"":0.00011721022975334806,""r"":36}",
   1012736,       606,         0,    30.3,chromobius,3e93f62477596db160865a1b70a069de0cd1f578a1eed759d41f9330576ed570,"{""d"":7,""p"":0.0003039195382313198,""r"":28}",
       273,         0,         0,   0.017,chromobius,6687fea3cc864593b490e109dc3cba5edc69f7a41cc6c37a5e4e634b7332917b,"{""d"":9,""p"":0.00018873918221350977,""r"":36}",
      1024,         0,         0,   0.055,chromobius,6687fea3cc864593b490e109dc3cba5edc69f7a41cc6c37a5e4e634b7332917b,"{""d"":9,""p"":0.00018873918221350977,""r"":36}",
      1024,         0,         0,   0.053,chromobius,6687fea3cc864593b490e109dc3cba5edc69f7a41cc6c37a5e4e634b7332917b,"{""d"":9,""p"":0.00018873918221350977,""r"":36}",
      1024,         0,         0,   0.052,chromobius,6687fea3cc864593b490e109dc3cba5edc69f7a41cc6c37a5e4e634b7332917b,"{""d"":9,""p"":0.00018873918221350977,""r"":36}",
      1024,         0,         0,   0.055,chromobius,6687fea3cc864593b490e109dc3cba5edc69f7a41cc6c37a5e4e634b7332917b,"{""d"":9,""p"":0.00018873918221350977,""r"":36}",
      2048,         0,         0,   0.108,chromobius,6687fea3cc864593b490e109dc3cba5edc69f7a41cc6c37a5e4e634b7332917b,"{""d"":9,""p"":0.00018873918221350977,""r"":36}",
      2048,         0,         0,   0.106,chromobius,6687fea3cc864593b490e109dc3cba5edc69f7a41cc6c37a5e4e634b7332917b,"{""d"":9,""p"":0.00018873918221350977,""r"":36}",
      3072,         0,         0,   0.159,chromobius,6687fea3cc864593b490e109dc3cba5edc69f7a41cc6c37a5e4e634b7332917b,"{""d"":9,""p"":0.00018873918221350977,""r"":36}",
      3072,         0,         0,   0.166,chromobius,6687fea3cc864593b490e109dc3cba5edc69f7a41cc6c37a5e4e634b7332917b,"{""d"":9,""p"":0.00018873918221350977,""r"":36}",
      4096,         0,         0,   0.217,chromobius,6687fea3cc864593b490e109dc3cba5edc69f7a41cc6c37a5e4e634b7332917b,"{""d"":9,""p"":0.00018873918221350977,""r"":36}",
      6144,         1,         0,   0.339,chromobius,6687fea3cc864593b490e109dc3cba5edc69f7a41cc6c37a5e4e634b7332917b,"{""d"":9,""p"":0.00018873918221350977,""r"":36}",
      8192,         0,         0,   0.427,chromobius,6687fea3cc864593b490e109dc3cba5edc69f7a41cc6c37a5e4e634b7332917b,"{""d"":9,""p"":0.00018873918221350977,""r"":36}",
     11264,         1,         0,   0.624,chromobius,6687fea3cc864593b490e109dc3cba5edc69f7a41cc6c37a5e4e634b7332917b,"{""d"":9,""p"":0.00018873918221350977,""r"":36}",
     80896,         0,         0,    4.26,chromobius,b5851194cf290fd709500745feca8dc49bcfa22d4359a14ae15a712ab4fa5c35,"{""d"":9,""p"":0.00016102620275609394,""r"":36}",
    131072,         0,         0,    6.00,chromobius,fed76d20d5fd81bb6f542ec7d6f52dfb462d8fe8219a1fa3276e2c0348ad7d17,"{""d"":9,""p"":0.00013738237958832623,""r"":36}",
    270336,         0,         0,    8.37,chromobius,d435b0738dddff8c9c97098fbc8c7601cea70b25c1fde457f60a1d44276b0181,"{""d"":9,""p"":0.0001,""r"":36}",
     16384,         0,         0,   0.838,chromobius,6687fea3cc864593b490e109dc3cba5edc69f7a41cc6c37a5e4e634b7332917b,"{""d"":9,""p"":0.00018873918221350977,""r"":36}",
     22528,         0,         0,    1.16,chromobius,6687fea3cc864593b490e109dc3cba5edc69f7a41cc6c37a5e4e634b7332917b,"{""d"":9,""p"":0.00018873918221350977,""r"":36}",
     29696,         0,         0,    1.57,chromobius,6687fea3cc864593b490e109dc3cba5edc69f7a41cc6c37a5e4e634b7332917b,"{""d"":9,""p"":0.00018873918221350977,""r"":36}",
    212992,         0,         0,    8.36,chromobius,bb28022bf77a548706203d2a8e339b5057b78055ca6aad7d1ae7a7ea4ee6aa4b,"{""d"":9,""p"":0.00011721022975334806,""r"":36}",
     41984,         0,         0,    2.20,chromobius,6687fea3cc864593b490e109dc3cba5edc69f7a41cc6c37a5e4e634b7332917b,"{""d"":9,""p"":0.00018873918221350977,""r"":36}",
    115712,         1,         0,    5.97,chromobius,b5851194cf290fd709500745feca8dc49bcfa22d4359a14ae15a712ab4fa5c35,"{""d"":9,""p"":0.00016102620275609394,""r"":36}",
    183296,         1,         0,    8.35,chromobius,fed76d20d5fd81bb6f542ec7d6f52dfb462d8fe8219a1fa3276e2c0348ad7d17,"{""d"":9,""p"":0.00013738237958832623,""r"":36}",
     58368,         1,         0,    3.09,chromobius,6687fea3cc864593b490e109dc3cba5edc69f7a41cc6c37a5e4e634b7332917b,"{""d"":9,""p"":0.00018873918221350977,""r"":36}",
    382976,         1,         0,    11.7,chromobius,d435b0738dddff8c9c97098fbc8c7601cea70b25c1fde457f60a1d44276b0181,"{""d"":9,""p"":0.0001,""r"":36}",
     80896,         0,         0,    4.26,chromobius,6687fea3cc864593b490e109dc3cba5edc69f7a41cc6c37a5e4e634b7332917b,"{""d"":9,""p"":0.00018873918221350977,""r"":36}",
    160768,         4,         0,    8.39,chromobius,b5851194cf290fd709500745feca8dc49bcfa22d4359a14ae15a712ab4fa5c35,"{""d"":9,""p"":0.00016102620275609394,""r"":36}",
    299008,         1,         0,    11.7,chromobius,bb28022bf77a548706203d2a8e339b5057b78055ca6aad7d1ae7a7ea4ee6aa4b,"{""d"":9,""p"":0.00011721022975334806,""r"":36}",
    114688,         0,         0,    5.98,chromobius,6687fea3cc864593b490e109dc3cba5edc69f7a41cc6c37a5e4e634b7332917b,"{""d"":9,""p"":0.00018873918221350977,""r"":36}",
    254976,         1,         0,    11.7,chromobius,fed76d20d5fd81bb6f542ec7d6f52dfb462d8fe8219a1fa3276e2c0348ad7d17,"{""d"":9,""p"":0.00013738237958832623,""r"":36}",
    225280,         6,         0,    11.7,chromobius,b5851194cf290fd709500745feca8dc49bcfa22d4359a14ae15a712ab4fa5c35,"{""d"":9,""p"":0.00016102620275609394,""r"":36}",
    157696,         7,         0,    8.35,chromobius,6687fea3cc864593b490e109dc3cba5edc69f7a41cc6c37a5e4e634b7332917b,"{""d"":9,""p"":0.00018873918221350977,""r"":36}",
    517120,         3,         0,    16.4,chromobius,d435b0738dddff8c9c97098fbc8c7601cea70b25c1fde457f60a1d44276b0181,"{""d"":9,""p"":0.0001,""r"":36}",
    421888,         1,         0,    16.4,chromobius,bb28022bf77a548706203d2a8e339b5057b78055ca6aad7d1ae7a7ea4ee6aa4b,"{""d"":9,""p"":0.00011721022975334806,""r"":36}",
    391168,         2,         0,    16.4,chromobius,fed76d20d5fd81bb6f542ec7d6f52dfb462d8fe8219a1fa3276e2c0348ad7d17,"{""d"":9,""p"":0.00013738237958832623,""r"":36}",
    221184,         3,         0,    11.7,chromobius,6687fea3cc864593b490e109dc3cba5edc69f7a41cc6c37a5e4e634b7332917b,"{""d"":9,""p"":0.00018873918221350977,""r"":36}",
    315392,         2,         0,    16.4,chromobius,b5851194cf290fd709500745feca8dc49bcfa22d4359a14ae15a712ab4fa5c35,"{""d"":9,""p"":0.00016102620275609394,""r"":36}",
   7486464,       287,         0,    87.5,chromobius,e02b5096dca48cc4a5ffcdf8cee6c1ee2eb16dc80964c2f02e3f3d8384a6ed27,"{""d"":7,""p"":0.0001,""r"":28}",
   6310912,       313,         0,    87.6,chromobius,d89637c9180c53cca4dbdfc28780b8f33189e70b9b7c32c384aa6b9f31232628,"{""d"":7,""p"":0.00011721022975334806,""r"":28}",
   5529600,       442,         0,    87.7,chromobius,eee084ee67f7244aad6f968a9d9cd1ca5c965523f4a7328894b967b71503a975,"{""d"":7,""p"":0.00013738237958832623,""r"":28}",
   5451776,       626,         0,    87.7,chromobius,1933d8422a70a28b200ba6e5df7de5ea2c9ef909684c1f6977ed6ce1abc42aba,"{""d"":7,""p"":0.00016102620275609394,""r"":28}",
    671744,         0,         0,    22.9,chromobius,d435b0738dddff8c9c97098fbc8c7601cea70b25c1fde457f60a1d44276b0181,"{""d"":9,""p"":0.0001,""r"":36}",
   4182016,       764,         0,    87.8,chromobius,2ddc0a238ccb09e01767d647afd01fda8e756ad84c508d6ed237ad3699d839fe,"{""d"":7,""p"":0.00018873918221350977,""r"":28}",
   3665920,       893,         0,    87.9,chromobius,8dadec8cbbbc28b9077fd2a903a992498f2158ff1da85ae100c6889e6f21792f,"{""d"":7,""p"":0.000221221629107045,""r"":28}",
   3420160,      1411,         0,    87.9,chromobius,7f8a8f49d3301290e6add74e85ef3d88c80ca9073277e3246a28c0f4fec5bdad,"{""d"":7,""p"":0.0002592943797404667,""r"":28}",
    592896,         1,         0,    22.9,chromobius,bb28022bf77a548706203d2a8e339b5057b78055ca6aad7d1ae7a7ea4ee6aa4b,"{""d"":9,""p"":0.00011721022975334806,""r"":36}",
    307200,         3,         0,    16.4,chromobius,6687fea3cc864593b490e109dc3cba5edc69f7a41cc6c37a5e4e634b7332917b,"{""d"":9,""p"":0.00018873918221350977,""r"":36}",
    551936,         2,         0,    22.9,chromobius,fed76d20d5fd81bb6f542ec7d6f52dfb462d8fe8219a1fa3276e2c0348ad7d17,"{""d"":9,""p"":0.00013738237958832623,""r"":36}",
    443392,         4,         0,    22.9,chromobius,b5851194cf290fd709500745feca8dc49bcfa22d4359a14ae15a712ab4fa5c35,"{""d"":9,""p"":0.00016102620275609394,""r"":36}",
    955392,       386,         0,    24.6,chromobius,7f8a8f49d3301290e6add74e85ef3d88c80ca9073277e3246a28c0f4fec5bdad,"{""d"":7,""p"":0.0002592943797404667,""r"":28}",
       273,         0,         0,   0.019,chromobius,b2fdedaf2736c49aeeac6ff3824ec0c0e2579b4bfa3da33f49b4a4ea803176fa,"{""d"":9,""p"":0.000221221629107045,""r"":36}",
      1024,         0,         0,   0.070,chromobius,b2fdedaf2736c49aeeac6ff3824ec0c0e2579b4bfa3da33f49b4a4ea803176fa,"{""d"":9,""p"":0.000221221629107045,""r"":36}",
      1024,         0,         0,   0.069,chromobius,b2fdedaf2736c49aeeac6ff3824ec0c0e2579b4bfa3da33f49b4a4ea803176fa,"{""d"":9,""p"":0.000221221629107045,""r"":36}",
      1024,         0,         0,   0.071,chromobius,b2fdedaf2736c49aeeac6ff3824ec0c0e2579b4bfa3da33f49b4a4ea803176fa,"{""d"":9,""p"":0.000221221629107045,""r"":36}",
      1024,         0,         0,   0.071,chromobius,b2fdedaf2736c49aeeac6ff3824ec0c0e2579b4bfa3da33f49b4a4ea803176fa,"{""d"":9,""p"":0.000221221629107045,""r"":36}",
      1024,         0,         0,   0.071,chromobius,b2fdedaf2736c49aeeac6ff3824ec0c0e2579b4bfa3da33f49b4a4ea803176fa,"{""d"":9,""p"":0.000221221629107045,""r"":36}",
      2048,         0,         0,   0.138,chromobius,b2fdedaf2736c49aeeac6ff3824ec0c0e2579b4bfa3da33f49b4a4ea803176fa,"{""d"":9,""p"":0.000221221629107045,""r"":36}",
      2048,         0,         0,   0.138,chromobius,b2fdedaf2736c49aeeac6ff3824ec0c0e2579b4bfa3da33f49b4a4ea803176fa,"{""d"":9,""p"":0.000221221629107045,""r"":36}",
      3072,         0,         0,   0.204,chromobius,b2fdedaf2736c49aeeac6ff3824ec0c0e2579b4bfa3da33f49b4a4ea803176fa,"{""d"":9,""p"":0.000221221629107045,""r"":36}",
    429056,         7,         0,    23.0,chromobius,6687fea3cc864593b490e109dc3cba5edc69f7a41cc6c37a5e4e634b7332917b,"{""d"":9,""p"":0.00018873918221350977,""r"":36}",
      4096,         0,         0,   0.275,chromobius,b2fdedaf2736c49aeeac6ff3824ec0c0e2579b4bfa3da33f49b4a4ea803176fa,"{""d"":9,""p"":0.000221221629107045,""r"":36}",
      5120,         0,         0,   0.352,chromobius,b2fdedaf2736c49aeeac6ff3824ec0c0e2579b4bfa3da33f49b4a4ea803176fa,"{""d"":9,""p"":0.000221221629107045,""r"":36}",
      6144,         0,         0,   0.414,chromobius,b2fdedaf2736c49aeeac6ff3824ec0c0e2579b4bfa3da33f49b4a4ea803176fa,"{""d"":9,""p"":0.000221221629107045,""r"":36}",
      9216,         0,         0,   0.628,chromobius,b2fdedaf2736c49aeeac6ff3824ec0c0e2579b4bfa3da33f49b4a4ea803176fa,"{""d"":9,""p"":0.000221221629107045,""r"":36}",
     12288,         0,         0,   0.829,chromobius,b2fdedaf2736c49aeeac6ff3824ec0c0e2579b4bfa3da33f49b4a4ea803176fa,"{""d"":9,""p"":0.000221221629107045,""r"":36}",
     16384,         0,         0,    1.11,chromobius,b2fdedaf2736c49aeeac6ff3824ec0c0e2579b4bfa3da33f49b4a4ea803176fa,"{""d"":9,""p"":0.000221221629107045,""r"":36}",
    955392,         2,         0,    32.0,chromobius,d435b0738dddff8c9c97098fbc8c7601cea70b25c1fde457f60a1d44276b0181,"{""d"":9,""p"":0.0001,""r"":36}",
     23552,         0,         0,    1.59,chromobius,b2fdedaf2736c49aeeac6ff3824ec0c0e2579b4bfa3da33f49b4a4ea803176fa,"{""d"":9,""p"":0.000221221629107045,""r"":36}",
     31744,         1,         0,    2.19,chromobius,b2fdedaf2736c49aeeac6ff3824ec0c0e2579b4bfa3da33f49b4a4ea803176fa,"{""d"":9,""p"":0.000221221629107045,""r"":36}",
    838656,         2,         0,    32.1,chromobius,bb28022bf77a548706203d2a8e339b5057b78055ca6aad7d1ae7a7ea4ee6aa4b,"{""d"":9,""p"":0.00011721022975334806,""r"":36}",
     46080,         1,         0,    3.11,chromobius,b2fdedaf2736c49aeeac6ff3824ec0c0e2579b4bfa3da33f49b4a4ea803176fa,"{""d"":9,""p"":0.000221221629107045,""r"":36}",
    743424,         4,         0,    32.1,chromobius,fed76d20d5fd81bb6f542ec7d6f52dfb462d8fe8219a1fa3276e2c0348ad7d17,"{""d"":9,""p"":0.00013738237958832623,""r"":36}",
     62464,         0,         0,    4.28,chromobius,b2fdedaf2736c49aeeac6ff3824ec0c0e2579b4bfa3da33f49b4a4ea803176fa,"{""d"":9,""p"":0.000221221629107045,""r"":36}",
    642048,         6,         0,    32.1,chromobius,b5851194cf290fd709500745feca8dc49bcfa22d4359a14ae15a712ab4fa5c35,"{""d"":9,""p"":0.00016102620275609394,""r"":36}",
     88064,         3,         0,    6.03,chromobius,b2fdedaf2736c49aeeac6ff3824ec0c0e2579b4bfa3da33f49b4a4ea803176fa,"{""d"":9,""p"":0.000221221629107045,""r"":36}",
    122880,         4,         0,    8.41,chromobius,b2fdedaf2736c49aeeac6ff3824ec0c0e2579b4bfa3da33f49b4a4ea803176fa,"{""d"":9,""p"":0.000221221629107045,""r"":36}",
    570368,         4,         0,    32.1,chromobius,6687fea3cc864593b490e109dc3cba5edc69f7a41cc6c37a5e4e634b7332917b,"{""d"":9,""p"":0.00018873918221350977,""r"":36}",
    171008,         4,         0,    11.7,chromobius,b2fdedaf2736c49aeeac6ff3824ec0c0e2579b4bfa3da33f49b4a4ea803176fa,"{""d"":9,""p"":0.000221221629107045,""r"":36}",
   1374208,         2,         0,    44.9,chromobius,d435b0738dddff8c9c97098fbc8c7601cea70b25c1fde457f60a1d44276b0181,"{""d"":9,""p"":0.0001,""r"":36}",
   1185792,         7,         0,    44.9,chromobius,bb28022bf77a548706203d2a8e339b5057b78055ca6aad7d1ae7a7ea4ee6aa4b,"{""d"":9,""p"":0.00011721022975334806,""r"":36}",
    240640,         4,         0,    16.4,chromobius,b2fdedaf2736c49aeeac6ff3824ec0c0e2579b4bfa3da33f49b4a4ea803176fa,"{""d"":9,""p"":0.000221221629107045,""r"":36}",
   1004544,        11,         0,    44.9,chromobius,fed76d20d5fd81bb6f542ec7d6f52dfb462d8fe8219a1fa3276e2c0348ad7d17,"{""d"":9,""p"":0.00013738237958832623,""r"":36}",
    901120,         6,         0,    44.9,chromobius,b5851194cf290fd709500745feca8dc49bcfa22d4359a14ae15a712ab4fa5c35,"{""d"":9,""p"":0.00016102620275609394,""r"":36}",
    820224,        11,         0,    44.9,chromobius,6687fea3cc864593b490e109dc3cba5edc69f7a41cc6c37a5e4e634b7332917b,"{""d"":9,""p"":0.00018873918221350977,""r"":36}",
    330752,        17,         0,    23.0,chromobius,b2fdedaf2736c49aeeac6ff3824ec0c0e2579b4bfa3da33f49b4a4ea803176fa,"{""d"":9,""p"":0.000221221629107045,""r"":36}",
  10222592,       410,         0,   119.0,chromobius,e02b5096dca48cc4a5ffcdf8cee6c1ee2eb16dc80964c2f02e3f3d8384a6ed27,"{""d"":7,""p"":0.0001,""r"":28}",
   8770560,       465,         0,   119.1,chromobius,d89637c9180c53cca4dbdfc28780b8f33189e70b9b7c32c384aa6b9f31232628,"{""d"":7,""p"":0.00011721022975334806,""r"":28}",
   7610368,       586,         0,   119.3,chromobius,eee084ee67f7244aad6f968a9d9cd1ca5c965523f4a7328894b967b71503a975,"{""d"":7,""p"":0.00013738237958832623,""r"":28}",
   7227392,       871,         0,   119.3,chromobius,1933d8422a70a28b200ba6e5df7de5ea2c9ef909684c1f6977ed6ce1abc42aba,"{""d"":7,""p"":0.00016102620275609394,""r"":28}",
   5747712,      1021,         0,   119.4,chromobius,2ddc0a238ccb09e01767d647afd01fda8e756ad84c508d6ed237ad3699d839fe,"{""d"":7,""p"":0.00018873918221350977,""r"":28}",
   5109760,      1367,         0,   119.5,chromobius,8dadec8cbbbc28b9077fd2a903a992498f2158ff1da85ae100c6889e6f21792f,"{""d"":7,""p"":0.000221221629107045,""r"":28}",
    753664,       176,         0,    17.1,chromobius,8dadec8cbbbc28b9077fd2a903a992498f2158ff1da85ae100c6889e6f21792f,"{""d"":7,""p"":0.000221221629107045,""r"":28}",
       273,         1,         0,   0.023,chromobius,0dfcdd01ff4b129ab320feaad1507a83a0f4fb7df5fe137633177dbc129fb064,"{""d"":9,""p"":0.0002592943797404667,""r"":36}",
      1024,         0,         0,   0.074,chromobius,0dfcdd01ff4b129ab320feaad1507a83a0f4fb7df5fe137633177dbc129fb064,"{""d"":9,""p"":0.0002592943797404667,""r"":36}",
      1024,         0,         0,   0.074,chromobius,0dfcdd01ff4b129ab320feaad1507a83a0f4fb7df5fe137633177dbc129fb064,"{""d"":9,""p"":0.0002592943797404667,""r"":36}",
      1024,         0,         0,   0.077,chromobius,0dfcdd01ff4b129ab320feaad1507a83a0f4fb7df5fe137633177dbc129fb064,"{""d"":9,""p"":0.0002592943797404667,""r"":36}",
      1024,         0,         0,   0.074,chromobius,0dfcdd01ff4b129ab320feaad1507a83a0f4fb7df5fe137633177dbc129fb064,"{""d"":9,""p"":0.0002592943797404667,""r"":36}",
      1024,         0,         0,   0.074,chromobius,0dfcdd01ff4b129ab320feaad1507a83a0f4fb7df5fe137633177dbc129fb064,"{""d"":9,""p"":0.0002592943797404667,""r"":36}",
      1024,         0,         0,   0.076,chromobius,0dfcdd01ff4b129ab320feaad1507a83a0f4fb7df5fe137633177dbc129fb064,"{""d"":9,""p"":0.0002592943797404667,""r"":36}",
      2048,         0,         0,   0.147,chromobius,0dfcdd01ff4b129ab320feaad1507a83a0f4fb7df5fe137633177dbc129fb064,"{""d"":9,""p"":0.0002592943797404667,""r"":36}",
      2048,         0,         0,   0.150,chromobius,0dfcdd01ff4b129ab320feaad1507a83a0f4fb7df5fe137633177dbc129fb064,"{""d"":9,""p"":0.0002592943797404667,""r"":36}",
      3072,         0,         0,   0.220,chromobius,0dfcdd01ff4b129ab320feaad1507a83a0f4fb7df5fe137633177dbc129fb064,"{""d"":9,""p"":0.0002592943797404667,""r"":36}",
      4096,         0,         0,   0.301,chromobius,0dfcdd01ff4b129ab320feaad1507a83a0f4fb7df5fe137633177dbc129fb064,"{""d"":9,""p"":0.0002592943797404667,""r"":36}",
    455680,        13,         0,    32.1,chromobius,b2fdedaf2736c49aeeac6ff3824ec0c0e2579b4bfa3da33f49b4a4ea803176fa,"{""d"":9,""p"":0.000221221629107045,""r"":36}",
   1977344,         5,         0,    62.8,chromobius,d435b0738dddff8c9c97098fbc8c7601cea70b25c1fde457f60a1d44276b0181,"{""d"":9,""p"":0.0001,""r"":36}",
      6144,         0,         0,   0.444,chromobius,0dfcdd01ff4b129ab320feaad1507a83a0f4fb7df5fe137633177dbc129fb064,"{""d"":9,""p"":0.0002592943797404667,""r"":36}",
      8192,         0,         0,   0.606,chromobius,0dfcdd01ff4b129ab320feaad1507a83a0f4fb7df5fe137633177dbc129fb064,"{""d"":9,""p"":0.0002592943797404667,""r"":36}",
      9216,         0,         0,   0.807,chromobius,0dfcdd01ff4b129ab320feaad1507a83a0f4fb7df5fe137633177dbc129fb064,"{""d"":9,""p"":0.0002592943797404667,""r"":36}",
     12288,         2,         0,    1.16,chromobius,0dfcdd01ff4b129ab320feaad1507a83a0f4fb7df5fe137633177dbc129fb064,"{""d"":9,""p"":0.0002592943797404667,""r"":36}",
     20480,         0,         0,    1.58,chromobius,0dfcdd01ff4b129ab320feaad1507a83a0f4fb7df5fe137633177dbc129fb064,"{""d"":9,""p"":0.0002592943797404667,""r"":36}",
   1699840,         5,         0,    62.8,chromobius,bb28022bf77a548706203d2a8e339b5057b78055ca6aad7d1ae7a7ea4ee6aa4b,"{""d"":9,""p"":0.00011721022975334806,""r"":36}",
     29696,         1,         0,    2.22,chromobius,0dfcdd01ff4b129ab320feaad1507a83a0f4fb7df5fe137633177dbc129fb064,"{""d"":9,""p"":0.0002592943797404667,""r"":36}",
   1373184,         9,         0,    62.9,chromobius,fed76d20d5fd81bb6f542ec7d6f52dfb462d8fe8219a1fa3276e2c0348ad7d17,"{""d"":9,""p"":0.00013738237958832623,""r"":36}",
     39936,         0,         0,    3.05,chromobius,0dfcdd01ff4b129ab320feaad1507a83a0f4fb7df5fe137633177dbc129fb064,"{""d"":9,""p"":0.0002592943797404667,""r"":36}",
     57344,         0,         0,    4.28,chromobius,0dfcdd01ff4b129ab320feaad1507a83a0f4fb7df5fe137633177dbc129fb064,"{""d"":9,""p"":0.0002592943797404667,""r"":36}",
   1211392,        15,         0,    62.9,chromobius,b5851194cf290fd709500745feca8dc49bcfa22d4359a14ae15a712ab4fa5c35,"{""d"":9,""p"":0.00016102620275609394,""r"":36}",
     81920,         6,         0,    6.03,chromobius,0dfcdd01ff4b129ab320feaad1507a83a0f4fb7df5fe137633177dbc129fb064,"{""d"":9,""p"":0.0002592943797404667,""r"":36}",
   1129472,        20,         0,    62.9,chromobius,6687fea3cc864593b490e109dc3cba5edc69f7a41cc6c37a5e4e634b7332917b,"{""d"":9,""p"":0.00018873918221350977,""r"":36}",
    113664,         8,         0,    8.39,chromobius,0dfcdd01ff4b129ab320feaad1507a83a0f4fb7df5fe137633177dbc129fb064,"{""d"":9,""p"":0.0002592943797404667,""r"":36}",
    158720,         7,         0,    11.7,chromobius,0dfcdd01ff4b129ab320feaad1507a83a0f4fb7df5fe137633177dbc129fb064,"{""d"":9,""p"":0.0002592943797404667,""r"":36}",
    643072,        22,         0,    45.0,chromobius,b2fdedaf2736c49aeeac6ff3824ec0c0e2579b4bfa3da33f49b4a4ea803176fa,"{""d"":9,""p"":0.000221221629107045,""r"":36}",
    221184,        12,         0,    16.4,chromobius,0dfcdd01ff4b129ab320feaad1507a83a0f4fb7df5fe137633177dbc129fb064,"{""d"":9,""p"":0.0002592943797404667,""r"":36}",
    308224,         8,         0,    23.0,chromobius,0dfcdd01ff4b129ab320feaad1507a83a0f4fb7df5fe137633177dbc129fb064,"{""d"":9,""p"":0.0002592943797404667,""r"":36}",
   2659328,         8,         0,    87.9,chromobius,d435b0738dddff8c9c97098fbc8c7601cea70b25c1fde457f60a1d44276b0181,"{""d"":9,""p"":0.0001,""r"":36}",
   2299904,        11,         0,    88.0,chromobius,bb28022bf77a548706203d2a8e339b5057b78055ca6aad7d1ae7a7ea4ee6aa4b,"{""d"":9,""p"":0.00011721022975334806,""r"":36}",
   1977344,         6,         0,    88.0,chromobius,fed76d20d5fd81bb6f542ec7d6f52dfb462d8fe8219a1fa3276e2c0348ad7d17,"{""d"":9,""p"":0.00013738237958832623,""r"":36}",
  10285056,       378,         0,   119.0,chromobius,e02b5096dca48cc4a5ffcdf8cee6c1ee2eb16dc80964c2f02e3f3d8384a6ed27,"{""d"":7,""p"":0.0001,""r"":28}",
   8791040,       452,         0,   119.1,chromobius,d89637c9180c53cca4dbdfc28780b8f33189e70b9b7c32c384aa6b9f31232628,"{""d"":7,""p"":0.00011721022975334806,""r"":28}",
   7716864,       636,         0,   119.2,chromobius,eee084ee67f7244aad6f968a9d9cd1ca5c965523f4a7328894b967b71503a975,"{""d"":7,""p"":0.00013738237958832623,""r"":28}",
   7249920,       846,         0,   119.3,chromobius,1933d8422a70a28b200ba6e5df7de5ea2c9ef909684c1f6977ed6ce1abc42aba,"{""d"":7,""p"":0.00016102620275609394,""r"":28}",
   5788672,      1061,         0,   119.4,chromobius,2ddc0a238ccb09e01767d647afd01fda8e756ad84c508d6ed237ad3699d839fe,"{""d"":7,""p"":0.00018873918221350977,""r"":28}",
   1694720,        12,         0,    88.1,chromobius,b5851194cf290fd709500745feca8dc49bcfa22d4359a14ae15a712ab4fa5c35,"{""d"":9,""p"":0.00016102620275609394,""r"":36}",
    934912,        17,         0,    62.9,chromobius,b2fdedaf2736c49aeeac6ff3824ec0c0e2579b4bfa3da33f49b4a4ea803176fa,"{""d"":9,""p"":0.000221221629107045,""r"":36}",
    427008,        20,         0,    32.1,chromobius,0dfcdd01ff4b129ab320feaad1507a83a0f4fb7df5fe137633177dbc129fb064,"{""d"":9,""p"":0.0002592943797404667,""r"":36}",
   1589248,        28,         0,    88.0,chromobius,6687fea3cc864593b490e109dc3cba5edc69f7a41cc6c37a5e4e634b7332917b,"{""d"":9,""p"":0.00018873918221350977,""r"":36}",
   3046255,       128,         0,    35.4,chromobius,e02b5096dca48cc4a5ffcdf8cee6c1ee2eb16dc80964c2f02e3f3d8384a6ed27,"{""d"":7,""p"":0.0001,""r"":28}",
       273,         0,         0,   0.033,chromobius,30d092a27127e07d56becbbf1546af9bdf9fdd9ded693d4bc16433098a42466d,"{""d"":9,""p"":0.0003039195382313198,""r"":36}",
      1024,         0,         0,   0.104,chromobius,30d092a27127e07d56becbbf1546af9bdf9fdd9ded693d4bc16433098a42466d,"{""d"":9,""p"":0.0003039195382313198,""r"":36}",
      1024,         0,         0,   0.102,chromobius,30d092a27127e07d56becbbf1546af9bdf9fdd9ded693d4bc16433098a42466d,"{""d"":9,""p"":0.0003039195382313198,""r"":36}",
      1024,         0,         0,   0.097,chromobius,30d092a27127e07d56becbbf1546af9bdf9fdd9ded693d4bc16433098a42466d,"{""d"":9,""p"":0.0003039195382313198,""r"":36}",
      1024,         0,         0,   0.098,chromobius,30d092a27127e07d56becbbf1546af9bdf9fdd9ded693d4bc16433098a42466d,"{""d"":9,""p"":0.0003039195382313198,""r"":36}",
      1024,         0,         0,   0.101,chromobius,30d092a27127e07d56becbbf1546af9bdf9fdd9ded693d4bc16433098a42466d,"{""d"":9,""p"":0.0003039195382313198,""r"":36}",
      1024,         0,         0,   0.101,chromobius,30d092a27127e07d56becbbf1546af9bdf9fdd9ded693d4bc16433098a42466d,"{""d"":9,""p"":0.0003039195382313198,""r"":36}",
      2048,         0,         0,   0.200,chromobius,30d092a27127e07d56becbbf1546af9bdf9fdd9ded693d4bc16433098a42466d,"{""d"":9,""p"":0.0003039195382313198,""r"":36}",
      2048,         0,         0,   0.199,chromobius,30d092a27127e07d56becbbf1546af9bdf9fdd9ded693d4bc16433098a42466d,"{""d"":9,""p"":0.0003039195382313198,""r"":36}",
      3072,         0,         0,   0.299,chromobius,30d092a27127e07d56becbbf1546af9bdf9fdd9ded693d4bc16433098a42466d,"{""d"":9,""p"":0.0003039195382313198,""r"":36}",
      3072,         0,         0,   0.304,chromobius,30d092a27127e07d56becbbf1546af9bdf9fdd9ded693d4bc16433098a42466d,"{""d"":9,""p"":0.0003039195382313198,""r"":36}",
      5120,         0,         0,   0.503,chromobius,30d092a27127e07d56becbbf1546af9bdf9fdd9ded693d4bc16433098a42466d,"{""d"":9,""p"":0.0003039195382313198,""r"":36}",
      6144,         1,         0,   0.600,chromobius,30d092a27127e07d56becbbf1546af9bdf9fdd9ded693d4bc16433098a42466d,"{""d"":9,""p"":0.0003039195382313198,""r"":36}",
      8192,         2,         0,   0.804,chromobius,30d092a27127e07d56becbbf1546af9bdf9fdd9ded693d4bc16433098a42466d,"{""d"":9,""p"":0.0003039195382313198,""r"":36}",
     12288,         2,         0,    1.19,chromobius,30d092a27127e07d56becbbf1546af9bdf9fdd9ded693d4bc16433098a42466d,"{""d"":9,""p"":0.0003039195382313198,""r"":36}",
   1865728,       306,         0,    40.1,chromobius,2ddc0a238ccb09e01767d647afd01fda8e756ad84c508d6ed237ad3699d839fe,"{""d"":7,""p"":0.00018873918221350977,""r"":28}",
     15360,         3,         0,    1.63,chromobius,30d092a27127e07d56becbbf1546af9bdf9fdd9ded693d4bc16433098a42466d,"{""d"":9,""p"":0.0003039195382313198,""r"":36}",
       273,         0,         0,   0.034,chromobius,742af1cb29ef6ea93558332c302ac2b3ef6b21d1638a1ee669c7704ffb700372,"{""d"":9,""p"":0.0003562247890262444,""r"":36}",
      1024,         0,         0,   0.116,chromobius,742af1cb29ef6ea93558332c302ac2b3ef6b21d1638a1ee669c7704ffb700372,"{""d"":9,""p"":0.0003562247890262444,""r"":36}",
      1024,         0,         0,   0.115,chromobius,742af1cb29ef6ea93558332c302ac2b3ef6b21d1638a1ee669c7704ffb700372,"{""d"":9,""p"":0.0003562247890262444,""r"":36}",
      1024,         1,         0,   0.106,chromobius,742af1cb29ef6ea93558332c302ac2b3ef6b21d1638a1ee669c7704ffb700372,"{""d"":9,""p"":0.0003562247890262444,""r"":36}",
      1024,         0,         0,   0.111,chromobius,742af1cb29ef6ea93558332c302ac2b3ef6b21d1638a1ee669c7704ffb700372,"{""d"":9,""p"":0.0003562247890262444,""r"":36}",
      1024,         0,         0,   0.109,chromobius,742af1cb29ef6ea93558332c302ac2b3ef6b21d1638a1ee669c7704ffb700372,"{""d"":9,""p"":0.0003562247890262444,""r"":36}",
      1024,         0,         0,   0.108,chromobius,742af1cb29ef6ea93558332c302ac2b3ef6b21d1638a1ee669c7704ffb700372,"{""d"":9,""p"":0.0003562247890262444,""r"":36}",
      2048,         0,         0,   0.212,chromobius,742af1cb29ef6ea93558332c302ac2b3ef6b21d1638a1ee669c7704ffb700372,"{""d"":9,""p"":0.0003562247890262444,""r"":36}",
      2048,         0,         0,   0.222,chromobius,742af1cb29ef6ea93558332c302ac2b3ef6b21d1638a1ee669c7704ffb700372,"{""d"":9,""p"":0.0003562247890262444,""r"":36}",
      2048,         0,         0,   0.229,chromobius,742af1cb29ef6ea93558332c302ac2b3ef6b21d1638a1ee669c7704ffb700372,"{""d"":9,""p"":0.0003562247890262444,""r"":36}",
      3072,         2,         0,   0.336,chromobius,742af1cb29ef6ea93558332c302ac2b3ef6b21d1638a1ee669c7704ffb700372,"{""d"":9,""p"":0.0003562247890262444,""r"":36}",
     22528,         3,         0,    2.20,chromobius,30d092a27127e07d56becbbf1546af9bdf9fdd9ded693d4bc16433098a42466d,"{""d"":9,""p"":0.0003039195382313198,""r"":36}",
      4096,         0,         0,   0.436,chromobius,742af1cb29ef6ea93558332c302ac2b3ef6b21d1638a1ee669c7704ffb700372,"{""d"":9,""p"":0.0003562247890262444,""r"":36}",
      6144,         1,         0,   0.645,chromobius,742af1cb29ef6ea93558332c302ac2b3ef6b21d1638a1ee669c7704ffb700372,"{""d"":9,""p"":0.0003562247890262444,""r"":36}",
      8192,         0,         0,   0.854,chromobius,742af1cb29ef6ea93558332c302ac2b3ef6b21d1638a1ee669c7704ffb700372,"{""d"":9,""p"":0.0003562247890262444,""r"":36}",
     11264,         3,         0,    1.22,chromobius,742af1cb29ef6ea93558332c302ac2b3ef6b21d1638a1ee669c7704ffb700372,"{""d"":9,""p"":0.0003562247890262444,""r"":36}",
     31744,         6,         0,    3.11,chromobius,30d092a27127e07d56becbbf1546af9bdf9fdd9ded693d4bc16433098a42466d,"{""d"":9,""p"":0.0003039195382313198,""r"":36}",
     15360,         6,         0,    1.66,chromobius,742af1cb29ef6ea93558332c302ac2b3ef6b21d1638a1ee669c7704ffb700372,"{""d"":9,""p"":0.0003562247890262444,""r"":36}",
     20480,         3,         0,    2.18,chromobius,742af1cb29ef6ea93558332c302ac2b3ef6b21d1638a1ee669c7704ffb700372,"{""d"":9,""p"":0.0003562247890262444,""r"":36}",
     45056,         3,         0,    4.27,chromobius,30d092a27127e07d56becbbf1546af9bdf9fdd9ded693d4bc16433098a42466d,"{""d"":9,""p"":0.0003039195382313198,""r"":36}",
     29696,         3,         0,    3.09,chromobius,742af1cb29ef6ea93558332c302ac2b3ef6b21d1638a1ee669c7704ffb700372,"{""d"":9,""p"":0.0003562247890262444,""r"":36}",
     62464,         2,         0,    5.99,chromobius,30d092a27127e07d56becbbf1546af9bdf9fdd9ded693d4bc16433098a42466d,"{""d"":9,""p"":0.0003039195382313198,""r"":36}",
    592896,        27,         0,    45.0,chromobius,0dfcdd01ff4b129ab320feaad1507a83a0f4fb7df5fe137633177dbc129fb064,"{""d"":9,""p"":0.0002592943797404667,""r"":36}",
     40960,         7,         0,    4.32,chromobius,742af1cb29ef6ea93558332c302ac2b3ef6b21d1638a1ee669c7704ffb700372,"{""d"":9,""p"":0.0003562247890262444,""r"":36}",
     57344,        10,         0,    6.05,chromobius,742af1cb29ef6ea93558332c302ac2b3ef6b21d1638a1ee669c7704ffb700372,"{""d"":9,""p"":0.0003562247890262444,""r"":36}",
     88064,         7,         0,    8.43,chromobius,30d092a27127e07d56becbbf1546af9bdf9fdd9ded693d4bc16433098a42466d,"{""d"":9,""p"":0.0003039195382313198,""r"":36}",
     80896,        10,         0,    8.45,chromobius,742af1cb29ef6ea93558332c302ac2b3ef6b21d1638a1ee669c7704ffb700372,"{""d"":9,""p"":0.0003562247890262444,""r"":36}",
    126976,         9,         0,    11.7,chromobius,30d092a27127e07d56becbbf1546af9bdf9fdd9ded693d4bc16433098a42466d,"{""d"":9,""p"":0.0003039195382313198,""r"":36}",
    113664,        23,         0,    11.8,chromobius,742af1cb29ef6ea93558332c302ac2b3ef6b21d1638a1ee669c7704ffb700372,"{""d"":9,""p"":0.0003562247890262444,""r"":36}",
    179200,        23,         0,    16.4,chromobius,30d092a27127e07d56becbbf1546af9bdf9fdd9ded693d4bc16433098a42466d,"{""d"":9,""p"":0.0003039195382313198,""r"":36}",
   1320960,        52,         0,    88.1,chromobius,b2fdedaf2736c49aeeac6ff3824ec0c0e2579b4bfa3da33f49b4a4ea803176fa,"{""d"":9,""p"":0.000221221629107045,""r"":36}",
    158720,        23,         0,    16.5,chromobius,742af1cb29ef6ea93558332c302ac2b3ef6b21d1638a1ee669c7704ffb700372,"{""d"":9,""p"":0.0003562247890262444,""r"":36}",
   3477504,         8,         0,   119.6,chromobius,d435b0738dddff8c9c97098fbc8c7601cea70b25c1fde457f60a1d44276b0181,"{""d"":9,""p"":0.0001,""r"":36}",
   3010560,        13,         0,   119.7,chromobius,bb28022bf77a548706203d2a8e339b5057b78055ca6aad7d1ae7a7ea4ee6aa4b,"{""d"":9,""p"":0.00011721022975334806,""r"":36}",
    235520,        23,         0,    22.9,chromobius,30d092a27127e07d56becbbf1546af9bdf9fdd9ded693d4bc16433098a42466d,"{""d"":9,""p"":0.0003039195382313198,""r"":36}",
   2733056,        14,         0,   119.7,chromobius,fed76d20d5fd81bb6f542ec7d6f52dfb462d8fe8219a1fa3276e2c0348ad7d17,"{""d"":9,""p"":0.00013738237958832623,""r"":36}",
   8459264,       472,         0,   119.1,chromobius,d89637c9180c53cca4dbdfc28780b8f33189e70b9b7c32c384aa6b9f31232628,"{""d"":7,""p"":0.00011721022975334806,""r"":28}",
   7444480,       612,         0,   119.2,chromobius,eee084ee67f7244aad6f968a9d9cd1ca5c965523f4a7328894b967b71503a975,"{""d"":7,""p"":0.00013738237958832623,""r"":28}",
   7223296,       843,         0,   119.3,chromobius,1933d8422a70a28b200ba6e5df7de5ea2c9ef909684c1f6977ed6ce1abc42aba,"{""d"":7,""p"":0.00016102620275609394,""r"":28}",
    831488,        39,         0,    62.9,chromobius,0dfcdd01ff4b129ab320feaad1507a83a0f4fb7df5fe137633177dbc129fb064,"{""d"":9,""p"":0.0002592943797404667,""r"":36}",
   2331648,        26,         0,   119.7,chromobius,b5851194cf290fd709500745feca8dc49bcfa22d4359a14ae15a712ab4fa5c35,"{""d"":9,""p"":0.00016102620275609394,""r"":36}",
    223232,        28,         0,    22.9,chromobius,742af1cb29ef6ea93558332c302ac2b3ef6b21d1638a1ee669c7704ffb700372,"{""d"":9,""p"":0.0003562247890262444,""r"":36}",
   2191360,        33,         0,   119.8,chromobius,6687fea3cc864593b490e109dc3cba5edc69f7a41cc6c37a5e4e634b7332917b,"{""d"":9,""p"":0.00018873918221350977,""r"":36}",
   1461103,        82,         0,    20.5,chromobius,d89637c9180c53cca4dbdfc28780b8f33189e70b9b7c32c384aa6b9f31232628,"{""d"":7,""p"":0.00011721022975334806,""r"":28}",
       273,         0,         0,   0.036,chromobius,6d41e118d1a362c7e7053d396bba9ba23f4a95e7f59e9b24df6c614891a07073,"{""d"":9,""p"":0.00041753189365604,""r"":36}",
      1024,         0,         0,   0.132,chromobius,6d41e118d1a362c7e7053d396bba9ba23f4a95e7f59e9b24df6c614891a07073,"{""d"":9,""p"":0.00041753189365604,""r"":36}",
      1024,         0,         0,   0.130,chromobius,6d41e118d1a362c7e7053d396bba9ba23f4a95e7f59e9b24df6c614891a07073,"{""d"":9,""p"":0.00041753189365604,""r"":36}",
      1024,         0,         0,   0.126,chromobius,6d41e118d1a362c7e7053d396bba9ba23f4a95e7f59e9b24df6c614891a07073,"{""d"":9,""p"":0.00041753189365604,""r"":36}",
      1024,         1,         0,   0.119,chromobius,6d41e118d1a362c7e7053d396bba9ba23f4a95e7f59e9b24df6c614891a07073,"{""d"":9,""p"":0.00041753189365604,""r"":36}",
      1024,         0,         0,   0.126,chromobius,6d41e118d1a362c7e7053d396bba9ba23f4a95e7f59e9b24df6c614891a07073,"{""d"":9,""p"":0.00041753189365604,""r"":36}",
      1024,         0,         0,   0.122,chromobius,6d41e118d1a362c7e7053d396bba9ba23f4a95e7f59e9b24df6c614891a07073,"{""d"":9,""p"":0.00041753189365604,""r"":36}",
      1024,         0,         0,   0.126,chromobius,6d41e118d1a362c7e7053d396bba9ba23f4a95e7f59e9b24df6c614891a07073,"{""d"":9,""p"":0.00041753189365604,""r"":36}",
      2048,         0,         0,   0.264,chromobius,6d41e118d1a362c7e7053d396bba9ba23f4a95e7f59e9b24df6c614891a07073,"{""d"":9,""p"":0.00041753189365604,""r"":36}",
      2048,         0,         0,   0.272,chromobius,6d41e118d1a362c7e7053d396bba9ba23f4a95e7f59e9b24df6c614891a07073,"{""d"":9,""p"":0.00041753189365604,""r"":36}",
      3072,         0,         0,   0.396,chromobius,6d41e118d1a362c7e7053d396bba9ba23f4a95e7f59e9b24df6c614891a07073,"{""d"":9,""p"":0.00041753189365604,""r"":36}",
      4096,         1,         0,   0.518,chromobius,6d41e118d1a362c7e7053d396bba9ba23f4a95e7f59e9b24df6c614891a07073,"{""d"":9,""p"":0.00041753189365604,""r"":36}",
      5120,         0,         0,   0.640,chromobius,6d41e118d1a362c7e7053d396bba9ba23f4a95e7f59e9b24df6c614891a07073,"{""d"":9,""p"":0.00041753189365604,""r"":36}",
      7168,         1,         0,   0.885,chromobius,6d41e118d1a362c7e7053d396bba9ba23f4a95e7f59e9b24df6c614891a07073,"{""d"":9,""p"":0.00041753189365604,""r"":36}",
      9216,         1,         0,    1.16,chromobius,6d41e118d1a362c7e7053d396bba9ba23f4a95e7f59e9b24df6c614891a07073,"{""d"":9,""p"":0.00041753189365604,""r"":36}",
     13312,         2,         0,    1.66,chromobius,6d41e118d1a362c7e7053d396bba9ba23f4a95e7f59e9b24df6c614891a07073,"{""d"":9,""p"":0.00041753189365604,""r"":36}",
    336896,        28,         0,    32.2,chromobius,30d092a27127e07d56becbbf1546af9bdf9fdd9ded693d4bc16433098a42466d,"{""d"":9,""p"":0.0003039195382313198,""r"":36}",
     18432,         5,         0,    2.27,chromobius,6d41e118d1a362c7e7053d396bba9ba23f4a95e7f59e9b24df6c614891a07073,"{""d"":9,""p"":0.00041753189365604,""r"":36}",
     24576,         8,         0,    3.09,chromobius,6d41e118d1a362c7e7053d396bba9ba23f4a95e7f59e9b24df6c614891a07073,"{""d"":9,""p"":0.00041753189365604,""r"":36}",
    300032,        37,         0,    32.1,chromobius,742af1cb29ef6ea93558332c302ac2b3ef6b21d1638a1ee669c7704ffb700372,"{""d"":9,""p"":0.0003562247890262444,""r"":36}",
     34816,        10,         0,    4.36,chromobius,6d41e118d1a362c7e7053d396bba9ba23f4a95e7f59e9b24df6c614891a07073,"{""d"":9,""p"":0.00041753189365604,""r"":36}",
     49152,        18,         0,    6.06,chromobius,6d41e118d1a362c7e7053d396bba9ba23f4a95e7f59e9b24df6c614891a07073,"{""d"":9,""p"":0.00041753189365604,""r"":36}",
   2570240,       284,         0,    42.9,chromobius,1933d8422a70a28b200ba6e5df7de5ea2c9ef909684c1f6977ed6ce1abc42aba,"{""d"":7,""p"":0.00016102620275609394,""r"":28}",
       273,         0,         0,   0.040,chromobius,9d0476e44504ea42c90914d9139eb472c15d27ebc36193e96fd23d4ae522fef0,"{""d"":9,""p"":0.0004893900918477494,""r"":36}",
      1024,         0,         0,   0.164,chromobius,9d0476e44504ea42c90914d9139eb472c15d27ebc36193e96fd23d4ae522fef0,"{""d"":9,""p"":0.0004893900918477494,""r"":36}",
      1024,         0,         0,   0.162,chromobius,9d0476e44504ea42c90914d9139eb472c15d27ebc36193e96fd23d4ae522fef0,"{""d"":9,""p"":0.0004893900918477494,""r"":36}",
      1024,         1,         0,   0.160,chromobius,9d0476e44504ea42c90914d9139eb472c15d27ebc36193e96fd23d4ae522fef0,"{""d"":9,""p"":0.0004893900918477494,""r"":36}",
      1024,         0,         0,   0.191,chromobius,9d0476e44504ea42c90914d9139eb472c15d27ebc36193e96fd23d4ae522fef0,"{""d"":9,""p"":0.0004893900918477494,""r"":36}",
      1024,         3,         0,   0.166,chromobius,9d0476e44504ea42c90914d9139eb472c15d27ebc36193e96fd23d4ae522fef0,"{""d"":9,""p"":0.0004893900918477494,""r"":36}",
      1024,         1,         0,   0.170,chromobius,9d0476e44504ea42c90914d9139eb472c15d27ebc36193e96fd23d4ae522fef0,"{""d"":9,""p"":0.0004893900918477494,""r"":36}",
      1024,         0,         0,   0.161,chromobius,9d0476e44504ea42c90914d9139eb472c15d27ebc36193e96fd23d4ae522fef0,"{""d"":9,""p"":0.0004893900918477494,""r"":36}",
      1024,         1,         0,   0.163,chromobius,9d0476e44504ea42c90914d9139eb472c15d27ebc36193e96fd23d4ae522fef0,"{""d"":9,""p"":0.0004893900918477494,""r"":36}",
      2048,         1,         0,   0.335,chromobius,9d0476e44504ea42c90914d9139eb472c15d27ebc36193e96fd23d4ae522fef0,"{""d"":9,""p"":0.0004893900918477494,""r"":36}",
      2048,         0,         0,   0.317,chromobius,9d0476e44504ea42c90914d9139eb472c15d27ebc36193e96fd23d4ae522fef0,"{""d"":9,""p"":0.0004893900918477494,""r"":36}",
      3072,         4,         0,   0.491,chromobius,9d0476e44504ea42c90914d9139eb472c15d27ebc36193e96fd23d4ae522fef0,"{""d"":9,""p"":0.0004893900918477494,""r"":36}",
      4096,         1,         0,   0.665,chromobius,9d0476e44504ea42c90914d9139eb472c15d27ebc36193e96fd23d4ae522fef0,"{""d"":9,""p"":0.0004893900918477494,""r"":36}",
      5120,         1,         0,   0.818,chromobius,9d0476e44504ea42c90914d9139eb472c15d27ebc36193e96fd23d4ae522fef0,"{""d"":9,""p"":0.0004893900918477494,""r"":36}",
      7168,         4,         0,    1.13,chromobius,9d0476e44504ea42c90914d9139eb472c15d27ebc36193e96fd23d4ae522fef0,"{""d"":9,""p"":0.0004893900918477494,""r"":36}",
     10240,         3,         0,    1.62,chromobius,9d0476e44504ea42c90914d9139eb472c15d27ebc36193e96fd23d4ae522fef0,"{""d"":9,""p"":0.0004893900918477494,""r"":36}",
     68608,        16,         0,    8.44,chromobius,6d41e118d1a362c7e7053d396bba9ba23f4a95e7f59e9b24df6c614891a07073,"{""d"":9,""p"":0.00041753189365604,""r"":36}",
     14336,         8,         0,    2.21,chromobius,9d0476e44504ea42c90914d9139eb472c15d27ebc36193e96fd23d4ae522fef0,"{""d"":9,""p"":0.0004893900918477494,""r"":36}",
     20480,         8,         0,    3.15,chromobius,9d0476e44504ea42c90914d9139eb472c15d27ebc36193e96fd23d4ae522fef0,"{""d"":9,""p"":0.0004893900918477494,""r"":36}",
     27648,         8,         0,    4.37,chromobius,9d0476e44504ea42c90914d9139eb472c15d27ebc36193e96fd23d4ae522fef0,"{""d"":9,""p"":0.0004893900918477494,""r"":36}",
     94208,        21,         0,    11.8,chromobius,6d41e118d1a362c7e7053d396bba9ba23f4a95e7f59e9b24df6c614891a07073,"{""d"":9,""p"":0.00041753189365604,""r"":36}",
     38912,        20,         0,    6.12,chromobius,9d0476e44504ea42c90914d9139eb472c15d27ebc36193e96fd23d4ae522fef0,"{""d"":9,""p"":0.0004893900918477494,""r"":36}",
    472064,        41,         0,    45.0,chromobius,30d092a27127e07d56becbbf1546af9bdf9fdd9ded693d4bc16433098a42466d,"{""d"":9,""p"":0.0003039195382313198,""r"":36}",
     54272,        26,         0,    8.49,chromobius,9d0476e44504ea42c90914d9139eb472c15d27ebc36193e96fd23d4ae522fef0,"{""d"":9,""p"":0.0004893900918477494,""r"":36}",
    131072,        35,         0,    16.4,chromobius,6d41e118d1a362c7e7053d396bba9ba23f4a95e7f59e9b24df6c614891a07073,"{""d"":9,""p"":0.00041753189365604,""r"":36}",
    425984,        74,         0,    45.0,chromobius,742af1cb29ef6ea93558332c302ac2b3ef6b21d1638a1ee669c7704ffb700372,"{""d"":9,""p"":0.0003562247890262444,""r"":36}",
     75776,        24,         0,    11.8,chromobius,9d0476e44504ea42c90914d9139eb472c15d27ebc36193e96fd23d4ae522fef0,"{""d"":9,""p"":0.0004893900918477494,""r"":36}",
   1117184,        56,         0,    88.1,chromobius,0dfcdd01ff4b129ab320feaad1507a83a0f4fb7df5fe137633177dbc129fb064,"{""d"":9,""p"":0.0002592943797404667,""r"":36}",
   1761280,        44,         0,   119.8,chromobius,b2fdedaf2736c49aeeac6ff3824ec0c0e2579b4bfa3da33f49b4a4ea803176fa,"{""d"":9,""p"":0.000221221629107045,""r"":36}",
    187392,        47,         0,    23.0,chromobius,6d41e118d1a362c7e7053d396bba9ba23f4a95e7f59e9b24df6c614891a07073,"{""d"":9,""p"":0.00041753189365604,""r"":36}",
    105472,        39,         0,    16.5,chromobius,9d0476e44504ea42c90914d9139eb472c15d27ebc36193e96fd23d4ae522fef0,"{""d"":9,""p"":0.0004893900918477494,""r"":36}",
   3529728,         2,         0,   119.6,chromobius,d435b0738dddff8c9c97098fbc8c7601cea70b25c1fde457f60a1d44276b0181,"{""d"":9,""p"":0.0001,""r"":36}",
   7052143,       593,         0,   112.3,chromobius,eee084ee67f7244aad6f968a9d9cd1ca5c965523f4a7328894b967b71503a975,"{""d"":7,""p"":0.00013738237958832623,""r"":28}",
       273,         0,         0,   0.054,chromobius,a531c234232457d726b5a1c54e5060adc9de1e39ba8612280364d5e97fe72b9f,"{""d"":9,""p"":0.0005736152510448681,""r"":36}",
      1024,         0,         0,   0.192,chromobius,a531c234232457d726b5a1c54e5060adc9de1e39ba8612280364d5e97fe72b9f,"{""d"":9,""p"":0.0005736152510448681,""r"":36}",
   3077120,        12,         0,   119.7,chromobius,bb28022bf77a548706203d2a8e339b5057b78055ca6aad7d1ae7a7ea4ee6aa4b,"{""d"":9,""p"":0.00011721022975334806,""r"":36}",
      1024,         0,         0,   0.192,chromobius,a531c234232457d726b5a1c54e5060adc9de1e39ba8612280364d5e97fe72b9f,"{""d"":9,""p"":0.0005736152510448681,""r"":36}",
      1024,         1,         0,   0.191,chromobius,a531c234232457d726b5a1c54e5060adc9de1e39ba8612280364d5e97fe72b9f,"{""d"":9,""p"":0.0005736152510448681,""r"":36}",
      1024,         0,         0,   0.187,chromobius,a531c234232457d726b5a1c54e5060adc9de1e39ba8612280364d5e97fe72b9f,"{""d"":9,""p"":0.0005736152510448681,""r"":36}",
      1024,         0,         0,   0.171,chromobius,a531c234232457d726b5a1c54e5060adc9de1e39ba8612280364d5e97fe72b9f,"{""d"":9,""p"":0.0005736152510448681,""r"":36}",
      1024,         0,         0,   0.183,chromobius,a531c234232457d726b5a1c54e5060adc9de1e39ba8612280364d5e97fe72b9f,"{""d"":9,""p"":0.0005736152510448681,""r"":36}",
      1024,         3,         0,   0.178,chromobius,a531c234232457d726b5a1c54e5060adc9de1e39ba8612280364d5e97fe72b9f,"{""d"":9,""p"":0.0005736152510448681,""r"":36}",
      1024,         0,         0,   0.181,chromobius,a531c234232457d726b5a1c54e5060adc9de1e39ba8612280364d5e97fe72b9f,"{""d"":9,""p"":0.0005736152510448681,""r"":36}",
      2048,         1,         0,   0.375,chromobius,a531c234232457d726b5a1c54e5060adc9de1e39ba8612280364d5e97fe72b9f,"{""d"":9,""p"":0.0005736152510448681,""r"":36}",
      2048,         1,         0,   0.366,chromobius,a531c234232457d726b5a1c54e5060adc9de1e39ba8612280364d5e97fe72b9f,"{""d"":9,""p"":0.0005736152510448681,""r"":36}",
      3072,         1,         0,   0.565,chromobius,a531c234232457d726b5a1c54e5060adc9de1e39ba8612280364d5e97fe72b9f,"{""d"":9,""p"":0.0005736152510448681,""r"":36}",
      4096,         3,         0,   0.752,chromobius,a531c234232457d726b5a1c54e5060adc9de1e39ba8612280364d5e97fe72b9f,"{""d"":9,""p"":0.0005736152510448681,""r"":36}",
   2661376,        20,         0,   119.7,chromobius,fed76d20d5fd81bb6f542ec7d6f52dfb462d8fe8219a1fa3276e2c0348ad7d17,"{""d"":9,""p"":0.00013738237958832623,""r"":36}",
      5120,         4,         0,   0.917,chromobius,a531c234232457d726b5a1c54e5060adc9de1e39ba8612280364d5e97fe72b9f,"{""d"":9,""p"":0.0005736152510448681,""r"":36}",
      6144,         8,         0,    1.12,chromobius,a531c234232457d726b5a1c54e5060adc9de1e39ba8612280364d5e97fe72b9f,"{""d"":9,""p"":0.0005736152510448681,""r"":36}",
      9216,        13,         0,    1.68,chromobius,a531c234232457d726b5a1c54e5060adc9de1e39ba8612280364d5e97fe72b9f,"{""d"":9,""p"":0.0005736152510448681,""r"":36}",
     12288,         6,         0,    2.25,chromobius,a531c234232457d726b5a1c54e5060adc9de1e39ba8612280364d5e97fe72b9f,"{""d"":9,""p"":0.0005736152510448681,""r"":36}",
   2296832,        20,         0,   119.8,chromobius,b5851194cf290fd709500745feca8dc49bcfa22d4359a14ae15a712ab4fa5c35,"{""d"":9,""p"":0.00016102620275609394,""r"":36}",
     17408,        14,         0,    3.16,chromobius,a531c234232457d726b5a1c54e5060adc9de1e39ba8612280364d5e97fe72b9f,"{""d"":9,""p"":0.0005736152510448681,""r"":36}",
    149504,        66,         0,    23.1,chromobius,9d0476e44504ea42c90914d9139eb472c15d27ebc36193e96fd23d4ae522fef0,"{""d"":9,""p"":0.0004893900918477494,""r"":36}",
     24576,        14,         0,    4.44,chromobius,a531c234232457d726b5a1c54e5060adc9de1e39ba8612280364d5e97fe72b9f,"{""d"":9,""p"":0.0005736152510448681,""r"":36}",
    252928,        63,         0,    32.2,chromobius,6d41e118d1a362c7e7053d396bba9ba23f4a95e7f59e9b24df6c614891a07073,"{""d"":9,""p"":0.00041753189365604,""r"":36}",
     33792,        24,         0,    6.13,chromobius,a531c234232457d726b5a1c54e5060adc9de1e39ba8612280364d5e97fe72b9f,"{""d"":9,""p"":0.0005736152510448681,""r"":36}",
   2160640,        37,         0,   119.8,chromobius,6687fea3cc864593b490e109dc3cba5edc69f7a41cc6c37a5e4e634b7332917b,"{""d"":9,""p"":0.00018873918221350977,""r"":36}",
    674816,        61,         0,    63.0,chromobius,30d092a27127e07d56becbbf1546af9bdf9fdd9ded693d4bc16433098a42466d,"{""d"":9,""p"":0.0003039195382313198,""r"":36}",
    602112,        83,         0,    62.9,chromobius,742af1cb29ef6ea93558332c302ac2b3ef6b21d1638a1ee669c7704ffb700372,"{""d"":9,""p"":0.0003562247890262444,""r"":36}",
     47104,        36,         0,    8.47,chromobius,a531c234232457d726b5a1c54e5060adc9de1e39ba8612280364d5e97fe72b9f,"{""d"":9,""p"":0.0005736152510448681,""r"":36}",
     65536,        47,         0,    11.8,chromobius,a531c234232457d726b5a1c54e5060adc9de1e39ba8612280364d5e97fe72b9f,"{""d"":9,""p"":0.0005736152510448681,""r"":36}",
    210944,        88,         0,    32.2,chromobius,9d0476e44504ea42c90914d9139eb472c15d27ebc36193e96fd23d4ae522fef0,"{""d"":9,""p"":0.0004893900918477494,""r"":36}",
     91136,        61,         0,    16.5,chromobius,a531c234232457d726b5a1c54e5060adc9de1e39ba8612280364d5e97fe72b9f,"{""d"":9,""p"":0.0005736152510448681,""r"":36}",
    364544,        85,         0,    45.1,chromobius,6d41e118d1a362c7e7053d396bba9ba23f4a95e7f59e9b24df6c614891a07073,"{""d"":9,""p"":0.00041753189365604,""r"":36}",
    126976,       108,         0,    23.1,chromobius,a531c234232457d726b5a1c54e5060adc9de1e39ba8612280364d5e97fe72b9f,"{""d"":9,""p"":0.0005736152510448681,""r"":36}",
    293888,       138,         0,    45.0,chromobius,9d0476e44504ea42c90914d9139eb472c15d27ebc36193e96fd23d4ae522fef0,"{""d"":9,""p"":0.0004893900918477494,""r"":36}",
   1502208,        75,         0,   119.9,chromobius,0dfcdd01ff4b129ab320feaad1507a83a0f4fb7df5fe137633177dbc129fb064,"{""d"":9,""p"":0.0002592943797404667,""r"":36}",
   1721344,        52,         0,   119.9,chromobius,b2fdedaf2736c49aeeac6ff3824ec0c0e2579b4bfa3da33f49b4a4ea803176fa,"{""d"":9,""p"":0.000221221629107045,""r"":36}",
    959488,        67,         0,    88.1,chromobius,30d092a27127e07d56becbbf1546af9bdf9fdd9ded693d4bc16433098a42466d,"{""d"":9,""p"":0.0003039195382313198,""r"":36}",
    180224,       124,         0,    32.3,chromobius,a531c234232457d726b5a1c54e5060adc9de1e39ba8612280364d5e97fe72b9f,"{""d"":9,""p"":0.0005736152510448681,""r"":36}",
   3430400,        11,         0,   119.6,chromobius,d435b0738dddff8c9c97098fbc8c7601cea70b25c1fde457f60a1d44276b0181,"{""d"":9,""p"":0.0001,""r"":36}",
    850944,       121,         0,    88.1,chromobius,742af1cb29ef6ea93558332c302ac2b3ef6b21d1638a1ee669c7704ffb700372,"{""d"":9,""p"":0.0003562247890262444,""r"":36}",
   3072000,        15,         0,   119.6,chromobius,bb28022bf77a548706203d2a8e339b5057b78055ca6aad7d1ae7a7ea4ee6aa4b,"{""d"":9,""p"":0.00011721022975334806,""r"":36}",
   2570240,        17,         0,   119.7,chromobius,fed76d20d5fd81bb6f542ec7d6f52dfb462d8fe8219a1fa3276e2c0348ad7d17,"{""d"":9,""p"":0.00013738237958832623,""r"":36}",
    500736,       113,         0,    63.0,chromobius,6d41e118d1a362c7e7053d396bba9ba23f4a95e7f59e9b24df6c614891a07073,"{""d"":9,""p"":0.00041753189365604,""r"":36}",
   2331648,        29,         0,   119.8,chromobius,b5851194cf290fd709500745feca8dc49bcfa22d4359a14ae15a712ab4fa5c35,"{""d"":9,""p"":0.00016102620275609394,""r"":36}",
   2119680,        36,         0,   119.8,chromobius,6687fea3cc864593b490e109dc3cba5edc69f7a41cc6c37a5e4e634b7332917b,"{""d"":9,""p"":0.00018873918221350977,""r"":36}",
    416768,       193,         0,    63.0,chromobius,9d0476e44504ea42c90914d9139eb472c15d27ebc36193e96fd23d4ae522fef0,"{""d"":9,""p"":0.0004893900918477494,""r"":36}",
    257024,       214,         0,    45.1,chromobius,a531c234232457d726b5a1c54e5060adc9de1e39ba8612280364d5e97fe72b9f,"{""d"":9,""p"":0.0005736152510448681,""r"":36}",
   1541120,        93,         0,   119.8,chromobius,0dfcdd01ff4b129ab320feaad1507a83a0f4fb7df5fe137633177dbc129fb064,"{""d"":9,""p"":0.0002592943797404667,""r"":36}",
    718848,       179,         0,    88.2,chromobius,6d41e118d1a362c7e7053d396bba9ba23f4a95e7f59e9b24df6c614891a07073,"{""d"":9,""p"":0.00041753189365604,""r"":36}",
    351232,       269,         0,    63.1,chromobius,a531c234232457d726b5a1c54e5060adc9de1e39ba8612280364d5e97fe72b9f,"{""d"":9,""p"":0.0005736152510448681,""r"":36}",
   1681408,        40,         0,   119.8,chromobius,b2fdedaf2736c49aeeac6ff3824ec0c0e2579b4bfa3da33f49b4a4ea803176fa,"{""d"":9,""p"":0.000221221629107045,""r"":36}",
   1309696,       111,         0,   119.9,chromobius,30d092a27127e07d56becbbf1546af9bdf9fdd9ded693d4bc16433098a42466d,"{""d"":9,""p"":0.0003039195382313198,""r"":36}",
   3490816,         7,         0,   119.6,chromobius,d435b0738dddff8c9c97098fbc8c7601cea70b25c1fde457f60a1d44276b0181,"{""d"":9,""p"":0.0001,""r"":36}",
   1131520,       160,         0,   120.0,chromobius,742af1cb29ef6ea93558332c302ac2b3ef6b21d1638a1ee669c7704ffb700372,"{""d"":9,""p"":0.0003562247890262444,""r"":36}",
   3015680,        22,         0,   119.6,chromobius,bb28022bf77a548706203d2a8e339b5057b78055ca6aad7d1ae7a7ea4ee6aa4b,"{""d"":9,""p"":0.00011721022975334806,""r"":36}",
    564224,       236,         0,    88.2,chromobius,9d0476e44504ea42c90914d9139eb472c15d27ebc36193e96fd23d4ae522fef0,"{""d"":9,""p"":0.0004893900918477494,""r"":36}",
   2591744,         4,         0,   119.7,chromobius,fed76d20d5fd81bb6f542ec7d6f52dfb462d8fe8219a1fa3276e2c0348ad7d17,"{""d"":9,""p"":0.00013738237958832623,""r"":36}",
   2293760,        25,         0,   119.7,chromobius,b5851194cf290fd709500745feca8dc49bcfa22d4359a14ae15a712ab4fa5c35,"{""d"":9,""p"":0.00016102620275609394,""r"":36}",
   2163712,        40,         0,   119.8,chromobius,6687fea3cc864593b490e109dc3cba5edc69f7a41cc6c37a5e4e634b7332917b,"{""d"":9,""p"":0.00018873918221350977,""r"":36}",
    490496,       396,         0,    88.2,chromobius,a531c234232457d726b5a1c54e5060adc9de1e39ba8612280364d5e97fe72b9f,"{""d"":9,""p"":0.0005736152510448681,""r"":36}",
   1484800,        80,         0,   119.8,chromobius,0dfcdd01ff4b129ab320feaad1507a83a0f4fb7df5fe137633177dbc129fb064,"{""d"":9,""p"":0.0002592943797404667,""r"":36}",
    970752,       270,         0,   119.9,chromobius,6d41e118d1a362c7e7053d396bba9ba23f4a95e7f59e9b24df6c614891a07073,"{""d"":9,""p"":0.00041753189365604,""r"":36}",
   1702912,        50,         0,   119.8,chromobius,b2fdedaf2736c49aeeac6ff3824ec0c0e2579b4bfa3da33f49b4a4ea803176fa,"{""d"":9,""p"":0.000221221629107045,""r"":36}",
   1329152,       115,         0,   119.9,chromobius,30d092a27127e07d56becbbf1546af9bdf9fdd9ded693d4bc16433098a42466d,"{""d"":9,""p"":0.0003039195382313198,""r"":36}",
   3550208,         9,         0,   119.6,chromobius,d435b0738dddff8c9c97098fbc8c7601cea70b25c1fde457f60a1d44276b0181,"{""d"":9,""p"":0.0001,""r"":36}",
   1144832,       175,         0,   119.9,chromobius,742af1cb29ef6ea93558332c302ac2b3ef6b21d1638a1ee669c7704ffb700372,"{""d"":9,""p"":0.0003562247890262444,""r"":36}",
   3052544,        11,         0,   119.6,chromobius,bb28022bf77a548706203d2a8e339b5057b78055ca6aad7d1ae7a7ea4ee6aa4b,"{""d"":9,""p"":0.00011721022975334806,""r"":36}",
    778240,       338,         0,   120.0,chromobius,9d0476e44504ea42c90914d9139eb472c15d27ebc36193e96fd23d4ae522fef0,"{""d"":9,""p"":0.0004893900918477494,""r"":36}",
   2562048,        21,         0,   119.7,chromobius,fed76d20d5fd81bb6f542ec7d6f52dfb462d8fe8219a1fa3276e2c0348ad7d17,"{""d"":9,""p"":0.00013738237958832623,""r"":36}",
   2350080,        24,         0,   119.8,chromobius,b5851194cf290fd709500745feca8dc49bcfa22d4359a14ae15a712ab4fa5c35,"{""d"":9,""p"":0.00016102620275609394,""r"":36}",
   2106368,        35,         0,   119.8,chromobius,6687fea3cc864593b490e109dc3cba5edc69f7a41cc6c37a5e4e634b7332917b,"{""d"":9,""p"":0.00018873918221350977,""r"":36}",
    674816,       519,         0,   119.9,chromobius,a531c234232457d726b5a1c54e5060adc9de1e39ba8612280364d5e97fe72b9f,"{""d"":9,""p"":0.0005736152510448681,""r"":36}",
   1512448,        77,         0,   119.8,chromobius,0dfcdd01ff4b129ab320feaad1507a83a0f4fb7df5fe137633177dbc129fb064,"{""d"":9,""p"":0.0002592943797404667,""r"":36}",
    946176,       235,         0,   120.0,chromobius,6d41e118d1a362c7e7053d396bba9ba23f4a95e7f59e9b24df6c614891a07073,"{""d"":9,""p"":0.00041753189365604,""r"":36}",
   1691648,        51,         0,   119.8,chromobius,b2fdedaf2736c49aeeac6ff3824ec0c0e2579b4bfa3da33f49b4a4ea803176fa,"{""d"":9,""p"":0.000221221629107045,""r"":36}",
   1294336,       108,         0,   119.9,chromobius,30d092a27127e07d56becbbf1546af9bdf9fdd9ded693d4bc16433098a42466d,"{""d"":9,""p"":0.0003039195382313198,""r"":36}",
   3515392,         6,         0,   119.6,chromobius,d435b0738dddff8c9c97098fbc8c7601cea70b25c1fde457f60a1d44276b0181,"{""d"":9,""p"":0.0001,""r"":36}",
   1116160,       178,         0,   119.9,chromobius,742af1cb29ef6ea93558332c302ac2b3ef6b21d1638a1ee669c7704ffb700372,"{""d"":9,""p"":0.0003562247890262444,""r"":36}",
   3050496,        13,         0,   119.6,chromobius,bb28022bf77a548706203d2a8e339b5057b78055ca6aad7d1ae7a7ea4ee6aa4b,"{""d"":9,""p"":0.00011721022975334806,""r"":36}",
    781312,       358,         0,   120.1,chromobius,9d0476e44504ea42c90914d9139eb472c15d27ebc36193e96fd23d4ae522fef0,"{""d"":9,""p"":0.0004893900918477494,""r"":36}",
   2586624,        14,         0,   119.7,chromobius,fed76d20d5fd81bb6f542ec7d6f52dfb462d8fe8219a1fa3276e2c0348ad7d17,"{""d"":9,""p"":0.00013738237958832623,""r"":36}",
   2328576,        21,         0,   119.8,chromobius,b5851194cf290fd709500745feca8dc49bcfa22d4359a14ae15a712ab4fa5c35,"{""d"":9,""p"":0.00016102620275609394,""r"":36}",
   2132992,        36,         0,   119.8,chromobius,6687fea3cc864593b490e109dc3cba5edc69f7a41cc6c37a5e4e634b7332917b,"{""d"":9,""p"":0.00018873918221350977,""r"":36}",
    686080,       556,         0,   120.0,chromobius,a531c234232457d726b5a1c54e5060adc9de1e39ba8612280364d5e97fe72b9f,"{""d"":9,""p"":0.0005736152510448681,""r"":36}",
   1549312,       100,         0,   119.8,chromobius,0dfcdd01ff4b129ab320feaad1507a83a0f4fb7df5fe137633177dbc129fb064,"{""d"":9,""p"":0.0002592943797404667,""r"":36}",
    970752,       237,         0,   119.9,chromobius,6d41e118d1a362c7e7053d396bba9ba23f4a95e7f59e9b24df6c614891a07073,"{""d"":9,""p"":0.00041753189365604,""r"":36}",
   1683456,        57,         0,   119.8,chromobius,b2fdedaf2736c49aeeac6ff3824ec0c0e2579b4bfa3da33f49b4a4ea803176fa,"{""d"":9,""p"":0.000221221629107045,""r"":36}",
   1301504,       109,         0,   119.9,chromobius,30d092a27127e07d56becbbf1546af9bdf9fdd9ded693d4bc16433098a42466d,"{""d"":9,""p"":0.0003039195382313198,""r"":36}",
   3402752,         7,         0,   119.6,chromobius,d435b0738dddff8c9c97098fbc8c7601cea70b25c1fde457f60a1d44276b0181,"{""d"":9,""p"":0.0001,""r"":36}",
   1135616,       183,         0,   119.9,chromobius,742af1cb29ef6ea93558332c302ac2b3ef6b21d1638a1ee669c7704ffb700372,"{""d"":9,""p"":0.0003562247890262444,""r"":36}",
   3007488,        11,         0,   119.7,chromobius,bb28022bf77a548706203d2a8e339b5057b78055ca6aad7d1ae7a7ea4ee6aa4b,"{""d"":9,""p"":0.00011721022975334806,""r"":36}",
    771072,       317,         0,   119.9,chromobius,9d0476e44504ea42c90914d9139eb472c15d27ebc36193e96fd23d4ae522fef0,"{""d"":9,""p"":0.0004893900918477494,""r"":36}",
   2560000,        23,         0,   119.7,chromobius,fed76d20d5fd81bb6f542ec7d6f52dfb462d8fe8219a1fa3276e2c0348ad7d17,"{""d"":9,""p"":0.00013738237958832623,""r"":36}",
   2343936,        21,         0,   119.7,chromobius,b5851194cf290fd709500745feca8dc49bcfa22d4359a14ae15a712ab4fa5c35,"{""d"":9,""p"":0.00016102620275609394,""r"":36}",
   2079744,        34,         0,   119.8,chromobius,6687fea3cc864593b490e109dc3cba5edc69f7a41cc6c37a5e4e634b7332917b,"{""d"":9,""p"":0.00018873918221350977,""r"":36}",
    681984,       540,         0,   120.1,chromobius,a531c234232457d726b5a1c54e5060adc9de1e39ba8612280364d5e97fe72b9f,"{""d"":9,""p"":0.0005736152510448681,""r"":36}",
   1519616,        72,         0,   119.9,chromobius,0dfcdd01ff4b129ab320feaad1507a83a0f4fb7df5fe137633177dbc129fb064,"{""d"":9,""p"":0.0002592943797404667,""r"":36}",
    947200,       269,         0,   120.0,chromobius,6d41e118d1a362c7e7053d396bba9ba23f4a95e7f59e9b24df6c614891a07073,"{""d"":9,""p"":0.00041753189365604,""r"":36}",
   1682432,        62,         0,   119.9,chromobius,b2fdedaf2736c49aeeac6ff3824ec0c0e2579b4bfa3da33f49b4a4ea803176fa,"{""d"":9,""p"":0.000221221629107045,""r"":36}",
   1297408,       138,         0,   119.8,chromobius,30d092a27127e07d56becbbf1546af9bdf9fdd9ded693d4bc16433098a42466d,"{""d"":9,""p"":0.0003039195382313198,""r"":36}",
   3491840,        15,         0,   119.6,chromobius,d435b0738dddff8c9c97098fbc8c7601cea70b25c1fde457f60a1d44276b0181,"{""d"":9,""p"":0.0001,""r"":36}",
   1143808,       172,         0,   119.9,chromobius,742af1cb29ef6ea93558332c302ac2b3ef6b21d1638a1ee669c7704ffb700372,"{""d"":9,""p"":0.0003562247890262444,""r"":36}",
   3078144,        15,         0,   119.6,chromobius,bb28022bf77a548706203d2a8e339b5057b78055ca6aad7d1ae7a7ea4ee6aa4b,"{""d"":9,""p"":0.00011721022975334806,""r"":36}",
    778240,       346,         0,   120.0,chromobius,9d0476e44504ea42c90914d9139eb472c15d27ebc36193e96fd23d4ae522fef0,"{""d"":9,""p"":0.0004893900918477494,""r"":36}",
   2580480,        17,         0,   119.7,chromobius,fed76d20d5fd81bb6f542ec7d6f52dfb462d8fe8219a1fa3276e2c0348ad7d17,"{""d"":9,""p"":0.00013738237958832623,""r"":36}",
   2326528,        22,         0,   119.7,chromobius,b5851194cf290fd709500745feca8dc49bcfa22d4359a14ae15a712ab4fa5c35,"{""d"":9,""p"":0.00016102620275609394,""r"":36}",
   2015232,        41,         0,   119.8,chromobius,6687fea3cc864593b490e109dc3cba5edc69f7a41cc6c37a5e4e634b7332917b,"{""d"":9,""p"":0.00018873918221350977,""r"":36}",
    685056,       537,         0,   120.0,chromobius,a531c234232457d726b5a1c54e5060adc9de1e39ba8612280364d5e97fe72b9f,"{""d"":9,""p"":0.0005736152510448681,""r"":36}",
   1528832,        74,         0,   119.9,chromobius,0dfcdd01ff4b129ab320feaad1507a83a0f4fb7df5fe137633177dbc129fb064,"{""d"":9,""p"":0.0002592943797404667,""r"":36}",
    936960,       252,         0,   119.9,chromobius,6d41e118d1a362c7e7053d396bba9ba23f4a95e7f59e9b24df6c614891a07073,"{""d"":9,""p"":0.00041753189365604,""r"":36}",
   1704960,        52,         0,   119.8,chromobius,b2fdedaf2736c49aeeac6ff3824ec0c0e2579b4bfa3da33f49b4a4ea803176fa,"{""d"":9,""p"":0.000221221629107045,""r"":36}",
   1277952,       118,         0,   119.9,chromobius,30d092a27127e07d56becbbf1546af9bdf9fdd9ded693d4bc16433098a42466d,"{""d"":9,""p"":0.0003039195382313198,""r"":36}",
   3470336,         2,         0,   119.6,chromobius,d435b0738dddff8c9c97098fbc8c7601cea70b25c1fde457f60a1d44276b0181,"{""d"":9,""p"":0.0001,""r"":36}",
   1147904,       160,         0,   119.9,chromobius,742af1cb29ef6ea93558332c302ac2b3ef6b21d1638a1ee669c7704ffb700372,"{""d"":9,""p"":0.0003562247890262444,""r"":36}",
   3061760,        14,         0,   119.6,chromobius,bb28022bf77a548706203d2a8e339b5057b78055ca6aad7d1ae7a7ea4ee6aa4b,"{""d"":9,""p"":0.00011721022975334806,""r"":36}",
    778240,       365,         0,   120.0,chromobius,9d0476e44504ea42c90914d9139eb472c15d27ebc36193e96fd23d4ae522fef0,"{""d"":9,""p"":0.0004893900918477494,""r"":36}",
   2574336,        14,         0,   119.7,chromobius,fed76d20d5fd81bb6f542ec7d6f52dfb462d8fe8219a1fa3276e2c0348ad7d17,"{""d"":9,""p"":0.00013738237958832623,""r"":36}",
   2292736,        27,         0,   119.7,chromobius,b5851194cf290fd709500745feca8dc49bcfa22d4359a14ae15a712ab4fa5c35,"{""d"":9,""p"":0.00016102620275609394,""r"":36}",
   2109440,        35,         0,   119.8,chromobius,6687fea3cc864593b490e109dc3cba5edc69f7a41cc6c37a5e4e634b7332917b,"{""d"":9,""p"":0.00018873918221350977,""r"":36}",
    672768,       507,         0,   120.0,chromobius,a531c234232457d726b5a1c54e5060adc9de1e39ba8612280364d5e97fe72b9f,"{""d"":9,""p"":0.0005736152510448681,""r"":36}",
   1550336,        74,         0,   119.9,chromobius,0dfcdd01ff4b129ab320feaad1507a83a0f4fb7df5fe137633177dbc129fb064,"{""d"":9,""p"":0.0002592943797404667,""r"":36}",
    935936,       243,         0,   120.0,chromobius,6d41e118d1a362c7e7053d396bba9ba23f4a95e7f59e9b24df6c614891a07073,"{""d"":9,""p"":0.00041753189365604,""r"":36}",
   1703936,        43,         0,   119.9,chromobius,b2fdedaf2736c49aeeac6ff3824ec0c0e2579b4bfa3da33f49b4a4ea803176fa,"{""d"":9,""p"":0.000221221629107045,""r"":36}",
   1271808,       103,         0,   119.9,chromobius,30d092a27127e07d56becbbf1546af9bdf9fdd9ded693d4bc16433098a42466d,"{""d"":9,""p"":0.0003039195382313198,""r"":36}",
   3422208,         5,         0,   119.6,chromobius,d435b0738dddff8c9c97098fbc8c7601cea70b25c1fde457f60a1d44276b0181,"{""d"":9,""p"":0.0001,""r"":36}",
   1145856,       172,         0,   119.9,chromobius,742af1cb29ef6ea93558332c302ac2b3ef6b21d1638a1ee669c7704ffb700372,"{""d"":9,""p"":0.0003562247890262444,""r"":36}",
   3067904,         7,         0,   119.6,chromobius,bb28022bf77a548706203d2a8e339b5057b78055ca6aad7d1ae7a7ea4ee6aa4b,"{""d"":9,""p"":0.00011721022975334806,""r"":36}",
    776192,       375,         0,   120.0,chromobius,9d0476e44504ea42c90914d9139eb472c15d27ebc36193e96fd23d4ae522fef0,"{""d"":9,""p"":0.0004893900918477494,""r"":36}",
   2571264,        28,         0,   119.7,chromobius,fed76d20d5fd81bb6f542ec7d6f52dfb462d8fe8219a1fa3276e2c0348ad7d17,"{""d"":9,""p"":0.00013738237958832623,""r"":36}",
   2276352,        18,         0,   119.8,chromobius,b5851194cf290fd709500745feca8dc49bcfa22d4359a14ae15a712ab4fa5c35,"{""d"":9,""p"":0.00016102620275609394,""r"":36}",
   2107392,        41,         0,   119.8,chromobius,6687fea3cc864593b490e109dc3cba5edc69f7a41cc6c37a5e4e634b7332917b,"{""d"":9,""p"":0.00018873918221350977,""r"":36}",
    675840,       540,         0,   120.1,chromobius,a531c234232457d726b5a1c54e5060adc9de1e39ba8612280364d5e97fe72b9f,"{""d"":9,""p"":0.0005736152510448681,""r"":36}",
   1530880,        80,         0,   119.8,chromobius,0dfcdd01ff4b129ab320feaad1507a83a0f4fb7df5fe137633177dbc129fb064,"{""d"":9,""p"":0.0002592943797404667,""r"":36}",
    950272,       239,         0,   120.0,chromobius,6d41e118d1a362c7e7053d396bba9ba23f4a95e7f59e9b24df6c614891a07073,"{""d"":9,""p"":0.00041753189365604,""r"":36}",
   1707008,        41,         0,   119.8,chromobius,b2fdedaf2736c49aeeac6ff3824ec0c0e2579b4bfa3da33f49b4a4ea803176fa,"{""d"":9,""p"":0.000221221629107045,""r"":36}",
   1287168,        91,         0,   119.9,chromobius,30d092a27127e07d56becbbf1546af9bdf9fdd9ded693d4bc16433098a42466d,"{""d"":9,""p"":0.0003039195382313198,""r"":36}",
   3469312,        10,         0,   119.6,chromobius,d435b0738dddff8c9c97098fbc8c7601cea70b25c1fde457f60a1d44276b0181,"{""d"":9,""p"":0.0001,""r"":36}",
   1110016,       170,         0,   119.9,chromobius,742af1cb29ef6ea93558332c302ac2b3ef6b21d1638a1ee669c7704ffb700372,"{""d"":9,""p"":0.0003562247890262444,""r"":36}",
   3099648,        11,         0,   119.6,chromobius,bb28022bf77a548706203d2a8e339b5057b78055ca6aad7d1ae7a7ea4ee6aa4b,"{""d"":9,""p"":0.00011721022975334806,""r"":36}",
    787456,       340,         0,   120.0,chromobius,9d0476e44504ea42c90914d9139eb472c15d27ebc36193e96fd23d4ae522fef0,"{""d"":9,""p"":0.0004893900918477494,""r"":36}",
   2592768,        11,         0,   119.7,chromobius,fed76d20d5fd81bb6f542ec7d6f52dfb462d8fe8219a1fa3276e2c0348ad7d17,"{""d"":9,""p"":0.00013738237958832623,""r"":36}",
   2317312,        30,         0,   119.7,chromobius,b5851194cf290fd709500745feca8dc49bcfa22d4359a14ae15a712ab4fa5c35,"{""d"":9,""p"":0.00016102620275609394,""r"":36}",
   2076672,        32,         0,   119.8,chromobius,6687fea3cc864593b490e109dc3cba5edc69f7a41cc6c37a5e4e634b7332917b,"{""d"":9,""p"":0.00018873918221350977,""r"":36}",
    598016,       454,         0,   106.7,chromobius,a531c234232457d726b5a1c54e5060adc9de1e39ba8612280364d5e97fe72b9f,"{""d"":9,""p"":0.0005736152510448681,""r"":36}",
       273,         1,         0,   0.058,chromobius,520f725e053fd12159d6de0af2240787e4ec33c25867ae91fac845363a4aa5de,"{""d"":9,""p"":0.0006723357536499335,""r"":36}",
      1024,         1,         0,   0.208,chromobius,520f725e053fd12159d6de0af2240787e4ec33c25867ae91fac845363a4aa5de,"{""d"":9,""p"":0.0006723357536499335,""r"":36}",
      1024,         2,         0,   0.212,chromobius,520f725e053fd12159d6de0af2240787e4ec33c25867ae91fac845363a4aa5de,"{""d"":9,""p"":0.0006723357536499335,""r"":36}",
      1024,         0,         0,   0.217,chromobius,520f725e053fd12159d6de0af2240787e4ec33c25867ae91fac845363a4aa5de,"{""d"":9,""p"":0.0006723357536499335,""r"":36}",
      1024,         1,         0,   0.211,chromobius,520f725e053fd12159d6de0af2240787e4ec33c25867ae91fac845363a4aa5de,"{""d"":9,""p"":0.0006723357536499335,""r"":36}",
      1024,         1,         0,   0.213,chromobius,520f725e053fd12159d6de0af2240787e4ec33c25867ae91fac845363a4aa5de,"{""d"":9,""p"":0.0006723357536499335,""r"":36}",
      1024,         3,         0,   0.215,chromobius,520f725e053fd12159d6de0af2240787e4ec33c25867ae91fac845363a4aa5de,"{""d"":9,""p"":0.0006723357536499335,""r"":36}",
      1024,         1,         0,   0.209,chromobius,520f725e053fd12159d6de0af2240787e4ec33c25867ae91fac845363a4aa5de,"{""d"":9,""p"":0.0006723357536499335,""r"":36}",
      1024,         1,         0,   0.211,chromobius,520f725e053fd12159d6de0af2240787e4ec33c25867ae91fac845363a4aa5de,"{""d"":9,""p"":0.0006723357536499335,""r"":36}",
      1024,         2,         0,   0.216,chromobius,520f725e053fd12159d6de0af2240787e4ec33c25867ae91fac845363a4aa5de,"{""d"":9,""p"":0.0006723357536499335,""r"":36}",
      2048,         5,         0,   0.433,chromobius,520f725e053fd12159d6de0af2240787e4ec33c25867ae91fac845363a4aa5de,"{""d"":9,""p"":0.0006723357536499335,""r"":36}",
      2048,         0,         0,   0.424,chromobius,520f725e053fd12159d6de0af2240787e4ec33c25867ae91fac845363a4aa5de,"{""d"":9,""p"":0.0006723357536499335,""r"":36}",
      3072,         4,         0,   0.635,chromobius,520f725e053fd12159d6de0af2240787e4ec33c25867ae91fac845363a4aa5de,"{""d"":9,""p"":0.0006723357536499335,""r"":36}",
      4096,         0,         0,   0.846,chromobius,520f725e053fd12159d6de0af2240787e4ec33c25867ae91fac845363a4aa5de,"{""d"":9,""p"":0.0006723357536499335,""r"":36}",
      6144,         9,         0,    1.27,chromobius,520f725e053fd12159d6de0af2240787e4ec33c25867ae91fac845363a4aa5de,"{""d"":9,""p"":0.0006723357536499335,""r"":36}",
      8192,        11,         0,    1.72,chromobius,520f725e053fd12159d6de0af2240787e4ec33c25867ae91fac845363a4aa5de,"{""d"":9,""p"":0.0006723357536499335,""r"":36}",
     11264,        20,         0,    2.36,chromobius,520f725e053fd12159d6de0af2240787e4ec33c25867ae91fac845363a4aa5de,"{""d"":9,""p"":0.0006723357536499335,""r"":36}",
   2279279,         8,         0,    75.6,chromobius,d435b0738dddff8c9c97098fbc8c7601cea70b25c1fde457f60a1d44276b0181,"{""d"":9,""p"":0.0001,""r"":36}",
       273,         2,         0,   0.067,chromobius,6950094e9fa058e99f0b98ae9139fb366600548d5e88cafb42b14eb0794bb82f,"{""d"":9,""p"":0.0007880462815669912,""r"":36}",
     14336,        11,         0,    3.05,chromobius,520f725e053fd12159d6de0af2240787e4ec33c25867ae91fac845363a4aa5de,"{""d"":9,""p"":0.0006723357536499335,""r"":36}",
      1024,         2,         0,   0.250,chromobius,6950094e9fa058e99f0b98ae9139fb366600548d5e88cafb42b14eb0794bb82f,"{""d"":9,""p"":0.0007880462815669912,""r"":36}",
      1024,         2,         0,   0.226,chromobius,6950094e9fa058e99f0b98ae9139fb366600548d5e88cafb42b14eb0794bb82f,"{""d"":9,""p"":0.0007880462815669912,""r"":36}",
      1024,         5,         0,   0.235,chromobius,6950094e9fa058e99f0b98ae9139fb366600548d5e88cafb42b14eb0794bb82f,"{""d"":9,""p"":0.0007880462815669912,""r"":36}",
      1024,         2,         0,   0.248,chromobius,6950094e9fa058e99f0b98ae9139fb366600548d5e88cafb42b14eb0794bb82f,"{""d"":9,""p"":0.0007880462815669912,""r"":36}",
      1024,         2,         0,   0.252,chromobius,6950094e9fa058e99f0b98ae9139fb366600548d5e88cafb42b14eb0794bb82f,"{""d"":9,""p"":0.0007880462815669912,""r"":36}",
      1024,         4,         0,   0.243,chromobius,6950094e9fa058e99f0b98ae9139fb366600548d5e88cafb42b14eb0794bb82f,"{""d"":9,""p"":0.0007880462815669912,""r"":36}",
      1024,         2,         0,   0.234,chromobius,6950094e9fa058e99f0b98ae9139fb366600548d5e88cafb42b14eb0794bb82f,"{""d"":9,""p"":0.0007880462815669912,""r"":36}",
      1024,         4,         0,   0.254,chromobius,6950094e9fa058e99f0b98ae9139fb366600548d5e88cafb42b14eb0794bb82f,"{""d"":9,""p"":0.0007880462815669912,""r"":36}",
      1024,         1,         0,   0.248,chromobius,6950094e9fa058e99f0b98ae9139fb366600548d5e88cafb42b14eb0794bb82f,"{""d"":9,""p"":0.0007880462815669912,""r"":36}",
      2048,         4,         0,   0.462,chromobius,6950094e9fa058e99f0b98ae9139fb366600548d5e88cafb42b14eb0794bb82f,"{""d"":9,""p"":0.0007880462815669912,""r"":36}",
      2048,         9,         0,   0.495,chromobius,6950094e9fa058e99f0b98ae9139fb366600548d5e88cafb42b14eb0794bb82f,"{""d"":9,""p"":0.0007880462815669912,""r"":36}",
      3072,         5,         0,   0.734,chromobius,6950094e9fa058e99f0b98ae9139fb366600548d5e88cafb42b14eb0794bb82f,"{""d"":9,""p"":0.0007880462815669912,""r"":36}",
     21504,        23,         0,    4.46,chromobius,520f725e053fd12159d6de0af2240787e4ec33c25867ae91fac845363a4aa5de,"{""d"":9,""p"":0.0006723357536499335,""r"":36}",
      4096,         6,         0,   0.973,chromobius,6950094e9fa058e99f0b98ae9139fb366600548d5e88cafb42b14eb0794bb82f,"{""d"":9,""p"":0.0007880462815669912,""r"":36}",
      5120,         9,         0,    1.26,chromobius,6950094e9fa058e99f0b98ae9139fb366600548d5e88cafb42b14eb0794bb82f,"{""d"":9,""p"":0.0007880462815669912,""r"":36}",
      7168,        21,         0,    1.72,chromobius,6950094e9fa058e99f0b98ae9139fb366600548d5e88cafb42b14eb0794bb82f,"{""d"":9,""p"":0.0007880462815669912,""r"":36}",
      9216,        25,         0,    2.24,chromobius,6950094e9fa058e99f0b98ae9139fb366600548d5e88cafb42b14eb0794bb82f,"{""d"":9,""p"":0.0007880462815669912,""r"":36}",
     29696,        39,         0,    6.17,chromobius,520f725e053fd12159d6de0af2240787e4ec33c25867ae91fac845363a4aa5de,"{""d"":9,""p"":0.0006723357536499335,""r"":36}",
     13312,        29,         0,    3.24,chromobius,6950094e9fa058e99f0b98ae9139fb366600548d5e88cafb42b14eb0794bb82f,"{""d"":9,""p"":0.0007880462815669912,""r"":36}",
     18432,        44,         0,    4.39,chromobius,6950094e9fa058e99f0b98ae9139fb366600548d5e88cafb42b14eb0794bb82f,"{""d"":9,""p"":0.0007880462815669912,""r"":36}",
     39936,        47,         0,    8.38,chromobius,520f725e053fd12159d6de0af2240787e4ec33c25867ae91fac845363a4aa5de,"{""d"":9,""p"":0.0006723357536499335,""r"":36}",
   1467392,        77,         0,   119.8,chromobius,0dfcdd01ff4b129ab320feaad1507a83a0f4fb7df5fe137633177dbc129fb064,"{""d"":9,""p"":0.0002592943797404667,""r"":36}",
     25600,        60,         0,    6.19,chromobius,6950094e9fa058e99f0b98ae9139fb366600548d5e88cafb42b14eb0794bb82f,"{""d"":9,""p"":0.0007880462815669912,""r"":36}",
    931840,       204,         0,   120.0,chromobius,6d41e118d1a362c7e7053d396bba9ba23f4a95e7f59e9b24df6c614891a07073,"{""d"":9,""p"":0.00041753189365604,""r"":36}",
     56320,        90,         0,    11.7,chromobius,520f725e053fd12159d6de0af2240787e4ec33c25867ae91fac845363a4aa5de,"{""d"":9,""p"":0.0006723357536499335,""r"":36}",
   1678336,        41,         0,   119.9,chromobius,b2fdedaf2736c49aeeac6ff3824ec0c0e2579b4bfa3da33f49b4a4ea803176fa,"{""d"":9,""p"":0.000221221629107045,""r"":36}",
     34816,        78,         0,    8.43,chromobius,6950094e9fa058e99f0b98ae9139fb366600548d5e88cafb42b14eb0794bb82f,"{""d"":9,""p"":0.0007880462815669912,""r"":36}",
   1264640,       106,         0,   119.9,chromobius,30d092a27127e07d56becbbf1546af9bdf9fdd9ded693d4bc16433098a42466d,"{""d"":9,""p"":0.0003039195382313198,""r"":36}",
     49152,       123,         0,    11.9,chromobius,6950094e9fa058e99f0b98ae9139fb366600548d5e88cafb42b14eb0794bb82f,"{""d"":9,""p"":0.0007880462815669912,""r"":36}",
   1158144,       176,         0,   119.9,chromobius,742af1cb29ef6ea93558332c302ac2b3ef6b21d1638a1ee669c7704ffb700372,"{""d"":9,""p"":0.0003562247890262444,""r"":36}",
     78848,        92,         0,    16.4,chromobius,520f725e053fd12159d6de0af2240787e4ec33c25867ae91fac845363a4aa5de,"{""d"":9,""p"":0.0006723357536499335,""r"":36}",
   3028992,        18,         0,   119.6,chromobius,bb28022bf77a548706203d2a8e339b5057b78055ca6aad7d1ae7a7ea4ee6aa4b,"{""d"":9,""p"":0.00011721022975334806,""r"":36}",
    773120,       354,         0,   119.9,chromobius,9d0476e44504ea42c90914d9139eb472c15d27ebc36193e96fd23d4ae522fef0,"{""d"":9,""p"":0.0004893900918477494,""r"":36}",
   2565120,        13,         0,   119.7,chromobius,fed76d20d5fd81bb6f542ec7d6f52dfb462d8fe8219a1fa3276e2c0348ad7d17,"{""d"":9,""p"":0.00013738237958832623,""r"":36}",
   2371584,        22,         0,   119.7,chromobius,b5851194cf290fd709500745feca8dc49bcfa22d4359a14ae15a712ab4fa5c35,"{""d"":9,""p"":0.00016102620275609394,""r"":36}",
     68608,       163,         0,    16.6,chromobius,6950094e9fa058e99f0b98ae9139fb366600548d5e88cafb42b14eb0794bb82f,"{""d"":9,""p"":0.0007880462815669912,""r"":36}",
    110592,       180,         0,    23.1,chromobius,520f725e053fd12159d6de0af2240787e4ec33c25867ae91fac845363a4aa5de,"{""d"":9,""p"":0.0006723357536499335,""r"":36}",
   2139136,        46,         0,   119.8,chromobius,6687fea3cc864593b490e109dc3cba5edc69f7a41cc6c37a5e4e634b7332917b,"{""d"":9,""p"":0.00018873918221350977,""r"":36}",
     96256,       238,         0,    23.1,chromobius,6950094e9fa058e99f0b98ae9139fb366600548d5e88cafb42b14eb0794bb82f,"{""d"":9,""p"":0.0007880462815669912,""r"":36}",
    152576,       217,         0,    32.2,chromobius,520f725e053fd12159d6de0af2240787e4ec33c25867ae91fac845363a4aa5de,"{""d"":9,""p"":0.0006723357536499335,""r"":36}",
    132096,       330,         0,    32.3,chromobius,6950094e9fa058e99f0b98ae9139fb366600548d5e88cafb42b14eb0794bb82f,"{""d"":9,""p"":0.0007880462815669912,""r"":36}",
   1478656,        67,         0,   119.9,chromobius,0dfcdd01ff4b129ab320feaad1507a83a0f4fb7df5fe137633177dbc129fb064,"{""d"":9,""p"":0.0002592943797404667,""r"":36}",
    922624,       247,         0,   119.9,chromobius,6d41e118d1a362c7e7053d396bba9ba23f4a95e7f59e9b24df6c614891a07073,"{""d"":9,""p"":0.00041753189365604,""r"":36}",
    212992,       320,         0,    45.0,chromobius,520f725e053fd12159d6de0af2240787e4ec33c25867ae91fac845363a4aa5de,"{""d"":9,""p"":0.0006723357536499335,""r"":36}",
   1672192,        47,         0,   119.8,chromobius,b2fdedaf2736c49aeeac6ff3824ec0c0e2579b4bfa3da33f49b4a4ea803176fa,"{""d"":9,""p"":0.000221221629107045,""r"":36}",
   1260544,       119,         0,   119.9,chromobius,30d092a27127e07d56becbbf1546af9bdf9fdd9ded693d4bc16433098a42466d,"{""d"":9,""p"":0.0003039195382313198,""r"":36}",
    182272,       448,         0,    45.1,chromobius,6950094e9fa058e99f0b98ae9139fb366600548d5e88cafb42b14eb0794bb82f,"{""d"":9,""p"":0.0007880462815669912,""r"":36}",
   1125376,       140,         0,   119.9,chromobius,742af1cb29ef6ea93558332c302ac2b3ef6b21d1638a1ee669c7704ffb700372,"{""d"":9,""p"":0.0003562247890262444,""r"":36}",
   3097600,        11,         0,   119.6,chromobius,bb28022bf77a548706203d2a8e339b5057b78055ca6aad7d1ae7a7ea4ee6aa4b,"{""d"":9,""p"":0.00011721022975334806,""r"":36}",
    787456,       368,         0,   120.0,chromobius,9d0476e44504ea42c90914d9139eb472c15d27ebc36193e96fd23d4ae522fef0,"{""d"":9,""p"":0.0004893900918477494,""r"":36}",
   2636800,        19,         0,   119.7,chromobius,fed76d20d5fd81bb6f542ec7d6f52dfb462d8fe8219a1fa3276e2c0348ad7d17,"{""d"":9,""p"":0.00013738237958832623,""r"":36}",
   2331648,        29,         0,   119.7,chromobius,b5851194cf290fd709500745feca8dc49bcfa22d4359a14ae15a712ab4fa5c35,"{""d"":9,""p"":0.00016102620275609394,""r"":36}",
   2134016,        35,         0,   119.7,chromobius,6687fea3cc864593b490e109dc3cba5edc69f7a41cc6c37a5e4e634b7332917b,"{""d"":9,""p"":0.00018873918221350977,""r"":36}",
    301056,       429,         0,    63.1,chromobius,520f725e053fd12159d6de0af2240787e4ec33c25867ae91fac845363a4aa5de,"{""d"":9,""p"":0.0006723357536499335,""r"":36}",
    252928,       627,         0,    63.1,chromobius,6950094e9fa058e99f0b98ae9139fb366600548d5e88cafb42b14eb0794bb82f,"{""d"":9,""p"":0.0007880462815669912,""r"":36}",
   2166639,         7,         0,    81.1,chromobius,bb28022bf77a548706203d2a8e339b5057b78055ca6aad7d1ae7a7ea4ee6aa4b,"{""d"":9,""p"":0.00011721022975334806,""r"":36}",
       273,         4,         0,   0.082,chromobius,12ab90b3414f424e0ce7500b639e5752d305dd01ee449cb5d2d1f2c0f3b47079,"{""d"":9,""p"":0.0009236708571873865,""r"":36}",
      1024,         6,         0,   0.299,chromobius,12ab90b3414f424e0ce7500b639e5752d305dd01ee449cb5d2d1f2c0f3b47079,"{""d"":9,""p"":0.0009236708571873865,""r"":36}",
      1024,         3,         0,   0.295,chromobius,12ab90b3414f424e0ce7500b639e5752d305dd01ee449cb5d2d1f2c0f3b47079,"{""d"":9,""p"":0.0009236708571873865,""r"":36}",
      1024,         7,         0,   0.301,chromobius,12ab90b3414f424e0ce7500b639e5752d305dd01ee449cb5d2d1f2c0f3b47079,"{""d"":9,""p"":0.0009236708571873865,""r"":36}",
      1024,         4,         0,   0.297,chromobius,12ab90b3414f424e0ce7500b639e5752d305dd01ee449cb5d2d1f2c0f3b47079,"{""d"":9,""p"":0.0009236708571873865,""r"":36}",
      1024,         1,         0,   0.301,chromobius,12ab90b3414f424e0ce7500b639e5752d305dd01ee449cb5d2d1f2c0f3b47079,"{""d"":9,""p"":0.0009236708571873865,""r"":36}",
      1024,         6,         0,   0.298,chromobius,12ab90b3414f424e0ce7500b639e5752d305dd01ee449cb5d2d1f2c0f3b47079,"{""d"":9,""p"":0.0009236708571873865,""r"":36}",
      1024,         4,         0,   0.289,chromobius,12ab90b3414f424e0ce7500b639e5752d305dd01ee449cb5d2d1f2c0f3b47079,"{""d"":9,""p"":0.0009236708571873865,""r"":36}",
      1024,         5,         0,   0.297,chromobius,12ab90b3414f424e0ce7500b639e5752d305dd01ee449cb5d2d1f2c0f3b47079,"{""d"":9,""p"":0.0009236708571873865,""r"":36}",
      1024,         6,         0,   0.301,chromobius,12ab90b3414f424e0ce7500b639e5752d305dd01ee449cb5d2d1f2c0f3b47079,"{""d"":9,""p"":0.0009236708571873865,""r"":36}",
      1024,         4,         0,   0.302,chromobius,12ab90b3414f424e0ce7500b639e5752d305dd01ee449cb5d2d1f2c0f3b47079,"{""d"":9,""p"":0.0009236708571873865,""r"":36}",
      2048,         9,         0,   0.609,chromobius,12ab90b3414f424e0ce7500b639e5752d305dd01ee449cb5d2d1f2c0f3b47079,"{""d"":9,""p"":0.0009236708571873865,""r"":36}",
      2048,        10,         0,   0.602,chromobius,12ab90b3414f424e0ce7500b639e5752d305dd01ee449cb5d2d1f2c0f3b47079,"{""d"":9,""p"":0.0009236708571873865,""r"":36}",
      3072,        17,         0,   0.913,chromobius,12ab90b3414f424e0ce7500b639e5752d305dd01ee449cb5d2d1f2c0f3b47079,"{""d"":9,""p"":0.0009236708571873865,""r"":36}",
      4096,        21,         0,    1.19,chromobius,12ab90b3414f424e0ce7500b639e5752d305dd01ee449cb5d2d1f2c0f3b47079,"{""d"":9,""p"":0.0009236708571873865,""r"":36}",
      6144,        32,         0,    1.80,chromobius,12ab90b3414f424e0ce7500b639e5752d305dd01ee449cb5d2d1f2c0f3b47079,"{""d"":9,""p"":0.0009236708571873865,""r"":36}",
      8192,        30,         0,    2.40,chromobius,12ab90b3414f424e0ce7500b639e5752d305dd01ee449cb5d2d1f2c0f3b47079,"{""d"":9,""p"":0.0009236708571873865,""r"":36}",
     11264,        67,         0,    3.30,chromobius,12ab90b3414f424e0ce7500b639e5752d305dd01ee449cb5d2d1f2c0f3b47079,"{""d"":9,""p"":0.0009236708571873865,""r"":36}",
   1488896,        62,         0,   119.8,chromobius,0dfcdd01ff4b129ab320feaad1507a83a0f4fb7df5fe137633177dbc129fb064,"{""d"":9,""p"":0.0002592943797404667,""r"":36}",
    920576,       232,         0,   120.0,chromobius,6d41e118d1a362c7e7053d396bba9ba23f4a95e7f59e9b24df6c614891a07073,"{""d"":9,""p"":0.00041753189365604,""r"":36}",
     15360,        54,         0,    4.42,chromobius,12ab90b3414f424e0ce7500b639e5752d305dd01ee449cb5d2d1f2c0f3b47079,"{""d"":9,""p"":0.0009236708571873865,""r"":36}",
   1673216,        56,         0,   119.8,chromobius,b2fdedaf2736c49aeeac6ff3824ec0c0e2579b4bfa3da33f49b4a4ea803176fa,"{""d"":9,""p"":0.000221221629107045,""r"":36}",
     20480,        84,         0,    5.99,chromobius,12ab90b3414f424e0ce7500b639e5752d305dd01ee449cb5d2d1f2c0f3b47079,"{""d"":9,""p"":0.0009236708571873865,""r"":36}",
   1260544,       115,         0,   119.9,chromobius,30d092a27127e07d56becbbf1546af9bdf9fdd9ded693d4bc16433098a42466d,"{""d"":9,""p"":0.0003039195382313198,""r"":36}",
     28672,       125,         0,    8.49,chromobius,12ab90b3414f424e0ce7500b639e5752d305dd01ee449cb5d2d1f2c0f3b47079,"{""d"":9,""p"":0.0009236708571873865,""r"":36}",
   1080320,       165,         0,   119.9,chromobius,742af1cb29ef6ea93558332c302ac2b3ef6b21d1638a1ee669c7704ffb700372,"{""d"":9,""p"":0.0003562247890262444,""r"":36}",
    774144,       347,         0,   120.0,chromobius,9d0476e44504ea42c90914d9139eb472c15d27ebc36193e96fd23d4ae522fef0,"{""d"":9,""p"":0.0004893900918477494,""r"":36}",
   2647040,        16,         0,   119.7,chromobius,fed76d20d5fd81bb6f542ec7d6f52dfb462d8fe8219a1fa3276e2c0348ad7d17,"{""d"":9,""p"":0.00013738237958832623,""r"":36}",
     39936,       180,         0,    11.9,chromobius,12ab90b3414f424e0ce7500b639e5752d305dd01ee449cb5d2d1f2c0f3b47079,"{""d"":9,""p"":0.0009236708571873865,""r"":36}",
   2368512,        25,         0,   119.8,chromobius,b5851194cf290fd709500745feca8dc49bcfa22d4359a14ae15a712ab4fa5c35,"{""d"":9,""p"":0.00016102620275609394,""r"":36}",
    428032,       601,         0,    88.2,chromobius,520f725e053fd12159d6de0af2240787e4ec33c25867ae91fac845363a4aa5de,"{""d"":9,""p"":0.0006723357536499335,""r"":36}",
     55296,       243,         0,    16.4,chromobius,12ab90b3414f424e0ce7500b639e5752d305dd01ee449cb5d2d1f2c0f3b47079,"{""d"":9,""p"":0.0009236708571873865,""r"":36}",
   2177024,        45,         0,   119.8,chromobius,6687fea3cc864593b490e109dc3cba5edc69f7a41cc6c37a5e4e634b7332917b,"{""d"":9,""p"":0.00018873918221350977,""r"":36}",
    353280,       872,         0,    88.3,chromobius,6950094e9fa058e99f0b98ae9139fb366600548d5e88cafb42b14eb0794bb82f,"{""d"":9,""p"":0.0007880462815669912,""r"":36}",
     79872,       372,         0,    23.2,chromobius,12ab90b3414f424e0ce7500b639e5752d305dd01ee449cb5d2d1f2c0f3b47079,"{""d"":9,""p"":0.0009236708571873865,""r"":36}",
    111616,       527,         0,    32.3,chromobius,12ab90b3414f424e0ce7500b639e5752d305dd01ee449cb5d2d1f2c0f3b47079,"{""d"":9,""p"":0.0009236708571873865,""r"":36}",
   1508352,        75,         0,   119.9,chromobius,0dfcdd01ff4b129ab320feaad1507a83a0f4fb7df5fe137633177dbc129fb064,"{""d"":9,""p"":0.0002592943797404667,""r"":36}",
    925696,       223,         0,   120.0,chromobius,6d41e118d1a362c7e7053d396bba9ba23f4a95e7f59e9b24df6c614891a07073,"{""d"":9,""p"":0.00041753189365604,""r"":36}",
   1685504,        40,         0,   119.8,chromobius,b2fdedaf2736c49aeeac6ff3824ec0c0e2579b4bfa3da33f49b4a4ea803176fa,"{""d"":9,""p"":0.000221221629107045,""r"":36}",
   1270784,       128,         0,   119.9,chromobius,30d092a27127e07d56becbbf1546af9bdf9fdd9ded693d4bc16433098a42466d,"{""d"":9,""p"":0.0003039195382313198,""r"":36}",
   1113088,       144,         0,   119.9,chromobius,742af1cb29ef6ea93558332c302ac2b3ef6b21d1638a1ee669c7704ffb700372,"{""d"":9,""p"":0.0003562247890262444,""r"":36}",
    786432,       349,         0,   119.9,chromobius,9d0476e44504ea42c90914d9139eb472c15d27ebc36193e96fd23d4ae522fef0,"{""d"":9,""p"":0.0004893900918477494,""r"":36}",
    154624,       796,         0,    45.1,chromobius,12ab90b3414f424e0ce7500b639e5752d305dd01ee449cb5d2d1f2c0f3b47079,"{""d"":9,""p"":0.0009236708571873865,""r"":36}",
   2603008,        13,         0,   119.7,chromobius,fed76d20d5fd81bb6f542ec7d6f52dfb462d8fe8219a1fa3276e2c0348ad7d17,"{""d"":9,""p"":0.00013738237958832623,""r"":36}",
   2332672,        21,         0,   119.7,chromobius,b5851194cf290fd709500745feca8dc49bcfa22d4359a14ae15a712ab4fa5c35,"{""d"":9,""p"":0.00016102620275609394,""r"":36}",
    578560,       899,         0,   119.9,chromobius,520f725e053fd12159d6de0af2240787e4ec33c25867ae91fac845363a4aa5de,"{""d"":9,""p"":0.0006723357536499335,""r"":36}",
   2045952,        37,         0,   119.8,chromobius,6687fea3cc864593b490e109dc3cba5edc69f7a41cc6c37a5e4e634b7332917b,"{""d"":9,""p"":0.00018873918221350977,""r"":36}",
    484352,      1193,         0,   120.0,chromobius,6950094e9fa058e99f0b98ae9139fb366600548d5e88cafb42b14eb0794bb82f,"{""d"":9,""p"":0.0007880462815669912,""r"":36}",
    215040,      1027,         0,    63.1,chromobius,12ab90b3414f424e0ce7500b639e5752d305dd01ee449cb5d2d1f2c0f3b47079,"{""d"":9,""p"":0.0009236708571873865,""r"":36}",
    552960,       269,         0,    83.0,chromobius,9d0476e44504ea42c90914d9139eb472c15d27ebc36193e96fd23d4ae522fef0,"{""d"":9,""p"":0.0004893900918477494,""r"":36}",
        17,         0,         0,   0.010,chromobius,d83085d7fc7a66782138819303fb70ed85cef9df08c5a311c3a8f049a5efcfdc,"{""d"":9,""p"":0.001082636733874054,""r"":36}",
       256,         1,         0,   0.091,chromobius,d83085d7fc7a66782138819303fb70ed85cef9df08c5a311c3a8f049a5efcfdc,"{""d"":9,""p"":0.001082636733874054,""r"":36}",
      1024,        10,         0,   0.370,chromobius,d83085d7fc7a66782138819303fb70ed85cef9df08c5a311c3a8f049a5efcfdc,"{""d"":9,""p"":0.001082636733874054,""r"":36}",
      1024,         6,         0,   0.362,chromobius,d83085d7fc7a66782138819303fb70ed85cef9df08c5a311c3a8f049a5efcfdc,"{""d"":9,""p"":0.001082636733874054,""r"":36}",
      1024,        11,         0,   0.359,chromobius,d83085d7fc7a66782138819303fb70ed85cef9df08c5a311c3a8f049a5efcfdc,"{""d"":9,""p"":0.001082636733874054,""r"":36}",
      1024,         5,         0,   0.357,chromobius,d83085d7fc7a66782138819303fb70ed85cef9df08c5a311c3a8f049a5efcfdc,"{""d"":9,""p"":0.001082636733874054,""r"":36}",
      1024,        11,         0,   0.358,chromobius,d83085d7fc7a66782138819303fb70ed85cef9df08c5a311c3a8f049a5efcfdc,"{""d"":9,""p"":0.001082636733874054,""r"":36}",
      1024,         8,         0,   0.358,chromobius,d83085d7fc7a66782138819303fb70ed85cef9df08c5a311c3a8f049a5efcfdc,"{""d"":9,""p"":0.001082636733874054,""r"":36}",
      1024,        10,         0,   0.362,chromobius,d83085d7fc7a66782138819303fb70ed85cef9df08c5a311c3a8f049a5efcfdc,"{""d"":9,""p"":0.001082636733874054,""r"":36}",
      1024,        11,         0,   0.360,chromobius,d83085d7fc7a66782138819303fb70ed85cef9df08c5a311c3a8f049a5efcfdc,"{""d"":9,""p"":0.001082636733874054,""r"":36}",
      1024,        11,         0,   0.351,chromobius,d83085d7fc7a66782138819303fb70ed85cef9df08c5a311c3a8f049a5efcfdc,"{""d"":9,""p"":0.001082636733874054,""r"":36}",
    254976,       692,         0,    63.9,chromobius,6950094e9fa058e99f0b98ae9139fb366600548d5e88cafb42b14eb0794bb82f,"{""d"":9,""p"":0.0007880462815669912,""r"":36}",
        17,         0,         0,   0.010,chromobius,1bfee5f692c4bbeda789f280597b30c0f9a64dcbff9dac803405b29310faf4b5,"{""d"":9,""p"":0.0012689610031679222,""r"":36}",
       256,         2,         0,   0.109,chromobius,1bfee5f692c4bbeda789f280597b30c0f9a64dcbff9dac803405b29310faf4b5,"{""d"":9,""p"":0.0012689610031679222,""r"":36}",
      2048,        20,         0,   0.738,chromobius,d83085d7fc7a66782138819303fb70ed85cef9df08c5a311c3a8f049a5efcfdc,"{""d"":9,""p"":0.001082636733874054,""r"":36}",
      1024,        16,         0,   0.442,chromobius,1bfee5f692c4bbeda789f280597b30c0f9a64dcbff9dac803405b29310faf4b5,"{""d"":9,""p"":0.0012689610031679222,""r"":36}",
      1024,        12,         0,   0.428,chromobius,1bfee5f692c4bbeda789f280597b30c0f9a64dcbff9dac803405b29310faf4b5,"{""d"":9,""p"":0.0012689610031679222,""r"":36}",
      2048,        21,         0,   0.687,chromobius,d83085d7fc7a66782138819303fb70ed85cef9df08c5a311c3a8f049a5efcfdc,"{""d"":9,""p"":0.001082636733874054,""r"":36}",
      1024,        12,         0,   0.449,chromobius,1bfee5f692c4bbeda789f280597b30c0f9a64dcbff9dac803405b29310faf4b5,"{""d"":9,""p"":0.0012689610031679222,""r"":36}",
      1024,        18,         0,   0.437,chromobius,1bfee5f692c4bbeda789f280597b30c0f9a64dcbff9dac803405b29310faf4b5,"{""d"":9,""p"":0.0012689610031679222,""r"":36}",
      3072,        33,         0,    1.07,chromobius,d83085d7fc7a66782138819303fb70ed85cef9df08c5a311c3a8f049a5efcfdc,"{""d"":9,""p"":0.001082636733874054,""r"":36}",
      1024,        13,         0,   0.436,chromobius,1bfee5f692c4bbeda789f280597b30c0f9a64dcbff9dac803405b29310faf4b5,"{""d"":9,""p"":0.0012689610031679222,""r"":36}",
      1024,        14,         0,   0.445,chromobius,1bfee5f692c4bbeda789f280597b30c0f9a64dcbff9dac803405b29310faf4b5,"{""d"":9,""p"":0.0012689610031679222,""r"":36}",
      1024,        16,         0,   0.447,chromobius,1bfee5f692c4bbeda789f280597b30c0f9a64dcbff9dac803405b29310faf4b5,"{""d"":9,""p"":0.0012689610031679222,""r"":36}",
      1024,        10,         0,   0.435,chromobius,1bfee5f692c4bbeda789f280597b30c0f9a64dcbff9dac803405b29310faf4b5,"{""d"":9,""p"":0.0012689610031679222,""r"":36}",
      4096,        30,         0,    1.42,chromobius,d83085d7fc7a66782138819303fb70ed85cef9df08c5a311c3a8f049a5efcfdc,"{""d"":9,""p"":0.001082636733874054,""r"":36}",
      1024,        16,         0,   0.444,chromobius,1bfee5f692c4bbeda789f280597b30c0f9a64dcbff9dac803405b29310faf4b5,"{""d"":9,""p"":0.0012689610031679222,""r"":36}",
      1024,        12,         0,   0.442,chromobius,1bfee5f692c4bbeda789f280597b30c0f9a64dcbff9dac803405b29310faf4b5,"{""d"":9,""p"":0.0012689610031679222,""r"":36}",
      2048,        33,         0,   0.870,chromobius,1bfee5f692c4bbeda789f280597b30c0f9a64dcbff9dac803405b29310faf4b5,"{""d"":9,""p"":0.0012689610031679222,""r"":36}",
      5120,        34,         0,    1.78,chromobius,d83085d7fc7a66782138819303fb70ed85cef9df08c5a311c3a8f049a5efcfdc,"{""d"":9,""p"":0.001082636733874054,""r"":36}",
      2048,        35,         0,   0.876,chromobius,1bfee5f692c4bbeda789f280597b30c0f9a64dcbff9dac803405b29310faf4b5,"{""d"":9,""p"":0.0012689610031679222,""r"":36}",
   1472512,        80,         0,   119.9,chromobius,0dfcdd01ff4b129ab320feaad1507a83a0f4fb7df5fe137633177dbc129fb064,"{""d"":9,""p"":0.0002592943797404667,""r"":36}",
      3072,        44,         0,    1.32,chromobius,1bfee5f692c4bbeda789f280597b30c0f9a64dcbff9dac803405b29310faf4b5,"{""d"":9,""p"":0.0012689610031679222,""r"":36}",
      7168,        61,         0,    2.51,chromobius,d83085d7fc7a66782138819303fb70ed85cef9df08c5a311c3a8f049a5efcfdc,"{""d"":9,""p"":0.001082636733874054,""r"":36}",
      4096,        56,         0,    1.74,chromobius,1bfee5f692c4bbeda789f280597b30c0f9a64dcbff9dac803405b29310faf4b5,"{""d"":9,""p"":0.0012689610031679222,""r"":36}",
    926720,       223,         0,   119.9,chromobius,6d41e118d1a362c7e7053d396bba9ba23f4a95e7f59e9b24df6c614891a07073,"{""d"":9,""p"":0.00041753189365604,""r"":36}",
      9216,        64,         0,    3.16,chromobius,d83085d7fc7a66782138819303fb70ed85cef9df08c5a311c3a8f049a5efcfdc,"{""d"":9,""p"":0.001082636733874054,""r"":36}",
      5120,        91,         0,    2.20,chromobius,1bfee5f692c4bbeda789f280597b30c0f9a64dcbff9dac803405b29310faf4b5,"{""d"":9,""p"":0.0012689610031679222,""r"":36}",
      7168,       128,         0,    3.12,chromobius,1bfee5f692c4bbeda789f280597b30c0f9a64dcbff9dac803405b29310faf4b5,"{""d"":9,""p"":0.0012689610031679222,""r"":36}",
   1678336,        53,         0,   119.8,chromobius,b2fdedaf2736c49aeeac6ff3824ec0c0e2579b4bfa3da33f49b4a4ea803176fa,"{""d"":9,""p"":0.000221221629107045,""r"":36}",
     12288,       110,         0,    4.31,chromobius,d83085d7fc7a66782138819303fb70ed85cef9df08c5a311c3a8f049a5efcfdc,"{""d"":9,""p"":0.001082636733874054,""r"":36}",
     10240,       182,         0,    4.36,chromobius,1bfee5f692c4bbeda789f280597b30c0f9a64dcbff9dac803405b29310faf4b5,"{""d"":9,""p"":0.0012689610031679222,""r"":36}",
     17408,       148,         0,    6.00,chromobius,d83085d7fc7a66782138819303fb70ed85cef9df08c5a311c3a8f049a5efcfdc,"{""d"":9,""p"":0.001082636733874054,""r"":36}",
   1272832,        93,         0,   119.9,chromobius,30d092a27127e07d56becbbf1546af9bdf9fdd9ded693d4bc16433098a42466d,"{""d"":9,""p"":0.0003039195382313198,""r"":36}",
     14336,       209,         0,    6.17,chromobius,1bfee5f692c4bbeda789f280597b30c0f9a64dcbff9dac803405b29310faf4b5,"{""d"":9,""p"":0.0012689610031679222,""r"":36}",
     24576,       193,         0,    8.54,chromobius,d83085d7fc7a66782138819303fb70ed85cef9df08c5a311c3a8f049a5efcfdc,"{""d"":9,""p"":0.001082636733874054,""r"":36}",
   1103872,       148,         0,   119.9,chromobius,742af1cb29ef6ea93558332c302ac2b3ef6b21d1638a1ee669c7704ffb700372,"{""d"":9,""p"":0.0003562247890262444,""r"":36}",
     20480,       348,         0,    8.78,chromobius,1bfee5f692c4bbeda789f280597b30c0f9a64dcbff9dac803405b29310faf4b5,"{""d"":9,""p"":0.0012689610031679222,""r"":36}",
   2576384,        14,         0,   119.7,chromobius,fed76d20d5fd81bb6f542ec7d6f52dfb462d8fe8219a1fa3276e2c0348ad7d17,"{""d"":9,""p"":0.00013738237958832623,""r"":36}",
   2340864,        27,         0,   119.7,chromobius,b5851194cf290fd709500745feca8dc49bcfa22d4359a14ae15a712ab4fa5c35,"{""d"":9,""p"":0.00016102620275609394,""r"":36}",
     33792,       288,         0,    11.9,chromobius,d83085d7fc7a66782138819303fb70ed85cef9df08c5a311c3a8f049a5efcfdc,"{""d"":9,""p"":0.001082636733874054,""r"":36}",
    595968,       838,         0,   120.1,chromobius,520f725e053fd12159d6de0af2240787e4ec33c25867ae91fac845363a4aa5de,"{""d"":9,""p"":0.0006723357536499335,""r"":36}",
     27648,       467,         0,    12.0,chromobius,1bfee5f692c4bbeda789f280597b30c0f9a64dcbff9dac803405b29310faf4b5,"{""d"":9,""p"":0.0012689610031679222,""r"":36}",
   2130944,        33,         0,   119.8,chromobius,6687fea3cc864593b490e109dc3cba5edc69f7a41cc6c37a5e4e634b7332917b,"{""d"":9,""p"":0.00018873918221350977,""r"":36}",
     48128,       369,         0,    16.6,chromobius,d83085d7fc7a66782138819303fb70ed85cef9df08c5a311c3a8f049a5efcfdc,"{""d"":9,""p"":0.001082636733874054,""r"":36}",
    284672,      1357,         0,    84.3,chromobius,12ab90b3414f424e0ce7500b639e5752d305dd01ee449cb5d2d1f2c0f3b47079,"{""d"":9,""p"":0.0009236708571873865,""r"":36}",
        17,         0,         0,   0.011,chromobius,e8c1239d4b1e1d243aadb45ec2210591107ffbb1c996e89c6d8ab8737229eaa8,"{""d"":9,""p"":0.0014873521072935117,""r"":36}",
       256,        10,         0,   0.129,chromobius,e8c1239d4b1e1d243aadb45ec2210591107ffbb1c996e89c6d8ab8737229eaa8,"{""d"":9,""p"":0.0014873521072935117,""r"":36}",
      1024,        31,         0,   0.513,chromobius,e8c1239d4b1e1d243aadb45ec2210591107ffbb1c996e89c6d8ab8737229eaa8,"{""d"":9,""p"":0.0014873521072935117,""r"":36}",
     38912,       616,         0,    16.8,chromobius,1bfee5f692c4bbeda789f280597b30c0f9a64dcbff9dac803405b29310faf4b5,"{""d"":9,""p"":0.0012689610031679222,""r"":36}",
      1024,        24,         0,   0.523,chromobius,e8c1239d4b1e1d243aadb45ec2210591107ffbb1c996e89c6d8ab8737229eaa8,"{""d"":9,""p"":0.0014873521072935117,""r"":36}",
      1024,        20,         0,   0.492,chromobius,e8c1239d4b1e1d243aadb45ec2210591107ffbb1c996e89c6d8ab8737229eaa8,"{""d"":9,""p"":0.0014873521072935117,""r"":36}",
      1024,        28,         0,   0.514,chromobius,e8c1239d4b1e1d243aadb45ec2210591107ffbb1c996e89c6d8ab8737229eaa8,"{""d"":9,""p"":0.0014873521072935117,""r"":36}",
      1024,        36,         0,   0.521,chromobius,e8c1239d4b1e1d243aadb45ec2210591107ffbb1c996e89c6d8ab8737229eaa8,"{""d"":9,""p"":0.0014873521072935117,""r"":36}",
      1024,        32,         0,   0.509,chromobius,e8c1239d4b1e1d243aadb45ec2210591107ffbb1c996e89c6d8ab8737229eaa8,"{""d"":9,""p"":0.0014873521072935117,""r"":36}",
      1024,        27,         0,   0.501,chromobius,e8c1239d4b1e1d243aadb45ec2210591107ffbb1c996e89c6d8ab8737229eaa8,"{""d"":9,""p"":0.0014873521072935117,""r"":36}",
      1024,        31,         0,   0.512,chromobius,e8c1239d4b1e1d243aadb45ec2210591107ffbb1c996e89c6d8ab8737229eaa8,"{""d"":9,""p"":0.0014873521072935117,""r"":36}",
      1024,        28,         0,   0.501,chromobius,e8c1239d4b1e1d243aadb45ec2210591107ffbb1c996e89c6d8ab8737229eaa8,"{""d"":9,""p"":0.0014873521072935117,""r"":36}",
      1024,        33,         0,   0.509,chromobius,e8c1239d4b1e1d243aadb45ec2210591107ffbb1c996e89c6d8ab8737229eaa8,"{""d"":9,""p"":0.0014873521072935117,""r"":36}",
      2048,        59,         0,    1.03,chromobius,e8c1239d4b1e1d243aadb45ec2210591107ffbb1c996e89c6d8ab8737229eaa8,"{""d"":9,""p"":0.0014873521072935117,""r"":36}",
      2048,        52,         0,    1.01,chromobius,e8c1239d4b1e1d243aadb45ec2210591107ffbb1c996e89c6d8ab8737229eaa8,"{""d"":9,""p"":0.0014873521072935117,""r"":36}",
      3072,        81,         0,    1.50,chromobius,e8c1239d4b1e1d243aadb45ec2210591107ffbb1c996e89c6d8ab8737229eaa8,"{""d"":9,""p"":0.0014873521072935117,""r"":36}",
      4096,       104,         0,    2.04,chromobius,e8c1239d4b1e1d243aadb45ec2210591107ffbb1c996e89c6d8ab8737229eaa8,"{""d"":9,""p"":0.0014873521072935117,""r"":36}",
      5120,       131,         0,    2.55,chromobius,e8c1239d4b1e1d243aadb45ec2210591107ffbb1c996e89c6d8ab8737229eaa8,"{""d"":9,""p"":0.0014873521072935117,""r"":36}",
      6144,       192,         0,    3.05,chromobius,e8c1239d4b1e1d243aadb45ec2210591107ffbb1c996e89c6d8ab8737229eaa8,"{""d"":9,""p"":0.0014873521072935117,""r"":36}",
     66560,       583,         0,    23.0,chromobius,d83085d7fc7a66782138819303fb70ed85cef9df08c5a311c3a8f049a5efcfdc,"{""d"":9,""p"":0.001082636733874054,""r"":36}",
      9216,       268,         0,    4.60,chromobius,e8c1239d4b1e1d243aadb45ec2210591107ffbb1c996e89c6d8ab8737229eaa8,"{""d"":9,""p"":0.0014873521072935117,""r"":36}",
     53248,       842,         0,    23.0,chromobius,1bfee5f692c4bbeda789f280597b30c0f9a64dcbff9dac803405b29310faf4b5,"{""d"":9,""p"":0.0012689610031679222,""r"":36}",
     12288,       329,         0,    6.16,chromobius,e8c1239d4b1e1d243aadb45ec2210591107ffbb1c996e89c6d8ab8737229eaa8,"{""d"":9,""p"":0.0014873521072935117,""r"":36}",
     17408,       498,         0,    8.66,chromobius,e8c1239d4b1e1d243aadb45ec2210591107ffbb1c996e89c6d8ab8737229eaa8,"{""d"":9,""p"":0.0014873521072935117,""r"":36}",
   1438575,         5,         0,    67.9,chromobius,fed76d20d5fd81bb6f542ec7d6f52dfb462d8fe8219a1fa3276e2c0348ad7d17,"{""d"":9,""p"":0.00013738237958832623,""r"":36}",
        17,         1,         0,   0.013,chromobius,21789c32bc40dff12f77bb330fe5cab3c50e73797e237c63b0fba345f3e22c7f,"{""d"":9,""p"":0.0017433288221999873,""r"":36}",
       256,        12,         0,   0.154,chromobius,21789c32bc40dff12f77bb330fe5cab3c50e73797e237c63b0fba345f3e22c7f,"{""d"":9,""p"":0.0017433288221999873,""r"":36}",
       512,        28,         0,   0.312,chromobius,21789c32bc40dff12f77bb330fe5cab3c50e73797e237c63b0fba345f3e22c7f,"{""d"":9,""p"":0.0017433288221999873,""r"":36}",
       512,        26,         0,   0.298,chromobius,21789c32bc40dff12f77bb330fe5cab3c50e73797e237c63b0fba345f3e22c7f,"{""d"":9,""p"":0.0017433288221999873,""r"":36}",
      1024,        46,         0,   0.649,chromobius,21789c32bc40dff12f77bb330fe5cab3c50e73797e237c63b0fba345f3e22c7f,"{""d"":9,""p"":0.0017433288221999873,""r"":36}",
      1024,        56,         0,   0.616,chromobius,21789c32bc40dff12f77bb330fe5cab3c50e73797e237c63b0fba345f3e22c7f,"{""d"":9,""p"":0.0017433288221999873,""r"":36}",
      1024,        56,         0,   0.599,chromobius,21789c32bc40dff12f77bb330fe5cab3c50e73797e237c63b0fba345f3e22c7f,"{""d"":9,""p"":0.0017433288221999873,""r"":36}",
      1024,        63,         0,   0.608,chromobius,21789c32bc40dff12f77bb330fe5cab3c50e73797e237c63b0fba345f3e22c7f,"{""d"":9,""p"":0.0017433288221999873,""r"":36}",
      1024,        62,         0,   0.592,chromobius,21789c32bc40dff12f77bb330fe5cab3c50e73797e237c63b0fba345f3e22c7f,"{""d"":9,""p"":0.0017433288221999873,""r"":36}",
      1024,        50,         0,   0.597,chromobius,21789c32bc40dff12f77bb330fe5cab3c50e73797e237c63b0fba345f3e22c7f,"{""d"":9,""p"":0.0017433288221999873,""r"":36}",
      1024,        58,         0,   0.596,chromobius,21789c32bc40dff12f77bb330fe5cab3c50e73797e237c63b0fba345f3e22c7f,"{""d"":9,""p"":0.0017433288221999873,""r"":36}",
      1024,        49,         0,   0.606,chromobius,21789c32bc40dff12f77bb330fe5cab3c50e73797e237c63b0fba345f3e22c7f,"{""d"":9,""p"":0.0017433288221999873,""r"":36}",
      1024,        62,         0,   0.610,chromobius,21789c32bc40dff12f77bb330fe5cab3c50e73797e237c63b0fba345f3e22c7f,"{""d"":9,""p"":0.0017433288221999873,""r"":36}",
     24576,       684,         0,    12.1,chromobius,e8c1239d4b1e1d243aadb45ec2210591107ffbb1c996e89c6d8ab8737229eaa8,"{""d"":9,""p"":0.0014873521072935117,""r"":36}",
      2048,        98,         0,    1.23,chromobius,21789c32bc40dff12f77bb330fe5cab3c50e73797e237c63b0fba345f3e22c7f,"{""d"":9,""p"":0.0017433288221999873,""r"":36}",
      2048,       115,         0,    1.20,chromobius,21789c32bc40dff12f77bb330fe5cab3c50e73797e237c63b0fba345f3e22c7f,"{""d"":9,""p"":0.0017433288221999873,""r"":36}",
     93184,       780,         0,    32.4,chromobius,d83085d7fc7a66782138819303fb70ed85cef9df08c5a311c3a8f049a5efcfdc,"{""d"":9,""p"":0.001082636733874054,""r"":36}",
      3072,       158,         0,    1.83,chromobius,21789c32bc40dff12f77bb330fe5cab3c50e73797e237c63b0fba345f3e22c7f,"{""d"":9,""p"":0.0017433288221999873,""r"":36}",
      4096,       204,         0,    2.43,chromobius,21789c32bc40dff12f77bb330fe5cab3c50e73797e237c63b0fba345f3e22c7f,"{""d"":9,""p"":0.0017433288221999873,""r"":36}",
     74752,      1180,         0,    32.6,chromobius,1bfee5f692c4bbeda789f280597b30c0f9a64dcbff9dac803405b29310faf4b5,"{""d"":9,""p"":0.0012689610031679222,""r"":36}",
      6144,       300,         0,    3.62,chromobius,21789c32bc40dff12f77bb330fe5cab3c50e73797e237c63b0fba345f3e22c7f,"{""d"":9,""p"":0.0017433288221999873,""r"":36}",
      8192,       447,         0,    4.83,chromobius,21789c32bc40dff12f77bb330fe5cab3c50e73797e237c63b0fba345f3e22c7f,"{""d"":9,""p"":0.0017433288221999873,""r"":36}",
     33792,       954,         0,    16.5,chromobius,e8c1239d4b1e1d243aadb45ec2210591107ffbb1c996e89c6d8ab8737229eaa8,"{""d"":9,""p"":0.0014873521072935117,""r"":36}",
   1452032,        68,         0,   119.9,chromobius,0dfcdd01ff4b129ab320feaad1507a83a0f4fb7df5fe137633177dbc129fb064,"{""d"":9,""p"":0.0002592943797404667,""r"":36}",
    947200,       226,         0,   119.9,chromobius,6d41e118d1a362c7e7053d396bba9ba23f4a95e7f59e9b24df6c614891a07073,"{""d"":9,""p"":0.00041753189365604,""r"":36}",
     10240,       542,         0,    5.99,chromobius,21789c32bc40dff12f77bb330fe5cab3c50e73797e237c63b0fba345f3e22c7f,"{""d"":9,""p"":0.0017433288221999873,""r"":36}",
   1652736,        46,         0,   119.9,chromobius,b2fdedaf2736c49aeeac6ff3824ec0c0e2579b4bfa3da33f49b4a4ea803176fa,"{""d"":9,""p"":0.000221221629107045,""r"":36}",
     39936,       629,         0,    17.3,chromobius,1bfee5f692c4bbeda789f280597b30c0f9a64dcbff9dac803405b29310faf4b5,"{""d"":9,""p"":0.0012689610031679222,""r"":36}",
        17,         1,         0,   0.014,chromobius,b121d741b767bbf7db51591c60e821b8010caf2ec9b5cf4a393638175d4d9479,"{""d"":9,""p"":0.0020433597178569417,""r"":36}",
       256,        21,         0,   0.161,chromobius,b121d741b767bbf7db51591c60e821b8010caf2ec9b5cf4a393638175d4d9479,"{""d"":9,""p"":0.0020433597178569417,""r"":36}",
       512,        52,         0,   0.370,chromobius,b121d741b767bbf7db51591c60e821b8010caf2ec9b5cf4a393638175d4d9479,"{""d"":9,""p"":0.0020433597178569417,""r"":36}",
       512,        36,         0,   0.363,chromobius,b121d741b767bbf7db51591c60e821b8010caf2ec9b5cf4a393638175d4d9479,"{""d"":9,""p"":0.0020433597178569417,""r"":36}",
       512,        51,         0,   0.372,chromobius,b121d741b767bbf7db51591c60e821b8010caf2ec9b5cf4a393638175d4d9479,"{""d"":9,""p"":0.0020433597178569417,""r"":36}",
       512,        30,         0,   0.363,chromobius,b121d741b767bbf7db51591c60e821b8010caf2ec9b5cf4a393638175d4d9479,"{""d"":9,""p"":0.0020433597178569417,""r"":36}",
       512,        42,         0,   0.347,chromobius,b121d741b767bbf7db51591c60e821b8010caf2ec9b5cf4a393638175d4d9479,"{""d"":9,""p"":0.0020433597178569417,""r"":36}",
       512,        54,         0,   0.407,chromobius,b121d741b767bbf7db51591c60e821b8010caf2ec9b5cf4a393638175d4d9479,"{""d"":9,""p"":0.0020433597178569417,""r"":36}",
       512,        39,         0,   0.388,chromobius,b121d741b767bbf7db51591c60e821b8010caf2ec9b5cf4a393638175d4d9479,"{""d"":9,""p"":0.0020433597178569417,""r"":36}",
       512,        48,         0,   0.366,chromobius,b121d741b767bbf7db51591c60e821b8010caf2ec9b5cf4a393638175d4d9479,"{""d"":9,""p"":0.0020433597178569417,""r"":36}",
       512,        44,         0,   0.336,chromobius,b121d741b767bbf7db51591c60e821b8010caf2ec9b5cf4a393638175d4d9479,"{""d"":9,""p"":0.0020433597178569417,""r"":36}",
     14336,       759,         0,    8.38,chromobius,21789c32bc40dff12f77bb330fe5cab3c50e73797e237c63b0fba345f3e22c7f,"{""d"":9,""p"":0.0017433288221999873,""r"":36}",
      1024,        96,         0,   0.729,chromobius,b121d741b767bbf7db51591c60e821b8010caf2ec9b5cf4a393638175d4d9479,"{""d"":9,""p"":0.0020433597178569417,""r"":36}",
      1024,        87,         0,   0.729,chromobius,b121d741b767bbf7db51591c60e821b8010caf2ec9b5cf4a393638175d4d9479,"{""d"":9,""p"":0.0020433597178569417,""r"":36}",
      1536,       145,         0,    1.12,chromobius,b121d741b767bbf7db51591c60e821b8010caf2ec9b5cf4a393638175d4d9479,"{""d"":9,""p"":0.0020433597178569417,""r"":36}",
      2048,       183,         0,    1.49,chromobius,b121d741b767bbf7db51591c60e821b8010caf2ec9b5cf4a393638175d4d9479,"{""d"":9,""p"":0.0020433597178569417,""r"":36}",
   1286144,       107,         0,   119.9,chromobius,30d092a27127e07d56becbbf1546af9bdf9fdd9ded693d4bc16433098a42466d,"{""d"":9,""p"":0.0003039195382313198,""r"":36}",
      2560,       235,         0,    1.87,chromobius,b121d741b767bbf7db51591c60e821b8010caf2ec9b5cf4a393638175d4d9479,"{""d"":9,""p"":0.0020433597178569417,""r"":36}",
      3072,       275,         0,    2.23,chromobius,b121d741b767bbf7db51591c60e821b8010caf2ec9b5cf4a393638175d4d9479,"{""d"":9,""p"":0.0020433597178569417,""r"":36}",
     45056,      1364,         0,    22.1,chromobius,e8c1239d4b1e1d243aadb45ec2210591107ffbb1c996e89c6d8ab8737229eaa8,"{""d"":9,""p"":0.0014873521072935117,""r"":36}",
        17,         3,         0,   0.017,chromobius,301451d10d027453f2d3bc95ab64caf6616002d895ed9229226717002fb23e8d,"{""d"":9,""p"":0.002395026619987486,""r"":36}",
       256,        37,         0,   0.225,chromobius,301451d10d027453f2d3bc95ab64caf6616002d895ed9229226717002fb23e8d,"{""d"":9,""p"":0.002395026619987486,""r"":36}",
       512,        72,         0,   0.450,chromobius,301451d10d027453f2d3bc95ab64caf6616002d895ed9229226717002fb23e8d,"{""d"":9,""p"":0.002395026619987486,""r"":36}",
       512,        84,         0,   0.446,chromobius,301451d10d027453f2d3bc95ab64caf6616002d895ed9229226717002fb23e8d,"{""d"":9,""p"":0.002395026619987486,""r"":36}",
   1145856,       166,         0,   119.9,chromobius,742af1cb29ef6ea93558332c302ac2b3ef6b21d1638a1ee669c7704ffb700372,"{""d"":9,""p"":0.0003562247890262444,""r"":36}",
       512,        80,         0,   0.444,chromobius,301451d10d027453f2d3bc95ab64caf6616002d895ed9229226717002fb23e8d,"{""d"":9,""p"":0.002395026619987486,""r"":36}",
      4608,       418,         0,    3.33,chromobius,b121d741b767bbf7db51591c60e821b8010caf2ec9b5cf4a393638175d4d9479,"{""d"":9,""p"":0.0020433597178569417,""r"":36}",
       512,        89,         0,   0.454,chromobius,301451d10d027453f2d3bc95ab64caf6616002d895ed9229226717002fb23e8d,"{""d"":9,""p"":0.002395026619987486,""r"":36}",
     20480,      1102,         0,    11.9,chromobius,21789c32bc40dff12f77bb330fe5cab3c50e73797e237c63b0fba345f3e22c7f,"{""d"":9,""p"":0.0017433288221999873,""r"":36}",
       512,        83,         0,   0.453,chromobius,301451d10d027453f2d3bc95ab64caf6616002d895ed9229226717002fb23e8d,"{""d"":9,""p"":0.002395026619987486,""r"":36}",
       512,        97,         0,   0.446,chromobius,301451d10d027453f2d3bc95ab64caf6616002d895ed9229226717002fb23e8d,"{""d"":9,""p"":0.002395026619987486,""r"":36}",
       512,        93,         0,   0.449,chromobius,301451d10d027453f2d3bc95ab64caf6616002d895ed9229226717002fb23e8d,"{""d"":9,""p"":0.002395026619987486,""r"":36}",
       512,        87,         0,   0.454,chromobius,301451d10d027453f2d3bc95ab64caf6616002d895ed9229226717002fb23e8d,"{""d"":9,""p"":0.002395026619987486,""r"":36}",
       512,        85,         0,   0.440,chromobius,301451d10d027453f2d3bc95ab64caf6616002d895ed9229226717002fb23e8d,"{""d"":9,""p"":0.002395026619987486,""r"":36}",
       512,        91,         0,   0.447,chromobius,301451d10d027453f2d3bc95ab64caf6616002d895ed9229226717002fb23e8d,"{""d"":9,""p"":0.002395026619987486,""r"":36}",
      1024,       159,         0,   0.911,chromobius,301451d10d027453f2d3bc95ab64caf6616002d895ed9229226717002fb23e8d,"{""d"":9,""p"":0.002395026619987486,""r"":36}",
      6144,       574,         0,    4.47,chromobius,b121d741b767bbf7db51591c60e821b8010caf2ec9b5cf4a393638175d4d9479,"{""d"":9,""p"":0.0020433597178569417,""r"":36}",
      1024,       159,         0,   0.900,chromobius,301451d10d027453f2d3bc95ab64caf6616002d895ed9229226717002fb23e8d,"{""d"":9,""p"":0.002395026619987486,""r"":36}",
      1536,       265,         0,    1.35,chromobius,301451d10d027453f2d3bc95ab64caf6616002d895ed9229226717002fb23e8d,"{""d"":9,""p"":0.002395026619987486,""r"":36}",
      2048,       343,         0,    1.81,chromobius,301451d10d027453f2d3bc95ab64caf6616002d895ed9229226717002fb23e8d,"{""d"":9,""p"":0.002395026619987486,""r"":36}",
    130048,      1118,         0,    45.2,chromobius,d83085d7fc7a66782138819303fb70ed85cef9df08c5a311c3a8f049a5efcfdc,"{""d"":9,""p"":0.001082636733874054,""r"":36}",
     14336,       727,         0,    8.35,chromobius,21789c32bc40dff12f77bb330fe5cab3c50e73797e237c63b0fba345f3e22c7f,"{""d"":9,""p"":0.0017433288221999873,""r"":36}",
        17,         2,         0,   0.021,chromobius,fe7a67f8a3d2f46ea0dcc633fd68303ae317c46daa48d811810482fdc17c3326,"{""d"":9,""p"":0.0028072162039411755,""r"":36}",
       256,        64,         0,   0.265,chromobius,fe7a67f8a3d2f46ea0dcc633fd68303ae317c46daa48d811810482fdc17c3326,"{""d"":9,""p"":0.0028072162039411755,""r"":36}",
       512,       126,         0,   0.527,chromobius,fe7a67f8a3d2f46ea0dcc633fd68303ae317c46daa48d811810482fdc17c3326,"{""d"":9,""p"":0.0028072162039411755,""r"":36}",
      2560,       394,         0,    2.28,chromobius,301451d10d027453f2d3bc95ab64caf6616002d895ed9229226717002fb23e8d,"{""d"":9,""p"":0.002395026619987486,""r"":36}",
       512,       125,         0,   0.511,chromobius,fe7a67f8a3d2f46ea0dcc633fd68303ae317c46daa48d811810482fdc17c3326,"{""d"":9,""p"":0.0028072162039411755,""r"":36}",
   2315264,        17,         0,   119.7,chromobius,b5851194cf290fd709500745feca8dc49bcfa22d4359a14ae15a712ab4fa5c35,"{""d"":9,""p"":0.00016102620275609394,""r"":36}",
      8704,       815,         0,    6.29,chromobius,b121d741b767bbf7db51591c60e821b8010caf2ec9b5cf4a393638175d4d9479,"{""d"":9,""p"":0.0020433597178569417,""r"":36}",
       512,       128,         0,   0.510,chromobius,fe7a67f8a3d2f46ea0dcc633fd68303ae317c46daa48d811810482fdc17c3326,"{""d"":9,""p"":0.0028072162039411755,""r"":36}",
    584704,       870,         0,   120.1,chromobius,520f725e053fd12159d6de0af2240787e4ec33c25867ae91fac845363a4aa5de,"{""d"":9,""p"":0.0006723357536499335,""r"":36}",
       512,       115,         0,   0.516,chromobius,fe7a67f8a3d2f46ea0dcc633fd68303ae317c46daa48d811810482fdc17c3326,"{""d"":9,""p"":0.0028072162039411755,""r"":36}",
       512,       115,         0,   0.547,chromobius,fe7a67f8a3d2f46ea0dcc633fd68303ae317c46daa48d811810482fdc17c3326,"{""d"":9,""p"":0.0028072162039411755,""r"":36}",
       512,       120,         0,   0.537,chromobius,fe7a67f8a3d2f46ea0dcc633fd68303ae317c46daa48d811810482fdc17c3326,"{""d"":9,""p"":0.0028072162039411755,""r"":36}",
       512,       119,         0,   0.540,chromobius,fe7a67f8a3d2f46ea0dcc633fd68303ae317c46daa48d811810482fdc17c3326,"{""d"":9,""p"":0.0028072162039411755,""r"":36}",
      3584,       563,         0,    3.18,chromobius,301451d10d027453f2d3bc95ab64caf6616002d895ed9229226717002fb23e8d,"{""d"":9,""p"":0.002395026619987486,""r"":36}",
       512,       125,         0,   0.545,chromobius,fe7a67f8a3d2f46ea0dcc633fd68303ae317c46daa48d811810482fdc17c3326,"{""d"":9,""p"":0.0028072162039411755,""r"":36}",
       512,        98,         0,   0.543,chromobius,fe7a67f8a3d2f46ea0dcc633fd68303ae317c46daa48d811810482fdc17c3326,"{""d"":9,""p"":0.0028072162039411755,""r"":36}",
       512,       130,         0,   0.532,chromobius,fe7a67f8a3d2f46ea0dcc633fd68303ae317c46daa48d811810482fdc17c3326,"{""d"":9,""p"":0.0028072162039411755,""r"":36}",
      1024,       249,         0,    1.00,chromobius,fe7a67f8a3d2f46ea0dcc633fd68303ae317c46daa48d811810482fdc17c3326,"{""d"":9,""p"":0.0028072162039411755,""r"":36}",
      1024,       248,         0,    1.03,chromobius,fe7a67f8a3d2f46ea0dcc633fd68303ae317c46daa48d811810482fdc17c3326,"{""d"":9,""p"":0.0028072162039411755,""r"":36}",
      5120,       799,         0,    4.54,chromobius,301451d10d027453f2d3bc95ab64caf6616002d895ed9229226717002fb23e8d,"{""d"":9,""p"":0.002395026619987486,""r"":36}",
      1536,       355,         0,    1.61,chromobius,fe7a67f8a3d2f46ea0dcc633fd68303ae317c46daa48d811810482fdc17c3326,"{""d"":9,""p"":0.0028072162039411755,""r"":36}",
     11776,      1117,         0,    8.42,chromobius,b121d741b767bbf7db51591c60e821b8010caf2ec9b5cf4a393638175d4d9479,"{""d"":9,""p"":0.0020433597178569417,""r"":36}",
      1536,       408,         0,    1.62,chromobius,fe7a67f8a3d2f46ea0dcc633fd68303ae317c46daa48d811810482fdc17c3326,"{""d"":9,""p"":0.0028072162039411755,""r"":36}",
      2560,       576,         0,    2.69,chromobius,fe7a67f8a3d2f46ea0dcc633fd68303ae317c46daa48d811810482fdc17c3326,"{""d"":9,""p"":0.0028072162039411755,""r"":36}",
   2115584,        32,         0,   119.8,chromobius,6687fea3cc864593b490e109dc3cba5edc69f7a41cc6c37a5e4e634b7332917b,"{""d"":9,""p"":0.00018873918221350977,""r"":36}",
      6656,       639,         0,    4.76,chromobius,b121d741b767bbf7db51591c60e821b8010caf2ec9b5cf4a393638175d4d9479,"{""d"":9,""p"":0.0020433597178569417,""r"":36}",
      7168,      1052,         0,    6.40,chromobius,301451d10d027453f2d3bc95ab64caf6616002d895ed9229226717002fb23e8d,"{""d"":9,""p"":0.002395026619987486,""r"":36}",
        17,         4,         0,   0.023,chromobius,fba3cbee3419357ce1125728a6faf285b0be7ee6a3533f129ddc1e955bb5aa22,"{""d"":9,""p"":0.0032903445623126675,""r"":36}",
       256,        96,         0,   0.351,chromobius,fba3cbee3419357ce1125728a6faf285b0be7ee6a3533f129ddc1e955bb5aa22,"{""d"":9,""p"":0.0032903445623126675,""r"":36}",
       256,        74,         0,   0.338,chromobius,fba3cbee3419357ce1125728a6faf285b0be7ee6a3533f129ddc1e955bb5aa22,"{""d"":9,""p"":0.0032903445623126675,""r"":36}",
       256,        97,         0,   0.319,chromobius,fba3cbee3419357ce1125728a6faf285b0be7ee6a3533f129ddc1e955bb5aa22,"{""d"":9,""p"":0.0032903445623126675,""r"":36}",
       256,        99,         0,   0.321,chromobius,fba3cbee3419357ce1125728a6faf285b0be7ee6a3533f129ddc1e955bb5aa22,"{""d"":9,""p"":0.0032903445623126675,""r"":36}",
      3072,       741,         0,    3.19,chromobius,fe7a67f8a3d2f46ea0dcc633fd68303ae317c46daa48d811810482fdc17c3326,"{""d"":9,""p"":0.0028072162039411755,""r"":36}",
       256,        99,         0,   0.328,chromobius,fba3cbee3419357ce1125728a6faf285b0be7ee6a3533f129ddc1e955bb5aa22,"{""d"":9,""p"":0.0032903445623126675,""r"":36}",
       256,        90,         0,   0.313,chromobius,fba3cbee3419357ce1125728a6faf285b0be7ee6a3533f129ddc1e955bb5aa22,"{""d"":9,""p"":0.0032903445623126675,""r"":36}",
      2560,       433,         0,    2.32,chromobius,301451d10d027453f2d3bc95ab64caf6616002d895ed9229226717002fb23e8d,"{""d"":9,""p"":0.002395026619987486,""r"":36}",
       256,        78,         0,   0.322,chromobius,fba3cbee3419357ce1125728a6faf285b0be7ee6a3533f129ddc1e955bb5aa22,"{""d"":9,""p"":0.0032903445623126675,""r"":36}",
        17,         8,         0,   0.029,chromobius,962c3bbb31880771a96244122249caed9a0ce74a0d0a05827da1dd5ba60a5f9d,"{""d"":9,""p"":0.0038566204211634724,""r"":36}",
       256,        82,         0,   0.323,chromobius,fba3cbee3419357ce1125728a6faf285b0be7ee6a3533f129ddc1e955bb5aa22,"{""d"":9,""p"":0.0032903445623126675,""r"":36}",
       256,       109,         0,   0.414,chromobius,962c3bbb31880771a96244122249caed9a0ce74a0d0a05827da1dd5ba60a5f9d,"{""d"":9,""p"":0.0038566204211634724,""r"":36}",
       256,        87,         0,   0.345,chromobius,fba3cbee3419357ce1125728a6faf285b0be7ee6a3533f129ddc1e955bb5aa22,"{""d"":9,""p"":0.0032903445623126675,""r"":36}",
       256,        94,         0,   0.350,chromobius,fba3cbee3419357ce1125728a6faf285b0be7ee6a3533f129ddc1e955bb5aa22,"{""d"":9,""p"":0.0032903445623126675,""r"":36}",
       256,       121,         0,   0.426,chromobius,962c3bbb31880771a96244122249caed9a0ce74a0d0a05827da1dd5ba60a5f9d,"{""d"":9,""p"":0.0038566204211634724,""r"":36}",
       256,       120,         0,   0.413,chromobius,962c3bbb31880771a96244122249caed9a0ce74a0d0a05827da1dd5ba60a5f9d,"{""d"":9,""p"":0.0038566204211634724,""r"":36}",
       512,       192,         0,   0.661,chromobius,fba3cbee3419357ce1125728a6faf285b0be7ee6a3533f129ddc1e955bb5aa22,"{""d"":9,""p"":0.0032903445623126675,""r"":36}",
       256,       104,         0,   0.413,chromobius,962c3bbb31880771a96244122249caed9a0ce74a0d0a05827da1dd5ba60a5f9d,"{""d"":9,""p"":0.0038566204211634724,""r"":36}",
       256,       128,         0,   0.418,chromobius,962c3bbb31880771a96244122249caed9a0ce74a0d0a05827da1dd5ba60a5f9d,"{""d"":9,""p"":0.0038566204211634724,""r"":36}",
       512,       178,         0,   0.645,chromobius,fba3cbee3419357ce1125728a6faf285b0be7ee6a3533f129ddc1e955bb5aa22,"{""d"":9,""p"":0.0032903445623126675,""r"":36}",
       256,       118,         0,   0.410,chromobius,962c3bbb31880771a96244122249caed9a0ce74a0d0a05827da1dd5ba60a5f9d,"{""d"":9,""p"":0.0038566204211634724,""r"":36}",
       256,       114,         0,   0.419,chromobius,962c3bbb31880771a96244122249caed9a0ce74a0d0a05827da1dd5ba60a5f9d,"{""d"":9,""p"":0.0038566204211634724,""r"":36}",
       768,       273,         0,   0.979,chromobius,fba3cbee3419357ce1125728a6faf285b0be7ee6a3533f129ddc1e955bb5aa22,"{""d"":9,""p"":0.0032903445623126675,""r"":36}",
       256,       111,         0,   0.413,chromobius,962c3bbb31880771a96244122249caed9a0ce74a0d0a05827da1dd5ba60a5f9d,"{""d"":9,""p"":0.0038566204211634724,""r"":36}",
      4608,      1182,         0,    4.66,chromobius,fe7a67f8a3d2f46ea0dcc633fd68303ae317c46daa48d811810482fdc17c3326,"{""d"":9,""p"":0.0028072162039411755,""r"":36}",
       256,       113,         0,   0.420,chromobius,962c3bbb31880771a96244122249caed9a0ce74a0d0a05827da1dd5ba60a5f9d,"{""d"":9,""p"":0.0038566204211634724,""r"":36}",
        17,        10,         0,   0.037,chromobius,9da497eceadf3c4d55d287ecedcda64777c113f498f5c2ec17f18f4b4aaeefc4,"{""d"":9,""p"":0.004520353656360241,""r"":36}",
       256,        99,         0,   0.422,chromobius,962c3bbb31880771a96244122249caed9a0ce74a0d0a05827da1dd5ba60a5f9d,"{""d"":9,""p"":0.0038566204211634724,""r"":36}",
       256,       108,         0,   0.510,chromobius,9da497eceadf3c4d55d287ecedcda64777c113f498f5c2ec17f18f4b4aaeefc4,"{""d"":9,""p"":0.004520353656360241,""r"":36}",
      1024,       350,         0,    1.35,chromobius,fba3cbee3419357ce1125728a6faf285b0be7ee6a3533f129ddc1e955bb5aa22,"{""d"":9,""p"":0.0032903445623126675,""r"":36}",
       256,       111,         0,   0.424,chromobius,962c3bbb31880771a96244122249caed9a0ce74a0d0a05827da1dd5ba60a5f9d,"{""d"":9,""p"":0.0038566204211634724,""r"":36}",
       256,       124,         0,   0.517,chromobius,9da497eceadf3c4d55d287ecedcda64777c113f498f5c2ec17f18f4b4aaeefc4,"{""d"":9,""p"":0.004520353656360241,""r"":36}",
       512,       226,         0,   0.836,chromobius,962c3bbb31880771a96244122249caed9a0ce74a0d0a05827da1dd5ba60a5f9d,"{""d"":9,""p"":0.0038566204211634724,""r"":36}",
       256,       123,         0,   0.520,chromobius,9da497eceadf3c4d55d287ecedcda64777c113f498f5c2ec17f18f4b4aaeefc4,"{""d"":9,""p"":0.004520353656360241,""r"":36}",
       256,       120,         0,   0.509,chromobius,9da497eceadf3c4d55d287ecedcda64777c113f498f5c2ec17f18f4b4aaeefc4,"{""d"":9,""p"":0.004520353656360241,""r"":36}",
      1280,       441,         0,    1.69,chromobius,fba3cbee3419357ce1125728a6faf285b0be7ee6a3533f129ddc1e955bb5aa22,"{""d"":9,""p"":0.0032903445623126675,""r"":36}",
       512,       218,         0,   0.829,chromobius,962c3bbb31880771a96244122249caed9a0ce74a0d0a05827da1dd5ba60a5f9d,"{""d"":9,""p"":0.0038566204211634724,""r"":36}",
       256,       132,         0,   0.520,chromobius,9da497eceadf3c4d55d287ecedcda64777c113f498f5c2ec17f18f4b4aaeefc4,"{""d"":9,""p"":0.004520353656360241,""r"":36}",
       256,       130,         0,   0.528,chromobius,9da497eceadf3c4d55d287ecedcda64777c113f498f5c2ec17f18f4b4aaeefc4,"{""d"":9,""p"":0.004520353656360241,""r"":36}",
       768,       345,         0,    1.27,chromobius,962c3bbb31880771a96244122249caed9a0ce74a0d0a05827da1dd5ba60a5f9d,"{""d"":9,""p"":0.0038566204211634724,""r"":36}",
       256,       112,         0,   0.513,chromobius,9da497eceadf3c4d55d287ecedcda64777c113f498f5c2ec17f18f4b4aaeefc4,"{""d"":9,""p"":0.004520353656360241,""r"":36}",
       256,       121,         0,   0.519,chromobius,9da497eceadf3c4d55d287ecedcda64777c113f498f5c2ec17f18f4b4aaeefc4,"{""d"":9,""p"":0.004520353656360241,""r"":36}",
      1792,       622,         0,    2.36,chromobius,fba3cbee3419357ce1125728a6faf285b0be7ee6a3533f129ddc1e955bb5aa22,"{""d"":9,""p"":0.0032903445623126675,""r"":36}",
       256,       114,         0,   0.529,chromobius,9da497eceadf3c4d55d287ecedcda64777c113f498f5c2ec17f18f4b4aaeefc4,"{""d"":9,""p"":0.004520353656360241,""r"":36}",
       256,       129,         0,   0.532,chromobius,9da497eceadf3c4d55d287ecedcda64777c113f498f5c2ec17f18f4b4aaeefc4,"{""d"":9,""p"":0.004520353656360241,""r"":36}",
      1024,       441,         0,    1.68,chromobius,962c3bbb31880771a96244122249caed9a0ce74a0d0a05827da1dd5ba60a5f9d,"{""d"":9,""p"":0.0038566204211634724,""r"":36}",
       256,       135,         0,   0.530,chromobius,9da497eceadf3c4d55d287ecedcda64777c113f498f5c2ec17f18f4b4aaeefc4,"{""d"":9,""p"":0.004520353656360241,""r"":36}",
       512,       231,         0,    1.02,chromobius,9da497eceadf3c4d55d287ecedcda64777c113f498f5c2ec17f18f4b4aaeefc4,"{""d"":9,""p"":0.004520353656360241,""r"":36}",
      1536,       675,         0,    2.52,chromobius,962c3bbb31880771a96244122249caed9a0ce74a0d0a05827da1dd5ba60a5f9d,"{""d"":9,""p"":0.0038566204211634724,""r"":36}",
       512,       249,         0,    1.04,chromobius,9da497eceadf3c4d55d287ecedcda64777c113f498f5c2ec17f18f4b4aaeefc4,"{""d"":9,""p"":0.004520353656360241,""r"":36}",
      2560,       857,         0,    3.28,chromobius,fba3cbee3419357ce1125728a6faf285b0be7ee6a3533f129ddc1e955bb5aa22,"{""d"":9,""p"":0.0032903445623126675,""r"":36}",
       768,       357,         0,    1.57,chromobius,9da497eceadf3c4d55d287ecedcda64777c113f498f5c2ec17f18f4b4aaeefc4,"{""d"":9,""p"":0.004520353656360241,""r"":36}",
       768,       355,         0,    1.59,chromobius,9da497eceadf3c4d55d287ecedcda64777c113f498f5c2ec17f18f4b4aaeefc4,"{""d"":9,""p"":0.004520353656360241,""r"":36}",
      2048,       887,         0,    3.39,chromobius,962c3bbb31880771a96244122249caed9a0ce74a0d0a05827da1dd5ba60a5f9d,"{""d"":9,""p"":0.0038566204211634724,""r"":36}",
      3328,      1141,         0,    4.32,chromobius,fba3cbee3419357ce1125728a6faf285b0be7ee6a3533f129ddc1e955bb5aa22,"{""d"":9,""p"":0.0032903445623126675,""r"":36}",
       256,        90,         0,   0.329,chromobius,fba3cbee3419357ce1125728a6faf285b0be7ee6a3533f129ddc1e955bb5aa22,"{""d"":9,""p"":0.0032903445623126675,""r"":36}",
        17,         7,         0,   0.048,chromobius,dbdb4390d003ec1046efd8821e39b8a3d9ae9b8946083e94f22aa83ffddfa1da,"{""d"":9,""p"":0.005298316906283708,""r"":36}",
       128,        58,         0,   0.336,chromobius,dbdb4390d003ec1046efd8821e39b8a3d9ae9b8946083e94f22aa83ffddfa1da,"{""d"":9,""p"":0.005298316906283708,""r"":36}",
       128,        56,         0,   0.331,chromobius,dbdb4390d003ec1046efd8821e39b8a3d9ae9b8946083e94f22aa83ffddfa1da,"{""d"":9,""p"":0.005298316906283708,""r"":36}",
      1280,       623,         0,    2.68,chromobius,9da497eceadf3c4d55d287ecedcda64777c113f498f5c2ec17f18f4b4aaeefc4,"{""d"":9,""p"":0.004520353656360241,""r"":36}",
       128,        68,         0,   0.330,chromobius,dbdb4390d003ec1046efd8821e39b8a3d9ae9b8946083e94f22aa83ffddfa1da,"{""d"":9,""p"":0.005298316906283708,""r"":36}",
       128,        68,         0,   0.345,chromobius,dbdb4390d003ec1046efd8821e39b8a3d9ae9b8946083e94f22aa83ffddfa1da,"{""d"":9,""p"":0.005298316906283708,""r"":36}",
       128,        72,         0,   0.330,chromobius,dbdb4390d003ec1046efd8821e39b8a3d9ae9b8946083e94f22aa83ffddfa1da,"{""d"":9,""p"":0.005298316906283708,""r"":36}",
       128,        65,         0,   0.334,chromobius,dbdb4390d003ec1046efd8821e39b8a3d9ae9b8946083e94f22aa83ffddfa1da,"{""d"":9,""p"":0.005298316906283708,""r"":36}",
      2304,       995,         0,    3.81,chromobius,962c3bbb31880771a96244122249caed9a0ce74a0d0a05827da1dd5ba60a5f9d,"{""d"":9,""p"":0.0038566204211634724,""r"":36}",
       128,        54,         0,   0.331,chromobius,dbdb4390d003ec1046efd8821e39b8a3d9ae9b8946083e94f22aa83ffddfa1da,"{""d"":9,""p"":0.005298316906283708,""r"":36}",
        17,         9,         0,   0.059,chromobius,0e91596c65a3a557edfbe90b7e200275aeb47117a66e0fbd3482d30537bf6be0,"{""d"":9,""p"":0.006210169418915616,""r"":36}",
       128,        69,         0,   0.324,chromobius,dbdb4390d003ec1046efd8821e39b8a3d9ae9b8946083e94f22aa83ffddfa1da,"{""d"":9,""p"":0.005298316906283708,""r"":36}",
       128,        79,         0,   0.426,chromobius,0e91596c65a3a557edfbe90b7e200275aeb47117a66e0fbd3482d30537bf6be0,"{""d"":9,""p"":0.006210169418915616,""r"":36}",
       128,        69,         0,   0.328,chromobius,dbdb4390d003ec1046efd8821e39b8a3d9ae9b8946083e94f22aa83ffddfa1da,"{""d"":9,""p"":0.005298316906283708,""r"":36}",
       128,        69,         0,   0.421,chromobius,0e91596c65a3a557edfbe90b7e200275aeb47117a66e0fbd3482d30537bf6be0,"{""d"":9,""p"":0.006210169418915616,""r"":36}",
       128,        65,         0,   0.340,chromobius,dbdb4390d003ec1046efd8821e39b8a3d9ae9b8946083e94f22aa83ffddfa1da,"{""d"":9,""p"":0.005298316906283708,""r"":36}",
       128,        56,         0,   0.409,chromobius,0e91596c65a3a557edfbe90b7e200275aeb47117a66e0fbd3482d30537bf6be0,"{""d"":9,""p"":0.006210169418915616,""r"":36}",
      1536,       769,         0,    3.14,chromobius,9da497eceadf3c4d55d287ecedcda64777c113f498f5c2ec17f18f4b4aaeefc4,"{""d"":9,""p"":0.004520353656360241,""r"":36}",
       256,       139,         0,   0.656,chromobius,dbdb4390d003ec1046efd8821e39b8a3d9ae9b8946083e94f22aa83ffddfa1da,"{""d"":9,""p"":0.005298316906283708,""r"":36}",
       128,        64,         0,   0.419,chromobius,0e91596c65a3a557edfbe90b7e200275aeb47117a66e0fbd3482d30537bf6be0,"{""d"":9,""p"":0.006210169418915616,""r"":36}",
       128,        59,         0,   0.415,chromobius,0e91596c65a3a557edfbe90b7e200275aeb47117a66e0fbd3482d30537bf6be0,"{""d"":9,""p"":0.006210169418915616,""r"":36}",
       256,       132,         0,   0.643,chromobius,dbdb4390d003ec1046efd8821e39b8a3d9ae9b8946083e94f22aa83ffddfa1da,"{""d"":9,""p"":0.005298316906283708,""r"":36}",
       128,        77,         0,   0.419,chromobius,0e91596c65a3a557edfbe90b7e200275aeb47117a66e0fbd3482d30537bf6be0,"{""d"":9,""p"":0.006210169418915616,""r"":36}",
       128,        62,         0,   0.421,chromobius,0e91596c65a3a557edfbe90b7e200275aeb47117a66e0fbd3482d30537bf6be0,"{""d"":9,""p"":0.006210169418915616,""r"":36}",
       384,       191,         0,   0.994,chromobius,dbdb4390d003ec1046efd8821e39b8a3d9ae9b8946083e94f22aa83ffddfa1da,"{""d"":9,""p"":0.005298316906283708,""r"":36}",
       128,        65,         0,   0.415,chromobius,0e91596c65a3a557edfbe90b7e200275aeb47117a66e0fbd3482d30537bf6be0,"{""d"":9,""p"":0.006210169418915616,""r"":36}",
       128,        57,         0,   0.410,chromobius,0e91596c65a3a557edfbe90b7e200275aeb47117a66e0fbd3482d30537bf6be0,"{""d"":9,""p"":0.006210169418915616,""r"":36}",
       128,        61,         0,   0.416,chromobius,0e91596c65a3a557edfbe90b7e200275aeb47117a66e0fbd3482d30537bf6be0,"{""d"":9,""p"":0.006210169418915616,""r"":36}",
       512,       258,         0,    1.30,chromobius,dbdb4390d003ec1046efd8821e39b8a3d9ae9b8946083e94f22aa83ffddfa1da,"{""d"":9,""p"":0.005298316906283708,""r"":36}",
       128,        61,         0,   0.406,chromobius,0e91596c65a3a557edfbe90b7e200275aeb47117a66e0fbd3482d30537bf6be0,"{""d"":9,""p"":0.006210169418915616,""r"":36}",
       256,       118,         0,   0.829,chromobius,0e91596c65a3a557edfbe90b7e200275aeb47117a66e0fbd3482d30537bf6be0,"{""d"":9,""p"":0.006210169418915616,""r"":36}",
       640,       300,         0,    1.65,chromobius,dbdb4390d003ec1046efd8821e39b8a3d9ae9b8946083e94f22aa83ffddfa1da,"{""d"":9,""p"":0.005298316906283708,""r"":36}",
      2304,      1135,         0,    4.68,chromobius,9da497eceadf3c4d55d287ecedcda64777c113f498f5c2ec17f18f4b4aaeefc4,"{""d"":9,""p"":0.004520353656360241,""r"":36}",
       256,       122,         0,   0.821,chromobius,0e91596c65a3a557edfbe90b7e200275aeb47117a66e0fbd3482d30537bf6be0,"{""d"":9,""p"":0.006210169418915616,""r"":36}",
    124928,      1069,         0,    44.0,chromobius,d83085d7fc7a66782138819303fb70ed85cef9df08c5a311c3a8f049a5efcfdc,"{""d"":9,""p"":0.001082636733874054,""r"":36}",
        17,         8,         0,   0.078,chromobius,3c3f086378e10588184206f04d855253e22ded778f66d0f6c1fc69a48eadb597,"{""d"":9,""p"":0.007278953843983146,""r"":36}",
         1,         1,         0,   0.010,chromobius,89345d04e0b449d8de1c1791ce938f819c352792c5cb267e553ae3e269604504,"{""d"":9,""p"":0.008531678524172805,""r"":36}",
        16,        10,         0,   0.071,chromobius,89345d04e0b449d8de1c1791ce938f819c352792c5cb267e553ae3e269604504,"{""d"":9,""p"":0.008531678524172805,""r"":36}",
    201728,       284,         0,    41.5,chromobius,520f725e053fd12159d6de0af2240787e4ec33c25867ae91fac845363a4aa5de,"{""d"":9,""p"":0.0006723357536499335,""r"":36}",
       128,        64,         0,   0.520,chromobius,3c3f086378e10588184206f04d855253e22ded778f66d0f6c1fc69a48eadb597,"{""d"":9,""p"":0.007278953843983146,""r"":36}",
        17,         9,         0,   0.110,chromobius,be79f0ed70bf0853a3cec8b680c878bd436d0565938b719cddb93325e90ab995,"{""d"":9,""p"":0.01,""r"":36}",
       128,        59,         0,   0.643,chromobius,89345d04e0b449d8de1c1791ce938f819c352792c5cb267e553ae3e269604504,"{""d"":9,""p"":0.008531678524172805,""r"":36}",
       384,       193,         0,    1.25,chromobius,0e91596c65a3a557edfbe90b7e200275aeb47117a66e0fbd3482d30537bf6be0,"{""d"":9,""p"":0.006210169418915616,""r"":36}",
       128,        67,         0,   0.529,chromobius,3c3f086378e10588184206f04d855253e22ded778f66d0f6c1fc69a48eadb597,"{""d"":9,""p"":0.007278953843983146,""r"":36}",
        64,        33,         0,   0.397,chromobius,be79f0ed70bf0853a3cec8b680c878bd436d0565938b719cddb93325e90ab995,"{""d"":9,""p"":0.01,""r"":36}",
       128,        62,         0,   0.660,chromobius,89345d04e0b449d8de1c1791ce938f819c352792c5cb267e553ae3e269604504,"{""d"":9,""p"":0.008531678524172805,""r"":36}",
       128,        63,         0,   0.522,chromobius,3c3f086378e10588184206f04d855253e22ded778f66d0f6c1fc69a48eadb597,"{""d"":9,""p"":0.007278953843983146,""r"":36}",
        64,        33,         0,   0.389,chromobius,be79f0ed70bf0853a3cec8b680c878bd436d0565938b719cddb93325e90ab995,"{""d"":9,""p"":0.01,""r"":36}",
       896,       441,         0,    2.30,chromobius,dbdb4390d003ec1046efd8821e39b8a3d9ae9b8946083e94f22aa83ffddfa1da,"{""d"":9,""p"":0.005298316906283708,""r"":36}",
        64,        34,         0,   0.383,chromobius,be79f0ed70bf0853a3cec8b680c878bd436d0565938b719cddb93325e90ab995,"{""d"":9,""p"":0.01,""r"":36}",
       128,        54,         0,   0.520,chromobius,3c3f086378e10588184206f04d855253e22ded778f66d0f6c1fc69a48eadb597,"{""d"":9,""p"":0.007278953843983146,""r"":36}",
       128,        59,         0,   0.673,chromobius,89345d04e0b449d8de1c1791ce938f819c352792c5cb267e553ae3e269604504,"{""d"":9,""p"":0.008531678524172805,""r"":36}",
        64,        32,         0,   0.393,chromobius,be79f0ed70bf0853a3cec8b680c878bd436d0565938b719cddb93325e90ab995,"{""d"":9,""p"":0.01,""r"":36}",
       128,        61,         0,   0.510,chromobius,3c3f086378e10588184206f04d855253e22ded778f66d0f6c1fc69a48eadb597,"{""d"":9,""p"":0.007278953843983146,""r"":36}",
       512,       245,         0,    1.70,chromobius,0e91596c65a3a557edfbe90b7e200275aeb47117a66e0fbd3482d30537bf6be0,"{""d"":9,""p"":0.006210169418915616,""r"":36}",
        64,        39,         0,   0.405,chromobius,be79f0ed70bf0853a3cec8b680c878bd436d0565938b719cddb93325e90ab995,"{""d"":9,""p"":0.01,""r"":36}",
       128,        72,         0,   0.676,chromobius,89345d04e0b449d8de1c1791ce938f819c352792c5cb267e553ae3e269604504,"{""d"":9,""p"":0.008531678524172805,""r"":36}",
       128,        71,         0,   0.493,chromobius,3c3f086378e10588184206f04d855253e22ded778f66d0f6c1fc69a48eadb597,"{""d"":9,""p"":0.007278953843983146,""r"":36}",
        64,        26,         0,   0.428,chromobius,be79f0ed70bf0853a3cec8b680c878bd436d0565938b719cddb93325e90ab995,"{""d"":9,""p"":0.01,""r"":36}",
        64,        31,         0,   0.373,chromobius,be79f0ed70bf0853a3cec8b680c878bd436d0565938b719cddb93325e90ab995,"{""d"":9,""p"":0.01,""r"":36}",
       128,        74,         0,   0.694,chromobius,89345d04e0b449d8de1c1791ce938f819c352792c5cb267e553ae3e269604504,"{""d"":9,""p"":0.008531678524172805,""r"":36}",
       128,        63,         0,   0.514,chromobius,3c3f086378e10588184206f04d855253e22ded778f66d0f6c1fc69a48eadb597,"{""d"":9,""p"":0.007278953843983146,""r"":36}",
        64,        33,         0,   0.404,chromobius,be79f0ed70bf0853a3cec8b680c878bd436d0565938b719cddb93325e90ab995,"{""d"":9,""p"":0.01,""r"":36}",
       128,        62,         0,   0.515,chromobius,3c3f086378e10588184206f04d855253e22ded778f66d0f6c1fc69a48eadb597,"{""d"":9,""p"":0.007278953843983146,""r"":36}",
       128,        67,         0,   0.652,chromobius,89345d04e0b449d8de1c1791ce938f819c352792c5cb267e553ae3e269604504,"{""d"":9,""p"":0.008531678524172805,""r"":36}",
        64,        32,         0,   0.411,chromobius,be79f0ed70bf0853a3cec8b680c878bd436d0565938b719cddb93325e90ab995,"{""d"":9,""p"":0.01,""r"":36}",
       128,        61,         0,   0.526,chromobius,3c3f086378e10588184206f04d855253e22ded778f66d0f6c1fc69a48eadb597,"{""d"":9,""p"":0.007278953843983146,""r"":36}",
        64,        27,         0,   0.409,chromobius,be79f0ed70bf0853a3cec8b680c878bd436d0565938b719cddb93325e90ab995,"{""d"":9,""p"":0.01,""r"":36}",
       128,        66,         0,   0.650,chromobius,89345d04e0b449d8de1c1791ce938f819c352792c5cb267e553ae3e269604504,"{""d"":9,""p"":0.008531678524172805,""r"":36}",
       128,        69,         0,   0.519,chromobius,3c3f086378e10588184206f04d855253e22ded778f66d0f6c1fc69a48eadb597,"{""d"":9,""p"":0.007278953843983146,""r"":36}",
      1280,       664,         0,    3.26,chromobius,dbdb4390d003ec1046efd8821e39b8a3d9ae9b8946083e94f22aa83ffddfa1da,"{""d"":9,""p"":0.005298316906283708,""r"":36}",
       768,       366,         0,    2.50,chromobius,0e91596c65a3a557edfbe90b7e200275aeb47117a66e0fbd3482d30537bf6be0,"{""d"":9,""p"":0.006210169418915616,""r"":36}",
       128,        62,         0,   0.657,chromobius,89345d04e0b449d8de1c1791ce938f819c352792c5cb267e553ae3e269604504,"{""d"":9,""p"":0.008531678524172805,""r"":36}",
       128,        65,         0,   0.777,chromobius,be79f0ed70bf0853a3cec8b680c878bd436d0565938b719cddb93325e90ab995,"{""d"":9,""p"":0.01,""r"":36}",
       128,        64,         0,   0.522,chromobius,3c3f086378e10588184206f04d855253e22ded778f66d0f6c1fc69a48eadb597,"{""d"":9,""p"":0.007278953843983146,""r"":36}",
       128,        59,         0,   0.648,chromobius,89345d04e0b449d8de1c1791ce938f819c352792c5cb267e553ae3e269604504,"{""d"":9,""p"":0.008531678524172805,""r"":36}",
       128,        61,         0,   0.789,chromobius,be79f0ed70bf0853a3cec8b680c878bd436d0565938b719cddb93325e90ab995,"{""d"":9,""p"":0.01,""r"":36}",
       256,       119,         0,    1.05,chromobius,3c3f086378e10588184206f04d855253e22ded778f66d0f6c1fc69a48eadb597,"{""d"":9,""p"":0.007278953843983146,""r"":36}",
       128,        71,         0,   0.643,chromobius,89345d04e0b449d8de1c1791ce938f819c352792c5cb267e553ae3e269604504,"{""d"":9,""p"":0.008531678524172805,""r"":36}",
       128,        66,         0,   0.802,chromobius,be79f0ed70bf0853a3cec8b680c878bd436d0565938b719cddb93325e90ab995,"{""d"":9,""p"":0.01,""r"":36}",
       128,        52,         0,   0.656,chromobius,89345d04e0b449d8de1c1791ce938f819c352792c5cb267e553ae3e269604504,"{""d"":9,""p"":0.008531678524172805,""r"":36}",
       256,       139,         0,    1.05,chromobius,3c3f086378e10588184206f04d855253e22ded778f66d0f6c1fc69a48eadb597,"{""d"":9,""p"":0.007278953843983146,""r"":36}",
       192,        93,         0,    1.20,chromobius,be79f0ed70bf0853a3cec8b680c878bd436d0565938b719cddb93325e90ab995,"{""d"":9,""p"":0.01,""r"":36}",
      1024,       535,         0,    3.32,chromobius,0e91596c65a3a557edfbe90b7e200275aeb47117a66e0fbd3482d30537bf6be0,"{""d"":9,""p"":0.006210169418915616,""r"":36}",
       256,       133,         0,    1.30,chromobius,89345d04e0b449d8de1c1791ce938f819c352792c5cb267e553ae3e269604504,"{""d"":9,""p"":0.008531678524172805,""r"":36}",
       384,       193,         0,    1.54,chromobius,3c3f086378e10588184206f04d855253e22ded778f66d0f6c1fc69a48eadb597,"{""d"":9,""p"":0.007278953843983146,""r"":36}",
      1664,       874,         0,    4.28,chromobius,dbdb4390d003ec1046efd8821e39b8a3d9ae9b8946083e94f22aa83ffddfa1da,"{""d"":9,""p"":0.005298316906283708,""r"":36}",
       256,       109,         0,    1.59,chromobius,be79f0ed70bf0853a3cec8b680c878bd436d0565938b719cddb93325e90ab995,"{""d"":9,""p"":0.01,""r"":36}",
       256,       124,         0,    1.28,chromobius,89345d04e0b449d8de1c1791ce938f819c352792c5cb267e553ae3e269604504,"{""d"":9,""p"":0.008531678524172805,""r"":36}",
       384,       205,         0,    1.59,chromobius,3c3f086378e10588184206f04d855253e22ded778f66d0f6c1fc69a48eadb597,"{""d"":9,""p"":0.007278953843983146,""r"":36}",
       384,       187,         0,    1.93,chromobius,89345d04e0b449d8de1c1791ce938f819c352792c5cb267e553ae3e269604504,"{""d"":9,""p"":0.008531678524172805,""r"":36}",
       384,       190,         0,    2.39,chromobius,be79f0ed70bf0853a3cec8b680c878bd436d0565938b719cddb93325e90ab995,"{""d"":9,""p"":0.01,""r"":36}",
      1408,       734,         0,    4.62,chromobius,0e91596c65a3a557edfbe90b7e200275aeb47117a66e0fbd3482d30537bf6be0,"{""d"":9,""p"":0.006210169418915616,""r"":36}",
       640,       306,         0,    2.60,chromobius,3c3f086378e10588184206f04d855253e22ded778f66d0f6c1fc69a48eadb597,"{""d"":9,""p"":0.007278953843983146,""r"":36}",
       512,       238,         0,    2.51,chromobius,89345d04e0b449d8de1c1791ce938f819c352792c5cb267e553ae3e269604504,"{""d"":9,""p"":0.008531678524172805,""r"":36}",
       512,       245,         0,    3.18,chromobius,be79f0ed70bf0853a3cec8b680c878bd436d0565938b719cddb93325e90ab995,"{""d"":9,""p"":0.01,""r"":36}",
      2432,      1233,         0,    6.24,chromobius,dbdb4390d003ec1046efd8821e39b8a3d9ae9b8946083e94f22aa83ffddfa1da,"{""d"":9,""p"":0.005298316906283708,""r"":36}",
       768,       405,         0,    3.11,chromobius,3c3f086378e10588184206f04d855253e22ded778f66d0f6c1fc69a48eadb597,"{""d"":9,""p"":0.007278953843983146,""r"":36}",
       384,       187,         0,   0.995,chromobius,dbdb4390d003ec1046efd8821e39b8a3d9ae9b8946083e94f22aa83ffddfa1da,"{""d"":9,""p"":0.005298316906283708,""r"":36}",
       273,         0,         0,   0.017,chromobius,b5851194cf290fd709500745feca8dc49bcfa22d4359a14ae15a712ab4fa5c35,"{""d"":9,""p"":0.00016102620275609394,""r"":36}",
      1024,         0,         0,   0.054,chromobius,b5851194cf290fd709500745feca8dc49bcfa22d4359a14ae15a712ab4fa5c35,"{""d"":9,""p"":0.00016102620275609394,""r"":36}",
      1024,         0,         0,   0.055,chromobius,b5851194cf290fd709500745feca8dc49bcfa22d4359a14ae15a712ab4fa5c35,"{""d"":9,""p"":0.00016102620275609394,""r"":36}",
      1024,         0,         0,   0.053,chromobius,b5851194cf290fd709500745feca8dc49bcfa22d4359a14ae15a712ab4fa5c35,"{""d"":9,""p"":0.00016102620275609394,""r"":36}",
      1024,         0,         0,   0.055,chromobius,b5851194cf290fd709500745feca8dc49bcfa22d4359a14ae15a712ab4fa5c35,"{""d"":9,""p"":0.00016102620275609394,""r"":36}",
      1024,         0,         0,   0.055,chromobius,b5851194cf290fd709500745feca8dc49bcfa22d4359a14ae15a712ab4fa5c35,"{""d"":9,""p"":0.00016102620275609394,""r"":36}",
      2048,         0,         0,   0.109,chromobius,b5851194cf290fd709500745feca8dc49bcfa22d4359a14ae15a712ab4fa5c35,"{""d"":9,""p"":0.00016102620275609394,""r"":36}",
      2048,         0,         0,   0.112,chromobius,b5851194cf290fd709500745feca8dc49bcfa22d4359a14ae15a712ab4fa5c35,"{""d"":9,""p"":0.00016102620275609394,""r"":36}",
      3072,         0,         0,   0.159,chromobius,b5851194cf290fd709500745feca8dc49bcfa22d4359a14ae15a712ab4fa5c35,"{""d"":9,""p"":0.00016102620275609394,""r"":36}",
       640,       329,         0,    3.22,chromobius,89345d04e0b449d8de1c1791ce938f819c352792c5cb267e553ae3e269604504,"{""d"":9,""p"":0.008531678524172805,""r"":36}",
      4096,         0,         0,   0.213,chromobius,b5851194cf290fd709500745feca8dc49bcfa22d4359a14ae15a712ab4fa5c35,"{""d"":9,""p"":0.00016102620275609394,""r"":36}",
      6144,         0,         0,   0.326,chromobius,b5851194cf290fd709500745feca8dc49bcfa22d4359a14ae15a712ab4fa5c35,"{""d"":9,""p"":0.00016102620275609394,""r"":36}",
      8192,         0,         0,   0.438,chromobius,b5851194cf290fd709500745feca8dc49bcfa22d4359a14ae15a712ab4fa5c35,"{""d"":9,""p"":0.00016102620275609394,""r"":36}",
      1792,       893,         0,    6.00,chromobius,0e91596c65a3a557edfbe90b7e200275aeb47117a66e0fbd3482d30537bf6be0,"{""d"":9,""p"":0.006210169418915616,""r"":36}",
     10240,         0,         0,   0.618,chromobius,b5851194cf290fd709500745feca8dc49bcfa22d4359a14ae15a712ab4fa5c35,"{""d"":9,""p"":0.00016102620275609394,""r"":36}",
       704,       347,         0,    4.39,chromobius,be79f0ed70bf0853a3cec8b680c878bd436d0565938b719cddb93325e90ab995,"{""d"":9,""p"":0.01,""r"":36}",
     15360,         1,         0,   0.798,chromobius,b5851194cf290fd709500745feca8dc49bcfa22d4359a14ae15a712ab4fa5c35,"{""d"":9,""p"":0.00016102620275609394,""r"":36}",
     22528,         1,         0,    1.16,chromobius,b5851194cf290fd709500745feca8dc49bcfa22d4359a14ae15a712ab4fa5c35,"{""d"":9,""p"":0.00016102620275609394,""r"":36}",
      1152,       583,         0,    4.79,chromobius,3c3f086378e10588184206f04d855253e22ded778f66d0f6c1fc69a48eadb597,"{""d"":9,""p"":0.007278953843983146,""r"":36}",
       896,       457,         0,    4.61,chromobius,89345d04e0b449d8de1c1791ce938f819c352792c5cb267e553ae3e269604504,"{""d"":9,""p"":0.008531678524172805,""r"":36}",
     29696,         2,         0,    1.56,chromobius,b5851194cf290fd709500745feca8dc49bcfa22d4359a14ae15a712ab4fa5c35,"{""d"":9,""p"":0.00016102620275609394,""r"":36}",
     43008,         0,         0,    2.18,chromobius,b5851194cf290fd709500745feca8dc49bcfa22d4359a14ae15a712ab4fa5c35,"{""d"":9,""p"":0.00016102620275609394,""r"":36}",
      1024,       522,         0,    6.29,chromobius,be79f0ed70bf0853a3cec8b680c878bd436d0565938b719cddb93325e90ab995,"{""d"":9,""p"":0.01,""r"":36}",
      2304,      1135,         0,    7.57,chromobius,0e91596c65a3a557edfbe90b7e200275aeb47117a66e0fbd3482d30537bf6be0,"{""d"":9,""p"":0.006210169418915616,""r"":36}",
       273,         0,         0,   0.019,chromobius,6687fea3cc864593b490e109dc3cba5edc69f7a41cc6c37a5e4e634b7332917b,"{""d"":9,""p"":0.00018873918221350977,""r"":36}",
      1024,         0,         0,   0.058,chromobius,6687fea3cc864593b490e109dc3cba5edc69f7a41cc6c37a5e4e634b7332917b,"{""d"":9,""p"":0.00018873918221350977,""r"":36}",
      1024,         0,         0,   0.054,chromobius,6687fea3cc864593b490e109dc3cba5edc69f7a41cc6c37a5e4e634b7332917b,"{""d"":9,""p"":0.00018873918221350977,""r"":36}",
      1024,         0,         0,   0.058,chromobius,6687fea3cc864593b490e109dc3cba5edc69f7a41cc6c37a5e4e634b7332917b,"{""d"":9,""p"":0.00018873918221350977,""r"":36}",
      1024,         0,         0,   0.060,chromobius,6687fea3cc864593b490e109dc3cba5edc69f7a41cc6c37a5e4e634b7332917b,"{""d"":9,""p"":0.00018873918221350977,""r"":36}",
      1024,         0,         0,   0.062,chromobius,6687fea3cc864593b490e109dc3cba5edc69f7a41cc6c37a5e4e634b7332917b,"{""d"":9,""p"":0.00018873918221350977,""r"":36}",
      2048,         0,         0,   0.116,chromobius,6687fea3cc864593b490e109dc3cba5edc69f7a41cc6c37a5e4e634b7332917b,"{""d"":9,""p"":0.00018873918221350977,""r"":36}",
      2048,         0,         0,   0.116,chromobius,6687fea3cc864593b490e109dc3cba5edc69f7a41cc6c37a5e4e634b7332917b,"{""d"":9,""p"":0.00018873918221350977,""r"":36}",
      3072,         1,         0,   0.172,chromobius,6687fea3cc864593b490e109dc3cba5edc69f7a41cc6c37a5e4e634b7332917b,"{""d"":9,""p"":0.00018873918221350977,""r"":36}",
      1536,       755,         0,    6.32,chromobius,3c3f086378e10588184206f04d855253e22ded778f66d0f6c1fc69a48eadb597,"{""d"":9,""p"":0.007278953843983146,""r"":36}",
      4096,         0,         0,   0.232,chromobius,6687fea3cc864593b490e109dc3cba5edc69f7a41cc6c37a5e4e634b7332917b,"{""d"":9,""p"":0.00018873918221350977,""r"":36}",
     59392,         1,         0,    3.04,chromobius,b5851194cf290fd709500745feca8dc49bcfa22d4359a14ae15a712ab4fa5c35,"{""d"":9,""p"":0.00016102620275609394,""r"":36}",
      5120,         0,         0,   0.301,chromobius,6687fea3cc864593b490e109dc3cba5edc69f7a41cc6c37a5e4e634b7332917b,"{""d"":9,""p"":0.00018873918221350977,""r"":36}",
      7168,         0,         0,   0.405,chromobius,6687fea3cc864593b490e109dc3cba5edc69f7a41cc6c37a5e4e634b7332917b,"{""d"":9,""p"":0.00018873918221350977,""r"":36}",
      1280,       636,         0,    6.33,chromobius,89345d04e0b449d8de1c1791ce938f819c352792c5cb267e553ae3e269604504,"{""d"":9,""p"":0.008531678524172805,""r"":36}",
     10240,         0,         0,   0.594,chromobius,6687fea3cc864593b490e109dc3cba5edc69f7a41cc6c37a5e4e634b7332917b,"{""d"":9,""p"":0.00018873918221350977,""r"":36}",
     14336,         0,         0,   0.837,chromobius,6687fea3cc864593b490e109dc3cba5edc69f7a41cc6c37a5e4e634b7332917b,"{""d"":9,""p"":0.00018873918221350977,""r"":36}",
     19456,         0,         0,    1.12,chromobius,6687fea3cc864593b490e109dc3cba5edc69f7a41cc6c37a5e4e634b7332917b,"{""d"":9,""p"":0.00018873918221350977,""r"":36}",
     86016,         2,         0,    4.27,chromobius,b5851194cf290fd709500745feca8dc49bcfa22d4359a14ae15a712ab4fa5c35,"{""d"":9,""p"":0.00016102620275609394,""r"":36}",
     27648,         1,         0,    1.55,chromobius,6687fea3cc864593b490e109dc3cba5edc69f7a41cc6c37a5e4e634b7332917b,"{""d"":9,""p"":0.00018873918221350977,""r"":36}",
     38912,         1,         0,    2.22,chromobius,6687fea3cc864593b490e109dc3cba5edc69f7a41cc6c37a5e4e634b7332917b,"{""d"":9,""p"":0.00018873918221350977,""r"":36}",
      1408,       684,         0,    8.76,chromobius,be79f0ed70bf0853a3cec8b680c878bd436d0565938b719cddb93325e90ab995,"{""d"":9,""p"":0.01,""r"":36}",
      2048,       996,         0,    8.46,chromobius,3c3f086378e10588184206f04d855253e22ded778f66d0f6c1fc69a48eadb597,"{""d"":9,""p"":0.007278953843983146,""r"":36}",
      1792,       884,         0,    8.78,chromobius,89345d04e0b449d8de1c1791ce938f819c352792c5cb267e553ae3e269604504,"{""d"":9,""p"":0.008531678524172805,""r"":36}",
     53248,         3,         0,    3.05,chromobius,6687fea3cc864593b490e109dc3cba5edc69f7a41cc6c37a5e4e634b7332917b,"{""d"":9,""p"":0.00018873918221350977,""r"":36}",
    119808,         2,         0,    5.96,chromobius,b5851194cf290fd709500745feca8dc49bcfa22d4359a14ae15a712ab4fa5c35,"{""d"":9,""p"":0.00016102620275609394,""r"":36}",
      1280,       639,         0,    5.28,chromobius,3c3f086378e10588184206f04d855253e22ded778f66d0f6c1fc69a48eadb597,"{""d"":9,""p"":0.007278953843983146,""r"":36}",
       273,         0,         0,   0.020,chromobius,b2fdedaf2736c49aeeac6ff3824ec0c0e2579b4bfa3da33f49b4a4ea803176fa,"{""d"":9,""p"":0.000221221629107045,""r"":36}",
      1024,         0,         0,   0.070,chromobius,b2fdedaf2736c49aeeac6ff3824ec0c0e2579b4bfa3da33f49b4a4ea803176fa,"{""d"":9,""p"":0.000221221629107045,""r"":36}",
      1024,         1,         0,   0.070,chromobius,b2fdedaf2736c49aeeac6ff3824ec0c0e2579b4bfa3da33f49b4a4ea803176fa,"{""d"":9,""p"":0.000221221629107045,""r"":36}",
      1024,         1,         0,   0.064,chromobius,b2fdedaf2736c49aeeac6ff3824ec0c0e2579b4bfa3da33f49b4a4ea803176fa,"{""d"":9,""p"":0.000221221629107045,""r"":36}",
      1024,         0,         0,   0.060,chromobius,b2fdedaf2736c49aeeac6ff3824ec0c0e2579b4bfa3da33f49b4a4ea803176fa,"{""d"":9,""p"":0.000221221629107045,""r"":36}",
      1024,         0,         0,   0.071,chromobius,b2fdedaf2736c49aeeac6ff3824ec0c0e2579b4bfa3da33f49b4a4ea803176fa,"{""d"":9,""p"":0.000221221629107045,""r"":36}",
      2048,         0,         0,   0.140,chromobius,b2fdedaf2736c49aeeac6ff3824ec0c0e2579b4bfa3da33f49b4a4ea803176fa,"{""d"":9,""p"":0.000221221629107045,""r"":36}",
     73728,         0,         0,    4.27,chromobius,6687fea3cc864593b490e109dc3cba5edc69f7a41cc6c37a5e4e634b7332917b,"{""d"":9,""p"":0.00018873918221350977,""r"":36}",
      2048,         1,         0,   0.137,chromobius,b2fdedaf2736c49aeeac6ff3824ec0c0e2579b4bfa3da33f49b4a4ea803176fa,"{""d"":9,""p"":0.000221221629107045,""r"":36}",
      3072,         0,         0,   0.207,chromobius,b2fdedaf2736c49aeeac6ff3824ec0c0e2579b4bfa3da33f49b4a4ea803176fa,"{""d"":9,""p"":0.000221221629107045,""r"":36}",
      3072,         0,         0,   0.212,chromobius,b2fdedaf2736c49aeeac6ff3824ec0c0e2579b4bfa3da33f49b4a4ea803176fa,"{""d"":9,""p"":0.000221221629107045,""r"":36}",
      5120,         0,         0,   0.346,chromobius,b2fdedaf2736c49aeeac6ff3824ec0c0e2579b4bfa3da33f49b4a4ea803176fa,"{""d"":9,""p"":0.000221221629107045,""r"":36}",
      7168,         0,         0,   0.467,chromobius,b2fdedaf2736c49aeeac6ff3824ec0c0e2579b4bfa3da33f49b4a4ea803176fa,"{""d"":9,""p"":0.000221221629107045,""r"":36}",
   1428480,        79,         0,   119.9,chromobius,0dfcdd01ff4b129ab320feaad1507a83a0f4fb7df5fe137633177dbc129fb064,"{""d"":9,""p"":0.0002592943797404667,""r"":36}",
      9216,         0,         0,   0.638,chromobius,b2fdedaf2736c49aeeac6ff3824ec0c0e2579b4bfa3da33f49b4a4ea803176fa,"{""d"":9,""p"":0.000221221629107045,""r"":36}",
     12288,         1,         0,   0.810,chromobius,b2fdedaf2736c49aeeac6ff3824ec0c0e2579b4bfa3da33f49b4a4ea803176fa,"{""d"":9,""p"":0.000221221629107045,""r"":36}",
     17408,         0,         0,    1.18,chromobius,b2fdedaf2736c49aeeac6ff3824ec0c0e2579b4bfa3da33f49b4a4ea803176fa,"{""d"":9,""p"":0.000221221629107045,""r"":36}",
    166912,         1,         0,    8.36,chromobius,b5851194cf290fd709500745feca8dc49bcfa22d4359a14ae15a712ab4fa5c35,"{""d"":9,""p"":0.00016102620275609394,""r"":36}",
    918528,       227,         0,   119.9,chromobius,6d41e118d1a362c7e7053d396bba9ba23f4a95e7f59e9b24df6c614891a07073,"{""d"":9,""p"":0.00041753189365604,""r"":36}",
      1920,       981,         0,    12.0,chromobius,be79f0ed70bf0853a3cec8b680c878bd436d0565938b719cddb93325e90ab995,"{""d"":9,""p"":0.01,""r"":36}",
     23552,         0,         0,    1.57,chromobius,b2fdedaf2736c49aeeac6ff3824ec0c0e2579b4bfa3da33f49b4a4ea803176fa,"{""d"":9,""p"":0.000221221629107045,""r"":36}",
    105472,         1,         0,    6.00,chromobius,6687fea3cc864593b490e109dc3cba5edc69f7a41cc6c37a5e4e634b7332917b,"{""d"":9,""p"":0.00018873918221350977,""r"":36}",
      2432,      1207,         0,    12.3,chromobius,89345d04e0b449d8de1c1791ce938f819c352792c5cb267e553ae3e269604504,"{""d"":9,""p"":0.008531678524172805,""r"":36}",
     32768,         1,         0,    2.19,chromobius,b2fdedaf2736c49aeeac6ff3824ec0c0e2579b4bfa3da33f49b4a4ea803176fa,"{""d"":9,""p"":0.000221221629107045,""r"":36}",
       256,       131,         0,    1.30,chromobius,89345d04e0b449d8de1c1791ce938f819c352792c5cb267e553ae3e269604504,"{""d"":9,""p"":0.008531678524172805,""r"":36}",
       273,         0,         0,   0.023,chromobius,0dfcdd01ff4b129ab320feaad1507a83a0f4fb7df5fe137633177dbc129fb064,"{""d"":9,""p"":0.0002592943797404667,""r"":36}",
      1024,         0,         0,   0.089,chromobius,0dfcdd01ff4b129ab320feaad1507a83a0f4fb7df5fe137633177dbc129fb064,"{""d"":9,""p"":0.0002592943797404667,""r"":36}",
      1024,         0,         0,   0.081,chromobius,0dfcdd01ff4b129ab320feaad1507a83a0f4fb7df5fe137633177dbc129fb064,"{""d"":9,""p"":0.0002592943797404667,""r"":36}",
      1024,         0,         0,   0.086,chromobius,0dfcdd01ff4b129ab320feaad1507a83a0f4fb7df5fe137633177dbc129fb064,"{""d"":9,""p"":0.0002592943797404667,""r"":36}",
      1024,         0,         0,   0.092,chromobius,0dfcdd01ff4b129ab320feaad1507a83a0f4fb7df5fe137633177dbc129fb064,"{""d"":9,""p"":0.0002592943797404667,""r"":36}",
      1024,         0,         0,   0.086,chromobius,0dfcdd01ff4b129ab320feaad1507a83a0f4fb7df5fe137633177dbc129fb064,"{""d"":9,""p"":0.0002592943797404667,""r"":36}",
      1024,         0,         0,   0.083,chromobius,0dfcdd01ff4b129ab320feaad1507a83a0f4fb7df5fe137633177dbc129fb064,"{""d"":9,""p"":0.0002592943797404667,""r"":36}",
   1699840,        46,         0,   119.8,chromobius,b2fdedaf2736c49aeeac6ff3824ec0c0e2579b4bfa3da33f49b4a4ea803176fa,"{""d"":9,""p"":0.000221221629107045,""r"":36}",
      2048,         0,         0,   0.166,chromobius,0dfcdd01ff4b129ab320feaad1507a83a0f4fb7df5fe137633177dbc129fb064,"{""d"":9,""p"":0.0002592943797404667,""r"":36}",
      2048,         0,         0,   0.171,chromobius,0dfcdd01ff4b129ab320feaad1507a83a0f4fb7df5fe137633177dbc129fb064,"{""d"":9,""p"":0.0002592943797404667,""r"":36}",
      3072,         0,         0,   0.258,chromobius,0dfcdd01ff4b129ab320feaad1507a83a0f4fb7df5fe137633177dbc129fb064,"{""d"":9,""p"":0.0002592943797404667,""r"":36}",
      4096,         0,         0,   0.342,chromobius,0dfcdd01ff4b129ab320feaad1507a83a0f4fb7df5fe137633177dbc129fb064,"{""d"":9,""p"":0.0002592943797404667,""r"":36}",
     46080,         0,         0,    3.11,chromobius,b2fdedaf2736c49aeeac6ff3824ec0c0e2579b4bfa3da33f49b4a4ea803176fa,"{""d"":9,""p"":0.000221221629107045,""r"":36}",
      5120,         0,         0,   0.428,chromobius,0dfcdd01ff4b129ab320feaad1507a83a0f4fb7df5fe137633177dbc129fb064,"{""d"":9,""p"":0.0002592943797404667,""r"":36}",
      7168,         1,         0,   0.595,chromobius,0dfcdd01ff4b129ab320feaad1507a83a0f4fb7df5fe137633177dbc129fb064,"{""d"":9,""p"":0.0002592943797404667,""r"":36}",
     10240,         0,         0,   0.843,chromobius,0dfcdd01ff4b129ab320feaad1507a83a0f4fb7df5fe137633177dbc129fb064,"{""d"":9,""p"":0.0002592943797404667,""r"":36}",
     13312,         0,         0,    1.11,chromobius,0dfcdd01ff4b129ab320feaad1507a83a0f4fb7df5fe137633177dbc129fb064,"{""d"":9,""p"":0.0002592943797404667,""r"":36}",
    145408,         5,         0,    8.40,chromobius,6687fea3cc864593b490e109dc3cba5edc69f7a41cc6c37a5e4e634b7332917b,"{""d"":9,""p"":0.00018873918221350977,""r"":36}",
     19456,         2,         0,    1.61,chromobius,0dfcdd01ff4b129ab320feaad1507a83a0f4fb7df5fe137633177dbc129fb064,"{""d"":9,""p"":0.0002592943797404667,""r"":36}",
     63488,         3,         0,    4.32,chromobius,b2fdedaf2736c49aeeac6ff3824ec0c0e2579b4bfa3da33f49b4a4ea803176fa,"{""d"":9,""p"":0.000221221629107045,""r"":36}",
    230400,         6,         0,    11.7,chromobius,b5851194cf290fd709500745feca8dc49bcfa22d4359a14ae15a712ab4fa5c35,"{""d"":9,""p"":0.00016102620275609394,""r"":36}",
     26624,         2,         0,    2.24,chromobius,0dfcdd01ff4b129ab320feaad1507a83a0f4fb7df5fe137633177dbc129fb064,"{""d"":9,""p"":0.0002592943797404667,""r"":36}",
   1302528,       113,         0,   119.9,chromobius,30d092a27127e07d56becbbf1546af9bdf9fdd9ded693d4bc16433098a42466d,"{""d"":9,""p"":0.0003039195382313198,""r"":36}",
     36864,         2,         0,    3.05,chromobius,0dfcdd01ff4b129ab320feaad1507a83a0f4fb7df5fe137633177dbc129fb064,"{""d"":9,""p"":0.0002592943797404667,""r"":36}",
      2624,      1312,         0,    16.4,chromobius,be79f0ed70bf0853a3cec8b680c878bd436d0565938b719cddb93325e90ab995,"{""d"":9,""p"":0.01,""r"":36}",
     89088,         2,         0,    6.03,chromobius,b2fdedaf2736c49aeeac6ff3824ec0c0e2579b4bfa3da33f49b4a4ea803176fa,"{""d"":9,""p"":0.000221221629107045,""r"":36}",
       273,         0,         0,   0.026,chromobius,30d092a27127e07d56becbbf1546af9bdf9fdd9ded693d4bc16433098a42466d,"{""d"":9,""p"":0.0003039195382313198,""r"":36}",
      1024,         0,         0,   0.101,chromobius,30d092a27127e07d56becbbf1546af9bdf9fdd9ded693d4bc16433098a42466d,"{""d"":9,""p"":0.0003039195382313198,""r"":36}",
      1024,         0,         0,   0.091,chromobius,30d092a27127e07d56becbbf1546af9bdf9fdd9ded693d4bc16433098a42466d,"{""d"":9,""p"":0.0003039195382313198,""r"":36}",
      1024,         0,         0,   0.095,chromobius,30d092a27127e07d56becbbf1546af9bdf9fdd9ded693d4bc16433098a42466d,"{""d"":9,""p"":0.0003039195382313198,""r"":36}",
      1024,         0,         0,   0.099,chromobius,30d092a27127e07d56becbbf1546af9bdf9fdd9ded693d4bc16433098a42466d,"{""d"":9,""p"":0.0003039195382313198,""r"":36}",
      1024,         0,         0,   0.098,chromobius,30d092a27127e07d56becbbf1546af9bdf9fdd9ded693d4bc16433098a42466d,"{""d"":9,""p"":0.0003039195382313198,""r"":36}",
      1024,         0,         0,   0.097,chromobius,30d092a27127e07d56becbbf1546af9bdf9fdd9ded693d4bc16433098a42466d,"{""d"":9,""p"":0.0003039195382313198,""r"":36}",
      2048,         0,         0,   0.194,chromobius,30d092a27127e07d56becbbf1546af9bdf9fdd9ded693d4bc16433098a42466d,"{""d"":9,""p"":0.0003039195382313198,""r"":36}",
      2048,         0,         0,   0.194,chromobius,30d092a27127e07d56becbbf1546af9bdf9fdd9ded693d4bc16433098a42466d,"{""d"":9,""p"":0.0003039195382313198,""r"":36}",
      3072,         0,         0,   0.298,chromobius,30d092a27127e07d56becbbf1546af9bdf9fdd9ded693d4bc16433098a42466d,"{""d"":9,""p"":0.0003039195382313198,""r"":36}",
      3072,         0,         0,   0.297,chromobius,30d092a27127e07d56becbbf1546af9bdf9fdd9ded693d4bc16433098a42466d,"{""d"":9,""p"":0.0003039195382313198,""r"":36}",
      5120,         1,         0,   0.502,chromobius,30d092a27127e07d56becbbf1546af9bdf9fdd9ded693d4bc16433098a42466d,"{""d"":9,""p"":0.0003039195382313198,""r"":36}",
      6144,         0,         0,   0.601,chromobius,30d092a27127e07d56becbbf1546af9bdf9fdd9ded693d4bc16433098a42466d,"{""d"":9,""p"":0.0003039195382313198,""r"":36}",
     53248,         5,         0,    4.29,chromobius,0dfcdd01ff4b129ab320feaad1507a83a0f4fb7df5fe137633177dbc129fb064,"{""d"":9,""p"":0.0002592943797404667,""r"":36}",
      8192,         1,         0,   0.821,chromobius,30d092a27127e07d56becbbf1546af9bdf9fdd9ded693d4bc16433098a42466d,"{""d"":9,""p"":0.0003039195382313198,""r"":36}",
   1136640,       158,         0,   120.0,chromobius,742af1cb29ef6ea93558332c302ac2b3ef6b21d1638a1ee669c7704ffb700372,"{""d"":9,""p"":0.0003562247890262444,""r"":36}",
     12288,         0,         0,    1.21,chromobius,30d092a27127e07d56becbbf1546af9bdf9fdd9ded693d4bc16433098a42466d,"{""d"":9,""p"":0.0003039195382313198,""r"":36}",
    202752,         4,         0,    11.7,chromobius,6687fea3cc864593b490e109dc3cba5edc69f7a41cc6c37a5e4e634b7332917b,"{""d"":9,""p"":0.00018873918221350977,""r"":36}",
     16384,         1,         0,    1.60,chromobius,30d092a27127e07d56becbbf1546af9bdf9fdd9ded693d4bc16433098a42466d,"{""d"":9,""p"":0.0003039195382313198,""r"":36}",
    122880,         7,         0,    8.40,chromobius,b2fdedaf2736c49aeeac6ff3824ec0c0e2579b4bfa3da33f49b4a4ea803176fa,"{""d"":9,""p"":0.000221221629107045,""r"":36}",
     22528,         0,         0,    2.21,chromobius,30d092a27127e07d56becbbf1546af9bdf9fdd9ded693d4bc16433098a42466d,"{""d"":9,""p"":0.0003039195382313198,""r"":36}",
     74752,         4,         0,    6.02,chromobius,0dfcdd01ff4b129ab320feaad1507a83a0f4fb7df5fe137633177dbc129fb064,"{""d"":9,""p"":0.0002592943797404667,""r"":36}",
   2222008,        31,         0,   114.9,chromobius,b5851194cf290fd709500745feca8dc49bcfa22d4359a14ae15a712ab4fa5c35,"{""d"":9,""p"":0.00016102620275609394,""r"":36}",
    313344,         4,         0,    16.4,chromobius,b5851194cf290fd709500745feca8dc49bcfa22d4359a14ae15a712ab4fa5c35,"{""d"":9,""p"":0.00016102620275609394,""r"":36}",
     31744,         3,         0,    3.11,chromobius,30d092a27127e07d56becbbf1546af9bdf9fdd9ded693d4bc16433098a42466d,"{""d"":9,""p"":0.0003039195382313198,""r"":36}",
     44032,         6,         0,    4.29,chromobius,30d092a27127e07d56becbbf1546af9bdf9fdd9ded693d4bc16433098a42466d,"{""d"":9,""p"":0.0003039195382313198,""r"":36}",
    107520,         3,         0,    8.43,chromobius,0dfcdd01ff4b129ab320feaad1507a83a0f4fb7df5fe137633177dbc129fb064,"{""d"":9,""p"":0.0002592943797404667,""r"":36}",
    165888,         7,         0,    11.7,chromobius,b2fdedaf2736c49aeeac6ff3824ec0c0e2579b4bfa3da33f49b4a4ea803176fa,"{""d"":9,""p"":0.000221221629107045,""r"":36}",
    292864,         6,         0,    16.4,chromobius,6687fea3cc864593b490e109dc3cba5edc69f7a41cc6c37a5e4e634b7332917b,"{""d"":9,""p"":0.00018873918221350977,""r"":36}",
     61440,         3,         0,    6.02,chromobius,30d092a27127e07d56becbbf1546af9bdf9fdd9ded693d4bc16433098a42466d,"{""d"":9,""p"":0.0003039195382313198,""r"":36}",
   2044928,        28,         0,   119.7,chromobius,6687fea3cc864593b490e109dc3cba5edc69f7a41cc6c37a5e4e634b7332917b,"{""d"":9,""p"":0.00018873918221350977,""r"":36}",
    150528,         3,         0,    11.7,chromobius,0dfcdd01ff4b129ab320feaad1507a83a0f4fb7df5fe137633177dbc129fb064,"{""d"":9,""p"":0.0002592943797404667,""r"":36}",
     86016,         9,         0,    8.39,chromobius,30d092a27127e07d56becbbf1546af9bdf9fdd9ded693d4bc16433098a42466d,"{""d"":9,""p"":0.0003039195382313198,""r"":36}",
    390483,         4,         0,    20.4,chromobius,b5851194cf290fd709500745feca8dc49bcfa22d4359a14ae15a712ab4fa5c35,"{""d"":9,""p"":0.00016102620275609394,""r"":36}",
    414720,         5,         0,    21.8,chromobius,b5851194cf290fd709500745feca8dc49bcfa22d4359a14ae15a712ab4fa5c35,"{""d"":9,""p"":0.00016102620275609394,""r"":36}",
    232448,         8,         0,    16.4,chromobius,b2fdedaf2736c49aeeac6ff3824ec0c0e2579b4bfa3da33f49b4a4ea803176fa,"{""d"":9,""p"":0.000221221629107045,""r"":36}",
    144554,         2,         0,    7.61,chromobius,b5851194cf290fd709500745feca8dc49bcfa22d4359a14ae15a712ab4fa5c35,"{""d"":9,""p"":0.00016102620275609394,""r"":36}",
    143360,         4,         0,    7.68,chromobius,b5851194cf290fd709500745feca8dc49bcfa22d4359a14ae15a712ab4fa5c35,"{""d"":9,""p"":0.00016102620275609394,""r"":36}",
       597,         0,         0,   0.034,chromobius,b5851194cf290fd709500745feca8dc49bcfa22d4359a14ae15a712ab4fa5c35,"{""d"":9,""p"":0.00016102620275609394,""r"":36}",
       596,         0,         0,   0.035,chromobius,b5851194cf290fd709500745feca8dc49bcfa22d4359a14ae15a712ab4fa5c35,"{""d"":9,""p"":0.00016102620275609394,""r"":36}",
       273,         0,         0,   0.041,chromobius,6d41e118d1a362c7e7053d396bba9ba23f4a95e7f59e9b24df6c614891a07073,"{""d"":9,""p"":0.00041753189365604,""r"":36}",
       273,         0,         0,   0.036,chromobius,742af1cb29ef6ea93558332c302ac2b3ef6b21d1638a1ee669c7704ffb700372,"{""d"":9,""p"":0.0003562247890262444,""r"":36}",
      1024,         2,         0,   0.112,chromobius,742af1cb29ef6ea93558332c302ac2b3ef6b21d1638a1ee669c7704ffb700372,"{""d"":9,""p"":0.0003562247890262444,""r"":36}",
      1024,         0,         0,   0.135,chromobius,6d41e118d1a362c7e7053d396bba9ba23f4a95e7f59e9b24df6c614891a07073,"{""d"":9,""p"":0.00041753189365604,""r"":36}",
      1024,         0,         0,   0.112,chromobius,742af1cb29ef6ea93558332c302ac2b3ef6b21d1638a1ee669c7704ffb700372,"{""d"":9,""p"":0.0003562247890262444,""r"":36}",
      1024,         1,         0,   0.133,chromobius,6d41e118d1a362c7e7053d396bba9ba23f4a95e7f59e9b24df6c614891a07073,"{""d"":9,""p"":0.00041753189365604,""r"":36}",
      1024,         0,         0,   0.119,chromobius,742af1cb29ef6ea93558332c302ac2b3ef6b21d1638a1ee669c7704ffb700372,"{""d"":9,""p"":0.0003562247890262444,""r"":36}",
      1024,         1,         0,   0.135,chromobius,6d41e118d1a362c7e7053d396bba9ba23f4a95e7f59e9b24df6c614891a07073,"{""d"":9,""p"":0.00041753189365604,""r"":36}",
      1024,         0,         0,   0.115,chromobius,742af1cb29ef6ea93558332c302ac2b3ef6b21d1638a1ee669c7704ffb700372,"{""d"":9,""p"":0.0003562247890262444,""r"":36}",
      1024,         0,         0,   0.136,chromobius,6d41e118d1a362c7e7053d396bba9ba23f4a95e7f59e9b24df6c614891a07073,"{""d"":9,""p"":0.00041753189365604,""r"":36}",
      1024,         0,         0,   0.115,chromobius,742af1cb29ef6ea93558332c302ac2b3ef6b21d1638a1ee669c7704ffb700372,"{""d"":9,""p"":0.0003562247890262444,""r"":36}",
      1024,         0,         0,   0.135,chromobius,6d41e118d1a362c7e7053d396bba9ba23f4a95e7f59e9b24df6c614891a07073,"{""d"":9,""p"":0.00041753189365604,""r"":36}",
      1024,         0,         0,   0.116,chromobius,742af1cb29ef6ea93558332c302ac2b3ef6b21d1638a1ee669c7704ffb700372,"{""d"":9,""p"":0.0003562247890262444,""r"":36}",
      1024,         0,         0,   0.136,chromobius,6d41e118d1a362c7e7053d396bba9ba23f4a95e7f59e9b24df6c614891a07073,"{""d"":9,""p"":0.00041753189365604,""r"":36}",
      1024,         0,         0,   0.115,chromobius,742af1cb29ef6ea93558332c302ac2b3ef6b21d1638a1ee669c7704ffb700372,"{""d"":9,""p"":0.0003562247890262444,""r"":36}",
      1024,         1,         0,   0.134,chromobius,6d41e118d1a362c7e7053d396bba9ba23f4a95e7f59e9b24df6c614891a07073,"{""d"":9,""p"":0.00041753189365604,""r"":36}",
      2048,         0,         0,   0.238,chromobius,742af1cb29ef6ea93558332c302ac2b3ef6b21d1638a1ee669c7704ffb700372,"{""d"":9,""p"":0.0003562247890262444,""r"":36}",
      2048,         0,         0,   0.269,chromobius,6d41e118d1a362c7e7053d396bba9ba23f4a95e7f59e9b24df6c614891a07073,"{""d"":9,""p"":0.00041753189365604,""r"":36}",
      2048,         1,         0,   0.232,chromobius,742af1cb29ef6ea93558332c302ac2b3ef6b21d1638a1ee669c7704ffb700372,"{""d"":9,""p"":0.0003562247890262444,""r"":36}",
      2048,         0,         0,   0.265,chromobius,6d41e118d1a362c7e7053d396bba9ba23f4a95e7f59e9b24df6c614891a07073,"{""d"":9,""p"":0.00041753189365604,""r"":36}",
      3072,         2,         0,   0.349,chromobius,742af1cb29ef6ea93558332c302ac2b3ef6b21d1638a1ee669c7704ffb700372,"{""d"":9,""p"":0.0003562247890262444,""r"":36}",
      3072,         1,         0,   0.406,chromobius,6d41e118d1a362c7e7053d396bba9ba23f4a95e7f59e9b24df6c614891a07073,"{""d"":9,""p"":0.00041753189365604,""r"":36}",
      4096,         0,         0,   0.465,chromobius,742af1cb29ef6ea93558332c302ac2b3ef6b21d1638a1ee669c7704ffb700372,"{""d"":9,""p"":0.0003562247890262444,""r"":36}",
      3072,         1,         0,   0.463,chromobius,6d41e118d1a362c7e7053d396bba9ba23f4a95e7f59e9b24df6c614891a07073,"{""d"":9,""p"":0.00041753189365604,""r"":36}",
    122880,        13,         0,    11.8,chromobius,30d092a27127e07d56becbbf1546af9bdf9fdd9ded693d4bc16433098a42466d,"{""d"":9,""p"":0.0003039195382313198,""r"":36}",
      5120,         2,         0,   0.631,chromobius,742af1cb29ef6ea93558332c302ac2b3ef6b21d1638a1ee669c7704ffb700372,"{""d"":9,""p"":0.0003562247890262444,""r"":36}",
      5120,         1,         0,   0.677,chromobius,6d41e118d1a362c7e7053d396bba9ba23f4a95e7f59e9b24df6c614891a07073,"{""d"":9,""p"":0.00041753189365604,""r"":36}",
      7168,         0,         0,   0.821,chromobius,742af1cb29ef6ea93558332c302ac2b3ef6b21d1638a1ee669c7704ffb700372,"{""d"":9,""p"":0.0003562247890262444,""r"":36}",
      6144,         1,         0,   0.821,chromobius,6d41e118d1a362c7e7053d396bba9ba23f4a95e7f59e9b24df6c614891a07073,"{""d"":9,""p"":0.00041753189365604,""r"":36}",
    400384,         8,         0,    22.9,chromobius,6687fea3cc864593b490e109dc3cba5edc69f7a41cc6c37a5e4e634b7332917b,"{""d"":9,""p"":0.00018873918221350977,""r"":36}",
     10240,         2,         0,    1.19,chromobius,742af1cb29ef6ea93558332c302ac2b3ef6b21d1638a1ee669c7704ffb700372,"{""d"":9,""p"":0.0003562247890262444,""r"":36}",
      8192,         2,         0,    1.11,chromobius,6d41e118d1a362c7e7053d396bba9ba23f4a95e7f59e9b24df6c614891a07073,"{""d"":9,""p"":0.00041753189365604,""r"":36}",
    205824,        12,         0,    16.4,chromobius,0dfcdd01ff4b129ab320feaad1507a83a0f4fb7df5fe137633177dbc129fb064,"{""d"":9,""p"":0.0002592943797404667,""r"":36}",
     14336,         1,         0,    1.65,chromobius,742af1cb29ef6ea93558332c302ac2b3ef6b21d1638a1ee669c7704ffb700372,"{""d"":9,""p"":0.0003562247890262444,""r"":36}",
     11264,         0,         0,    1.57,chromobius,6d41e118d1a362c7e7053d396bba9ba23f4a95e7f59e9b24df6c614891a07073,"{""d"":9,""p"":0.00041753189365604,""r"":36}",
     19456,         3,         0,    2.29,chromobius,742af1cb29ef6ea93558332c302ac2b3ef6b21d1638a1ee669c7704ffb700372,"{""d"":9,""p"":0.0003562247890262444,""r"":36}",
     16384,         3,         0,    2.21,chromobius,6d41e118d1a362c7e7053d396bba9ba23f4a95e7f59e9b24df6c614891a07073,"{""d"":9,""p"":0.00041753189365604,""r"":36}",
     26624,         5,         0,    3.08,chromobius,742af1cb29ef6ea93558332c302ac2b3ef6b21d1638a1ee669c7704ffb700372,"{""d"":9,""p"":0.0003562247890262444,""r"":36}",
     22528,         8,         0,    3.05,chromobius,6d41e118d1a362c7e7053d396bba9ba23f4a95e7f59e9b24df6c614891a07073,"{""d"":9,""p"":0.00041753189365604,""r"":36}",
     31744,        11,         0,    4.27,chromobius,6d41e118d1a362c7e7053d396bba9ba23f4a95e7f59e9b24df6c614891a07073,"{""d"":9,""p"":0.00041753189365604,""r"":36}",
     37888,         7,         0,    4.35,chromobius,742af1cb29ef6ea93558332c302ac2b3ef6b21d1638a1ee669c7704ffb700372,"{""d"":9,""p"":0.0003562247890262444,""r"":36}",
    163840,        20,         0,    16.4,chromobius,30d092a27127e07d56becbbf1546af9bdf9fdd9ded693d4bc16433098a42466d,"{""d"":9,""p"":0.0003039195382313198,""r"":36}",
    313344,         6,         0,    23.0,chromobius,b2fdedaf2736c49aeeac6ff3824ec0c0e2579b4bfa3da33f49b4a4ea803176fa,"{""d"":9,""p"":0.000221221629107045,""r"":36}",
     45056,        11,         0,    6.02,chromobius,6d41e118d1a362c7e7053d396bba9ba23f4a95e7f59e9b24df6c614891a07073,"{""d"":9,""p"":0.00041753189365604,""r"":36}",
     53248,         8,         0,    6.08,chromobius,742af1cb29ef6ea93558332c302ac2b3ef6b21d1638a1ee669c7704ffb700372,"{""d"":9,""p"":0.0003562247890262444,""r"":36}",
    285696,        18,         0,    23.0,chromobius,0dfcdd01ff4b129ab320feaad1507a83a0f4fb7df5fe137633177dbc129fb064,"{""d"":9,""p"":0.0002592943797404667,""r"":36}",
     62464,        15,         0,    8.36,chromobius,6d41e118d1a362c7e7053d396bba9ba23f4a95e7f59e9b24df6c614891a07073,"{""d"":9,""p"":0.00041753189365604,""r"":36}",
     73728,        18,         0,    8.42,chromobius,742af1cb29ef6ea93558332c302ac2b3ef6b21d1638a1ee669c7704ffb700372,"{""d"":9,""p"":0.0003562247890262444,""r"":36}",
    558080,        15,         0,    32.1,chromobius,6687fea3cc864593b490e109dc3cba5edc69f7a41cc6c37a5e4e634b7332917b,"{""d"":9,""p"":0.00018873918221350977,""r"":36}",
    232448,        18,         0,    23.0,chromobius,30d092a27127e07d56becbbf1546af9bdf9fdd9ded693d4bc16433098a42466d,"{""d"":9,""p"":0.0003039195382313198,""r"":36}",
     88064,        21,         0,    11.8,chromobius,6d41e118d1a362c7e7053d396bba9ba23f4a95e7f59e9b24df6c614891a07073,"{""d"":9,""p"":0.00041753189365604,""r"":36}",
    102400,        12,         0,    11.7,chromobius,742af1cb29ef6ea93558332c302ac2b3ef6b21d1638a1ee669c7704ffb700372,"{""d"":9,""p"":0.0003562247890262444,""r"":36}",
    442368,         9,         0,    32.1,chromobius,b2fdedaf2736c49aeeac6ff3824ec0c0e2579b4bfa3da33f49b4a4ea803176fa,"{""d"":9,""p"":0.000221221629107045,""r"":36}",
    122880,        33,         0,    16.5,chromobius,6d41e118d1a362c7e7053d396bba9ba23f4a95e7f59e9b24df6c614891a07073,"{""d"":9,""p"":0.00041753189365604,""r"":36}",
    143360,        18,         0,    16.5,chromobius,742af1cb29ef6ea93558332c302ac2b3ef6b21d1638a1ee669c7704ffb700372,"{""d"":9,""p"":0.0003562247890262444,""r"":36}",
   1481728,        85,         0,   119.9,chromobius,0dfcdd01ff4b129ab320feaad1507a83a0f4fb7df5fe137633177dbc129fb064,"{""d"":9,""p"":0.0002592943797404667,""r"":36}",
    395264,        21,         0,    32.1,chromobius,0dfcdd01ff4b129ab320feaad1507a83a0f4fb7df5fe137633177dbc129fb064,"{""d"":9,""p"":0.0002592943797404667,""r"":36}",
    955392,       247,         0,   119.9,chromobius,6d41e118d1a362c7e7053d396bba9ba23f4a95e7f59e9b24df6c614891a07073,"{""d"":9,""p"":0.00041753189365604,""r"":36}",
   1685504,        59,         0,   119.8,chromobius,b2fdedaf2736c49aeeac6ff3824ec0c0e2579b4bfa3da33f49b4a4ea803176fa,"{""d"":9,""p"":0.000221221629107045,""r"":36}",
    323584,        24,         0,    32.2,chromobius,30d092a27127e07d56becbbf1546af9bdf9fdd9ded693d4bc16433098a42466d,"{""d"":9,""p"":0.0003039195382313198,""r"":36}",
   1296384,        99,         0,   119.9,chromobius,30d092a27127e07d56becbbf1546af9bdf9fdd9ded693d4bc16433098a42466d,"{""d"":9,""p"":0.0003039195382313198,""r"":36}",
    783360,         8,         0,    44.9,chromobius,6687fea3cc864593b490e109dc3cba5edc69f7a41cc6c37a5e4e634b7332917b,"{""d"":9,""p"":0.00018873918221350977,""r"":36}",
    172032,        36,         0,    23.0,chromobius,6d41e118d1a362c7e7053d396bba9ba23f4a95e7f59e9b24df6c614891a07073,"{""d"":9,""p"":0.00041753189365604,""r"":36}",
    200704,        32,         0,    23.0,chromobius,742af1cb29ef6ea93558332c302ac2b3ef6b21d1638a1ee669c7704ffb700372,"{""d"":9,""p"":0.0003562247890262444,""r"":36}",
   1132544,       179,         0,   119.9,chromobius,742af1cb29ef6ea93558332c302ac2b3ef6b21d1638a1ee669c7704ffb700372,"{""d"":9,""p"":0.0003562247890262444,""r"":36}",
    616448,        17,         0,    45.0,chromobius,b2fdedaf2736c49aeeac6ff3824ec0c0e2579b4bfa3da33f49b4a4ea803176fa,"{""d"":9,""p"":0.000221221629107045,""r"":36}",
    556032,        25,         0,    44.9,chromobius,0dfcdd01ff4b129ab320feaad1507a83a0f4fb7df5fe137633177dbc129fb064,"{""d"":9,""p"":0.0002592943797404667,""r"":36}",
   2135480,        44,         0,   119.7,chromobius,6687fea3cc864593b490e109dc3cba5edc69f7a41cc6c37a5e4e634b7332917b,"{""d"":9,""p"":0.00018873918221350977,""r"":36}",
    239616,        57,         0,    32.2,chromobius,6d41e118d1a362c7e7053d396bba9ba23f4a95e7f59e9b24df6c614891a07073,"{""d"":9,""p"":0.00041753189365604,""r"":36}",
    279552,        34,         0,    32.2,chromobius,742af1cb29ef6ea93558332c302ac2b3ef6b21d1638a1ee669c7704ffb700372,"{""d"":9,""p"":0.0003562247890262444,""r"":36}",
    451584,        43,         0,    45.0,chromobius,30d092a27127e07d56becbbf1546af9bdf9fdd9ded693d4bc16433098a42466d,"{""d"":9,""p"":0.0003039195382313198,""r"":36}",
    712787,         9,         0,    41.4,chromobius,6687fea3cc864593b490e109dc3cba5edc69f7a41cc6c37a5e4e634b7332917b,"{""d"":9,""p"":0.00018873918221350977,""r"":36}",
    356394,         5,         0,    21.0,chromobius,6687fea3cc864593b490e109dc3cba5edc69f7a41cc6c37a5e4e634b7332917b,"{""d"":9,""p"":0.00018873918221350977,""r"":36}",
    178197,         5,         0,    10.9,chromobius,6687fea3cc864593b490e109dc3cba5edc69f7a41cc6c37a5e4e634b7332917b,"{""d"":9,""p"":0.00018873918221350977,""r"":36}",
     89098,         0,         0,    5.05,chromobius,6687fea3cc864593b490e109dc3cba5edc69f7a41cc6c37a5e4e634b7332917b,"{""d"":9,""p"":0.00018873918221350977,""r"":36}",
     44549,         0,         0,    2.65,chromobius,6687fea3cc864593b490e109dc3cba5edc69f7a41cc6c37a5e4e634b7332917b,"{""d"":9,""p"":0.00018873918221350977,""r"":36}",
     43008,         0,         0,    2.67,chromobius,6687fea3cc864593b490e109dc3cba5edc69f7a41cc6c37a5e4e634b7332917b,"{""d"":9,""p"":0.00018873918221350977,""r"":36}",
       771,         0,         0,   0.053,chromobius,6687fea3cc864593b490e109dc3cba5edc69f7a41cc6c37a5e4e634b7332917b,"{""d"":9,""p"":0.00018873918221350977,""r"":36}",
       770,         0,         0,   0.047,chromobius,6687fea3cc864593b490e109dc3cba5edc69f7a41cc6c37a5e4e634b7332917b,"{""d"":9,""p"":0.00018873918221350977,""r"":36}",
       273,         0,         0,   0.026,chromobius,0dfcdd01ff4b129ab320feaad1507a83a0f4fb7df5fe137633177dbc129fb064,"{""d"":9,""p"":0.0002592943797404667,""r"":36}",
       273,         0,         0,   0.022,chromobius,b2fdedaf2736c49aeeac6ff3824ec0c0e2579b4bfa3da33f49b4a4ea803176fa,"{""d"":9,""p"":0.000221221629107045,""r"":36}",
      1024,         0,         0,   0.074,chromobius,b2fdedaf2736c49aeeac6ff3824ec0c0e2579b4bfa3da33f49b4a4ea803176fa,"{""d"":9,""p"":0.000221221629107045,""r"":36}",
      1024,         0,         0,   0.086,chromobius,0dfcdd01ff4b129ab320feaad1507a83a0f4fb7df5fe137633177dbc129fb064,"{""d"":9,""p"":0.0002592943797404667,""r"":36}",
      1024,         0,         0,   0.072,chromobius,b2fdedaf2736c49aeeac6ff3824ec0c0e2579b4bfa3da33f49b4a4ea803176fa,"{""d"":9,""p"":0.000221221629107045,""r"":36}",
      1024,         0,         0,   0.085,chromobius,0dfcdd01ff4b129ab320feaad1507a83a0f4fb7df5fe137633177dbc129fb064,"{""d"":9,""p"":0.0002592943797404667,""r"":36}",
      1024,         1,         0,   0.070,chromobius,b2fdedaf2736c49aeeac6ff3824ec0c0e2579b4bfa3da33f49b4a4ea803176fa,"{""d"":9,""p"":0.000221221629107045,""r"":36}",
      1024,         0,         0,   0.088,chromobius,0dfcdd01ff4b129ab320feaad1507a83a0f4fb7df5fe137633177dbc129fb064,"{""d"":9,""p"":0.0002592943797404667,""r"":36}",
      1024,         0,         0,   0.073,chromobius,b2fdedaf2736c49aeeac6ff3824ec0c0e2579b4bfa3da33f49b4a4ea803176fa,"{""d"":9,""p"":0.000221221629107045,""r"":36}",
      1024,         0,         0,   0.087,chromobius,0dfcdd01ff4b129ab320feaad1507a83a0f4fb7df5fe137633177dbc129fb064,"{""d"":9,""p"":0.0002592943797404667,""r"":36}",
      1024,         0,         0,   0.075,chromobius,b2fdedaf2736c49aeeac6ff3824ec0c0e2579b4bfa3da33f49b4a4ea803176fa,"{""d"":9,""p"":0.000221221629107045,""r"":36}",
      1024,         0,         0,   0.079,chromobius,0dfcdd01ff4b129ab320feaad1507a83a0f4fb7df5fe137633177dbc129fb064,"{""d"":9,""p"":0.0002592943797404667,""r"":36}",
      1024,         0,         0,   0.080,chromobius,0dfcdd01ff4b129ab320feaad1507a83a0f4fb7df5fe137633177dbc129fb064,"{""d"":9,""p"":0.0002592943797404667,""r"":36}",
      2048,         0,         0,   0.147,chromobius,b2fdedaf2736c49aeeac6ff3824ec0c0e2579b4bfa3da33f49b4a4ea803176fa,"{""d"":9,""p"":0.000221221629107045,""r"":36}",
      2048,         0,         0,   0.153,chromobius,b2fdedaf2736c49aeeac6ff3824ec0c0e2579b4bfa3da33f49b4a4ea803176fa,"{""d"":9,""p"":0.000221221629107045,""r"":36}",
      2048,         0,         0,   0.165,chromobius,0dfcdd01ff4b129ab320feaad1507a83a0f4fb7df5fe137633177dbc129fb064,"{""d"":9,""p"":0.0002592943797404667,""r"":36}",
      2048,         0,         0,   0.151,chromobius,b2fdedaf2736c49aeeac6ff3824ec0c0e2579b4bfa3da33f49b4a4ea803176fa,"{""d"":9,""p"":0.000221221629107045,""r"":36}",
      2048,         0,         0,   0.172,chromobius,0dfcdd01ff4b129ab320feaad1507a83a0f4fb7df5fe137633177dbc129fb064,"{""d"":9,""p"":0.0002592943797404667,""r"":36}",
      3072,         0,         0,   0.214,chromobius,b2fdedaf2736c49aeeac6ff3824ec0c0e2579b4bfa3da33f49b4a4ea803176fa,"{""d"":9,""p"":0.000221221629107045,""r"":36}",
      3072,         0,         0,   0.251,chromobius,0dfcdd01ff4b129ab320feaad1507a83a0f4fb7df5fe137633177dbc129fb064,"{""d"":9,""p"":0.0002592943797404667,""r"":36}",
      5120,         0,         0,   0.353,chromobius,b2fdedaf2736c49aeeac6ff3824ec0c0e2579b4bfa3da33f49b4a4ea803176fa,"{""d"":9,""p"":0.000221221629107045,""r"":36}",
      4096,         0,         0,   0.342,chromobius,0dfcdd01ff4b129ab320feaad1507a83a0f4fb7df5fe137633177dbc129fb064,"{""d"":9,""p"":0.0002592943797404667,""r"":36}",
      6144,         0,         0,   0.426,chromobius,b2fdedaf2736c49aeeac6ff3824ec0c0e2579b4bfa3da33f49b4a4ea803176fa,"{""d"":9,""p"":0.000221221629107045,""r"":36}",
      5120,         0,         0,   0.432,chromobius,0dfcdd01ff4b129ab320feaad1507a83a0f4fb7df5fe137633177dbc129fb064,"{""d"":9,""p"":0.0002592943797404667,""r"":36}",
      8192,         0,         0,   0.576,chromobius,b2fdedaf2736c49aeeac6ff3824ec0c0e2579b4bfa3da33f49b4a4ea803176fa,"{""d"":9,""p"":0.000221221629107045,""r"":36}",
      7168,         2,         0,   0.597,chromobius,0dfcdd01ff4b129ab320feaad1507a83a0f4fb7df5fe137633177dbc129fb064,"{""d"":9,""p"":0.0002592943797404667,""r"":36}",
     12288,         0,         0,   0.849,chromobius,b2fdedaf2736c49aeeac6ff3824ec0c0e2579b4bfa3da33f49b4a4ea803176fa,"{""d"":9,""p"":0.000221221629107045,""r"":36}",
     10240,         0,         0,   0.851,chromobius,0dfcdd01ff4b129ab320feaad1507a83a0f4fb7df5fe137633177dbc129fb064,"{""d"":9,""p"":0.0002592943797404667,""r"":36}",
     16384,         1,         0,    1.14,chromobius,b2fdedaf2736c49aeeac6ff3824ec0c0e2579b4bfa3da33f49b4a4ea803176fa,"{""d"":9,""p"":0.000221221629107045,""r"":36}",
     14336,         1,         0,    1.19,chromobius,0dfcdd01ff4b129ab320feaad1507a83a0f4fb7df5fe137633177dbc129fb064,"{""d"":9,""p"":0.0002592943797404667,""r"":36}",
     22528,         1,         0,    1.57,chromobius,b2fdedaf2736c49aeeac6ff3824ec0c0e2579b4bfa3da33f49b4a4ea803176fa,"{""d"":9,""p"":0.000221221629107045,""r"":36}",
     19456,         3,         0,    1.62,chromobius,0dfcdd01ff4b129ab320feaad1507a83a0f4fb7df5fe137633177dbc129fb064,"{""d"":9,""p"":0.0002592943797404667,""r"":36}",
     31744,         1,         0,    2.20,chromobius,b2fdedaf2736c49aeeac6ff3824ec0c0e2579b4bfa3da33f49b4a4ea803176fa,"{""d"":9,""p"":0.000221221629107045,""r"":36}",
     26624,         1,         0,    2.21,chromobius,0dfcdd01ff4b129ab320feaad1507a83a0f4fb7df5fe137633177dbc129fb064,"{""d"":9,""p"":0.0002592943797404667,""r"":36}",
     44032,         1,         0,    3.06,chromobius,b2fdedaf2736c49aeeac6ff3824ec0c0e2579b4bfa3da33f49b4a4ea803176fa,"{""d"":9,""p"":0.000221221629107045,""r"":36}",
     36864,         0,         0,    3.06,chromobius,0dfcdd01ff4b129ab320feaad1507a83a0f4fb7df5fe137633177dbc129fb064,"{""d"":9,""p"":0.0002592943797404667,""r"":36}",
     61440,         2,         0,    4.30,chromobius,b2fdedaf2736c49aeeac6ff3824ec0c0e2579b4bfa3da33f49b4a4ea803176fa,"{""d"":9,""p"":0.000221221629107045,""r"":36}",
     51200,         1,         0,    4.31,chromobius,0dfcdd01ff4b129ab320feaad1507a83a0f4fb7df5fe137633177dbc129fb064,"{""d"":9,""p"":0.0002592943797404667,""r"":36}",
     84992,         2,         0,    5.97,chromobius,b2fdedaf2736c49aeeac6ff3824ec0c0e2579b4bfa3da33f49b4a4ea803176fa,"{""d"":9,""p"":0.000221221629107045,""r"":36}",
     71680,         3,         0,    5.98,chromobius,0dfcdd01ff4b129ab320feaad1507a83a0f4fb7df5fe137633177dbc129fb064,"{""d"":9,""p"":0.0002592943797404667,""r"":36}",
    344064,        78,         0,    45.1,chromobius,6d41e118d1a362c7e7053d396bba9ba23f4a95e7f59e9b24df6c614891a07073,"{""d"":9,""p"":0.00041753189365604,""r"":36}",
    403456,        75,         0,    45.0,chromobius,742af1cb29ef6ea93558332c302ac2b3ef6b21d1638a1ee669c7704ffb700372,"{""d"":9,""p"":0.0003562247890262444,""r"":36}",
    877568,        29,         0,    62.9,chromobius,b2fdedaf2736c49aeeac6ff3824ec0c0e2579b4bfa3da33f49b4a4ea803176fa,"{""d"":9,""p"":0.000221221629107045,""r"":36}",
    119808,         2,         0,    8.35,chromobius,b2fdedaf2736c49aeeac6ff3824ec0c0e2579b4bfa3da33f49b4a4ea803176fa,"{""d"":9,""p"":0.000221221629107045,""r"":36}",
    101376,         7,         0,    8.39,chromobius,0dfcdd01ff4b129ab320feaad1507a83a0f4fb7df5fe137633177dbc129fb064,"{""d"":9,""p"":0.0002592943797404667,""r"":36}",
    777216,        28,         0,    62.9,chromobius,0dfcdd01ff4b129ab320feaad1507a83a0f4fb7df5fe137633177dbc129fb064,"{""d"":9,""p"":0.0002592943797404667,""r"":36}",
    167936,         6,         0,    11.7,chromobius,b2fdedaf2736c49aeeac6ff3824ec0c0e2579b4bfa3da33f49b4a4ea803176fa,"{""d"":9,""p"":0.000221221629107045,""r"":36}",
    140288,         5,         0,    11.7,chromobius,0dfcdd01ff4b129ab320feaad1507a83a0f4fb7df5fe137633177dbc129fb064,"{""d"":9,""p"":0.0002592943797404667,""r"":36}",
   1486848,        63,         0,   119.8,chromobius,0dfcdd01ff4b129ab320feaad1507a83a0f4fb7df5fe137633177dbc129fb064,"{""d"":9,""p"":0.0002592943797404667,""r"":36}",
    646144,        64,         0,    63.0,chromobius,30d092a27127e07d56becbbf1546af9bdf9fdd9ded693d4bc16433098a42466d,"{""d"":9,""p"":0.0003039195382313198,""r"":36}",
    977920,       271,         0,   119.9,chromobius,6d41e118d1a362c7e7053d396bba9ba23f4a95e7f59e9b24df6c614891a07073,"{""d"":9,""p"":0.00041753189365604,""r"":36}",
   1696768,        41,         0,   119.9,chromobius,b2fdedaf2736c49aeeac6ff3824ec0c0e2579b4bfa3da33f49b4a4ea803176fa,"{""d"":9,""p"":0.000221221629107045,""r"":36}",
    232448,         6,         0,    16.4,chromobius,b2fdedaf2736c49aeeac6ff3824ec0c0e2579b4bfa3da33f49b4a4ea803176fa,"{""d"":9,""p"":0.000221221629107045,""r"":36}",
    196608,        14,         0,    16.4,chromobius,0dfcdd01ff4b129ab320feaad1507a83a0f4fb7df5fe137633177dbc129fb064,"{""d"":9,""p"":0.0002592943797404667,""r"":36}",
   1336320,       117,         0,   119.8,chromobius,30d092a27127e07d56becbbf1546af9bdf9fdd9ded693d4bc16433098a42466d,"{""d"":9,""p"":0.0003039195382313198,""r"":36}",
   1142784,       180,         0,   119.9,chromobius,742af1cb29ef6ea93558332c302ac2b3ef6b21d1638a1ee669c7704ffb700372,"{""d"":9,""p"":0.0003562247890262444,""r"":36}",
    329728,        11,         0,    23.0,chromobius,b2fdedaf2736c49aeeac6ff3824ec0c0e2579b4bfa3da33f49b4a4ea803176fa,"{""d"":9,""p"":0.000221221629107045,""r"":36}",
    276480,        19,         0,    22.9,chromobius,0dfcdd01ff4b129ab320feaad1507a83a0f4fb7df5fe137633177dbc129fb064,"{""d"":9,""p"":0.0002592943797404667,""r"":36}",
    482304,       118,         0,    63.1,chromobius,6d41e118d1a362c7e7053d396bba9ba23f4a95e7f59e9b24df6c614891a07073,"{""d"":9,""p"":0.00041753189365604,""r"":36}",
    562176,        83,         0,    63.0,chromobius,742af1cb29ef6ea93558332c302ac2b3ef6b21d1638a1ee669c7704ffb700372,"{""d"":9,""p"":0.0003562247890262444,""r"":36}",
   1232896,        40,         0,    88.1,chromobius,b2fdedaf2736c49aeeac6ff3824ec0c0e2579b4bfa3da33f49b4a4ea803176fa,"{""d"":9,""p"":0.000221221629107045,""r"":36}",
    475136,        14,         0,    32.1,chromobius,b2fdedaf2736c49aeeac6ff3824ec0c0e2579b4bfa3da33f49b4a4ea803176fa,"{""d"":9,""p"":0.000221221629107045,""r"":36}",
    385024,        22,         0,    32.1,chromobius,0dfcdd01ff4b129ab320feaad1507a83a0f4fb7df5fe137633177dbc129fb064,"{""d"":9,""p"":0.0002592943797404667,""r"":36}",
   1080320,        67,         0,    88.1,chromobius,0dfcdd01ff4b129ab320feaad1507a83a0f4fb7df5fe137633177dbc129fb064,"{""d"":9,""p"":0.0002592943797404667,""r"":36}",
    896000,        83,         0,    88.1,chromobius,30d092a27127e07d56becbbf1546af9bdf9fdd9ded693d4bc16433098a42466d,"{""d"":9,""p"":0.0003039195382313198,""r"":36}",
    714752,        29,         0,    44.9,chromobius,b2fdedaf2736c49aeeac6ff3824ec0c0e2579b4bfa3da33f49b4a4ea803176fa,"{""d"":9,""p"":0.000221221629107045,""r"":36}",
    537600,        30,         0,    44.9,chromobius,0dfcdd01ff4b129ab320feaad1507a83a0f4fb7df5fe137633177dbc129fb064,"{""d"":9,""p"":0.0002592943797404667,""r"":36}",
   1445888,        83,         0,   119.9,chromobius,0dfcdd01ff4b129ab320feaad1507a83a0f4fb7df5fe137633177dbc129fb064,"{""d"":9,""p"":0.0002592943797404667,""r"":36}",
    934912,       247,         0,   120.0,chromobius,6d41e118d1a362c7e7053d396bba9ba23f4a95e7f59e9b24df6c614891a07073,"{""d"":9,""p"":0.00041753189365604,""r"":36}",
    618496,       148,         0,    81.4,chromobius,6d41e118d1a362c7e7053d396bba9ba23f4a95e7f59e9b24df6c614891a07073,"{""d"":9,""p"":0.00041753189365604,""r"":36}",
      1024,         0,         0,   0.143,chromobius,6d41e118d1a362c7e7053d396bba9ba23f4a95e7f59e9b24df6c614891a07073,"{""d"":9,""p"":0.00041753189365604,""r"":36}",
       273,         0,         0,   0.024,chromobius,30d092a27127e07d56becbbf1546af9bdf9fdd9ded693d4bc16433098a42466d,"{""d"":9,""p"":0.0003039195382313198,""r"":36}",
       273,         0,         0,   0.035,chromobius,742af1cb29ef6ea93558332c302ac2b3ef6b21d1638a1ee669c7704ffb700372,"{""d"":9,""p"":0.0003562247890262444,""r"":36}",
      1024,         0,         0,   0.087,chromobius,30d092a27127e07d56becbbf1546af9bdf9fdd9ded693d4bc16433098a42466d,"{""d"":9,""p"":0.0003039195382313198,""r"":36}",
      1024,         0,         0,   0.117,chromobius,742af1cb29ef6ea93558332c302ac2b3ef6b21d1638a1ee669c7704ffb700372,"{""d"":9,""p"":0.0003562247890262444,""r"":36}",
      1024,         0,         0,   0.090,chromobius,30d092a27127e07d56becbbf1546af9bdf9fdd9ded693d4bc16433098a42466d,"{""d"":9,""p"":0.0003039195382313198,""r"":36}",
      1024,         0,         0,   0.113,chromobius,742af1cb29ef6ea93558332c302ac2b3ef6b21d1638a1ee669c7704ffb700372,"{""d"":9,""p"":0.0003562247890262444,""r"":36}",
      1024,         0,         0,   0.098,chromobius,30d092a27127e07d56becbbf1546af9bdf9fdd9ded693d4bc16433098a42466d,"{""d"":9,""p"":0.0003039195382313198,""r"":36}",
      1024,         0,         0,   0.111,chromobius,742af1cb29ef6ea93558332c302ac2b3ef6b21d1638a1ee669c7704ffb700372,"{""d"":9,""p"":0.0003562247890262444,""r"":36}",
      1024,         0,         0,   0.098,chromobius,30d092a27127e07d56becbbf1546af9bdf9fdd9ded693d4bc16433098a42466d,"{""d"":9,""p"":0.0003039195382313198,""r"":36}",
      1024,         0,         0,   0.108,chromobius,742af1cb29ef6ea93558332c302ac2b3ef6b21d1638a1ee669c7704ffb700372,"{""d"":9,""p"":0.0003562247890262444,""r"":36}",
      1024,         0,         0,   0.103,chromobius,30d092a27127e07d56becbbf1546af9bdf9fdd9ded693d4bc16433098a42466d,"{""d"":9,""p"":0.0003039195382313198,""r"":36}",
      1024,         0,         0,   0.094,chromobius,30d092a27127e07d56becbbf1546af9bdf9fdd9ded693d4bc16433098a42466d,"{""d"":9,""p"":0.0003039195382313198,""r"":36}",
      1024,         0,         0,   0.113,chromobius,742af1cb29ef6ea93558332c302ac2b3ef6b21d1638a1ee669c7704ffb700372,"{""d"":9,""p"":0.0003562247890262444,""r"":36}",
      1024,         0,         0,   0.113,chromobius,742af1cb29ef6ea93558332c302ac2b3ef6b21d1638a1ee669c7704ffb700372,"{""d"":9,""p"":0.0003562247890262444,""r"":36}",
      2048,         1,         0,   0.186,chromobius,30d092a27127e07d56becbbf1546af9bdf9fdd9ded693d4bc16433098a42466d,"{""d"":9,""p"":0.0003039195382313198,""r"":36}",
      1024,         0,         0,   0.109,chromobius,742af1cb29ef6ea93558332c302ac2b3ef6b21d1638a1ee669c7704ffb700372,"{""d"":9,""p"":0.0003562247890262444,""r"":36}",
      2048,         0,         0,   0.182,chromobius,30d092a27127e07d56becbbf1546af9bdf9fdd9ded693d4bc16433098a42466d,"{""d"":9,""p"":0.0003039195382313198,""r"":36}",
      2048,         0,         0,   0.226,chromobius,742af1cb29ef6ea93558332c302ac2b3ef6b21d1638a1ee669c7704ffb700372,"{""d"":9,""p"":0.0003562247890262444,""r"":36}",
      3072,         0,         0,   0.271,chromobius,30d092a27127e07d56becbbf1546af9bdf9fdd9ded693d4bc16433098a42466d,"{""d"":9,""p"":0.0003039195382313198,""r"":36}",
      2048,         0,         0,   0.228,chromobius,742af1cb29ef6ea93558332c302ac2b3ef6b21d1638a1ee669c7704ffb700372,"{""d"":9,""p"":0.0003562247890262444,""r"":36}",
      4096,         0,         0,   0.363,chromobius,30d092a27127e07d56becbbf1546af9bdf9fdd9ded693d4bc16433098a42466d,"{""d"":9,""p"":0.0003039195382313198,""r"":36}",
      3072,         0,         0,   0.340,chromobius,742af1cb29ef6ea93558332c302ac2b3ef6b21d1638a1ee669c7704ffb700372,"{""d"":9,""p"":0.0003562247890262444,""r"":36}",
      5120,         0,         0,   0.468,chromobius,30d092a27127e07d56becbbf1546af9bdf9fdd9ded693d4bc16433098a42466d,"{""d"":9,""p"":0.0003039195382313198,""r"":36}",
      4096,         0,         0,   0.466,chromobius,742af1cb29ef6ea93558332c302ac2b3ef6b21d1638a1ee669c7704ffb700372,"{""d"":9,""p"":0.0003562247890262444,""r"":36}",
      6144,         1,         0,   0.586,chromobius,30d092a27127e07d56becbbf1546af9bdf9fdd9ded693d4bc16433098a42466d,"{""d"":9,""p"":0.0003039195382313198,""r"":36}",
      5120,         1,         0,   0.570,chromobius,742af1cb29ef6ea93558332c302ac2b3ef6b21d1638a1ee669c7704ffb700372,"{""d"":9,""p"":0.0003562247890262444,""r"":36}",
      9216,         0,         0,   0.881,chromobius,30d092a27127e07d56becbbf1546af9bdf9fdd9ded693d4bc16433098a42466d,"{""d"":9,""p"":0.0003039195382313198,""r"":36}",
      8192,         0,         0,   0.912,chromobius,742af1cb29ef6ea93558332c302ac2b3ef6b21d1638a1ee669c7704ffb700372,"{""d"":9,""p"":0.0003562247890262444,""r"":36}",
     12288,         0,         0,    1.12,chromobius,30d092a27127e07d56becbbf1546af9bdf9fdd9ded693d4bc16433098a42466d,"{""d"":9,""p"":0.0003039195382313198,""r"":36}",
     10240,         1,         0,    1.15,chromobius,742af1cb29ef6ea93558332c302ac2b3ef6b21d1638a1ee669c7704ffb700372,"{""d"":9,""p"":0.0003562247890262444,""r"":36}",
   1744896,        51,         0,   119.8,chromobius,b2fdedaf2736c49aeeac6ff3824ec0c0e2579b4bfa3da33f49b4a4ea803176fa,"{""d"":9,""p"":0.000221221629107045,""r"":36}",
     17408,         0,         0,    1.59,chromobius,30d092a27127e07d56becbbf1546af9bdf9fdd9ded693d4bc16433098a42466d,"{""d"":9,""p"":0.0003039195382313198,""r"":36}",
     14336,         2,         0,    1.60,chromobius,742af1cb29ef6ea93558332c302ac2b3ef6b21d1638a1ee669c7704ffb700372,"{""d"":9,""p"":0.0003562247890262444,""r"":36}",
    772096,       117,         0,    88.1,chromobius,742af1cb29ef6ea93558332c302ac2b3ef6b21d1638a1ee669c7704ffb700372,"{""d"":9,""p"":0.0003562247890262444,""r"":36}",
     24576,         3,         0,    2.22,chromobius,30d092a27127e07d56becbbf1546af9bdf9fdd9ded693d4bc16433098a42466d,"{""d"":9,""p"":0.0003039195382313198,""r"":36}",
     20480,         4,         0,    2.28,chromobius,742af1cb29ef6ea93558332c302ac2b3ef6b21d1638a1ee669c7704ffb700372,"{""d"":9,""p"":0.0003562247890262444,""r"":36}",
     32768,         5,         0,    3.07,chromobius,30d092a27127e07d56becbbf1546af9bdf9fdd9ded693d4bc16433098a42466d,"{""d"":9,""p"":0.0003039195382313198,""r"":36}",
     27648,         3,         0,    3.09,chromobius,742af1cb29ef6ea93558332c302ac2b3ef6b21d1638a1ee669c7704ffb700372,"{""d"":9,""p"":0.0003562247890262444,""r"":36}",
   1350656,       115,         0,   119.9,chromobius,30d092a27127e07d56becbbf1546af9bdf9fdd9ded693d4bc16433098a42466d,"{""d"":9,""p"":0.0003039195382313198,""r"":36}",
     47104,         2,         0,    4.31,chromobius,30d092a27127e07d56becbbf1546af9bdf9fdd9ded693d4bc16433098a42466d,"{""d"":9,""p"":0.0003039195382313198,""r"":36}",
     38912,         5,         0,    4.34,chromobius,742af1cb29ef6ea93558332c302ac2b3ef6b21d1638a1ee669c7704ffb700372,"{""d"":9,""p"":0.0003562247890262444,""r"":36}",
   1156096,       162,         0,   119.9,chromobius,742af1cb29ef6ea93558332c302ac2b3ef6b21d1638a1ee669c7704ffb700372,"{""d"":9,""p"":0.0003562247890262444,""r"":36}",
     65536,         5,         0,    5.98,chromobius,30d092a27127e07d56becbbf1546af9bdf9fdd9ded693d4bc16433098a42466d,"{""d"":9,""p"":0.0003039195382313198,""r"":36}",
     54272,        11,         0,    6.08,chromobius,742af1cb29ef6ea93558332c302ac2b3ef6b21d1638a1ee669c7704ffb700372,"{""d"":9,""p"":0.0003562247890262444,""r"":36}",
     91136,         6,         0,    8.43,chromobius,30d092a27127e07d56becbbf1546af9bdf9fdd9ded693d4bc16433098a42466d,"{""d"":9,""p"":0.0003039195382313198,""r"":36}",
     74752,        11,         0,    8.38,chromobius,742af1cb29ef6ea93558332c302ac2b3ef6b21d1638a1ee669c7704ffb700372,"{""d"":9,""p"":0.0003562247890262444,""r"":36}",
    126976,        11,         0,    11.7,chromobius,30d092a27127e07d56becbbf1546af9bdf9fdd9ded693d4bc16433098a42466d,"{""d"":9,""p"":0.0003039195382313198,""r"":36}",
    104448,        11,         0,    11.7,chromobius,742af1cb29ef6ea93558332c302ac2b3ef6b21d1638a1ee669c7704ffb700372,"{""d"":9,""p"":0.0003562247890262444,""r"":36}",
    970752,        25,         0,    62.9,chromobius,b2fdedaf2736c49aeeac6ff3824ec0c0e2579b4bfa3da33f49b4a4ea803176fa,"{""d"":9,""p"":0.000221221629107045,""r"":36}",
    750592,        31,         0,    62.9,chromobius,0dfcdd01ff4b129ab320feaad1507a83a0f4fb7df5fe137633177dbc129fb064,"{""d"":9,""p"":0.0002592943797404667,""r"":36}",
    176128,        10,         0,    16.4,chromobius,30d092a27127e07d56becbbf1546af9bdf9fdd9ded693d4bc16433098a42466d,"{""d"":9,""p"":0.0003039195382313198,""r"":36}",
    146432,        24,         0,    16.5,chromobius,742af1cb29ef6ea93558332c302ac2b3ef6b21d1638a1ee669c7704ffb700372,"{""d"":9,""p"":0.0003562247890262444,""r"":36}",
    818720,        25,         0,    57.9,chromobius,b2fdedaf2736c49aeeac6ff3824ec0c0e2579b4bfa3da33f49b4a4ea803176fa,"{""d"":9,""p"":0.000221221629107045,""r"":36}",
   1634304,        51,         0,   118.3,chromobius,b2fdedaf2736c49aeeac6ff3824ec0c0e2579b4bfa3da33f49b4a4ea803176fa,"{""d"":9,""p"":0.000221221629107045,""r"":36}",
   1466368,        77,         0,   119.9,chromobius,0dfcdd01ff4b129ab320feaad1507a83a0f4fb7df5fe137633177dbc129fb064,"{""d"":9,""p"":0.0002592943797404667,""r"":36}",
    236544,        21,         0,    22.9,chromobius,30d092a27127e07d56becbbf1546af9bdf9fdd9ded693d4bc16433098a42466d,"{""d"":9,""p"":0.0003039195382313198,""r"":36}",
    190464,        23,         0,    23.0,chromobius,742af1cb29ef6ea93558332c302ac2b3ef6b21d1638a1ee669c7704ffb700372,"{""d"":9,""p"":0.0003562247890262444,""r"":36}",
   1218560,       103,         0,   119.9,chromobius,30d092a27127e07d56becbbf1546af9bdf9fdd9ded693d4bc16433098a42466d,"{""d"":9,""p"":0.0003039195382313198,""r"":36}",
    485989,        10,         0,    31.9,chromobius,b2fdedaf2736c49aeeac6ff3824ec0c0e2579b4bfa3da33f49b4a4ea803176fa,"{""d"":9,""p"":0.000221221629107045,""r"":36}",
    323992,        10,         0,    24.7,chromobius,b2fdedaf2736c49aeeac6ff3824ec0c0e2579b4bfa3da33f49b4a4ea803176fa,"{""d"":9,""p"":0.000221221629107045,""r"":36}",
    317440,        10,         0,    24.8,chromobius,b2fdedaf2736c49aeeac6ff3824ec0c0e2579b4bfa3da33f49b4a4ea803176fa,"{""d"":9,""p"":0.000221221629107045,""r"":36}",
      6552,         0,         0,   0.495,chromobius,b2fdedaf2736c49aeeac6ff3824ec0c0e2579b4bfa3da33f49b4a4ea803176fa,"{""d"":9,""p"":0.000221221629107045,""r"":36}",
    107998,         2,         0,    7.32,chromobius,b2fdedaf2736c49aeeac6ff3824ec0c0e2579b4bfa3da33f49b4a4ea803176fa,"{""d"":9,""p"":0.000221221629107045,""r"":36}",
     88064,         3,         0,    6.27,chromobius,b2fdedaf2736c49aeeac6ff3824ec0c0e2579b4bfa3da33f49b4a4ea803176fa,"{""d"":9,""p"":0.000221221629107045,""r"":36}",
     77824,         2,         0,    5.75,chromobius,b2fdedaf2736c49aeeac6ff3824ec0c0e2579b4bfa3da33f49b4a4ea803176fa,"{""d"":9,""p"":0.000221221629107045,""r"":36}",
     16702,         1,         0,    1.12,chromobius,b2fdedaf2736c49aeeac6ff3824ec0c0e2579b4bfa3da33f49b4a4ea803176fa,"{""d"":9,""p"":0.000221221629107045,""r"":36}",
     16702,         0,         0,    1.16,chromobius,b2fdedaf2736c49aeeac6ff3824ec0c0e2579b4bfa3da33f49b4a4ea803176fa,"{""d"":9,""p"":0.000221221629107045,""r"":36}",
     15360,         1,         0,    1.15,chromobius,b2fdedaf2736c49aeeac6ff3824ec0c0e2579b4bfa3da33f49b4a4ea803176fa,"{""d"":9,""p"":0.000221221629107045,""r"":36}",
       448,         0,         0,   0.032,chromobius,b2fdedaf2736c49aeeac6ff3824ec0c0e2579b4bfa3da33f49b4a4ea803176fa,"{""d"":9,""p"":0.000221221629107045,""r"":36}",
       446,         0,         0,   0.035,chromobius,b2fdedaf2736c49aeeac6ff3824ec0c0e2579b4bfa3da33f49b4a4ea803176fa,"{""d"":9,""p"":0.000221221629107045,""r"":36}",
       448,         0,         0,   0.036,chromobius,b2fdedaf2736c49aeeac6ff3824ec0c0e2579b4bfa3da33f49b4a4ea803176fa,"{""d"":9,""p"":0.000221221629107045,""r"":36}",
       273,         0,         0,   0.023,chromobius,0dfcdd01ff4b129ab320feaad1507a83a0f4fb7df5fe137633177dbc129fb064,"{""d"":9,""p"":0.0002592943797404667,""r"":36}",
       273,         0,         0,   0.028,chromobius,30d092a27127e07d56becbbf1546af9bdf9fdd9ded693d4bc16433098a42466d,"{""d"":9,""p"":0.0003039195382313198,""r"":36}",
       273,         0,         0,   0.032,chromobius,742af1cb29ef6ea93558332c302ac2b3ef6b21d1638a1ee669c7704ffb700372,"{""d"":9,""p"":0.0003562247890262444,""r"":36}",
      1024,         0,         0,   0.081,chromobius,0dfcdd01ff4b129ab320feaad1507a83a0f4fb7df5fe137633177dbc129fb064,"{""d"":9,""p"":0.0002592943797404667,""r"":36}",
      1024,         0,         0,   0.097,chromobius,30d092a27127e07d56becbbf1546af9bdf9fdd9ded693d4bc16433098a42466d,"{""d"":9,""p"":0.0003039195382313198,""r"":36}",
      1024,         0,         0,   0.118,chromobius,742af1cb29ef6ea93558332c302ac2b3ef6b21d1638a1ee669c7704ffb700372,"{""d"":9,""p"":0.0003562247890262444,""r"":36}",
      1024,         0,         0,   0.076,chromobius,0dfcdd01ff4b129ab320feaad1507a83a0f4fb7df5fe137633177dbc129fb064,"{""d"":9,""p"":0.0002592943797404667,""r"":36}",
      1024,         0,         0,   0.101,chromobius,30d092a27127e07d56becbbf1546af9bdf9fdd9ded693d4bc16433098a42466d,"{""d"":9,""p"":0.0003039195382313198,""r"":36}",
      1024,         0,         0,   0.082,chromobius,0dfcdd01ff4b129ab320feaad1507a83a0f4fb7df5fe137633177dbc129fb064,"{""d"":9,""p"":0.0002592943797404667,""r"":36}",
      1024,         0,         0,   0.110,chromobius,742af1cb29ef6ea93558332c302ac2b3ef6b21d1638a1ee669c7704ffb700372,"{""d"":9,""p"":0.0003562247890262444,""r"":36}",
      1024,         0,         0,   0.095,chromobius,30d092a27127e07d56becbbf1546af9bdf9fdd9ded693d4bc16433098a42466d,"{""d"":9,""p"":0.0003039195382313198,""r"":36}",
      1024,         0,         0,   0.079,chromobius,0dfcdd01ff4b129ab320feaad1507a83a0f4fb7df5fe137633177dbc129fb064,"{""d"":9,""p"":0.0002592943797404667,""r"":36}",
      1024,         0,         0,   0.111,chromobius,742af1cb29ef6ea93558332c302ac2b3ef6b21d1638a1ee669c7704ffb700372,"{""d"":9,""p"":0.0003562247890262444,""r"":36}",
      1024,         0,         0,   0.079,chromobius,0dfcdd01ff4b129ab320feaad1507a83a0f4fb7df5fe137633177dbc129fb064,"{""d"":9,""p"":0.0002592943797404667,""r"":36}",
      1024,         0,         0,   0.095,chromobius,30d092a27127e07d56becbbf1546af9bdf9fdd9ded693d4bc16433098a42466d,"{""d"":9,""p"":0.0003039195382313198,""r"":36}",
      1024,         0,         0,   0.110,chromobius,742af1cb29ef6ea93558332c302ac2b3ef6b21d1638a1ee669c7704ffb700372,"{""d"":9,""p"":0.0003562247890262444,""r"":36}",
      1024,         0,         0,   0.096,chromobius,30d092a27127e07d56becbbf1546af9bdf9fdd9ded693d4bc16433098a42466d,"{""d"":9,""p"":0.0003039195382313198,""r"":36}",
      2048,         0,         0,   0.159,chromobius,0dfcdd01ff4b129ab320feaad1507a83a0f4fb7df5fe137633177dbc129fb064,"{""d"":9,""p"":0.0002592943797404667,""r"":36}",
      1024,         0,         0,   0.092,chromobius,30d092a27127e07d56becbbf1546af9bdf9fdd9ded693d4bc16433098a42466d,"{""d"":9,""p"":0.0003039195382313198,""r"":36}",
      1024,         0,         0,   0.110,chromobius,742af1cb29ef6ea93558332c302ac2b3ef6b21d1638a1ee669c7704ffb700372,"{""d"":9,""p"":0.0003562247890262444,""r"":36}",
      1024,         0,         0,   0.105,chromobius,30d092a27127e07d56becbbf1546af9bdf9fdd9ded693d4bc16433098a42466d,"{""d"":9,""p"":0.0003039195382313198,""r"":36}",
      1024,         0,         0,   0.126,chromobius,742af1cb29ef6ea93558332c302ac2b3ef6b21d1638a1ee669c7704ffb700372,"{""d"":9,""p"":0.0003562247890262444,""r"":36}",
      2048,         0,         0,   0.189,chromobius,0dfcdd01ff4b129ab320feaad1507a83a0f4fb7df5fe137633177dbc129fb064,"{""d"":9,""p"":0.0002592943797404667,""r"":36}",
      1024,         0,         0,   0.112,chromobius,742af1cb29ef6ea93558332c302ac2b3ef6b21d1638a1ee669c7704ffb700372,"{""d"":9,""p"":0.0003562247890262444,""r"":36}",
      2048,         0,         0,   0.192,chromobius,30d092a27127e07d56becbbf1546af9bdf9fdd9ded693d4bc16433098a42466d,"{""d"":9,""p"":0.0003039195382313198,""r"":36}",
      2048,         0,         0,   0.177,chromobius,0dfcdd01ff4b129ab320feaad1507a83a0f4fb7df5fe137633177dbc129fb064,"{""d"":9,""p"":0.0002592943797404667,""r"":36}",
      2048,         0,         0,   0.223,chromobius,742af1cb29ef6ea93558332c302ac2b3ef6b21d1638a1ee669c7704ffb700372,"{""d"":9,""p"":0.0003562247890262444,""r"":36}",
      3072,         0,         0,   0.287,chromobius,30d092a27127e07d56becbbf1546af9bdf9fdd9ded693d4bc16433098a42466d,"{""d"":9,""p"":0.0003039195382313198,""r"":36}",
      3072,         0,         0,   0.256,chromobius,0dfcdd01ff4b129ab320feaad1507a83a0f4fb7df5fe137633177dbc129fb064,"{""d"":9,""p"":0.0002592943797404667,""r"":36}",
      2048,         0,         0,   0.233,chromobius,742af1cb29ef6ea93558332c302ac2b3ef6b21d1638a1ee669c7704ffb700372,"{""d"":9,""p"":0.0003562247890262444,""r"":36}",
      3072,         0,         0,   0.307,chromobius,30d092a27127e07d56becbbf1546af9bdf9fdd9ded693d4bc16433098a42466d,"{""d"":9,""p"":0.0003039195382313198,""r"":36}",
      4096,         0,         0,   0.327,chromobius,0dfcdd01ff4b129ab320feaad1507a83a0f4fb7df5fe137633177dbc129fb064,"{""d"":9,""p"":0.0002592943797404667,""r"":36}",
      3072,         0,         0,   0.341,chromobius,742af1cb29ef6ea93558332c302ac2b3ef6b21d1638a1ee669c7704ffb700372,"{""d"":9,""p"":0.0003562247890262444,""r"":36}",
      5120,         1,         0,   0.420,chromobius,0dfcdd01ff4b129ab320feaad1507a83a0f4fb7df5fe137633177dbc129fb064,"{""d"":9,""p"":0.0002592943797404667,""r"":36}",
      5120,         0,         0,   0.481,chromobius,30d092a27127e07d56becbbf1546af9bdf9fdd9ded693d4bc16433098a42466d,"{""d"":9,""p"":0.0003039195382313198,""r"":36}",
      4096,         0,         0,   0.434,chromobius,742af1cb29ef6ea93558332c302ac2b3ef6b21d1638a1ee669c7704ffb700372,"{""d"":9,""p"":0.0003562247890262444,""r"":36}",
      7168,         1,         0,   0.587,chromobius,0dfcdd01ff4b129ab320feaad1507a83a0f4fb7df5fe137633177dbc129fb064,"{""d"":9,""p"":0.0002592943797404667,""r"":36}",
      7168,         1,         0,   0.657,chromobius,30d092a27127e07d56becbbf1546af9bdf9fdd9ded693d4bc16433098a42466d,"{""d"":9,""p"":0.0003039195382313198,""r"":36}",
      6144,         2,         0,   0.663,chromobius,742af1cb29ef6ea93558332c302ac2b3ef6b21d1638a1ee669c7704ffb700372,"{""d"":9,""p"":0.0003562247890262444,""r"":36}",
     10240,         0,         0,   0.826,chromobius,0dfcdd01ff4b129ab320feaad1507a83a0f4fb7df5fe137633177dbc129fb064,"{""d"":9,""p"":0.0002592943797404667,""r"":36}",
      9216,         1,         0,   0.846,chromobius,30d092a27127e07d56becbbf1546af9bdf9fdd9ded693d4bc16433098a42466d,"{""d"":9,""p"":0.0003039195382313198,""r"":36}",
      8192,         1,         0,   0.876,chromobius,742af1cb29ef6ea93558332c302ac2b3ef6b21d1638a1ee669c7704ffb700372,"{""d"":9,""p"":0.0003562247890262444,""r"":36}",
     13312,         4,         0,    1.14,chromobius,0dfcdd01ff4b129ab320feaad1507a83a0f4fb7df5fe137633177dbc129fb064,"{""d"":9,""p"":0.0002592943797404667,""r"":36}",
     12288,         2,         0,    1.14,chromobius,30d092a27127e07d56becbbf1546af9bdf9fdd9ded693d4bc16433098a42466d,"{""d"":9,""p"":0.0003039195382313198,""r"":36}",
     11264,         2,         0,    1.21,chromobius,742af1cb29ef6ea93558332c302ac2b3ef6b21d1638a1ee669c7704ffb700372,"{""d"":9,""p"":0.0003562247890262444,""r"":36}",
     19456,         1,         0,    1.62,chromobius,0dfcdd01ff4b129ab320feaad1507a83a0f4fb7df5fe137633177dbc129fb064,"{""d"":9,""p"":0.0002592943797404667,""r"":36}",
     17408,         1,         0,    1.61,chromobius,30d092a27127e07d56becbbf1546af9bdf9fdd9ded693d4bc16433098a42466d,"{""d"":9,""p"":0.0003039195382313198,""r"":36}",
     15360,         5,         0,    1.64,chromobius,742af1cb29ef6ea93558332c302ac2b3ef6b21d1638a1ee669c7704ffb700372,"{""d"":9,""p"":0.0003562247890262444,""r"":36}",
     26624,         2,         0,    2.20,chromobius,0dfcdd01ff4b129ab320feaad1507a83a0f4fb7df5fe137633177dbc129fb064,"{""d"":9,""p"":0.0002592943797404667,""r"":36}",
     24576,         3,         0,    2.27,chromobius,30d092a27127e07d56becbbf1546af9bdf9fdd9ded693d4bc16433098a42466d,"{""d"":9,""p"":0.0003039195382313198,""r"":36}",
     20480,         1,         0,    2.19,chromobius,742af1cb29ef6ea93558332c302ac2b3ef6b21d1638a1ee669c7704ffb700372,"{""d"":9,""p"":0.0003562247890262444,""r"":36}",
     36864,         5,         0,    3.08,chromobius,0dfcdd01ff4b129ab320feaad1507a83a0f4fb7df5fe137633177dbc129fb064,"{""d"":9,""p"":0.0002592943797404667,""r"":36}",
     33792,         6,         0,    3.12,chromobius,30d092a27127e07d56becbbf1546af9bdf9fdd9ded693d4bc16433098a42466d,"{""d"":9,""p"":0.0003039195382313198,""r"":36}",
     28672,         5,         0,    3.07,chromobius,742af1cb29ef6ea93558332c302ac2b3ef6b21d1638a1ee669c7704ffb700372,"{""d"":9,""p"":0.0003562247890262444,""r"":36}",
     51200,         2,         0,    4.28,chromobius,0dfcdd01ff4b129ab320feaad1507a83a0f4fb7df5fe137633177dbc129fb064,"{""d"":9,""p"":0.0002592943797404667,""r"":36}",
     47104,         3,         0,    4.34,chromobius,30d092a27127e07d56becbbf1546af9bdf9fdd9ded693d4bc16433098a42466d,"{""d"":9,""p"":0.0003039195382313198,""r"":36}",
     39936,         6,         0,    4.28,chromobius,742af1cb29ef6ea93558332c302ac2b3ef6b21d1638a1ee669c7704ffb700372,"{""d"":9,""p"":0.0003562247890262444,""r"":36}",
    346112,        29,         0,    32.2,chromobius,30d092a27127e07d56becbbf1546af9bdf9fdd9ded693d4bc16433098a42466d,"{""d"":9,""p"":0.0003039195382313198,""r"":36}",
    292864,        44,         0,    32.2,chromobius,742af1cb29ef6ea93558332c302ac2b3ef6b21d1638a1ee669c7704ffb700372,"{""d"":9,""p"":0.0003562247890262444,""r"":36}",
   1440768,        69,         0,   119.9,chromobius,0dfcdd01ff4b129ab320feaad1507a83a0f4fb7df5fe137633177dbc129fb064,"{""d"":9,""p"":0.0002592943797404667,""r"":36}",
     73728,         7,         0,    5.98,chromobius,0dfcdd01ff4b129ab320feaad1507a83a0f4fb7df5fe137633177dbc129fb064,"{""d"":9,""p"":0.0002592943797404667,""r"":36}",
     64512,         8,         0,    5.98,chromobius,30d092a27127e07d56becbbf1546af9bdf9fdd9ded693d4bc16433098a42466d,"{""d"":9,""p"":0.0003039195382313198,""r"":36}",
     56320,         5,         0,    6.05,chromobius,742af1cb29ef6ea93558332c302ac2b3ef6b21d1638a1ee669c7704ffb700372,"{""d"":9,""p"":0.0003562247890262444,""r"":36}",
    102400,         5,         0,    8.40,chromobius,0dfcdd01ff4b129ab320feaad1507a83a0f4fb7df5fe137633177dbc129fb064,"{""d"":9,""p"":0.0002592943797404667,""r"":36}",
     91136,         7,         0,    8.44,chromobius,30d092a27127e07d56becbbf1546af9bdf9fdd9ded693d4bc16433098a42466d,"{""d"":9,""p"":0.0003039195382313198,""r"":36}",
     77824,        16,         0,    8.37,chromobius,742af1cb29ef6ea93558332c302ac2b3ef6b21d1638a1ee669c7704ffb700372,"{""d"":9,""p"":0.0003562247890262444,""r"":36}",
   1060864,       154,         0,   119.9,chromobius,742af1cb29ef6ea93558332c302ac2b3ef6b21d1638a1ee669c7704ffb700372,"{""d"":9,""p"":0.0003562247890262444,""r"":36}",
   1258496,       101,         0,   119.9,chromobius,30d092a27127e07d56becbbf1546af9bdf9fdd9ded693d4bc16433098a42466d,"{""d"":9,""p"":0.0003039195382313198,""r"":36}",
    144384,         4,         0,    11.7,chromobius,0dfcdd01ff4b129ab320feaad1507a83a0f4fb7df5fe137633177dbc129fb064,"{""d"":9,""p"":0.0002592943797404667,""r"":36}",
    124928,        10,         0,    11.8,chromobius,30d092a27127e07d56becbbf1546af9bdf9fdd9ded693d4bc16433098a42466d,"{""d"":9,""p"":0.0003039195382313198,""r"":36}",
    107520,        19,         0,    11.8,chromobius,742af1cb29ef6ea93558332c302ac2b3ef6b21d1638a1ee669c7704ffb700372,"{""d"":9,""p"":0.0003562247890262444,""r"":36}",
   1128448,       162,         0,   119.9,chromobius,742af1cb29ef6ea93558332c302ac2b3ef6b21d1638a1ee669c7704ffb700372,"{""d"":9,""p"":0.0003562247890262444,""r"":36}",
   1036288,        43,         0,    88.1,chromobius,0dfcdd01ff4b129ab320feaad1507a83a0f4fb7df5fe137633177dbc129fb064,"{""d"":9,""p"":0.0002592943797404667,""r"":36}",
    201728,        11,         0,    16.4,chromobius,0dfcdd01ff4b129ab320feaad1507a83a0f4fb7df5fe137633177dbc129fb064,"{""d"":9,""p"":0.0002592943797404667,""r"":36}",
    175104,        10,         0,    16.4,chromobius,30d092a27127e07d56becbbf1546af9bdf9fdd9ded693d4bc16433098a42466d,"{""d"":9,""p"":0.0003039195382313198,""r"":36}",
    151552,        30,         0,    16.4,chromobius,742af1cb29ef6ea93558332c302ac2b3ef6b21d1638a1ee669c7704ffb700372,"{""d"":9,""p"":0.0003562247890262444,""r"":36}",
    495616,        35,         0,    44.9,chromobius,30d092a27127e07d56becbbf1546af9bdf9fdd9ded693d4bc16433098a42466d,"{""d"":9,""p"":0.0003039195382313198,""r"":36}",
    420864,        57,         0,    45.0,chromobius,742af1cb29ef6ea93558332c302ac2b3ef6b21d1638a1ee669c7704ffb700372,"{""d"":9,""p"":0.0003562247890262444,""r"":36}",
    279552,        12,         0,    23.0,chromobius,0dfcdd01ff4b129ab320feaad1507a83a0f4fb7df5fe137633177dbc129fb064,"{""d"":9,""p"":0.0002592943797404667,""r"":36}",
    208896,        29,         0,    22.9,chromobius,742af1cb29ef6ea93558332c302ac2b3ef6b21d1638a1ee669c7704ffb700372,"{""d"":9,""p"":0.0003562247890262444,""r"":36}",
    243712,        18,         0,    23.0,chromobius,30d092a27127e07d56becbbf1546af9bdf9fdd9ded693d4bc16433098a42466d,"{""d"":9,""p"":0.0003039195382313198,""r"":36}",
   1427456,        70,         0,   119.9,chromobius,0dfcdd01ff4b129ab320feaad1507a83a0f4fb7df5fe137633177dbc129fb064,"{""d"":9,""p"":0.0002592943797404667,""r"":36}",
    953940,        48,         0,    80.9,chromobius,0dfcdd01ff4b129ab320feaad1507a83a0f4fb7df5fe137633177dbc129fb064,"{""d"":9,""p"":0.0002592943797404667,""r"":36}",
   1249280,       112,         0,   119.9,chromobius,30d092a27127e07d56becbbf1546af9bdf9fdd9ded693d4bc16433098a42466d,"{""d"":9,""p"":0.0003039195382313198,""r"":36}",
    393216,        25,         0,    32.1,chromobius,0dfcdd01ff4b129ab320feaad1507a83a0f4fb7df5fe137633177dbc129fb064,"{""d"":9,""p"":0.0002592943797404667,""r"":36}",
    337920,        24,         0,    32.2,chromobius,30d092a27127e07d56becbbf1546af9bdf9fdd9ded693d4bc16433098a42466d,"{""d"":9,""p"":0.0003039195382313198,""r"":36}",
    290816,        40,         0,    32.2,chromobius,742af1cb29ef6ea93558332c302ac2b3ef6b21d1638a1ee669c7704ffb700372,"{""d"":9,""p"":0.0003562247890262444,""r"":36}",
    695296,        58,         0,    62.9,chromobius,30d092a27127e07d56becbbf1546af9bdf9fdd9ded693d4bc16433098a42466d,"{""d"":9,""p"":0.0003039195382313198,""r"":36}",
    932474,        39,         0,    78.9,chromobius,0dfcdd01ff4b129ab320feaad1507a83a0f4fb7df5fe137633177dbc129fb064,"{""d"":9,""p"":0.0002592943797404667,""r"":36}",
    593920,        80,         0,    63.0,chromobius,742af1cb29ef6ea93558332c302ac2b3ef6b21d1638a1ee669c7704ffb700372,"{""d"":9,""p"":0.0003562247890262444,""r"":36}",
    601052,        25,         0,    50.1,chromobius,0dfcdd01ff4b129ab320feaad1507a83a0f4fb7df5fe137633177dbc129fb064,"{""d"":9,""p"":0.0002592943797404667,""r"":36}",
    551936,        36,         0,    46.4,chromobius,0dfcdd01ff4b129ab320feaad1507a83a0f4fb7df5fe137633177dbc129fb064,"{""d"":9,""p"":0.0002592943797404667,""r"":36}",
    450789,        21,         0,    35.9,chromobius,0dfcdd01ff4b129ab320feaad1507a83a0f4fb7df5fe137633177dbc129fb064,"{""d"":9,""p"":0.0002592943797404667,""r"":36}",
    268288,        13,         0,    22.9,chromobius,0dfcdd01ff4b129ab320feaad1507a83a0f4fb7df5fe137633177dbc129fb064,"{""d"":9,""p"":0.0002592943797404667,""r"":36}",
   1048576,       131,         0,   119.9,chromobius,742af1cb29ef6ea93558332c302ac2b3ef6b21d1638a1ee669c7704ffb700372,"{""d"":9,""p"":0.0003562247890262444,""r"":36}",
   1260544,       120,         0,   119.9,chromobius,30d092a27127e07d56becbbf1546af9bdf9fdd9ded693d4bc16433098a42466d,"{""d"":9,""p"":0.0003039195382313198,""r"":36}",
    466944,        34,         0,    45.0,chromobius,30d092a27127e07d56becbbf1546af9bdf9fdd9ded693d4bc16433098a42466d,"{""d"":9,""p"":0.0003039195382313198,""r"":36}",
    406528,        61,         0,    45.1,chromobius,742af1cb29ef6ea93558332c302ac2b3ef6b21d1638a1ee669c7704ffb700372,"{""d"":9,""p"":0.0003562247890262444,""r"":36}",
    133036,         7,         0,    11.1,chromobius,0dfcdd01ff4b129ab320feaad1507a83a0f4fb7df5fe137633177dbc129fb064,"{""d"":9,""p"":0.0002592943797404667,""r"":36}",
    122880,         8,         0,    10.3,chromobius,0dfcdd01ff4b129ab320feaad1507a83a0f4fb7df5fe137633177dbc129fb064,"{""d"":9,""p"":0.0002592943797404667,""r"":36}",
    128000,         4,         0,    10.3,chromobius,0dfcdd01ff4b129ab320feaad1507a83a0f4fb7df5fe137633177dbc129fb064,"{""d"":9,""p"":0.0002592943797404667,""r"":36}",
    132096,         6,         0,    11.1,chromobius,0dfcdd01ff4b129ab320feaad1507a83a0f4fb7df5fe137633177dbc129fb064,"{""d"":9,""p"":0.0002592943797404667,""r"":36}",
      4033,         0,         0,   0.322,chromobius,0dfcdd01ff4b129ab320feaad1507a83a0f4fb7df5fe137633177dbc129fb064,"{""d"":9,""p"":0.0002592943797404667,""r"":36}",
      4033,         0,         0,   0.325,chromobius,0dfcdd01ff4b129ab320feaad1507a83a0f4fb7df5fe137633177dbc129fb064,"{""d"":9,""p"":0.0002592943797404667,""r"":36}",
      4033,         0,         0,   0.334,chromobius,0dfcdd01ff4b129ab320feaad1507a83a0f4fb7df5fe137633177dbc129fb064,"{""d"":9,""p"":0.0002592943797404667,""r"":36}",
      4030,         0,         0,   0.343,chromobius,0dfcdd01ff4b129ab320feaad1507a83a0f4fb7df5fe137633177dbc129fb064,"{""d"":9,""p"":0.0002592943797404667,""r"":36}",
       273,         0,         0,   0.035,chromobius,30d092a27127e07d56becbbf1546af9bdf9fdd9ded693d4bc16433098a42466d,"{""d"":9,""p"":0.0003039195382313198,""r"":36}",
       273,         0,         0,   0.038,chromobius,742af1cb29ef6ea93558332c302ac2b3ef6b21d1638a1ee669c7704ffb700372,"{""d"":9,""p"":0.0003562247890262444,""r"":36}",
       273,         0,         0,   0.084,chromobius,742af1cb29ef6ea93558332c302ac2b3ef6b21d1638a1ee669c7704ffb700372,"{""d"":9,""p"":0.0003562247890262444,""r"":36}",
       273,         0,         0,   0.053,chromobius,30d092a27127e07d56becbbf1546af9bdf9fdd9ded693d4bc16433098a42466d,"{""d"":9,""p"":0.0003039195382313198,""r"":36}",
      1024,         1,         0,   0.129,chromobius,30d092a27127e07d56becbbf1546af9bdf9fdd9ded693d4bc16433098a42466d,"{""d"":9,""p"":0.0003039195382313198,""r"":36}",
      1024,         0,         0,   0.142,chromobius,30d092a27127e07d56becbbf1546af9bdf9fdd9ded693d4bc16433098a42466d,"{""d"":9,""p"":0.0003039195382313198,""r"":36}",
      1024,         0,         0,   0.172,chromobius,742af1cb29ef6ea93558332c302ac2b3ef6b21d1638a1ee669c7704ffb700372,"{""d"":9,""p"":0.0003562247890262444,""r"":36}",
      1024,         1,         0,   0.172,chromobius,742af1cb29ef6ea93558332c302ac2b3ef6b21d1638a1ee669c7704ffb700372,"{""d"":9,""p"":0.0003562247890262444,""r"":36}",
      1024,         0,         0,   0.132,chromobius,30d092a27127e07d56becbbf1546af9bdf9fdd9ded693d4bc16433098a42466d,"{""d"":9,""p"":0.0003039195382313198,""r"":36}",
      1024,         0,         0,   0.161,chromobius,30d092a27127e07d56becbbf1546af9bdf9fdd9ded693d4bc16433098a42466d,"{""d"":9,""p"":0.0003039195382313198,""r"":36}",
      1024,         0,         0,   0.156,chromobius,742af1cb29ef6ea93558332c302ac2b3ef6b21d1638a1ee669c7704ffb700372,"{""d"":9,""p"":0.0003562247890262444,""r"":36}",
      1024,         0,         0,   0.182,chromobius,742af1cb29ef6ea93558332c302ac2b3ef6b21d1638a1ee669c7704ffb700372,"{""d"":9,""p"":0.0003562247890262444,""r"":36}",
      1024,         0,         0,   0.133,chromobius,30d092a27127e07d56becbbf1546af9bdf9fdd9ded693d4bc16433098a42466d,"{""d"":9,""p"":0.0003039195382313198,""r"":36}",
      1024,         0,         0,   0.106,chromobius,30d092a27127e07d56becbbf1546af9bdf9fdd9ded693d4bc16433098a42466d,"{""d"":9,""p"":0.0003039195382313198,""r"":36}",
      1024,         0,         0,   0.181,chromobius,742af1cb29ef6ea93558332c302ac2b3ef6b21d1638a1ee669c7704ffb700372,"{""d"":9,""p"":0.0003562247890262444,""r"":36}",
      1024,         0,         0,   0.171,chromobius,742af1cb29ef6ea93558332c302ac2b3ef6b21d1638a1ee669c7704ffb700372,"{""d"":9,""p"":0.0003562247890262444,""r"":36}",
      1024,         0,         0,   0.164,chromobius,30d092a27127e07d56becbbf1546af9bdf9fdd9ded693d4bc16433098a42466d,"{""d"":9,""p"":0.0003039195382313198,""r"":36}",
      1024,         0,         0,   0.138,chromobius,30d092a27127e07d56becbbf1546af9bdf9fdd9ded693d4bc16433098a42466d,"{""d"":9,""p"":0.0003039195382313198,""r"":36}",
      1024,         1,         0,   0.125,chromobius,742af1cb29ef6ea93558332c302ac2b3ef6b21d1638a1ee669c7704ffb700372,"{""d"":9,""p"":0.0003562247890262444,""r"":36}",
      1024,         0,         0,   0.157,chromobius,742af1cb29ef6ea93558332c302ac2b3ef6b21d1638a1ee669c7704ffb700372,"{""d"":9,""p"":0.0003562247890262444,""r"":36}",
      1024,         0,         0,   0.147,chromobius,30d092a27127e07d56becbbf1546af9bdf9fdd9ded693d4bc16433098a42466d,"{""d"":9,""p"":0.0003039195382313198,""r"":36}",
      1024,         0,         0,   0.155,chromobius,30d092a27127e07d56becbbf1546af9bdf9fdd9ded693d4bc16433098a42466d,"{""d"":9,""p"":0.0003039195382313198,""r"":36}",
      1024,         0,         0,   0.206,chromobius,742af1cb29ef6ea93558332c302ac2b3ef6b21d1638a1ee669c7704ffb700372,"{""d"":9,""p"":0.0003562247890262444,""r"":36}",
      1024,         0,         0,   0.173,chromobius,30d092a27127e07d56becbbf1546af9bdf9fdd9ded693d4bc16433098a42466d,"{""d"":9,""p"":0.0003039195382313198,""r"":36}",
      1024,         0,         0,   0.183,chromobius,30d092a27127e07d56becbbf1546af9bdf9fdd9ded693d4bc16433098a42466d,"{""d"":9,""p"":0.0003039195382313198,""r"":36}",
      1024,         0,         0,   0.204,chromobius,742af1cb29ef6ea93558332c302ac2b3ef6b21d1638a1ee669c7704ffb700372,"{""d"":9,""p"":0.0003562247890262444,""r"":36}",
      1024,         0,         0,   0.140,chromobius,30d092a27127e07d56becbbf1546af9bdf9fdd9ded693d4bc16433098a42466d,"{""d"":9,""p"":0.0003039195382313198,""r"":36}",
      1024,         0,         0,   0.179,chromobius,742af1cb29ef6ea93558332c302ac2b3ef6b21d1638a1ee669c7704ffb700372,"{""d"":9,""p"":0.0003562247890262444,""r"":36}",
      1024,         0,         0,   0.130,chromobius,30d092a27127e07d56becbbf1546af9bdf9fdd9ded693d4bc16433098a42466d,"{""d"":9,""p"":0.0003039195382313198,""r"":36}",
      1024,         0,         0,   0.155,chromobius,742af1cb29ef6ea93558332c302ac2b3ef6b21d1638a1ee669c7704ffb700372,"{""d"":9,""p"":0.0003562247890262444,""r"":36}",
      1024,         0,         0,   0.151,chromobius,30d092a27127e07d56becbbf1546af9bdf9fdd9ded693d4bc16433098a42466d,"{""d"":9,""p"":0.0003039195382313198,""r"":36}",
      1024,         0,         0,   0.169,chromobius,742af1cb29ef6ea93558332c302ac2b3ef6b21d1638a1ee669c7704ffb700372,"{""d"":9,""p"":0.0003562247890262444,""r"":36}",
      1024,         0,         0,   0.168,chromobius,742af1cb29ef6ea93558332c302ac2b3ef6b21d1638a1ee669c7704ffb700372,"{""d"":9,""p"":0.0003562247890262444,""r"":36}",
      2048,         1,         0,   0.279,chromobius,30d092a27127e07d56becbbf1546af9bdf9fdd9ded693d4bc16433098a42466d,"{""d"":9,""p"":0.0003039195382313198,""r"":36}",
      1024,         0,         0,   0.148,chromobius,742af1cb29ef6ea93558332c302ac2b3ef6b21d1638a1ee669c7704ffb700372,"{""d"":9,""p"":0.0003562247890262444,""r"":36}",
      1024,         0,         0,   0.163,chromobius,742af1cb29ef6ea93558332c302ac2b3ef6b21d1638a1ee669c7704ffb700372,"{""d"":9,""p"":0.0003562247890262444,""r"":36}",
      2048,         0,         0,   0.279,chromobius,30d092a27127e07d56becbbf1546af9bdf9fdd9ded693d4bc16433098a42466d,"{""d"":9,""p"":0.0003039195382313198,""r"":36}",
      2048,         0,         0,   0.268,chromobius,30d092a27127e07d56becbbf1546af9bdf9fdd9ded693d4bc16433098a42466d,"{""d"":9,""p"":0.0003039195382313198,""r"":36}",
      2048,         0,         0,   0.311,chromobius,742af1cb29ef6ea93558332c302ac2b3ef6b21d1638a1ee669c7704ffb700372,"{""d"":9,""p"":0.0003562247890262444,""r"":36}",
      2048,         0,         0,   0.309,chromobius,742af1cb29ef6ea93558332c302ac2b3ef6b21d1638a1ee669c7704ffb700372,"{""d"":9,""p"":0.0003562247890262444,""r"":36}",
      3072,         0,         0,   0.404,chromobius,30d092a27127e07d56becbbf1546af9bdf9fdd9ded693d4bc16433098a42466d,"{""d"":9,""p"":0.0003039195382313198,""r"":36}",
      2048,         1,         0,   0.318,chromobius,742af1cb29ef6ea93558332c302ac2b3ef6b21d1638a1ee669c7704ffb700372,"{""d"":9,""p"":0.0003562247890262444,""r"":36}",
      3072,         0,         0,   0.395,chromobius,30d092a27127e07d56becbbf1546af9bdf9fdd9ded693d4bc16433098a42466d,"{""d"":9,""p"":0.0003039195382313198,""r"":36}",
      2048,         0,         0,   0.317,chromobius,742af1cb29ef6ea93558332c302ac2b3ef6b21d1638a1ee669c7704ffb700372,"{""d"":9,""p"":0.0003562247890262444,""r"":36}",
      4096,         0,         0,   0.513,chromobius,30d092a27127e07d56becbbf1546af9bdf9fdd9ded693d4bc16433098a42466d,"{""d"":9,""p"":0.0003039195382313198,""r"":36}",
      3072,         2,         0,   0.445,chromobius,742af1cb29ef6ea93558332c302ac2b3ef6b21d1638a1ee669c7704ffb700372,"{""d"":9,""p"":0.0003562247890262444,""r"":36}",
      3072,         0,         0,   0.446,chromobius,30d092a27127e07d56becbbf1546af9bdf9fdd9ded693d4bc16433098a42466d,"{""d"":9,""p"":0.0003039195382313198,""r"":36}",
      3072,         0,         0,   0.442,chromobius,742af1cb29ef6ea93558332c302ac2b3ef6b21d1638a1ee669c7704ffb700372,"{""d"":9,""p"":0.0003562247890262444,""r"":36}",
      4096,         0,         0,   0.581,chromobius,30d092a27127e07d56becbbf1546af9bdf9fdd9ded693d4bc16433098a42466d,"{""d"":9,""p"":0.0003039195382313198,""r"":36}",
      5120,         0,         0,   0.700,chromobius,30d092a27127e07d56becbbf1546af9bdf9fdd9ded693d4bc16433098a42466d,"{""d"":9,""p"":0.0003039195382313198,""r"":36}",
      4096,         0,         0,   0.675,chromobius,742af1cb29ef6ea93558332c302ac2b3ef6b21d1638a1ee669c7704ffb700372,"{""d"":9,""p"":0.0003562247890262444,""r"":36}",
      4096,         0,         0,   0.661,chromobius,742af1cb29ef6ea93558332c302ac2b3ef6b21d1638a1ee669c7704ffb700372,"{""d"":9,""p"":0.0003562247890262444,""r"":36}",
      6144,         0,         0,   0.858,chromobius,30d092a27127e07d56becbbf1546af9bdf9fdd9ded693d4bc16433098a42466d,"{""d"":9,""p"":0.0003039195382313198,""r"":36}",
      5120,         1,         0,   0.863,chromobius,742af1cb29ef6ea93558332c302ac2b3ef6b21d1638a1ee669c7704ffb700372,"{""d"":9,""p"":0.0003562247890262444,""r"":36}",
      6144,         1,         0,   0.914,chromobius,30d092a27127e07d56becbbf1546af9bdf9fdd9ded693d4bc16433098a42466d,"{""d"":9,""p"":0.0003039195382313198,""r"":36}",
   1104896,       177,         0,   119.9,chromobius,742af1cb29ef6ea93558332c302ac2b3ef6b21d1638a1ee669c7704ffb700372,"{""d"":9,""p"":0.0003562247890262444,""r"":36}",
      5120,         2,         0,   0.933,chromobius,742af1cb29ef6ea93558332c302ac2b3ef6b21d1638a1ee669c7704ffb700372,"{""d"":9,""p"":0.0003562247890262444,""r"":36}",
     11264,         1,         0,    1.14,chromobius,30d092a27127e07d56becbbf1546af9bdf9fdd9ded693d4bc16433098a42466d,"{""d"":9,""p"":0.0003039195382313198,""r"":36}",
      8192,         1,         0,    1.12,chromobius,742af1cb29ef6ea93558332c302ac2b3ef6b21d1638a1ee669c7704ffb700372,"{""d"":9,""p"":0.0003562247890262444,""r"":36}",
     12288,         3,         0,    1.21,chromobius,30d092a27127e07d56becbbf1546af9bdf9fdd9ded693d4bc16433098a42466d,"{""d"":9,""p"":0.0003039195382313198,""r"":36}",
     10240,         1,         0,    1.17,chromobius,742af1cb29ef6ea93558332c302ac2b3ef6b21d1638a1ee669c7704ffb700372,"{""d"":9,""p"":0.0003562247890262444,""r"":36}",
     17408,         1,         0,    1.59,chromobius,30d092a27127e07d56becbbf1546af9bdf9fdd9ded693d4bc16433098a42466d,"{""d"":9,""p"":0.0003039195382313198,""r"":36}",
     14336,         2,         0,    1.61,chromobius,742af1cb29ef6ea93558332c302ac2b3ef6b21d1638a1ee669c7704ffb700372,"{""d"":9,""p"":0.0003562247890262444,""r"":36}",
     16384,         4,         0,    1.59,chromobius,30d092a27127e07d56becbbf1546af9bdf9fdd9ded693d4bc16433098a42466d,"{""d"":9,""p"":0.0003039195382313198,""r"":36}",
     14336,         2,         0,    1.61,chromobius,742af1cb29ef6ea93558332c302ac2b3ef6b21d1638a1ee669c7704ffb700372,"{""d"":9,""p"":0.0003562247890262444,""r"":36}",
     20480,         2,         0,    2.28,chromobius,30d092a27127e07d56becbbf1546af9bdf9fdd9ded693d4bc16433098a42466d,"{""d"":9,""p"":0.0003039195382313198,""r"":36}",
     16384,         2,         0,    2.22,chromobius,742af1cb29ef6ea93558332c302ac2b3ef6b21d1638a1ee669c7704ffb700372,"{""d"":9,""p"":0.0003562247890262444,""r"":36}",
     19456,         4,         0,    2.22,chromobius,30d092a27127e07d56becbbf1546af9bdf9fdd9ded693d4bc16433098a42466d,"{""d"":9,""p"":0.0003039195382313198,""r"":36}",
     16384,         3,         0,    2.27,chromobius,742af1cb29ef6ea93558332c302ac2b3ef6b21d1638a1ee669c7704ffb700372,"{""d"":9,""p"":0.0003562247890262444,""r"":36}",
     29696,         1,         0,    3.13,chromobius,30d092a27127e07d56becbbf1546af9bdf9fdd9ded693d4bc16433098a42466d,"{""d"":9,""p"":0.0003039195382313198,""r"":36}",
     26624,         4,         0,    3.14,chromobius,742af1cb29ef6ea93558332c302ac2b3ef6b21d1638a1ee669c7704ffb700372,"{""d"":9,""p"":0.0003562247890262444,""r"":36}",
     29696,         1,         0,    3.09,chromobius,30d092a27127e07d56becbbf1546af9bdf9fdd9ded693d4bc16433098a42466d,"{""d"":9,""p"":0.0003039195382313198,""r"":36}",
     25600,         2,         0,    3.10,chromobius,742af1cb29ef6ea93558332c302ac2b3ef6b21d1638a1ee669c7704ffb700372,"{""d"":9,""p"":0.0003562247890262444,""r"":36}",
     45056,         3,         0,    4.36,chromobius,30d092a27127e07d56becbbf1546af9bdf9fdd9ded693d4bc16433098a42466d,"{""d"":9,""p"":0.0003039195382313198,""r"":36}",
     38912,         4,         0,    4.37,chromobius,742af1cb29ef6ea93558332c302ac2b3ef6b21d1638a1ee669c7704ffb700372,"{""d"":9,""p"":0.0003562247890262444,""r"":36}",
     44032,         4,         0,    4.35,chromobius,30d092a27127e07d56becbbf1546af9bdf9fdd9ded693d4bc16433098a42466d,"{""d"":9,""p"":0.0003039195382313198,""r"":36}",
     37888,         4,         0,    4.37,chromobius,742af1cb29ef6ea93558332c302ac2b3ef6b21d1638a1ee669c7704ffb700372,"{""d"":9,""p"":0.0003562247890262444,""r"":36}",
    109568,        11,         0,    12.6,chromobius,742af1cb29ef6ea93558332c302ac2b3ef6b21d1638a1ee669c7704ffb700372,"{""d"":9,""p"":0.0003562247890262444,""r"":36}",
    454656,        58,         0,    50.4,chromobius,742af1cb29ef6ea93558332c302ac2b3ef6b21d1638a1ee669c7704ffb700372,"{""d"":9,""p"":0.0003562247890262444,""r"":36}",
    220160,        29,         0,    26.0,chromobius,742af1cb29ef6ea93558332c302ac2b3ef6b21d1638a1ee669c7704ffb700372,"{""d"":9,""p"":0.0003562247890262444,""r"":36}",
    152576,        29,         0,    18.2,chromobius,742af1cb29ef6ea93558332c302ac2b3ef6b21d1638a1ee669c7704ffb700372,"{""d"":9,""p"":0.0003562247890262444,""r"":36}",
      1024,         0,         0,   0.125,chromobius,742af1cb29ef6ea93558332c302ac2b3ef6b21d1638a1ee669c7704ffb700372,"{""d"":9,""p"":0.0003562247890262444,""r"":36}",
      2048,         0,         0,   0.247,chromobius,742af1cb29ef6ea93558332c302ac2b3ef6b21d1638a1ee669c7704ffb700372,"{""d"":9,""p"":0.0003562247890262444,""r"":36}",
       273,         0,         0,   0.029,chromobius,30d092a27127e07d56becbbf1546af9bdf9fdd9ded693d4bc16433098a42466d,"{""d"":9,""p"":0.0003039195382313198,""r"":36}",
       273,         0,         0,   0.029,chromobius,30d092a27127e07d56becbbf1546af9bdf9fdd9ded693d4bc16433098a42466d,"{""d"":9,""p"":0.0003039195382313198,""r"":36}",
       273,         0,         0,   0.029,chromobius,30d092a27127e07d56becbbf1546af9bdf9fdd9ded693d4bc16433098a42466d,"{""d"":9,""p"":0.0003039195382313198,""r"":36}",
       273,         0,         0,   0.027,chromobius,30d092a27127e07d56becbbf1546af9bdf9fdd9ded693d4bc16433098a42466d,"{""d"":9,""p"":0.0003039195382313198,""r"":36}",
       273,         0,         0,   0.030,chromobius,30d092a27127e07d56becbbf1546af9bdf9fdd9ded693d4bc16433098a42466d,"{""d"":9,""p"":0.0003039195382313198,""r"":36}",
       273,         0,         0,   0.029,chromobius,30d092a27127e07d56becbbf1546af9bdf9fdd9ded693d4bc16433098a42466d,"{""d"":9,""p"":0.0003039195382313198,""r"":36}",
      1024,         0,         0,   0.092,chromobius,30d092a27127e07d56becbbf1546af9bdf9fdd9ded693d4bc16433098a42466d,"{""d"":9,""p"":0.0003039195382313198,""r"":36}",
      1024,         0,         0,   0.099,chromobius,30d092a27127e07d56becbbf1546af9bdf9fdd9ded693d4bc16433098a42466d,"{""d"":9,""p"":0.0003039195382313198,""r"":36}",
      1024,         0,         0,   0.099,chromobius,30d092a27127e07d56becbbf1546af9bdf9fdd9ded693d4bc16433098a42466d,"{""d"":9,""p"":0.0003039195382313198,""r"":36}",
      1024,         0,         0,   0.103,chromobius,30d092a27127e07d56becbbf1546af9bdf9fdd9ded693d4bc16433098a42466d,"{""d"":9,""p"":0.0003039195382313198,""r"":36}",
      1024,         0,         0,   0.098,chromobius,30d092a27127e07d56becbbf1546af9bdf9fdd9ded693d4bc16433098a42466d,"{""d"":9,""p"":0.0003039195382313198,""r"":36}",
      1024,         1,         0,   0.095,chromobius,30d092a27127e07d56becbbf1546af9bdf9fdd9ded693d4bc16433098a42466d,"{""d"":9,""p"":0.0003039195382313198,""r"":36}",
      1024,         0,         0,   0.093,chromobius,30d092a27127e07d56becbbf1546af9bdf9fdd9ded693d4bc16433098a42466d,"{""d"":9,""p"":0.0003039195382313198,""r"":36}",
      1024,         0,         0,   0.092,chromobius,30d092a27127e07d56becbbf1546af9bdf9fdd9ded693d4bc16433098a42466d,"{""d"":9,""p"":0.0003039195382313198,""r"":36}",
      1024,         0,         0,   0.091,chromobius,30d092a27127e07d56becbbf1546af9bdf9fdd9ded693d4bc16433098a42466d,"{""d"":9,""p"":0.0003039195382313198,""r"":36}",
      1024,         0,         0,   0.093,chromobius,30d092a27127e07d56becbbf1546af9bdf9fdd9ded693d4bc16433098a42466d,"{""d"":9,""p"":0.0003039195382313198,""r"":36}",
      1024,         0,         0,   0.097,chromobius,30d092a27127e07d56becbbf1546af9bdf9fdd9ded693d4bc16433098a42466d,"{""d"":9,""p"":0.0003039195382313198,""r"":36}",
      1024,         0,         0,   0.102,chromobius,30d092a27127e07d56becbbf1546af9bdf9fdd9ded693d4bc16433098a42466d,"{""d"":9,""p"":0.0003039195382313198,""r"":36}",
      1024,         0,         0,   0.091,chromobius,30d092a27127e07d56becbbf1546af9bdf9fdd9ded693d4bc16433098a42466d,"{""d"":9,""p"":0.0003039195382313198,""r"":36}",
      1024,         0,         0,   0.091,chromobius,30d092a27127e07d56becbbf1546af9bdf9fdd9ded693d4bc16433098a42466d,"{""d"":9,""p"":0.0003039195382313198,""r"":36}",
      1024,         0,         0,   0.091,chromobius,30d092a27127e07d56becbbf1546af9bdf9fdd9ded693d4bc16433098a42466d,"{""d"":9,""p"":0.0003039195382313198,""r"":36}",
      1024,         1,         0,   0.102,chromobius,30d092a27127e07d56becbbf1546af9bdf9fdd9ded693d4bc16433098a42466d,"{""d"":9,""p"":0.0003039195382313198,""r"":36}",
      1024,         0,         0,   0.097,chromobius,30d092a27127e07d56becbbf1546af9bdf9fdd9ded693d4bc16433098a42466d,"{""d"":9,""p"":0.0003039195382313198,""r"":36}",
      1024,         0,         0,   0.106,chromobius,30d092a27127e07d56becbbf1546af9bdf9fdd9ded693d4bc16433098a42466d,"{""d"":9,""p"":0.0003039195382313198,""r"":36}",
      1024,         0,         0,   0.091,chromobius,30d092a27127e07d56becbbf1546af9bdf9fdd9ded693d4bc16433098a42466d,"{""d"":9,""p"":0.0003039195382313198,""r"":36}",
      1024,         0,         0,   0.093,chromobius,30d092a27127e07d56becbbf1546af9bdf9fdd9ded693d4bc16433098a42466d,"{""d"":9,""p"":0.0003039195382313198,""r"":36}",
      1024,         0,         0,   0.093,chromobius,30d092a27127e07d56becbbf1546af9bdf9fdd9ded693d4bc16433098a42466d,"{""d"":9,""p"":0.0003039195382313198,""r"":36}",
      1024,         0,         0,   0.101,chromobius,30d092a27127e07d56becbbf1546af9bdf9fdd9ded693d4bc16433098a42466d,"{""d"":9,""p"":0.0003039195382313198,""r"":36}",
      1024,         0,         0,   0.099,chromobius,30d092a27127e07d56becbbf1546af9bdf9fdd9ded693d4bc16433098a42466d,"{""d"":9,""p"":0.0003039195382313198,""r"":36}",
      1024,         1,         0,   0.097,chromobius,30d092a27127e07d56becbbf1546af9bdf9fdd9ded693d4bc16433098a42466d,"{""d"":9,""p"":0.0003039195382313198,""r"":36}",
      1024,         0,         0,   0.092,chromobius,30d092a27127e07d56becbbf1546af9bdf9fdd9ded693d4bc16433098a42466d,"{""d"":9,""p"":0.0003039195382313198,""r"":36}",
      1024,         0,         0,   0.089,chromobius,30d092a27127e07d56becbbf1546af9bdf9fdd9ded693d4bc16433098a42466d,"{""d"":9,""p"":0.0003039195382313198,""r"":36}",
      1024,         0,         0,   0.093,chromobius,30d092a27127e07d56becbbf1546af9bdf9fdd9ded693d4bc16433098a42466d,"{""d"":9,""p"":0.0003039195382313198,""r"":36}",
      1024,         0,         0,   0.097,chromobius,30d092a27127e07d56becbbf1546af9bdf9fdd9ded693d4bc16433098a42466d,"{""d"":9,""p"":0.0003039195382313198,""r"":36}",
      1024,         0,         0,   0.093,chromobius,30d092a27127e07d56becbbf1546af9bdf9fdd9ded693d4bc16433098a42466d,"{""d"":9,""p"":0.0003039195382313198,""r"":36}",
      1024,         0,         0,   0.104,chromobius,30d092a27127e07d56becbbf1546af9bdf9fdd9ded693d4bc16433098a42466d,"{""d"":9,""p"":0.0003039195382313198,""r"":36}",
      1024,         0,         0,   0.090,chromobius,30d092a27127e07d56becbbf1546af9bdf9fdd9ded693d4bc16433098a42466d,"{""d"":9,""p"":0.0003039195382313198,""r"":36}",
      1024,         0,         0,   0.089,chromobius,30d092a27127e07d56becbbf1546af9bdf9fdd9ded693d4bc16433098a42466d,"{""d"":9,""p"":0.0003039195382313198,""r"":36}",
      1024,         0,         0,   0.103,chromobius,30d092a27127e07d56becbbf1546af9bdf9fdd9ded693d4bc16433098a42466d,"{""d"":9,""p"":0.0003039195382313198,""r"":36}",
      1024,         0,         0,   0.098,chromobius,30d092a27127e07d56becbbf1546af9bdf9fdd9ded693d4bc16433098a42466d,"{""d"":9,""p"":0.0003039195382313198,""r"":36}",
      1024,         0,         0,   0.097,chromobius,30d092a27127e07d56becbbf1546af9bdf9fdd9ded693d4bc16433098a42466d,"{""d"":9,""p"":0.0003039195382313198,""r"":36}",
      1024,         0,         0,   0.101,chromobius,30d092a27127e07d56becbbf1546af9bdf9fdd9ded693d4bc16433098a42466d,"{""d"":9,""p"":0.0003039195382313198,""r"":36}",
      2048,         1,         0,   0.182,chromobius,30d092a27127e07d56becbbf1546af9bdf9fdd9ded693d4bc16433098a42466d,"{""d"":9,""p"":0.0003039195382313198,""r"":36}",
      2048,         0,         0,   0.182,chromobius,30d092a27127e07d56becbbf1546af9bdf9fdd9ded693d4bc16433098a42466d,"{""d"":9,""p"":0.0003039195382313198,""r"":36}",
      2048,         1,         0,   0.197,chromobius,30d092a27127e07d56becbbf1546af9bdf9fdd9ded693d4bc16433098a42466d,"{""d"":9,""p"":0.0003039195382313198,""r"":36}",
      2048,         0,         0,   0.191,chromobius,30d092a27127e07d56becbbf1546af9bdf9fdd9ded693d4bc16433098a42466d,"{""d"":9,""p"":0.0003039195382313198,""r"":36}",
      2048,         1,         0,   0.188,chromobius,30d092a27127e07d56becbbf1546af9bdf9fdd9ded693d4bc16433098a42466d,"{""d"":9,""p"":0.0003039195382313198,""r"":36}",
      2048,         1,         0,   0.221,chromobius,30d092a27127e07d56becbbf1546af9bdf9fdd9ded693d4bc16433098a42466d,"{""d"":9,""p"":0.0003039195382313198,""r"":36}",
      2048,         0,         0,   0.182,chromobius,30d092a27127e07d56becbbf1546af9bdf9fdd9ded693d4bc16433098a42466d,"{""d"":9,""p"":0.0003039195382313198,""r"":36}",
      2048,         1,         0,   0.197,chromobius,30d092a27127e07d56becbbf1546af9bdf9fdd9ded693d4bc16433098a42466d,"{""d"":9,""p"":0.0003039195382313198,""r"":36}",
      2048,         0,         0,   0.194,chromobius,30d092a27127e07d56becbbf1546af9bdf9fdd9ded693d4bc16433098a42466d,"{""d"":9,""p"":0.0003039195382313198,""r"":36}",
      2048,         0,         0,   0.189,chromobius,30d092a27127e07d56becbbf1546af9bdf9fdd9ded693d4bc16433098a42466d,"{""d"":9,""p"":0.0003039195382313198,""r"":36}",
      2048,         0,         0,   0.186,chromobius,30d092a27127e07d56becbbf1546af9bdf9fdd9ded693d4bc16433098a42466d,"{""d"":9,""p"":0.0003039195382313198,""r"":36}",
      2048,         0,         0,   0.208,chromobius,30d092a27127e07d56becbbf1546af9bdf9fdd9ded693d4bc16433098a42466d,"{""d"":9,""p"":0.0003039195382313198,""r"":36}",
      2048,         0,         0,   0.209,chromobius,30d092a27127e07d56becbbf1546af9bdf9fdd9ded693d4bc16433098a42466d,"{""d"":9,""p"":0.0003039195382313198,""r"":36}",
      3072,         0,         0,   0.299,chromobius,30d092a27127e07d56becbbf1546af9bdf9fdd9ded693d4bc16433098a42466d,"{""d"":9,""p"":0.0003039195382313198,""r"":36}",
      3072,         0,         0,   0.289,chromobius,30d092a27127e07d56becbbf1546af9bdf9fdd9ded693d4bc16433098a42466d,"{""d"":9,""p"":0.0003039195382313198,""r"":36}",
      3072,         0,         0,   0.339,chromobius,30d092a27127e07d56becbbf1546af9bdf9fdd9ded693d4bc16433098a42466d,"{""d"":9,""p"":0.0003039195382313198,""r"":36}",
      2048,         0,         0,   0.258,chromobius,30d092a27127e07d56becbbf1546af9bdf9fdd9ded693d4bc16433098a42466d,"{""d"":9,""p"":0.0003039195382313198,""r"":36}",
      3072,         1,         0,   0.371,chromobius,30d092a27127e07d56becbbf1546af9bdf9fdd9ded693d4bc16433098a42466d,"{""d"":9,""p"":0.0003039195382313198,""r"":36}",
      3072,         0,         0,   0.361,chromobius,30d092a27127e07d56becbbf1546af9bdf9fdd9ded693d4bc16433098a42466d,"{""d"":9,""p"":0.0003039195382313198,""r"":36}",
      3072,         0,         0,   0.300,chromobius,30d092a27127e07d56becbbf1546af9bdf9fdd9ded693d4bc16433098a42466d,"{""d"":9,""p"":0.0003039195382313198,""r"":36}",
      3072,         1,         0,   0.317,chromobius,30d092a27127e07d56becbbf1546af9bdf9fdd9ded693d4bc16433098a42466d,"{""d"":9,""p"":0.0003039195382313198,""r"":36}",
      3072,         0,         0,   0.364,chromobius,30d092a27127e07d56becbbf1546af9bdf9fdd9ded693d4bc16433098a42466d,"{""d"":9,""p"":0.0003039195382313198,""r"":36}",
      3072,         0,         0,   0.380,chromobius,30d092a27127e07d56becbbf1546af9bdf9fdd9ded693d4bc16433098a42466d,"{""d"":9,""p"":0.0003039195382313198,""r"":36}",
      3072,         0,         0,   0.413,chromobius,30d092a27127e07d56becbbf1546af9bdf9fdd9ded693d4bc16433098a42466d,"{""d"":9,""p"":0.0003039195382313198,""r"":36}",
      4096,         0,         0,   0.460,chromobius,30d092a27127e07d56becbbf1546af9bdf9fdd9ded693d4bc16433098a42466d,"{""d"":9,""p"":0.0003039195382313198,""r"":36}",
      4096,         0,         0,   0.450,chromobius,30d092a27127e07d56becbbf1546af9bdf9fdd9ded693d4bc16433098a42466d,"{""d"":9,""p"":0.0003039195382313198,""r"":36}",
      4096,         0,         0,   0.454,chromobius,30d092a27127e07d56becbbf1546af9bdf9fdd9ded693d4bc16433098a42466d,"{""d"":9,""p"":0.0003039195382313198,""r"":36}",
      4096,         0,         0,   0.472,chromobius,30d092a27127e07d56becbbf1546af9bdf9fdd9ded693d4bc16433098a42466d,"{""d"":9,""p"":0.0003039195382313198,""r"":36}",
      3072,         0,         0,   0.485,chromobius,30d092a27127e07d56becbbf1546af9bdf9fdd9ded693d4bc16433098a42466d,"{""d"":9,""p"":0.0003039195382313198,""r"":36}",
      3072,         0,         0,   0.437,chromobius,30d092a27127e07d56becbbf1546af9bdf9fdd9ded693d4bc16433098a42466d,"{""d"":9,""p"":0.0003039195382313198,""r"":36}",
      5120,         1,         0,   0.568,chromobius,30d092a27127e07d56becbbf1546af9bdf9fdd9ded693d4bc16433098a42466d,"{""d"":9,""p"":0.0003039195382313198,""r"":36}",
      5120,         0,         0,   0.668,chromobius,30d092a27127e07d56becbbf1546af9bdf9fdd9ded693d4bc16433098a42466d,"{""d"":9,""p"":0.0003039195382313198,""r"":36}",
      5120,         0,         0,   0.576,chromobius,30d092a27127e07d56becbbf1546af9bdf9fdd9ded693d4bc16433098a42466d,"{""d"":9,""p"":0.0003039195382313198,""r"":36}",
      5120,         0,         0,   0.613,chromobius,30d092a27127e07d56becbbf1546af9bdf9fdd9ded693d4bc16433098a42466d,"{""d"":9,""p"":0.0003039195382313198,""r"":36}",
      5120,         0,         0,   0.592,chromobius,30d092a27127e07d56becbbf1546af9bdf9fdd9ded693d4bc16433098a42466d,"{""d"":9,""p"":0.0003039195382313198,""r"":36}",
      5120,         1,         0,   0.657,chromobius,30d092a27127e07d56becbbf1546af9bdf9fdd9ded693d4bc16433098a42466d,"{""d"":9,""p"":0.0003039195382313198,""r"":36}",
      8192,         1,         0,   0.826,chromobius,30d092a27127e07d56becbbf1546af9bdf9fdd9ded693d4bc16433098a42466d,"{""d"":9,""p"":0.0003039195382313198,""r"":36}",
      7168,         1,         0,   0.805,chromobius,30d092a27127e07d56becbbf1546af9bdf9fdd9ded693d4bc16433098a42466d,"{""d"":9,""p"":0.0003039195382313198,""r"":36}",
      8192,         0,         0,   0.828,chromobius,30d092a27127e07d56becbbf1546af9bdf9fdd9ded693d4bc16433098a42466d,"{""d"":9,""p"":0.0003039195382313198,""r"":36}",
      8192,         0,         0,   0.803,chromobius,30d092a27127e07d56becbbf1546af9bdf9fdd9ded693d4bc16433098a42466d,"{""d"":9,""p"":0.0003039195382313198,""r"":36}",
      8192,         0,         0,   0.865,chromobius,30d092a27127e07d56becbbf1546af9bdf9fdd9ded693d4bc16433098a42466d,"{""d"":9,""p"":0.0003039195382313198,""r"":36}",
      8192,         2,         0,   0.879,chromobius,30d092a27127e07d56becbbf1546af9bdf9fdd9ded693d4bc16433098a42466d,"{""d"":9,""p"":0.0003039195382313198,""r"":36}",
     12288,         2,         0,    1.16,chromobius,30d092a27127e07d56becbbf1546af9bdf9fdd9ded693d4bc16433098a42466d,"{""d"":9,""p"":0.0003039195382313198,""r"":36}",
     12288,         0,         0,    1.16,chromobius,30d092a27127e07d56becbbf1546af9bdf9fdd9ded693d4bc16433098a42466d,"{""d"":9,""p"":0.0003039195382313198,""r"":36}",
     13312,         4,         0,    1.20,chromobius,30d092a27127e07d56becbbf1546af9bdf9fdd9ded693d4bc16433098a42466d,"{""d"":9,""p"":0.0003039195382313198,""r"":36}",
     12288,         0,         0,    1.14,chromobius,30d092a27127e07d56becbbf1546af9bdf9fdd9ded693d4bc16433098a42466d,"{""d"":9,""p"":0.0003039195382313198,""r"":36}",
     12288,         2,         0,    1.11,chromobius,30d092a27127e07d56becbbf1546af9bdf9fdd9ded693d4bc16433098a42466d,"{""d"":9,""p"":0.0003039195382313198,""r"":36}",
     12288,         0,         0,    1.21,chromobius,30d092a27127e07d56becbbf1546af9bdf9fdd9ded693d4bc16433098a42466d,"{""d"":9,""p"":0.0003039195382313198,""r"":36}",
     59392,         3,         0,    6.06,chromobius,30d092a27127e07d56becbbf1546af9bdf9fdd9ded693d4bc16433098a42466d,"{""d"":9,""p"":0.0003039195382313198,""r"":36}",
     58368,         6,         0,    5.99,chromobius,30d092a27127e07d56becbbf1546af9bdf9fdd9ded693d4bc16433098a42466d,"{""d"":9,""p"":0.0003039195382313198,""r"":36}",
     16384,         1,         0,    1.58,chromobius,30d092a27127e07d56becbbf1546af9bdf9fdd9ded693d4bc16433098a42466d,"{""d"":9,""p"":0.0003039195382313198,""r"":36}",
     17408,         1,         0,    1.57,chromobius,30d092a27127e07d56becbbf1546af9bdf9fdd9ded693d4bc16433098a42466d,"{""d"":9,""p"":0.0003039195382313198,""r"":36}",
     17408,         2,         0,    1.65,chromobius,30d092a27127e07d56becbbf1546af9bdf9fdd9ded693d4bc16433098a42466d,"{""d"":9,""p"":0.0003039195382313198,""r"":36}",
     16384,         1,         0,    1.57,chromobius,30d092a27127e07d56becbbf1546af9bdf9fdd9ded693d4bc16433098a42466d,"{""d"":9,""p"":0.0003039195382313198,""r"":36}",
     17408,         2,         0,    1.56,chromobius,30d092a27127e07d56becbbf1546af9bdf9fdd9ded693d4bc16433098a42466d,"{""d"":9,""p"":0.0003039195382313198,""r"":36}",
     16384,         1,         0,    1.63,chromobius,30d092a27127e07d56becbbf1546af9bdf9fdd9ded693d4bc16433098a42466d,"{""d"":9,""p"":0.0003039195382313198,""r"":36}",
     24576,         1,         0,    2.21,chromobius,30d092a27127e07d56becbbf1546af9bdf9fdd9ded693d4bc16433098a42466d,"{""d"":9,""p"":0.0003039195382313198,""r"":36}",
     23552,         2,         0,    2.27,chromobius,30d092a27127e07d56becbbf1546af9bdf9fdd9ded693d4bc16433098a42466d,"{""d"":9,""p"":0.0003039195382313198,""r"":36}",
     23552,         3,         0,    2.24,chromobius,30d092a27127e07d56becbbf1546af9bdf9fdd9ded693d4bc16433098a42466d,"{""d"":9,""p"":0.0003039195382313198,""r"":36}",
     23552,         0,         0,    2.20,chromobius,30d092a27127e07d56becbbf1546af9bdf9fdd9ded693d4bc16433098a42466d,"{""d"":9,""p"":0.0003039195382313198,""r"":36}",
     25600,         1,         0,    2.25,chromobius,30d092a27127e07d56becbbf1546af9bdf9fdd9ded693d4bc16433098a42466d,"{""d"":9,""p"":0.0003039195382313198,""r"":36}",
     22528,         0,         0,    2.22,chromobius,30d092a27127e07d56becbbf1546af9bdf9fdd9ded693d4bc16433098a42466d,"{""d"":9,""p"":0.0003039195382313198,""r"":36}",
     30720,         3,         0,    3.06,chromobius,30d092a27127e07d56becbbf1546af9bdf9fdd9ded693d4bc16433098a42466d,"{""d"":9,""p"":0.0003039195382313198,""r"":36}",
     34816,         5,         0,    3.13,chromobius,30d092a27127e07d56becbbf1546af9bdf9fdd9ded693d4bc16433098a42466d,"{""d"":9,""p"":0.0003039195382313198,""r"":36}",
     31744,         3,         0,    3.08,chromobius,30d092a27127e07d56becbbf1546af9bdf9fdd9ded693d4bc16433098a42466d,"{""d"":9,""p"":0.0003039195382313198,""r"":36}",
     32768,         7,         0,    3.08,chromobius,30d092a27127e07d56becbbf1546af9bdf9fdd9ded693d4bc16433098a42466d,"{""d"":9,""p"":0.0003039195382313198,""r"":36}",
     34816,         4,         0,    3.05,chromobius,30d092a27127e07d56becbbf1546af9bdf9fdd9ded693d4bc16433098a42466d,"{""d"":9,""p"":0.0003039195382313198,""r"":36}",
     31744,         3,         0,    3.12,chromobius,30d092a27127e07d56becbbf1546af9bdf9fdd9ded693d4bc16433098a42466d,"{""d"":9,""p"":0.0003039195382313198,""r"":36}",
     93184,        10,         0,    8.44,chromobius,30d092a27127e07d56becbbf1546af9bdf9fdd9ded693d4bc16433098a42466d,"{""d"":9,""p"":0.0003039195382313198,""r"":36}",
     83968,        10,         0,    8.45,chromobius,30d092a27127e07d56becbbf1546af9bdf9fdd9ded693d4bc16433098a42466d,"{""d"":9,""p"":0.0003039195382313198,""r"":36}",
     44032,         3,         0,    4.27,chromobius,30d092a27127e07d56becbbf1546af9bdf9fdd9ded693d4bc16433098a42466d,"{""d"":9,""p"":0.0003039195382313198,""r"":36}",
     45056,         1,         0,    4.27,chromobius,30d092a27127e07d56becbbf1546af9bdf9fdd9ded693d4bc16433098a42466d,"{""d"":9,""p"":0.0003039195382313198,""r"":36}",
     48128,         5,         0,    4.32,chromobius,30d092a27127e07d56becbbf1546af9bdf9fdd9ded693d4bc16433098a42466d,"{""d"":9,""p"":0.0003039195382313198,""r"":36}",
     47104,         5,         0,    4.35,chromobius,30d092a27127e07d56becbbf1546af9bdf9fdd9ded693d4bc16433098a42466d,"{""d"":9,""p"":0.0003039195382313198,""r"":36}",
     49152,         4,         0,    4.33,chromobius,30d092a27127e07d56becbbf1546af9bdf9fdd9ded693d4bc16433098a42466d,"{""d"":9,""p"":0.0003039195382313198,""r"":36}",
     44032,         2,         0,    4.33,chromobius,30d092a27127e07d56becbbf1546af9bdf9fdd9ded693d4bc16433098a42466d,"{""d"":9,""p"":0.0003039195382313198,""r"":36}",
     62464,         4,         0,    6.00,chromobius,30d092a27127e07d56becbbf1546af9bdf9fdd9ded693d4bc16433098a42466d,"{""d"":9,""p"":0.0003039195382313198,""r"":36}",
     63488,         7,         0,    6.02,chromobius,30d092a27127e07d56becbbf1546af9bdf9fdd9ded693d4bc16433098a42466d,"{""d"":9,""p"":0.0003039195382313198,""r"":36}",
     66560,         5,         0,    6.00,chromobius,30d092a27127e07d56becbbf1546af9bdf9fdd9ded693d4bc16433098a42466d,"{""d"":9,""p"":0.0003039195382313198,""r"":36}",
     65536,         5,         0,    6.06,chromobius,30d092a27127e07d56becbbf1546af9bdf9fdd9ded693d4bc16433098a42466d,"{""d"":9,""p"":0.0003039195382313198,""r"":36}",
     68608,         5,         0,    6.02,chromobius,30d092a27127e07d56becbbf1546af9bdf9fdd9ded693d4bc16433098a42466d,"{""d"":9,""p"":0.0003039195382313198,""r"":36}",
     61440,         6,         0,    5.98,chromobius,30d092a27127e07d56becbbf1546af9bdf9fdd9ded693d4bc16433098a42466d,"{""d"":9,""p"":0.0003039195382313198,""r"":36}",
    909357,        82,         0,    89.6,chromobius,30d092a27127e07d56becbbf1546af9bdf9fdd9ded693d4bc16433098a42466d,"{""d"":9,""p"":0.0003039195382313198,""r"":36}",
    820224,        76,         0,    74.6,chromobius,30d092a27127e07d56becbbf1546af9bdf9fdd9ded693d4bc16433098a42466d,"{""d"":9,""p"":0.0003039195382313198,""r"":36}",
    128000,        11,         0,    11.7,chromobius,30d092a27127e07d56becbbf1546af9bdf9fdd9ded693d4bc16433098a42466d,"{""d"":9,""p"":0.0003039195382313198,""r"":36}",
    116736,         6,         0,    11.7,chromobius,30d092a27127e07d56becbbf1546af9bdf9fdd9ded693d4bc16433098a42466d,"{""d"":9,""p"":0.0003039195382313198,""r"":36}",
     88064,         7,         0,    8.37,chromobius,30d092a27127e07d56becbbf1546af9bdf9fdd9ded693d4bc16433098a42466d,"{""d"":9,""p"":0.0003039195382313198,""r"":36}",
     91136,         7,         0,    8.44,chromobius,30d092a27127e07d56becbbf1546af9bdf9fdd9ded693d4bc16433098a42466d,"{""d"":9,""p"":0.0003039195382313198,""r"":36}",
     91136,        13,         0,    8.41,chromobius,30d092a27127e07d56becbbf1546af9bdf9fdd9ded693d4bc16433098a42466d,"{""d"":9,""p"":0.0003039195382313198,""r"":36}",
     92160,         6,         0,    8.36,chromobius,30d092a27127e07d56becbbf1546af9bdf9fdd9ded693d4bc16433098a42466d,"{""d"":9,""p"":0.0003039195382313198,""r"":36}",
     92160,         7,         0,    8.38,chromobius,30d092a27127e07d56becbbf1546af9bdf9fdd9ded693d4bc16433098a42466d,"{""d"":9,""p"":0.0003039195382313198,""r"":36}",
     86016,         4,         0,    8.41,chromobius,30d092a27127e07d56becbbf1546af9bdf9fdd9ded693d4bc16433098a42466d,"{""d"":9,""p"":0.0003039195382313198,""r"":36}",
     89133,         6,         0,    8.58,chromobius,30d092a27127e07d56becbbf1546af9bdf9fdd9ded693d4bc16433098a42466d,"{""d"":9,""p"":0.0003039195382313198,""r"":36}",
    552691,        53,         0,    52.5,chromobius,30d092a27127e07d56becbbf1546af9bdf9fdd9ded693d4bc16433098a42466d,"{""d"":9,""p"":0.0003039195382313198,""r"":36}",
    508928,        47,         0,    51.3,chromobius,30d092a27127e07d56becbbf1546af9bdf9fdd9ded693d4bc16433098a42466d,"{""d"":9,""p"":0.0003039195382313198,""r"":36}",
    125952,         7,         0,    11.7,chromobius,30d092a27127e07d56becbbf1546af9bdf9fdd9ded693d4bc16433098a42466d,"{""d"":9,""p"":0.0003039195382313198,""r"":36}",
    121856,         8,         0,    11.7,chromobius,30d092a27127e07d56becbbf1546af9bdf9fdd9ded693d4bc16433098a42466d,"{""d"":9,""p"":0.0003039195382313198,""r"":36}",
    124928,         9,         0,    11.7,chromobius,30d092a27127e07d56becbbf1546af9bdf9fdd9ded693d4bc16433098a42466d,"{""d"":9,""p"":0.0003039195382313198,""r"":36}",
    171008,        19,         0,    16.4,chromobius,30d092a27127e07d56becbbf1546af9bdf9fdd9ded693d4bc16433098a42466d,"{""d"":9,""p"":0.0003039195382313198,""r"":36}",
    131072,        16,         0,    11.7,chromobius,30d092a27127e07d56becbbf1546af9bdf9fdd9ded693d4bc16433098a42466d,"{""d"":9,""p"":0.0003039195382313198,""r"":36}",
    128000,        13,         0,    11.8,chromobius,30d092a27127e07d56becbbf1546af9bdf9fdd9ded693d4bc16433098a42466d,"{""d"":9,""p"":0.0003039195382313198,""r"":36}",
    168960,        10,         0,    16.4,chromobius,30d092a27127e07d56becbbf1546af9bdf9fdd9ded693d4bc16433098a42466d,"{""d"":9,""p"":0.0003039195382313198,""r"":36}",
    122880,        15,         0,    11.8,chromobius,30d092a27127e07d56becbbf1546af9bdf9fdd9ded693d4bc16433098a42466d,"{""d"":9,""p"":0.0003039195382313198,""r"":36}",
    181927,        13,         0,    18.1,chromobius,30d092a27127e07d56becbbf1546af9bdf9fdd9ded693d4bc16433098a42466d,"{""d"":9,""p"":0.0003039195382313198,""r"":36}",
    357840,        29,         0,    34.8,chromobius,30d092a27127e07d56becbbf1546af9bdf9fdd9ded693d4bc16433098a42466d,"{""d"":9,""p"":0.0003039195382313198,""r"":36}",
    172032,        13,         0,    16.4,chromobius,30d092a27127e07d56becbbf1546af9bdf9fdd9ded693d4bc16433098a42466d,"{""d"":9,""p"":0.0003039195382313198,""r"":36}",
    178176,        15,         0,    16.5,chromobius,30d092a27127e07d56becbbf1546af9bdf9fdd9ded693d4bc16433098a42466d,"{""d"":9,""p"":0.0003039195382313198,""r"":36}",
    174080,         9,         0,    16.4,chromobius,30d092a27127e07d56becbbf1546af9bdf9fdd9ded693d4bc16433098a42466d,"{""d"":9,""p"":0.0003039195382313198,""r"":36}",
    183296,        16,         0,    16.4,chromobius,30d092a27127e07d56becbbf1546af9bdf9fdd9ded693d4bc16433098a42466d,"{""d"":9,""p"":0.0003039195382313198,""r"":36}",
    179200,        14,         0,    16.4,chromobius,30d092a27127e07d56becbbf1546af9bdf9fdd9ded693d4bc16433098a42466d,"{""d"":9,""p"":0.0003039195382313198,""r"":36}",
    173056,        17,         0,    16.4,chromobius,30d092a27127e07d56becbbf1546af9bdf9fdd9ded693d4bc16433098a42466d,"{""d"":9,""p"":0.0003039195382313198,""r"":36}",
    328020,        22,         0,    30.2,chromobius,30d092a27127e07d56becbbf1546af9bdf9fdd9ded693d4bc16433098a42466d,"{""d"":9,""p"":0.0003039195382313198,""r"":36}",
    306176,        18,         0,    29.5,chromobius,30d092a27127e07d56becbbf1546af9bdf9fdd9ded693d4bc16433098a42466d,"{""d"":9,""p"":0.0003039195382313198,""r"":36}",
    212365,        15,         0,    20.3,chromobius,30d092a27127e07d56becbbf1546af9bdf9fdd9ded693d4bc16433098a42466d,"{""d"":9,""p"":0.0003039195382313198,""r"":36}",
    208896,        17,         0,    20.4,chromobius,30d092a27127e07d56becbbf1546af9bdf9fdd9ded693d4bc16433098a42466d,"{""d"":9,""p"":0.0003039195382313198,""r"":36}",
     37353,         1,         0,    3.69,chromobius,30d092a27127e07d56becbbf1546af9bdf9fdd9ded693d4bc16433098a42466d,"{""d"":9,""p"":0.0003039195382313198,""r"":36}",
    155648,        26,         0,    15.4,chromobius,30d092a27127e07d56becbbf1546af9bdf9fdd9ded693d4bc16433098a42466d,"{""d"":9,""p"":0.0003039195382313198,""r"":36}",
    148633,        16,         0,    13.5,chromobius,30d092a27127e07d56becbbf1546af9bdf9fdd9ded693d4bc16433098a42466d,"{""d"":9,""p"":0.0003039195382313198,""r"":36}",
    141312,        10,         0,    13.3,chromobius,30d092a27127e07d56becbbf1546af9bdf9fdd9ded693d4bc16433098a42466d,"{""d"":9,""p"":0.0003039195382313198,""r"":36}",
    147456,         6,         0,    13.5,chromobius,30d092a27127e07d56becbbf1546af9bdf9fdd9ded693d4bc16433098a42466d,"{""d"":9,""p"":0.0003039195382313198,""r"":36}",
    145408,        11,         0,    13.7,chromobius,30d092a27127e07d56becbbf1546af9bdf9fdd9ded693d4bc16433098a42466d,"{""d"":9,""p"":0.0003039195382313198,""r"":36}",
    145408,        14,         0,    13.8,chromobius,30d092a27127e07d56becbbf1546af9bdf9fdd9ded693d4bc16433098a42466d,"{""d"":9,""p"":0.0003039195382313198,""r"":36}",
    147456,         9,         0,    13.7,chromobius,30d092a27127e07d56becbbf1546af9bdf9fdd9ded693d4bc16433098a42466d,"{""d"":9,""p"":0.0003039195382313198,""r"":36}",
    141312,         9,         0,    14.0,chromobius,30d092a27127e07d56becbbf1546af9bdf9fdd9ded693d4bc16433098a42466d,"{""d"":9,""p"":0.0003039195382313198,""r"":36}",
      1177,         0,         0,   0.130,chromobius,30d092a27127e07d56becbbf1546af9bdf9fdd9ded693d4bc16433098a42466d,"{""d"":9,""p"":0.0003039195382313198,""r"":36}",
    100352,         9,         0,    9.86,chromobius,30d092a27127e07d56becbbf1546af9bdf9fdd9ded693d4bc16433098a42466d,"{""d"":9,""p"":0.0003039195382313198,""r"":36}",
     61440,         4,         0,    6.07,chromobius,30d092a27127e07d56becbbf1546af9bdf9fdd9ded693d4bc16433098a42466d,"{""d"":9,""p"":0.0003039195382313198,""r"":36}",
    104448,        11,         0,    10.1,chromobius,30d092a27127e07d56becbbf1546af9bdf9fdd9ded693d4bc16433098a42466d,"{""d"":9,""p"":0.0003039195382313198,""r"":36}",
    106496,         6,         0,    10.1,chromobius,30d092a27127e07d56becbbf1546af9bdf9fdd9ded693d4bc16433098a42466d,"{""d"":9,""p"":0.0003039195382313198,""r"":36}",
     60416,         5,         0,    6.14,chromobius,30d092a27127e07d56becbbf1546af9bdf9fdd9ded693d4bc16433098a42466d,"{""d"":9,""p"":0.0003039195382313198,""r"":36}",
      3225,         1,         0,   0.320,chromobius,30d092a27127e07d56becbbf1546af9bdf9fdd9ded693d4bc16433098a42466d,"{""d"":9,""p"":0.0003039195382313198,""r"":36}",
     14451,         0,         0,    1.28,chromobius,30d092a27127e07d56becbbf1546af9bdf9fdd9ded693d4bc16433098a42466d,"{""d"":9,""p"":0.0003039195382313198,""r"":36}",
     13312,         4,         0,    1.35,chromobius,30d092a27127e07d56becbbf1546af9bdf9fdd9ded693d4bc16433098a42466d,"{""d"":9,""p"":0.0003039195382313198,""r"":36}",
     13312,         1,         0,    1.33,chromobius,30d092a27127e07d56becbbf1546af9bdf9fdd9ded693d4bc16433098a42466d,"{""d"":9,""p"":0.0003039195382313198,""r"":36}",
     14336,         1,         0,    1.35,chromobius,30d092a27127e07d56becbbf1546af9bdf9fdd9ded693d4bc16433098a42466d,"{""d"":9,""p"":0.0003039195382313198,""r"":36}",
       115,         0,         0,   0.012,chromobius,30d092a27127e07d56becbbf1546af9bdf9fdd9ded693d4bc16433098a42466d,"{""d"":9,""p"":0.0003039195382313198,""r"":36}",
     12288,         0,         0,    1.17,chromobius,30d092a27127e07d56becbbf1546af9bdf9fdd9ded693d4bc16433098a42466d,"{""d"":9,""p"":0.0003039195382313198,""r"":36}",
     13246,         1,         0,    1.16,chromobius,30d092a27127e07d56becbbf1546af9bdf9fdd9ded693d4bc16433098a42466d,"{""d"":9,""p"":0.0003039195382313198,""r"":36}",
     11264,         1,         0,    1.18,chromobius,30d092a27127e07d56becbbf1546af9bdf9fdd9ded693d4bc16433098a42466d,"{""d"":9,""p"":0.0003039195382313198,""r"":36}",
     13246,         1,         0,    1.34,chromobius,30d092a27127e07d56becbbf1546af9bdf9fdd9ded693d4bc16433098a42466d,"{""d"":9,""p"":0.0003039195382313198,""r"":36}",
     10240,         1,         0,    1.00,chromobius,30d092a27127e07d56becbbf1546af9bdf9fdd9ded693d4bc16433098a42466d,"{""d"":9,""p"":0.0003039195382313198,""r"":36}",
     10240,         1,         0,    1.09,chromobius,30d092a27127e07d56becbbf1546af9bdf9fdd9ded693d4bc16433098a42466d,"{""d"":9,""p"":0.0003039195382313198,""r"":36}",
     12288,         1,         0,    1.19,chromobius,30d092a27127e07d56becbbf1546af9bdf9fdd9ded693d4bc16433098a42466d,"{""d"":9,""p"":0.0003039195382313198,""r"":36}",
       730,         0,         0,   0.064,chromobius,30d092a27127e07d56becbbf1546af9bdf9fdd9ded693d4bc16433098a42466d,"{""d"":9,""p"":0.0003039195382313198,""r"":36}",
      1139,         0,         0,   0.108,chromobius,30d092a27127e07d56becbbf1546af9bdf9fdd9ded693d4bc16433098a42466d,"{""d"":9,""p"":0.0003039195382313198,""r"":36}",
     12288,         1,         0,    1.27,chromobius,30d092a27127e07d56becbbf1546af9bdf9fdd9ded693d4bc16433098a42466d,"{""d"":9,""p"":0.0003039195382313198,""r"":36}",
       958,         0,         0,   0.101,chromobius,30d092a27127e07d56becbbf1546af9bdf9fdd9ded693d4bc16433098a42466d,"{""d"":9,""p"":0.0003039195382313198,""r"":36}",
       958,         0,         0,   0.081,chromobius,30d092a27127e07d56becbbf1546af9bdf9fdd9ded693d4bc16433098a42466d,"{""d"":9,""p"":0.0003039195382313198,""r"":36}",
       239,         0,         0,   0.023,chromobius,30d092a27127e07d56becbbf1546af9bdf9fdd9ded693d4bc16433098a42466d,"{""d"":9,""p"":0.0003039195382313198,""r"":36}",
        83,         0,         0,   0.010,chromobius,30d092a27127e07d56becbbf1546af9bdf9fdd9ded693d4bc16433098a42466d,"{""d"":9,""p"":0.0003039195382313198,""r"":36}",
        83,         0,         0,   0.009,chromobius,30d092a27127e07d56becbbf1546af9bdf9fdd9ded693d4bc16433098a42466d,"{""d"":9,""p"":0.0003039195382313198,""r"":36}",
      2048,         0,         0,   0.199,chromobius,30d092a27127e07d56becbbf1546af9bdf9fdd9ded693d4bc16433098a42466d,"{""d"":9,""p"":0.0003039195382313198,""r"":36}",
       958,         0,         0,   0.085,chromobius,30d092a27127e07d56becbbf1546af9bdf9fdd9ded693d4bc16433098a42466d,"{""d"":9,""p"":0.0003039195382313198,""r"":36}",
       939,         0,         0,   0.081,chromobius,30d092a27127e07d56becbbf1546af9bdf9fdd9ded693d4bc16433098a42466d,"{""d"":9,""p"":0.0003039195382313198,""r"":36}",
      1743,         0,         0,   0.168,chromobius,30d092a27127e07d56becbbf1546af9bdf9fdd9ded693d4bc16433098a42466d,"{""d"":9,""p"":0.0003039195382313198,""r"":36}",
       296,         0,         0,   0.031,chromobius,30d092a27127e07d56becbbf1546af9bdf9fdd9ded693d4bc16433098a42466d,"{""d"":9,""p"":0.0003039195382313198,""r"":36}",
      3072,         0,         0,   0.298,chromobius,30d092a27127e07d56becbbf1546af9bdf9fdd9ded693d4bc16433098a42466d,"{""d"":9,""p"":0.0003039195382313198,""r"":36}",
      2048,         1,         0,   0.177,chromobius,30d092a27127e07d56becbbf1546af9bdf9fdd9ded693d4bc16433098a42466d,"{""d"":9,""p"":0.0003039195382313198,""r"":36}",
      2048,         1,         0,   0.191,chromobius,30d092a27127e07d56becbbf1546af9bdf9fdd9ded693d4bc16433098a42466d,"{""d"":9,""p"":0.0003039195382313198,""r"":36}",
       251,         0,         0,   0.031,chromobius,30d092a27127e07d56becbbf1546af9bdf9fdd9ded693d4bc16433098a42466d,"{""d"":9,""p"":0.0003039195382313198,""r"":36}",
       505,         0,         0,   0.056,chromobius,30d092a27127e07d56becbbf1546af9bdf9fdd9ded693d4bc16433098a42466d,"{""d"":9,""p"":0.0003039195382313198,""r"":36}",
       171,         0,         0,   0.021,chromobius,30d092a27127e07d56becbbf1546af9bdf9fdd9ded693d4bc16433098a42466d,"{""d"":9,""p"":0.0003039195382313198,""r"":36}",
       795,         1,         0,   0.078,chromobius,30d092a27127e07d56becbbf1546af9bdf9fdd9ded693d4bc16433098a42466d,"{""d"":9,""p"":0.0003039195382313198,""r"":36}",
       453,         0,         0,   0.050,chromobius,30d092a27127e07d56becbbf1546af9bdf9fdd9ded693d4bc16433098a42466d,"{""d"":9,""p"":0.0003039195382313198,""r"":36}",
       795,         0,         0,   0.078,chromobius,30d092a27127e07d56becbbf1546af9bdf9fdd9ded693d4bc16433098a42466d,"{""d"":9,""p"":0.0003039195382313198,""r"":36}",
       422,         0,         0,   0.056,chromobius,30d092a27127e07d56becbbf1546af9bdf9fdd9ded693d4bc16433098a42466d,"{""d"":9,""p"":0.0003039195382313198,""r"":36}",
       795,         0,         0,   0.085,chromobius,30d092a27127e07d56becbbf1546af9bdf9fdd9ded693d4bc16433098a42466d,"{""d"":9,""p"":0.0003039195382313198,""r"":36}",
       795,         0,         0,   0.087,chromobius,30d092a27127e07d56becbbf1546af9bdf9fdd9ded693d4bc16433098a42466d,"{""d"":9,""p"":0.0003039195382313198,""r"":36}",
       453,         0,         0,   0.058,chromobius,30d092a27127e07d56becbbf1546af9bdf9fdd9ded693d4bc16433098a42466d,"{""d"":9,""p"":0.0003039195382313198,""r"":36}",
